t,marker,frame_idx,goal_pos.shoulder_pan,goal_pos.shoulder_lift,goal_pos.elbow_flex,goal_pos.wrist_flex,goal_pos.wrist_roll,goal_pos.gripper,pos.shoulder_pan,pos.shoulder_lift,pos.elbow_flex,pos.wrist_flex,pos.wrist_roll,pos.gripper,vel.shoulder_pan,vel.shoulder_lift,vel.elbow_flex,vel.wrist_flex,vel.wrist_roll,vel.gripper,load.shoulder_pan,load.shoulder_lift,load.elbow_flex,load.wrist_flex,load.wrist_roll,load.gripper,volt.shoulder_pan,volt.shoulder_lift,volt.elbow_flex,volt.wrist_flex,volt.wrist_roll,volt.gripper,temp.shoulder_pan,temp.shoulder_lift,temp.elbow_flex,temp.wrist_flex,temp.wrist_roll,temp.gripper,curr.shoulder_pan,curr.shoulder_lift,curr.elbow_flex,curr.wrist_flex,curr.wrist_roll,curr.gripper,goal2.shoulder_pan,goal2.shoulder_lift,goal2.elbow_flex,goal2.wrist_flex,goal2.wrist_roll,goal2.gripper
0.0,,0,-8.527472527472527,-80.52747252747253,91.86813186813187,69.84615384615384,5.670329670329671,2.4868123587038435,2068,878,3588,2745,2129,1484,0,0,0,0,0,0,0,27,192,0,48,-65,122,124,122,125,121,124,43,44,44,46,44,45,0,0,0,0,0,0,0,0,0,0,0,0
0.0334,,1,-8.43956043956044,-80.52747252747253,91.86813186813187,69.84615384615384,5.670329670329671,2.4868123587038435,2068,878,3588,2743,2129,1484,0,0,0,0,0,0,92,23,106,-126,-97,-102,121,124,122,125,121,124,43,44,44,46,44,45,11,1,14,6,12,15,0,0,0,0,0,0
0.0668,,2,-8.43956043956044,-80.52747252747253,91.86813186813187,69.84615384615384,5.670329670329671,2.4868123587038435,2074,878,3600,2734,2124,1482,50,0,350,-200,0,-100,285,23,62,-109,-65,-72,121,124,122,124,121,123,43,44,43,46,44,45,47,0,17,5,3,8,0,0,0,0,0,0
0.1002,,3,-8.43956043956044,-80.52747252747253,91.86813186813187,69.84615384615384,5.670329670329671,2.4868123587038435,2095,878,3610,2727,2120,1481,450,0,500,-300,-250,-50,168,23,83,-55,-44,-65,121,124,122,124,121,123,43,44,44,46,44,45,34,1,4,1,3,10,0,0,0,0,0,0
0.1336,,4,-8.43956043956044,-80.52747252747253,91.86813186813187,69.84615384615384,5.670329670329671,2.4868123587038435,2113,878,3616,2722,2118,1480,600,0,150,-150,-50,-50,157,23,69,-34,-37,-62,121,124,122,124,121,123,43,44,44,46,44,45,9,0,1,0,2,7,0,0,0,0,0,0
0.1669,,5,-8.43956043956044,-80.52747252747253,91.86813186813187,69.84615384615384,5.670329670329671,2.4868123587038435,2124,878,3620,2717,2116,1480,350,0,150,-150,-50,0,40,23,51,0,-30,-62,121,124,122,124,121,123,43,44,43,46,44,45,5,0,0,1,2,9,0,0,0,0,0,0
0.2003,,6,-8.43956043956044,-80.52747252747253,91.86813186813187,69.84615384615384,5.670329670329671,2.4868123587038435,2135,878,3626,2714,2116,1480,350,0,150,-150,0,0,83,23,30,23,-30,-62,121,124,122,124,121,123,43,44,44,46,44,45,1,0,0,2,2,9,0,0,0,0,0,0
0.2337,,7,-8.43956043956044,-80.52747252747253,91.86813186813187,69.84615384615384,5.670329670329671,2.4868123587038435,2137,878,3627,2713,2116,1480,150,0,100,-50,0,0,69,23,23,30,-30,-62,121,124,122,124,121,123,43,44,44,46,44,45,3,0,0,1,2,10,0,0,0,0,0,0
0.2672,,8,-8.43956043956044,-80.52747252747253,91.86813186813187,69.84615384615384,5.670329670329671,2.4868123587038435,2141,878,3628,2713,2116,1480,100,0,50,0,0,0,55,23,0,30,-30,-62,121,124,122,124,121,123,43,44,44,46,44,45,3,0,0,0,2,9,0,0,0,0,0,0
0.3006,,9,-8.43956043956044,-80.52747252747253,91.78021978021978,69.84615384615384,5.670329670329671,2.4868123587038435,2143,878,3628,2713,2116,1480,50,0,0,0,0,0,48,23,0,30,-30,-62,121,124,122,125,121,123,43,44,43,46,44,45,4,0,0,0,3,9,0,0,0,0,0,0
0.334,,10,-8.43956043956044,-80.52747252747253,91.6923076923077,69.84615384615384,5.670329670329671,2.4868123587038435,2145,878,3628,2713,2116,1480,50,0,0,0,0,0,41,23,0,30,-30,-62,121,124,122,124,121,123,43,44,44,46,44,45,3,0,0,0,2,9,0,0,0,0,0,0
0.3674,,11,-8.43956043956044,-80.52747252747253,91.6043956043956,70.02197802197803,5.670329670329671,2.4868123587038435,2146,878,3628,2713,2116,1480,50,0,0,0,0,0,37,23,0,30,-30,-62,121,124,122,124,121,123,43,44,44,46,44,45,3,0,0,1,2,10,0,0,0,0,0,0
0.4008,,12,-8.43956043956044,-80.52747252747253,91.51648351648352,70.10989010989012,5.758241758241758,2.562170308967596,2146,878,3628,2713,2116,1480,0,0,0,0,0,0,37,23,-23,37,-30,-62,121,124,122,124,121,123,43,44,44,46,44,45,3,0,0,2,3,9,0,0,0,0,0,0
0.4342,,13,-8.43956043956044,-80.52747252747253,91.42857142857143,70.10989010989012,5.846153846153846,2.562170308967596,2146,878,3628,2713,2116,1480,0,0,0,0,0,0,37,23,-27,41,-27,-58,121,124,122,124,121,123,43,44,43,46,44,45,3,0,0,3,1,8,0,0,0,0,0,0
0.4677,,14,-8.527472527472527,-80.52747252747253,91.16483516483517,70.10989010989012,5.846153846153846,2.562170308967596,2146,878,3628,2713,2116,1480,0,0,0,0,0,0,37,23,-30,41,-23,-58,121,124,122,125,121,123,43,44,44,46,44,45,4,0,0,2,1,8,0,0,0,0,0,0
0.5011,,15,-8.527472527472527,-80.52747252747253,90.54945054945055,70.02197802197803,5.934065934065934,2.562170308967596,2146,878,3628,2713,2116,1480,0,0,0,0,0,0,34,23,-41,41,-23,-58,121,124,122,125,121,123,43,44,44,46,44,45,3,0,3,3,0,9,0,0,0,0,0,0
0.5345,,16,-8.527472527472527,-80.52747252747253,89.23076923076923,70.02197802197803,5.934065934065934,2.562170308967596,2146,878,3628,2713,2116,1480,0,0,0,0,0,0,34,23,-73,37,0,-58,121,124,122,125,121,123,43,44,43,46,44,45,3,0,11,3,0,9,0,0,0,0,0,0
0.5679,,17,-8.527472527472527,-80.43956043956044,87.47252747252747,70.02197802197803,5.934065934065934,2.562170308967596,2146,878,3627,2713,2116,1480,0,0,0,0,0,0,34,23,-138,37,0,-58,121,124,122,124,121,123,43,44,44,46,44,45,3,1,22,2,0,8,0,0,0,0,0,0
0.6014,,18,-8.527472527472527,-80.17582417582418,85.27472527472527,70.10989010989012,6.021978021978022,2.562170308967596,2146,878,3623,2713,2116,1480,0,0,-100,0,0,0,34,27,-205,37,0,-58,121,124,122,124,121,123,43,44,44,46,44,45,3,0,57,2,0,9,0,0,0,0,0,0
0.6348,,19,-8.527472527472527,-79.47252747252747,82.98901098901099,70.10989010989012,6.021978021978022,2.562170308967596,2146,878,3617,2714,2118,1480,0,0,-200,0,50,0,34,37,-183,37,0,-58,121,123,121,124,121,123,43,44,44,46,44,45,3,3,78,3,0,8,0,0,0,0,0,0
0.6682,,20,-8.615384615384615,-77.36263736263736,80.7032967032967,70.02197802197803,6.1098901098901095,2.562170308967596,2147,879,3605,2715,2119,1480,50,0,-350,0,100,0,30,79,-236,34,-27,-58,121,123,121,124,120,123,43,44,44,46,44,45,2,11,95,1,1,8,0,0,0,0,0,0
0.7016,,21,-8.791208791208792,-74.28571428571429,78.24175824175825,70.02197802197803,6.9010989010989015,2.562170308967596,2147,884,3593,2721,2123,1480,0,100,-350,200,150,0,27,73,-367,0,-34,-58,121,123,121,124,120,123,43,44,44,46,44,45,1,25,146,0,3,8,0,0,0,0,0,0
0.735,,22,-9.142857142857142,-70.32967032967034,75.6043956043956,70.02197802197803,8.131868131868131,2.562170308967596,2147,895,3577,2721,2124,1480,0,350,-500,50,100,0,0,236,-332,-23,36,-58,121,123,121,123,120,122,43,44,44,46,44,45,0,31,168,0,3,8,0,0,0,0,0,0
0.7684,,23,-9.142857142857142,-66.02197802197803,72.7032967032967,70.02197802197803,9.010989010989011,2.562170308967596,2146,915,3558,2721,2126,1480,0,500,-550,0,0,0,-23,234,-371,-23,96,-58,120,122,121,123,120,122,43,44,44,46,44,45,0,37,174,0,15,8,0,0,0,0,0,0
0.8019,,24,-8.967032967032967,-61.8021978021978,69.36263736263736,70.02197802197803,9.274725274725276,2.562170308967596,2146,942,3536,2722,2132,1480,0,750,-600,50,200,0,-23,307,-406,-27,105,-58,120,122,121,123,119,122,43,44,44,46,44,45,1,34,166,2,3,8,0,0,0,0,0,0
0.8353,,25,-8.615384615384615,-58.1978021978022,65.84615384615384,70.10989010989012,9.274725274725276,2.562170308967596,2146,973,3511,2722,2138,1480,0,850,-700,0,150,0,0,360,-443,-27,72,-58,120,122,120,123,119,122,43,44,43,46,44,45,0,40,209,0,3,8,0,0,0,0,0,0
0.8686,,26,-8.615384615384615,-55.2967032967033,62.15384615384615,70.1978021978022,9.274725274725276,2.562170308967596,2146,1010,3482,2722,2142,1480,0,1050,-850,0,100,0,30,382,-477,-23,55,-58,120,122,120,123,119,122,43,44,44,46,44,45,2,40,251,0,2,8,0,0,0,0,0,0
0.9021,,27,-8.615384615384615,-52.747252747252745,58.637362637362635,70.1978021978022,9.274725274725276,2.562170308967596,2146,1052,3451,2722,2145,1480,0,1200,-950,0,100,0,30,274,-526,0,44,-58,120,122,120,123,119,122,43,44,44,46,44,45,2,26,216,0,1,9,0,0,0,0,0,0
0.9355,,28,-8.703296703296703,-50.46153846153846,55.2967032967033,70.1978021978022,9.274725274725276,2.562170308967596,2146,1095,3418,2722,2148,1480,0,1300,-950,0,100,0,30,348,-547,0,37,-58,120,122,120,123,119,122,43,44,44,46,44,45,2,7,230,0,1,7,0,0,0,0,0,0
0.9689,,29,-8.703296703296703,-48.26373626373626,52.57142857142857,70.10989010989012,9.274725274725276,2.562170308967596,2146,1127,3381,2722,2149,1480,0,1100,-1100,0,50,0,27,314,-466,0,30,-58,120,122,120,123,119,122,43,44,44,46,44,45,1,12,208,0,2,8,0,0,0,0,0,0
1.0023,,30,-8.703296703296703,-45.97802197802198,49.75824175824176,70.10989010989012,9.274725274725276,2.562170308967596,2146,1161,3343,2722,2149,1480,0,1000,-1100,0,0,0,27,278,-530,-23,30,-58,120,122,120,123,120,122,43,44,43,46,44,45,0,7,187,0,2,8,0,0,0,0,0,0
1.0356,,31,-8.703296703296703,-43.34065934065934,47.120879120879124,70.10989010989012,9.274725274725276,2.562170308967596,2146,1193,3307,2722,2150,1479,0,950,-1100,0,50,-50,27,250,-541,-23,27,-55,120,123,120,123,120,122,43,44,44,46,44,45,1,3,172,0,0,8,0,0,0,0,0,0
1.069,,32,-8.615384615384615,-40.527472527472526,44.65934065934066,70.10989010989012,9.362637362637363,2.562170308967596,2146,1223,3272,2722,2151,1479,0,950,-1050,0,0,0,27,350,-517,-23,27,-55,120,123,121,123,120,122,43,44,44,46,44,45,1,3,192,0,0,7,0,0,0,0,0,0
1.1024,,33,-8.615384615384615,-37.714285714285715,42.46153846153846,70.02197802197803,9.45054945054945,2.562170308967596,2146,1253,3238,2722,2152,1479,0,900,-1000,0,50,0,30,266,-494,-23,23,-55,120,123,121,123,120,122,43,44,44,46,44,45,1,1,168,0,0,7,0,0,0,0,0,0
1.1358,,34,-8.615384615384615,-34.9010989010989,40.08791208791209,70.02197802197803,10.505494505494505,2.562170308967596,2146,1283,3204,2722,2152,1479,0,900,-1000,0,0,0,30,268,-458,-27,27,-55,120,123,121,123,120,122,43,44,43,46,44,45,2,3,146,0,2,6,0,0,0,0,0,0
1.1692,,35,-8.615384615384615,-31.912087912087912,37.8021978021978,70.02197802197803,12.351648351648352,2.562170308967596,2146,1313,3174,2722,2153,1479,0,900,-950,0,0,0,30,267,-433,-27,92,-55,120,123,121,123,120,122,43,44,44,46,44,45,2,5,147,0,4,8,0,0,0,0,0,0
1.2026,,36,-8.615384615384615,-29.01098901098901,35.69230769230769,70.02197802197803,14.285714285714286,2.562170308967596,2146,1345,3144,2722,2159,1479,0,950,-900,0,100,0,30,268,-532,-27,144,-55,120,123,121,123,120,122,43,44,44,46,44,45,1,11,153,0,17,6,0,0,0,0,0,0
1.236,,37,-8.615384615384615,-26.54945054945055,33.67032967032967,70.02197802197803,15.604395604395604,2.562170308967596,2146,1378,3115,2722,2172,1479,0,950,-850,0,350,0,30,292,-425,-27,193,-55,121,123,121,123,120,122,43,44,44,46,44,45,2,5,145,1,12,6,0,0,0,0,0,0
1.2694,,38,-8.527472527472527,-23.912087912087912,31.47252747252747,69.93406593406593,16.65934065934066,2.562170308967596,2146,1411,3089,2722,2187,1479,0,1000,-800,0,400,0,30,273,-402,-27,108,-55,121,123,121,123,120,122,43,44,44,46,44,45,1,1,161,0,10,7,0,0,0,0,0,0
1.303,,39,-8.351648351648352,-21.626373626373628,29.274725274725274,69.93406593406593,17.36263736263736,2.562170308967596,2146,1442,3063,2722,2200,1479,0,950,-800,0,450,0,34,261,-391,-30,171,-55,121,123,121,123,120,122,43,44,44,46,44,45,2,0,128,1,3,7,0,0,0,0,0,0
1.3365,,40,-7.648351648351649,-19.516483516483518,26.9010989010989,69.93406593406593,17.53846153846154,2.562170308967596,2146,1476,3037,2722,2214,1479,0,1000,-800,0,400,0,41,229,-381,-30,135,-55,121,123,121,123,120,122,43,44,44,46,44,45,4,0,131,0,2,7,0,0,0,0,0,0
1.3699,,41,-6.153846153846154,-17.406593406593405,24.439560439560438,69.93406593406593,17.53846153846154,2.562170308967596,2146,1510,3011,2722,2225,1479,0,1000,-750,0,350,0,79,187,-408,-30,93,-55,121,123,121,123,120,122,43,44,44,46,44,45,12,0,148,0,0,8,0,0,0,0,0,0
1.4033,,42,-4.483516483516484,-14.945054945054945,21.274725274725274,69.93406593406593,17.53846153846154,2.562170308967596,2148,1543,2987,2722,2231,1479,0,1000,-750,0,200,0,147,185,-413,-30,76,-55,120,123,121,123,120,122,43,44,44,46,44,45,30,0,162,0,2,7,0,0,0,0,0,0
1.4366,,43,-2.10989010989011,-12.043956043956044,17.582417582417584,69.93406593406593,17.53846153846154,2.562170308967596,2156,1573,2961,2722,2236,1479,250,950,-750,0,150,0,198,167,-436,-30,58,-55,120,123,121,123,120,122,43,44,44,46,44,45,23,0,164,1,3,7,0,0,0,0,0,0
1.47,,44,0.967032967032967,-8.967032967032967,13.626373626373626,69.93406593406593,17.53846153846154,2.562170308967596,2167,1604,2932,2722,2239,1479,300,900,-850,0,100,0,253,165,-478,-30,44,-55,120,122,120,123,120,122,43,44,44,46,44,45,32,0,176,1,2,6,0,0,0,0,0,0
1.5035,,45,4.395604395604396,-5.978021978021978,9.846153846153847,69.93406593406593,17.53846153846154,2.562170308967596,2181,1635,2903,2722,2242,1479,450,900,-900,0,100,0,320,172,-618,-30,37,-55,120,122,120,123,119,122,43,44,44,46,44,45,59,0,214,0,0,7,0,0,0,0,0,0
1.5369,,46,7.384615384615385,-2.901098901098901,5.8901098901098905,69.93406593406593,17.53846153846154,2.562170308967596,2201,1665,2868,2722,2243,1479,500,900,-1000,0,100,0,296,197,-565,-30,30,-55,120,122,120,123,119,122,43,44,44,46,44,45,67,0,234,1,1,7,0,0,0,0,0,0
1.5703,,47,10.373626373626374,0.08791208791208792,2.10989010989011,69.93406593406593,17.53846153846154,2.562170308967596,2226,1698,2830,2722,2244,1479,700,1000,-1100,0,50,0,431,204,-588,-30,27,-55,120,122,120,123,119,121,43,44,44,46,44,45,78,0,231,0,1,6,0,0,0,0,0,0
1.6037,,48,13.098901098901099,2.8131868131868134,-1.4065934065934067,69.93406593406593,17.53846153846154,2.637528259231349,2252,1733,2793,2722,2245,1479,750,1000,-1100,0,50,0,454,113,-599,-30,23,-55,120,122,120,123,119,121,43,44,44,46,44,45,91,0,274,1,1,6,0,0,0,0,0,0
1.6371,,49,15.296703296703297,5.0989010989010985,-4.483516483516484,69.93406593406593,17.714285714285715,2.637528259231349,2282,1766,2752,2722,2245,1479,850,1000,-1150,0,0,0,372,183,-598,-30,23,-51,120,122,120,123,119,121,43,44,44,46,44,45,95,0,250,0,1,5,0,0,0,0,0,0
1.6705,,50,16.967032967032967,7.384615384615385,-7.2967032967032965,69.93406593406593,17.802197802197803,2.637528259231349,2313,1802,2711,2722,2245,1479,950,1100,-1200,0,0,0,352,145,-607,-30,30,-51,120,122,120,123,119,122,43,44,44,46,44,45,63,0,216,1,2,5,0,0,0,0,0,0
1.7039,,51,18.54945054945055,9.054945054945055,-9.67032967032967,69.93406593406593,17.802197802197803,2.637528259231349,2343,1836,2671,2722,2247,1479,900,1000,-1200,0,100,0,341,148,-580,-30,30,-51,120,122,120,123,119,122,43,44,44,46,44,45,53,0,208,1,1,5,0,0,0,0,0,0
1.7372,,52,19.956043956043956,10.461538461538462,-11.868131868131869,69.93406593406593,17.802197802197803,2.637528259231349,2371,1867,2634,2722,2248,1479,850,1000,-1150,0,0,0,292,96,-540,-30,23,-51,120,122,120,123,119,122,43,44,44,46,44,45,34,0,193,1,1,6,0,0,0,0,0,0
1.7706,,53,20.923076923076923,11.604395604395604,-13.626373626373626,69.93406593406593,17.802197802197803,2.637528259231349,2397,1896,2600,2722,2249,1479,800,950,-1050,0,50,0,249,36,-500,-30,0,-51,120,122,120,123,120,122,43,44,43,46,44,45,25,0,169,0,0,6,0,0,0,0,0,0
1.804,,54,21.89010989010989,12.483516483516484,-15.208791208791208,69.84615384615384,17.89010989010989,2.637528259231349,2420,1919,2568,2722,2249,1479,700,700,-950,0,0,0,188,-45,-448,-30,0,-51,120,122,121,123,120,122,43,44,44,46,44,45,31,8,171,1,0,6,0,0,0,0,0,0
1.8374,,55,22.857142857142858,13.274725274725276,-16.791208791208792,69.84615384615384,17.89010989010989,2.637528259231349,2439,1934,2542,2722,2249,1479,650,500,-900,0,0,0,238,-81,-440,-34,23,-51,120,122,121,123,120,122,43,44,44,46,44,45,32,8,193,2,0,5,0,0,0,0,0,0
1.8708,,56,23.824175824175825,14.153846153846153,-18.54945054945055,69.84615384615384,17.89010989010989,2.637528259231349,2455,1945,2517,2722,2249,1479,500,350,-750,0,0,0,244,56,-412,-34,23,-51,120,123,121,123,120,122,43,44,44,46,44,45,33,8,160,1,0,5,0,0,0,0,0,0
1.9041,,57,24.703296703296704,15.12087912087912,-20.307692307692307,69.84615384615384,17.89010989010989,2.637528259231349,2470,1956,2492,2722,2249,1479,400,300,-750,0,0,0,224,-71,-387,-34,23,-51,120,123,121,123,120,122,43,44,44,46,44,45,19,1,169,1,0,5,0,0,0,0,0,0
1.9375,,58,25.67032967032967,16.263736263736263,-22.065934065934066,69.84615384615384,17.89010989010989,2.637528259231349,2482,1969,2469,2722,2249,1479,400,350,-700,0,0,0,121,0,-365,-34,23,-51,120,123,121,123,120,122,43,44,44,46,44,45,22,0,162,2,1,5,0,0,0,0,0,0
1.9709,,59,26.725274725274726,17.23076923076923,-23.64835164835165,69.84615384615384,17.89010989010989,2.637528259231349,2493,1981,2446,2722,2249,1479,350,450,-700,0,0,0,201,-143,-380,-34,23,-51,120,123,121,123,120,122,43,44,44,46,44,45,25,6,164,1,0,5,0,0,0,0,0,0
2.0043,,60,27.516483516483518,17.67032967032967,-24.615384615384617,69.84615384615384,17.89010989010989,2.637528259231349,2505,1993,2425,2722,2249,1479,350,300,-600,0,0,0,109,136,-451,-34,23,-51,120,123,121,123,120,122,43,44,44,46,44,45,33,1,191,2,0,4,0,0,0,0,0,0
2.0377,,61,27.956043956043956,17.406593406593405,-24.87912087912088,69.84615384615384,17.89010989010989,2.637528259231349,2516,2003,2407,2722,2249,1479,350,350,-600,0,0,0,119,-25,-406,-34,23,-51,120,123,121,123,120,122,43,44,44,46,44,45,33,20,163,1,0,5,0,0,0,0,0,0
2.0711,,62,27.956043956043956,16.791208791208792,-24.87912087912088,69.93406593406593,17.89010989010989,2.637528259231349,2526,2007,2392,2722,2249,1479,300,200,-500,0,0,0,168,-58,-340,-34,23,-51,120,123,121,123,120,122,43,44,44,46,44,45,31,26,136,1,1,6,0,0,0,0,0,0
2.1045,,63,27.78021978021978,15.296703296703297,-24.87912087912088,70.10989010989012,17.89010989010989,2.637528259231349,2535,2007,2381,2723,2249,1479,250,0,-300,50,0,0,44,-94,-213,-34,23,-51,121,123,121,123,120,122,43,44,44,46,44,45,20,21,112,1,0,5,0,0,0,0,0,0
2.1379,,64,27.252747252747252,13.098901098901099,-24.703296703296704,70.1978021978022,17.89010989010989,2.637528259231349,2541,2007,2373,2723,2249,1479,250,0,-250,0,0,0,97,-172,-280,-27,23,-51,121,123,121,123,120,122,43,44,44,46,44,45,11,40,99,0,0,5,0,0,0,0,0,0
2.1713,,65,26.9010989010989,11.252747252747254,-24.703296703296704,70.1978021978022,17.802197802197803,2.637528259231349,2544,2006,2367,2723,2249,1479,150,0,-150,0,0,0,52,-255,-160,-23,23,-51,120,123,121,123,120,122,43,44,43,46,44,45,8,109,98,0,0,6,0,0,0,0,0,0
2.2047,,66,25.934065934065934,8.967032967032967,-24.703296703296704,70.1978021978022,17.802197802197803,2.637528259231349,2544,2002,2364,2723,2249,1479,0,-100,-200,0,0,0,48,-321,-231,-23,0,-51,120,122,121,123,120,122,43,44,44,46,44,45,4,164,103,0,0,5,0,0,0,0,0,0
2.238,,67,24.52747252747253,6.593406593406593,-24.703296703296704,70.1978021978022,17.802197802197803,2.637528259231349,2544,1996,2363,2723,2249,1479,0,-150,-50,0,0,0,-43,-391,-227,-23,0,-51,120,122,120,123,119,122,43,44,44,46,44,45,2,236,110,0,0,5,0,0,0,0,0,0
2.2714,,68,23.208791208791208,4.3076923076923075,-24.703296703296704,70.28571428571429,17.802197802197803,2.637528259231349,2542,1985,2363,2723,2249,1479,0,-250,0,0,0,0,-95,-448,-227,-23,0,-51,120,122,120,123,119,121,43,44,44,46,44,45,1,262,110,0,0,5,0,0,0,0,0,0
2.305,,69,21.626373626373628,2.197802197802198,-24.615384615384617,70.37362637362638,17.802197802197803,2.637528259231349,2537,1970,2363,2723,2249,1479,-150,-450,0,0,0,0,-126,-411,-227,0,0,-51,120,122,120,122,119,121,43,44,44,46,44,45,12,292,111,0,0,5,0,0,0,0,0,0
2.3384,,70,20.043956043956044,0.08791208791208792,-24.615384615384617,70.37362637362638,17.802197802197803,2.637528259231349,2528,1950,2363,2723,2249,1479,-300,-550,0,0,0,0,-89,-429,-224,0,0,-51,120,122,120,122,119,121,43,44,44,46,44,45,17,247,108,0,0,4,0,0,0,0,0,0
2.3717,,71,18.197802197802197,-1.8461538461538463,-24.52747252747253,70.46153846153847,17.802197802197803,2.637528259231349,2516,1927,2362,2723,2249,1479,-350,-650,-50,0,0,0,-194,-518,-220,0,0,-51,120,122,120,122,119,121,43,44,44,46,44,45,15,209,95,0,0,5,0,0,0,0,0,0
2.4051,,72,16.175824175824175,-3.5164835164835164,-24.52747252747253,70.46153846153847,17.53846153846154,2.637528259231349,2502,1903,2362,2723,2249,1479,-400,-700,0,0,0,0,-215,-416,-217,0,0,-51,120,122,120,123,119,122,43,44,44,46,44,45,17,185,99,0,0,5,0,0,0,0,0,0
2.4385,,73,14.065934065934066,-5.010989010989011,-24.52747252747253,70.54945054945055,17.36263736263736,2.637528259231349,2485,1877,2362,2723,2248,1479,-400,-700,0,0,0,0,-236,-384,-217,0,0,-51,120,122,120,123,119,122,43,44,44,46,44,45,27,205,103,0,0,5,0,0,0,0,0,0
2.4719,,74,11.692307692307692,-6.5054945054945055,-24.52747252747253,70.54945054945055,17.36263736263736,2.4868123587038435,2468,1852,2361,2723,2248,1479,-500,-750,-50,0,0,0,-276,-384,-213,23,-27,-51,120,122,120,123,119,122,43,44,44,46,44,45,35,164,88,0,2,4,0,0,0,0,0,0
2.5053,,75,9.23076923076923,-7.824175824175824,-24.52747252747253,70.54945054945055,17.274725274725274,2.4868123587038435,2448,1828,2361,2723,2248,1479,-600,-700,0,0,0,0,-212,-352,-213,23,-27,-58,120,122,120,123,119,122,43,44,44,46,44,45,33,149,98,0,2,9,0,0,0,0,0,0
2.5387,,76,6.681318681318682,-8.967032967032967,-24.52747252747253,70.54945054945055,17.274725274725274,2.4868123587038435,2426,1808,2361,2723,2248,1479,-650,-650,0,0,0,0,-315,-320,-213,23,-30,-58,120,122,120,123,119,122,43,44,43,46,44,45,24,136,100,0,2,8,0,0,0,0,0,0
2.5722,,77,4.131868131868132,-9.934065934065934,-24.439560439560438,70.54945054945055,17.186813186813186,2.4868123587038435,2401,1787,2361,2723,2248,1479,-700,-650,0,0,0,0,-327,-284,-213,23,-30,-58,120,122,120,123,119,122,43,44,44,46,44,45,23,99,100,0,2,8,0,0,0,0,0,0
2.6056,,78,1.4065934065934067,-10.813186813186814,-24.439560439560438,70.63736263736264,17.0989010989011,2.4868123587038435,2375,1769,2361,2723,2248,1479,-800,-550,0,0,0,0,-243,-331,-210,23,-34,-58,120,122,120,123,120,122,43,44,44,46,44,45,24,99,98,0,3,9,0,0,0,0,0,0
2.639,,79,-1.4945054945054945,-11.516483516483516,-24.35164835164835,71.07692307692308,17.0989010989011,2.4868123587038435,2346,1754,2361,2723,2248,1479,-850,-500,0,0,0,0,-272,-253,-210,27,-37,-58,120,122,121,123,120,122,43,44,43,46,44,45,19,106,98,1,4,8,0,0,0,0,0,0
2.6725,,80,-4.571428571428571,-11.780219780219781,-24.35164835164835,72.65934065934066,17.0989010989011,2.4868123587038435,2317,1740,2361,2724,2248,1479,-900,-450,0,0,0,0,-277,-215,-206,58,-37,-58,120,123,121,123,120,122,43,44,44,46,44,45,23,103,95,3,4,9,0,0,0,0,0,0
2.7059,,81,-7.736263736263736,-11.868131868131869,-24.35164835164835,74.94505494505495,17.0989010989011,2.4868123587038435,2289,1727,2361,2728,2248,1479,-900,-400,0,100,0,0,-291,-252,-206,110,-37,-58,120,123,121,123,120,122,43,44,44,46,44,45,18,63,95,11,4,9,0,0,0,0,0,0
2.7393,,82,-11.604395604395604,-11.692307692307692,-24.35164835164835,77.93406593406593,17.0989010989011,2.4868123587038435,2258,1717,2361,2738,2248,1479,-850,-300,0,200,0,0,-303,-217,-206,183,-37,-58,120,123,121,123,120,122,43,44,44,46,44,45,32,70,93,11,3,8,0,0,0,0,0,0
2.7727,,83,-15.472527472527473,-11.340659340659341,-24.35164835164835,80.74725274725274,17.01098901098901,2.4868123587038435,2226,1711,2361,2753,2248,1479,-900,-250,0,400,0,0,-336,-192,-206,242,-37,-58,120,123,121,123,120,122,43,44,44,46,44,45,33,52,92,26,3,9,0,0,0,0,0,0
2.806,,84,-18.813186813186814,-11.076923076923077,-24.35164835164835,83.38461538461539,17.01098901098901,2.4868123587038435,2191,1707,2360,2776,2248,1479,-1000,-150,0,650,0,0,-383,-153,-203,188,-41,-58,120,123,121,123,120,122,43,44,44,46,44,45,37,55,87,23,4,9,0,0,0,0,0,0
2.8394,,85,-22.153846153846153,-10.637362637362637,-24.35164835164835,85.58241758241758,17.01098901098901,2.4868123587038435,2156,1706,2357,2800,2248,1479,-1100,-50,-50,700,0,0,-392,-143,-192,315,-41,-58,120,123,121,123,120,122,43,44,44,46,44,45,32,46,72,17,4,9,0,0,0,0,0,0
2.8728,,86,-25.494505494505493,-10.021978021978022,-24.35164835164835,87.42857142857143,17.01098901098901,2.4868123587038435,2116,1706,2356,2827,2248,1479,-1150,0,0,850,0,0,-386,-125,-189,224,-41,-58,121,123,121,124,120,122,43,44,44,46,44,45,27,37,78,21,4,9,0,0,0,0,0,0
2.9062,,87,-28.307692307692307,-9.494505494505495,-24.263736263736263,88.92307692307692,17.01098901098901,2.4868123587038435,2076,1706,2355,2852,2248,1479,-1150,0,-50,700,0,0,-289,-97,-185,201,-41,-58,121,123,121,124,120,123,43,44,44,46,44,45,30,24,77,17,4,8,0,0,0,0,0,0
2.9396,,88,-30.593406593406595,-8.615384615384615,-24.263736263736263,90.41758241758242,17.01098901098901,2.4868123587038435,2037,1706,2355,2876,2248,1479,-1200,0,0,750,0,0,-377,-65,-181,250,-41,-58,121,123,121,124,120,123,43,44,44,46,44,45,28,14,75,6,4,9,0,0,0,0,0,0
2.973,,89,-32.527472527472526,-7.384615384615385,-24.263736263736263,92.0,17.01098901098901,2.4868123587038435,1999,1706,2355,2899,2248,1479,-1100,0,0,700,0,0,-341,-21,-181,135,-41,-58,121,123,121,124,120,123,43,44,44,46,44,45,11,5,75,2,4,8,0,0,0,0,0,0
3.0064,,90,-34.1978021978022,-5.626373626373627,-24.263736263736263,93.67032967032966,17.01098901098901,2.562170308967596,1964,1708,2355,2918,2248,1479,-1100,0,0,600,0,0,-286,56,-181,244,-41,-58,121,123,121,124,120,123,43,44,44,46,44,45,1,2,75,2,3,8,0,0,0,0,0,0
3.0398,,91,-35.42857142857143,-3.6043956043956045,-24.263736263736263,95.6923076923077,17.01098901098901,2.562170308967596,1933,1715,2355,2938,2248,1479,-1000,200,0,600,0,0,-228,106,-181,148,-41,-55,121,123,121,124,120,123,43,44,44,46,44,45,0,0,75,9,4,7,0,0,0,0,0,0
3.0731,,92,-36.395604395604394,-1.2307692307692308,-24.263736263736263,97.45054945054945,17.01098901098901,2.562170308967596,1905,1727,2354,2957,2248,1479,-900,400,-50,550,0,0,-247,157,-178,244,-41,-55,121,123,121,124,120,123,43,44,44,46,44,45,0,2,71,20,4,6,0,0,0,0,0,0
3.1065,,93,-36.48351648351648,1.4945054945054945,-24.175824175824175,98.5934065934066,17.01098901098901,2.562170308967596,1881,1744,2354,2977,2248,1479,-700,450,0,600,0,0,-233,106,-178,235,-41,-55,121,123,121,124,121,123,43,44,43,46,44,45,0,0,72,13,4,6,0,0,0,0,0,0
3.1399,,94,-36.48351648351648,4.483516483516484,-24.175824175824175,99.73626373626374,17.0989010989011,2.562170308967596,1863,1766,2354,2997,2248,1479,-650,600,0,600,0,0,-136,136,-174,143,-41,-55,121,123,121,124,121,123,43,44,44,46,44,45,0,0,69,6,4,7,0,0,0,0,0,0
3.1734,,95,-36.48351648351648,7.208791208791209,-24.175824175824175,100.61538461538461,17.0989010989011,2.562170308967596,1851,1793,2354,3015,2248,1479,-450,700,0,500,0,0,-83,157,-174,206,-37,-55,121,123,121,124,121,123,43,44,44,46,44,45,0,0,70,8,3,8,0,0,0,0,0,0
3.2068,,96,-36.48351648351648,10.021978021978022,-24.175824175824175,101.14285714285714,17.274725274725274,2.562170308967596,1844,1821,2354,3027,2248,1479,-200,850,0,450,0,0,-58,160,-174,139,-37,-55,121,123,122,124,121,123,43,44,44,46,44,45,0,0,70,1,4,7,0,0,0,0,0,0
3.2402,,97,-36.48351648351648,12.923076923076923,-24.175824175824175,101.14285714285714,17.45054945054945,2.562170308967596,1841,1853,2354,3035,2248,1479,-100,900,0,250,0,0,-44,185,-174,108,-30,-55,121,123,122,124,121,123,43,44,44,46,44,45,2,0,69,4,2,7,0,0,0,0,0,0
3.2736,,98,-36.30769230769231,15.912087912087912,-24.263736263736263,101.14285714285714,17.45054945054945,2.562170308967596,1840,1887,2354,3038,2248,1479,-50,1000,0,150,0,0,-41,93,-174,93,-23,-55,121,123,122,124,121,123,43,44,44,46,44,45,1,0,70,3,1,7,0,0,0,0,0,0
3.307,,99,-36.043956043956044,18.63736263736264,-24.35164835164835,101.14285714285714,17.626373626373628,2.4868123587038435,1839,1920,2354,3039,2248,1479,-50,1000,0,50,0,0,-30,172,-178,90,-23,-55,121,123,122,124,121,123,43,44,44,46,44,45,2,0,74,16,1,7,0,0,0,0,0,0
3.3405,,100,-35.69230769230769,21.0989010989011,-24.52747252747253,100.87912087912088,17.714285714285715,2.4868123587038435,1839,1954,2354,3039,2248,1479,0,1000,0,0,0,0,0,156,-181,90,0,-58,121,123,122,124,121,123,43,44,44,46,44,45,0,0,76,18,0,9,0,0,0,0,0,0
3.3739,,101,-34.46153846153846,23.296703296703296,-24.615384615384617,100.7032967032967,17.714285714285715,2.4868123587038435,1840,1989,2354,3039,2247,1479,0,1050,0,0,0,0,23,127,-189,90,23,-58,121,123,122,124,121,123,43,44,44,46,44,45,2,0,81,19,0,9,0,0,0,0,0,0
3.4073,,102,-32.61538461538461,25.23076923076923,-24.791208791208792,100.43956043956044,17.626373626373628,2.4868123587038435,1840,2022,2354,3039,2247,1479,0,1000,0,0,0,0,91,131,-192,90,23,-58,121,123,121,124,121,123,43,44,44,46,44,45,13,0,83,18,0,8,0,0,0,0,0,0
3.4407,,103,-30.681318681318682,26.46153846153846,-24.791208791208792,99.73626373626374,17.626373626373628,2.4868123587038435,1843,2050,2354,3039,2247,1479,50,900,0,0,0,0,170,95,-199,90,0,-58,121,123,121,124,121,123,43,44,44,46,44,45,26,0,89,19,0,8,0,0,0,0,0,0
3.4741,,104,-28.13186813186813,27.164835164835164,-24.791208791208792,98.68131868131869,17.626373626373628,2.4868123587038435,1854,2078,2354,3039,2247,1479,300,850,0,0,0,0,212,119,-199,79,0,-58,121,123,121,124,120,123,43,44,44,46,44,45,35,0,90,14,0,9,0,0,0,0,0,0
3.5075,,105,-24.703296703296704,27.252747252747252,-24.791208791208792,97.18681318681318,17.626373626373628,2.4868123587038435,1866,2099,2354,3039,2247,1479,350,700,0,0,0,0,179,-75,-199,-20,0,-58,121,123,121,124,120,123,43,44,43,46,44,45,45,14,89,3,0,8,0,0,0,0,0,0
3.5409,,106,-21.0989010989011,27.076923076923077,-24.791208791208792,95.34065934065934,17.626373626373628,2.4868123587038435,1882,2112,2354,3038,2247,1479,500,400,0,0,0,0,251,-193,-199,-76,0,-58,121,123,121,124,120,123,43,44,44,46,44,45,56,35,89,6,0,9,0,0,0,0,0,0
3.5743,,107,-17.318681318681318,26.725274725274726,-24.791208791208792,93.58241758241758,17.714285714285715,2.4868123587038435,1904,2118,2355,3034,2247,1479,550,150,50,-100,0,0,411,-62,-203,-52,0,-58,121,123,121,124,120,122,43,44,44,46,44,45,71,23,95,15,0,9,0,0,0,0,0,0
3.6077,,108,-13.538461538461538,26.46153846153846,-24.791208791208792,91.82417582417582,17.714285714285715,2.4868123587038435,1929,2119,2355,3024,2247,1479,750,100,0,-250,0,0,381,-83,-203,-187,23,-58,120,123,121,123,120,122,43,44,44,46,44,45,98,21,92,13,0,8,0,0,0,0,0,0
3.6411,,109,-9.846153846153847,26.285714285714285,-24.87912087912088,90.32967032967034,17.714285714285715,2.4868123587038435,1962,2119,2355,3012,2247,1479,900,0,0,-350,0,0,332,-93,-203,-127,23,-58,120,122,121,123,120,122,43,44,44,46,44,45,93,22,92,25,1,8,0,0,0,0,0,0
3.6744,,110,-6.329670329670329,26.285714285714285,-24.87912087912088,88.92307692307692,17.714285714285715,2.4868123587038435,1996,2119,2355,2996,2247,1479,1000,0,0,-400,0,0,444,-101,-206,-129,23,-58,120,122,121,123,120,122,43,44,44,46,44,45,99,25,94,12,0,8,0,0,0,0,0,0
3.7078,,111,-2.901098901098901,26.197802197802197,-24.87912087912088,87.78021978021978,17.626373626373628,2.4868123587038435,2031,2119,2355,2980,2247,1479,1050,0,0,-500,0,0,479,-101,-206,-204,23,-58,120,122,121,123,120,122,43,44,44,46,44,45,116,24,95,12,0,9,0,0,0,0,0,0
3.7412,,112,0.0,25.934065934065934,-24.87912087912088,86.54945054945055,17.626373626373628,2.4868123587038435,2069,2119,2355,2963,2248,1479,1150,0,0,-500,50,0,485,-104,-206,-92,0,-58,120,122,120,123,120,122,43,44,44,46,44,45,93,25,95,6,0,8,0,0,0,0,0,0
3.7746,,113,2.989010989010989,25.23076923076923,-24.87912087912088,85.4065934065934,17.626373626373628,2.4868123587038435,2108,2119,2355,2949,2248,1479,1150,0,0,-450,0,0,467,-115,-206,-116,0,-58,120,122,121,123,120,122,43,44,44,46,44,45,73,32,94,17,0,8,0,0,0,0,0,0
3.808,,114,5.802197802197802,24.439560439560438,-24.87912087912088,84.35164835164835,17.626373626373628,2.4868123587038435,2149,2119,2355,2934,2248,1479,1200,0,0,-400,0,0,356,-154,-206,-105,0,-58,120,122,121,123,120,122,43,44,44,46,44,45,64,52,94,11,0,9,0,0,0,0,0,0
3.8414,,115,8.43956043956044,23.296703296703296,-24.87912087912088,83.2967032967033,17.626373626373628,2.4868123587038435,2186,2119,2355,2920,2248,1479,1150,0,0,-450,0,0,410,-181,-206,-177,0,-58,120,122,121,123,120,122,43,44,44,46,44,45,78,75,94,9,0,8,0,0,0,0,0,0
3.8748,,116,10.637362637362637,21.978021978021978,-24.87912087912088,82.50549450549451,17.53846153846154,2.4868123587038435,2223,2119,2355,2906,2248,1479,1100,0,0,-400,0,0,416,-247,-206,-165,0,-58,120,122,121,123,120,122,43,44,44,46,44,45,60,110,94,10,0,9,0,0,0,0,0,0
3.9082,,117,12.571428571428571,20.483516483516482,-24.87912087912088,82.15384615384616,17.53846153846154,2.4868123587038435,2259,2119,2355,2895,2248,1479,1100,0,0,-400,0,0,375,-297,-206,-171,0,-58,120,122,120,123,119,122,43,44,44,46,44,45,39,166,93,7,0,8,0,0,0,0,0,0
3.9416,,118,13.89010989010989,18.725274725274726,-24.87912087912088,82.06593406593407,17.626373626373628,2.4868123587038435,2290,2117,2355,2884,2248,1479,1000,0,0,-350,0,0,328,-354,-206,-35,0,-58,120,122,120,123,119,122,43,44,44,46,44,45,47,233,93,10,0,9,0,0,0,0,0,0
3.975,,119,14.417582417582418,16.615384615384617,-24.791208791208792,82.24175824175825,17.714285714285715,2.4868123587038435,2320,2111,2355,2876,2248,1479,950,-150,0,-250,0,0,262,-401,-206,27,0,-58,120,122,120,122,119,121,43,44,44,46,44,45,30,213,93,6,0,8,0,0,0,0,0,0
4.0084,,120,14.68131868131868,14.32967032967033,-24.703296703296704,82.41758241758242,17.802197802197803,2.4868123587038435,2347,2099,2355,2873,2249,1479,850,-300,0,-150,0,0,248,-371,-203,-69,0,-58,120,122,120,122,119,121,43,44,44,46,44,45,14,270,91,7,0,8,0,0,0,0,0,0
4.0418,,121,14.68131868131868,11.428571428571429,-24.52747252747253,82.5934065934066,17.802197802197803,2.4868123587038435,2366,2084,2355,2871,2249,1479,600,-450,0,-50,0,0,206,-410,-199,-55,0,-58,120,122,120,122,119,121,43,44,44,46,44,45,5,272,88,5,0,8,0,0,0,0,0,0
4.0752,,122,14.593406593406593,8.175824175824175,-24.439560439560438,82.68131868131869,17.802197802197803,2.4868123587038435,2381,2064,2355,2870,2249,1479,500,-500,0,0,0,0,146,-452,-192,-44,0,-58,120,122,120,122,119,121,43,44,44,46,44,45,1,270,82,3,0,8,0,0,0,0,0,0
4.1086,,123,14.153846153846153,4.835164835164835,-24.439560439560438,82.68131868131869,17.802197802197803,2.4868123587038435,2391,2042,2355,2870,2249,1479,350,-600,0,0,0,0,-16,-496,-189,-41,0,-58,120,122,120,122,119,121,43,44,44,46,44,45,0,287,78,3,0,8,0,0,0,0,0,0
4.142,,124,13.714285714285714,1.3186813186813187,-24.439560439560438,82.68131868131869,17.714285714285715,2.4868123587038435,2396,2015,2355,2870,2249,1479,150,-750,0,0,0,0,62,-532,-189,-41,0,-58,119,122,120,122,119,121,43,44,44,46,44,45,0,337,79,3,0,7,0,0,0,0,0,0
4.1754,,125,13.45054945054945,-2.197802197802198,-24.439560439560438,82.68131868131869,17.714285714285715,2.4868123587038435,2397,1984,2355,2870,2249,1479,100,-900,0,0,0,0,28,-665,-189,-41,0,-58,119,121,120,122,119,121,43,44,44,46,44,45,2,337,78,3,0,8,0,0,0,0,0,0
4.2088,,126,12.571428571428571,-5.626373626373627,-24.439560439560438,82.68131868131869,17.714285714285715,2.4868123587038435,2396,1950,2355,2870,2249,1479,0,-1050,0,0,0,0,34,-594,-189,-41,0,-58,119,122,120,122,119,121,43,44,43,46,44,45,2,313,79,2,0,9,0,0,0,0,0,0
4.2423,,127,11.780219780219781,-8.43956043956044,-24.439560439560438,82.68131868131869,17.714285714285715,2.4868123587038435,2394,1913,2355,2870,2249,1479,-50,-1100,0,0,0,0,-51,-600,-189,-41,0,-58,120,122,120,122,119,121,43,44,44,46,44,45,2,266,79,3,0,8,0,0,0,0,0,0
4.2758,,128,11.692307692307692,-11.252747252747254,-24.35164835164835,82.68131868131869,17.714285714285715,2.4868123587038435,2391,1873,2355,2870,2249,1479,-100,-1150,0,0,0,0,-61,-576,-189,-41,0,-58,120,122,120,122,119,121,43,44,44,46,44,45,4,227,79,3,0,8,0,0,0,0,0,0
4.3093,,129,11.692307692307692,-13.89010989010989,-24.35164835164835,82.68131868131869,17.36263736263736,2.4868123587038435,2388,1833,2355,2870,2249,1479,-100,-1200,0,0,0,0,-44,-544,-185,-41,0,-58,120,122,120,122,119,122,43,44,44,46,44,45,3,215,76,3,0,8,0,0,0,0,0,0
4.3427,,130,11.692307692307692,-16.439560439560438,-24.35164835164835,82.68131868131869,17.36263736263736,2.4868123587038435,2385,1796,2355,2870,2249,1479,-100,-1150,0,0,0,0,83,-544,-185,-41,-36,-58,120,122,120,123,119,122,43,44,44,46,44,45,0,169,77,2,3,9,0,0,0,0,0,0
4.3762,,131,11.692307692307692,-18.725274725274726,-24.35164835164835,82.68131868131869,17.36263736263736,2.4868123587038435,2383,1757,2355,2870,2248,1479,-100,-1200,0,0,0,0,94,-503,-185,-41,-27,-58,120,122,120,123,119,122,43,44,44,46,44,45,0,173,78,3,2,9,0,0,0,0,0,0
4.4096,,132,11.692307692307692,-20.923076923076923,-24.35164835164835,82.68131868131869,17.274725274725274,2.4868123587038435,2382,1720,2355,2870,2248,1479,-50,-1100,0,0,0,0,0,-461,-185,-41,-27,-58,120,122,121,123,120,122,43,44,44,46,44,45,0,122,77,3,1,8,0,0,0,0,0,0
4.443,,133,11.692307692307692,-23.12087912087912,-24.35164835164835,82.68131868131869,17.186813186813186,2.4868123587038435,2382,1687,2355,2870,2248,1479,0,-1050,0,0,0,0,0,-416,-185,-41,-30,-58,120,122,121,123,120,122,43,44,44,46,44,45,0,127,78,4,2,8,0,0,0,0,0,0
4.4765,,134,11.692307692307692,-25.054945054945055,-24.35164835164835,82.68131868131869,17.186813186813186,2.4868123587038435,2383,1654,2355,2870,2248,1479,0,-1000,0,0,0,0,-23,-416,-185,-41,-34,-58,120,123,121,123,120,122,43,44,44,46,44,45,1,100,77,4,3,9,0,0,0,0,0,0
4.5099,,135,11.692307692307692,-26.9010989010989,-24.35164835164835,82.68131868131869,17.0989010989011,2.4868123587038435,2383,1622,2355,2870,2248,1479,0,-900,0,0,0,0,-23,-377,-185,-41,-34,-58,121,123,121,123,120,122,43,44,44,46,44,45,0,88,77,3,4,9,0,0,0,0,0,0
4.5434,,136,11.692307692307692,-28.65934065934066,-24.35164835164835,82.68131868131869,17.01098901098901,2.4868123587038435,2382,1593,2355,2870,2248,1479,0,-900,0,0,0,0,0,-427,-185,-41,-37,-58,121,123,121,123,120,122,43,44,44,46,44,45,0,79,77,3,4,9,0,0,0,0,0,0
4.5769,,137,11.692307692307692,-30.417582417582416,-24.35164835164835,82.68131868131869,17.01098901098901,2.4868123587038435,2381,1566,2355,2870,2248,1479,0,-800,0,0,0,0,0,-306,-185,-41,-41,-58,121,123,121,124,120,122,43,44,44,46,44,45,0,69,77,3,4,8,0,0,0,0,0,0
4.6103,,138,11.692307692307692,-31.912087912087912,-24.35164835164835,82.68131868131869,17.01098901098901,2.4868123587038435,2381,1540,2355,2870,2248,1479,0,-850,0,0,0,0,0,-361,-185,-41,-41,-58,121,123,121,124,120,123,43,44,44,46,44,45,0,59,78,4,4,9,0,0,0,0,0,0
4.6437,,139,11.692307692307692,-33.23076923076923,-24.35164835164835,82.68131868131869,16.923076923076923,2.4868123587038435,2381,1514,2355,2870,2248,1479,0,-750,0,0,0,0,0,-271,-185,-41,-41,-58,121,123,121,124,120,123,43,44,44,46,44,45,0,54,77,3,4,8,0,0,0,0,0,0
4.6772,,140,11.692307692307692,-34.1978021978022,-24.35164835164835,82.76923076923077,16.923076923076923,2.4868123587038435,2381,1491,2354,2870,2248,1479,0,-700,-50,0,0,0,0,-234,-181,-41,-44,-58,121,123,121,124,120,123,43,44,44,46,44,45,0,57,75,4,5,8,0,0,0,0,0,0
4.7106,,141,11.692307692307692,-34.637362637362635,-24.263736263736263,82.76923076923077,16.923076923076923,2.4868123587038435,2381,1471,2354,2870,2248,1479,0,-650,0,0,0,0,0,-268,-181,-37,-44,-58,121,123,121,124,120,123,43,44,44,46,44,45,0,30,75,2,4,8,0,0,0,0,0,0
4.744,,142,11.692307692307692,-34.637362637362635,-24.263736263736263,83.03296703296704,16.923076923076923,2.4868123587038435,2381,1452,2354,2870,2248,1479,0,-550,0,0,0,0,0,-111,-178,-37,-44,-58,121,123,121,124,120,123,43,44,44,46,44,45,0,12,71,2,4,9,0,0,0,0,0,0
4.7775,,143,11.692307692307692,-34.37362637362637,-24.263736263736263,83.64835164835165,16.923076923076923,2.562170308967596,2381,1438,2354,2870,2248,1479,0,-450,0,0,0,0,0,-146,-178,-27,-44,-58,121,123,121,124,121,123,43,44,44,46,44,45,0,6,71,0,4,8,0,0,0,0,0,0
4.8109,,144,11.604395604395604,-33.75824175824176,-24.175824175824175,84.26373626373626,16.835164835164836,2.562170308967596,2381,1429,2354,2871,2248,1479,0,-250,0,0,0,0,0,-23,-178,36,-44,-55,121,123,122,124,121,123,43,44,44,46,44,45,0,5,71,1,4,7,0,0,0,0,0,0
4.8444,,145,11.516483516483516,-32.61538461538461,-24.175824175824175,84.7032967032967,16.835164835164836,2.562170308967596,2381,1424,2352,2873,2248,1479,0,-200,-50,0,0,0,0,-48,-167,72,-48,-55,121,123,122,124,121,123,43,44,44,46,44,45,0,2,58,4,6,7,0,0,0,0,0,0
4.8778,,146,10.813186813186814,-31.208791208791208,-24.175824175824175,84.79120879120879,16.571428571428573,2.562170308967596,2381,1423,2348,2877,2248,1479,0,-50,-100,100,0,0,-23,48,-69,60,-48,-55,121,123,122,124,121,123,43,44,44,46,44,45,1,1,47,2,6,7,0,0,0,0,0,0
4.9112,,147,9.406593406593407,-29.714285714285715,-24.175824175824175,84.7032967032967,15.780219780219781,2.562170308967596,2380,1423,2345,2882,2248,1479,0,0,-100,150,0,0,-63,101,-146,37,-58,-55,121,124,122,124,121,123,43,44,44,46,44,45,3,11,41,0,10,6,0,0,0,0,0,0
4.9446,,148,7.736263736263736,-28.13186813186813,-24.175824175824175,84.7032967032967,14.813186813186814,2.562170308967596,2376,1427,2342,2884,2246,1479,-100,50,-100,50,-100,0,-118,159,-47,23,-110,-55,121,124,122,124,121,123,43,44,44,46,44,45,7,18,31,0,17,6,0,0,0,0,0,0
4.9781,,149,5.8901098901098905,-26.46153846153846,-24.175824175824175,84.79120879120879,13.934065934065934,2.562170308967596,2367,1439,2339,2885,2240,1479,-250,350,-50,0,-150,0,-166,99,-125,0,-131,-55,121,123,122,124,121,123,43,44,44,46,44,45,12,10,31,0,10,6,0,0,0,0,0,0
5.0115,,150,3.78021978021978,-25.054945054945055,-24.175824175824175,84.79120879120879,13.054945054945055,2.562170308967596,2355,1453,2339,2887,2232,1479,-350,350,0,0,-250,0,-194,201,-122,0,-43,-55,121,123,122,124,121,123,43,44,44,46,44,45,13,9,34,0,16,7,0,0,0,0,0,0
5.0449,,151,1.2307692307692308,-23.824175824175825,-24.175824175824175,84.79120879120879,12.43956043956044,2.562170308967596,2338,1467,2339,2887,2224,1479,-500,400,0,0,-250,0,-134,201,-122,0,-135,-55,121,123,122,124,121,123,43,44,44,46,44,45,14,16,35,0,13,7,0,0,0,0,0,0
5.0783,,152,-1.5824175824175823,-22.681318681318682,-24.175824175824175,84.79120879120879,11.912087912087912,2.562170308967596,2318,1483,2338,2887,2215,1479,-600,450,0,0,-250,0,-247,184,-118,0,-108,-55,121,123,122,124,121,123,43,44,44,46,44,45,20,15,34,0,17,6,0,0,0,0,0,0
5.1117,,153,-5.010989010989011,-21.45054945054945,-24.175824175824175,84.79120879120879,11.648351648351648,2.562170308967596,2299,1501,2338,2887,2207,1479,-550,550,0,0,-250,0,-213,108,-118,0,-126,-55,121,123,122,124,121,123,43,44,44,46,44,45,26,7,32,0,16,7,0,0,0,0,0,0
5.145,,154,-8.615384615384615,-20.21978021978022,-24.175824175824175,84.79120879120879,11.648351648351648,2.562170308967596,2275,1518,2338,2887,2201,1479,-700,700,0,0,-200,0,-345,83,-118,0,23,-55,121,123,122,124,121,123,43,44,44,46,44,45,26,1,32,0,6,6,0,0,0,0,0,0
5.1785,,155,-12.395604395604396,-18.9010989010989,-24.175824175824175,84.79120879120879,11.648351648351648,2.562170308967596,2248,1532,2338,2887,2197,1479,-700,350,0,0,-150,0,-392,80,-118,0,-79,-55,121,123,122,124,121,123,43,44,44,46,44,45,31,7,31,0,4,7,0,0,0,0,0,0
5.212,,156,-15.736263736263735,-17.406593406593405,-24.175824175824175,84.79120879120879,11.648351648351648,2.562170308967596,2217,1548,2338,2887,2194,1479,-900,500,0,0,-100,0,-343,73,-118,0,-65,-55,121,123,122,124,121,123,43,44,44,46,44,45,39,4,32,0,7,7,0,0,0,0,0,0
5.2455,,157,-19.164835164835164,-16.0,-24.175824175824175,84.79120879120879,11.648351648351648,2.562170308967596,2184,1567,2338,2887,2191,1479,-1050,500,0,0,-50,0,-356,150,-118,0,-55,-55,121,123,122,124,121,123,43,44,44,46,44,45,34,1,33,0,7,6,0,0,0,0,0,0
5.279,,158,-22.857142857142858,-15.12087912087912,-24.175824175824175,84.79120879120879,11.648351648351648,2.562170308967596,2147,1588,2339,2887,2189,1479,-1100,650,0,0,-50,0,-388,159,-122,0,-51,-55,121,124,122,124,121,123,43,44,44,46,44,45,45,0,34,0,5,7,0,0,0,0,0,0
5.3125,,159,-26.46153846153846,-14.68131868131868,-24.175824175824175,84.79120879120879,11.648351648351648,2.562170308967596,2111,1611,2339,2887,2188,1479,-1100,750,0,0,-50,0,-310,-25,-122,0,-44,-55,121,123,122,124,121,123,43,44,44,46,44,45,43,0,35,0,4,6,0,0,0,0,0,0
5.346,,160,-29.89010989010989,-14.593406593406593,-24.175824175824175,84.79120879120879,11.648351648351648,2.562170308967596,2073,1625,2339,2887,2187,1479,-1100,500,0,0,-50,0,-408,-83,-122,0,-41,-55,121,123,122,124,121,123,43,44,44,46,44,45,56,2,35,0,4,6,0,0,0,0,0,0
5.3795,,161,-32.967032967032964,-14.593406593406593,-24.175824175824175,84.79120879120879,11.648351648351648,2.562170308967596,2036,1635,2339,2887,2187,1479,-1150,300,0,0,0,0,-405,-30,-122,0,-41,-55,121,123,122,124,121,123,43,44,44,46,44,45,56,3,34,0,4,7,0,0,0,0,0,0
5.4128,,162,-35.956043956043956,-14.76923076923077,-24.175824175824175,84.79120879120879,11.648351648351648,2.562170308967596,1995,1637,2339,2887,2187,1479,-1150,100,0,0,0,0,-385,-41,-122,0,-41,-55,121,123,122,124,121,123,43,44,44,46,44,45,36,4,35,0,4,8,0,0,0,0,0,0
5.4463,,163,-38.68131868131868,-14.945054945054945,-24.175824175824175,84.79120879120879,11.648351648351648,2.562170308967596,1952,1637,2339,2887,2187,1479,-1300,0,0,0,0,0,-389,-48,-122,0,-41,-55,121,123,122,124,121,123,43,44,44,46,44,45,22,5,35,0,4,7,0,0,0,0,0,0
5.4798,,164,-41.40659340659341,-14.945054945054945,-24.175824175824175,84.87912087912088,11.648351648351648,2.562170308967596,1914,1637,2339,2887,2187,1479,-1250,0,0,0,0,0,-355,-55,-122,0,-41,-55,121,123,122,124,121,123,43,44,44,46,44,45,12,7,35,0,4,8,0,0,0,0,0,0
5.5133,,165,-43.78021978021978,-14.945054945054945,-24.175824175824175,84.96703296703296,11.648351648351648,2.562170308967596,1878,1637,2339,2887,2187,1479,-1100,0,0,0,0,0,-327,-55,-122,0,-41,-55,121,123,122,124,121,123,43,44,43,46,44,45,11,8,35,0,4,8,0,0,0,0,0,0
5.5469,,166,-45.714285714285715,-14.68131868131868,-24.175824175824175,84.96703296703296,11.648351648351648,2.562170308967596,1842,1637,2339,2887,2187,1479,-1100,0,0,0,0,0,-296,-55,-122,23,-41,-55,121,123,122,124,121,123,43,44,44,46,44,45,6,7,35,0,4,8,0,0,0,0,0,0
5.5804,,167,-47.56043956043956,-14.505494505494505,-24.175824175824175,84.96703296703296,11.648351648351648,2.562170308967596,1813,1637,2339,2887,2187,1479,-800,0,0,0,0,0,-260,-44,-122,23,-41,-55,121,123,122,124,121,123,43,44,44,46,44,45,20,4,35,0,4,7,0,0,0,0,0,0
5.6138,,168,-49.23076923076923,-14.417582417582418,-24.175824175824175,84.96703296703296,11.648351648351648,2.562170308967596,1786,1637,2339,2887,2187,1479,-900,0,0,0,0,0,-261,-37,-122,23,-41,-55,121,124,122,124,121,123,43,44,43,46,44,45,19,3,35,0,4,7,0,0,0,0,0,0
5.6473,,169,-50.285714285714285,-13.978021978021978,-24.175824175824175,84.96703296703296,11.648351648351648,2.562170308967596,1759,1636,2339,2887,2187,1479,-800,0,0,0,0,0,-225,-30,-122,23,-41,-55,121,123,122,124,121,123,43,44,44,46,44,45,20,1,35,0,4,6,0,0,0,0,0,0
5.6808,,170,-50.37362637362637,-13.538461538461538,-24.175824175824175,84.96703296703296,11.648351648351648,2.562170308967596,1736,1636,2339,2887,2187,1479,-750,0,0,0,0,0,-171,0,-122,23,-41,-55,121,123,122,124,121,123,43,44,44,46,44,45,18,0,35,0,4,8,0,0,0,0,0,0
5.7143,,171,-50.285714285714285,-13.274725274725276,-24.175824175824175,84.96703296703296,11.912087912087912,2.562170308967596,1718,1641,2339,2888,2187,1479,-600,150,0,0,0,0,-86,0,-122,0,-41,-55,121,124,122,124,121,123,43,44,44,46,44,45,12,0,35,0,4,8,0,0,0,0,0,0
5.7477,,172,-49.84615384615385,-13.186813186813186,-24.175824175824175,84.96703296703296,12.087912087912088,2.562170308967596,1707,1648,2339,2888,2187,1479,-400,150,0,0,0,0,-51,0,-122,0,-30,-55,121,124,122,124,121,123,43,44,44,46,44,45,12,0,35,0,2,7,0,0,0,0,0,0
5.7812,,173,-49.582417582417584,-13.186813186813186,-24.175824175824175,84.96703296703296,12.351648351648352,2.562170308967596,1699,1651,2339,2888,2187,1479,-250,100,0,0,0,0,43,-30,-122,0,-23,-55,121,124,122,124,121,123,43,44,44,46,44,45,3,1,35,0,1,8,0,0,0,0,0,0
5.8146,,174,-48.7032967032967,-13.274725274725276,-24.263736263736263,84.96703296703296,12.43956043956044,2.562170308967596,1696,1651,2339,2888,2187,1479,-150,50,0,0,0,0,-58,-34,-122,0,0,-55,121,124,122,125,121,123,43,44,44,46,44,45,3,2,35,0,0,8,0,0,0,0,0,0
5.8481,,175,-46.94505494505494,-13.45054945054945,-24.263736263736263,84.96703296703296,12.43956043956044,2.562170308967596,1696,1651,2339,2888,2187,1479,0,0,0,0,0,0,28,-37,-125,0,23,-55,121,124,122,124,121,123,43,44,44,46,44,45,1,2,37,0,1,8,0,0,0,0,0,0
5.8815,,176,-44.65934065934066,-13.538461538461538,-24.263736263736263,84.96703296703296,12.43956043956044,2.4868123587038435,1698,1651,2339,2888,2187,1479,50,0,0,0,0,0,-18,-44,-125,0,23,-55,121,124,122,124,121,123,43,44,44,46,44,45,5,5,36,0,0,7,0,0,0,0,0,0
5.915,,177,-42.1978021978022,-13.626373626373626,-24.263736263736263,84.79120879120879,12.43956043956044,2.4868123587038435,1702,1651,2339,2888,2187,1479,100,0,0,0,0,0,180,-48,-125,0,23,-58,121,124,122,124,121,123,43,44,44,46,44,45,26,4,36,0,1,8,0,0,0,0,0,0
5.9486,,178,-39.38461538461539,-13.626373626373626,-24.263736263736263,84.79120879120879,12.527472527472527,2.4868123587038435,1715,1651,2339,2888,2187,1479,350,0,0,0,0,0,155,-51,-125,0,23,-58,121,124,122,124,121,123,43,44,43,46,44,45,21,7,37,0,1,8,0,0,0,0,0,0
5.9822,,179,-36.13186813186813,-13.626373626373626,-24.263736263736263,84.79120879120879,12.527472527472527,2.4868123587038435,1733,1651,2339,2888,2187,1479,400,0,0,0,0,0,203,-51,-125,0,27,-58,121,123,122,124,121,123,43,44,44,46,44,45,30,5,36,0,2,9,0,0,0,0,0,0
6.0157,,180,-32.527472527472526,-13.45054945054945,-24.263736263736263,84.61538461538461,12.527472527472527,2.4868123587038435,1752,1651,2339,2888,2187,1479,550,0,0,0,0,0,341,-51,-125,0,27,-58,121,123,122,124,121,123,43,44,44,46,44,45,38,5,36,0,1,9,0,0,0,0,0,0
6.0491,,181,-28.307692307692307,-13.274725274725276,-24.35164835164835,84.52747252747253,12.527472527472527,2.4868123587038435,1777,1651,2339,2888,2187,1479,650,0,0,0,0,0,307,-44,-125,-27,27,-58,121,123,122,124,121,123,43,44,44,46,44,45,53,3,36,0,2,8,0,0,0,0,0,0
6.0826,,182,-24.087912087912088,-13.098901098901099,-24.35164835164835,84.52747252747253,12.527472527472527,2.4868123587038435,1805,1651,2339,2888,2187,1479,800,0,0,0,0,0,461,-37,-129,-30,27,-58,121,123,121,124,120,123,43,44,44,46,44,45,70,3,38,2,1,9,0,0,0,0,0,0
6.1161,,183,-20.21978021978022,-12.923076923076923,-24.35164835164835,84.52747252747253,12.527472527472527,2.562170308967596,1838,1651,2339,2888,2187,1479,1000,0,0,0,0,0,430,-30,-129,-30,27,-58,121,123,121,124,120,123,43,44,44,46,44,45,91,1,39,1,2,9,0,0,0,0,0,0
6.1496,,184,-16.703296703296704,-12.923076923076923,-24.35164835164835,84.43956043956044,12.527472527472527,2.562170308967596,1873,1651,2339,2888,2187,1479,1050,0,0,0,0,0,454,-23,-129,-30,27,-55,121,123,121,124,120,123,43,44,44,46,44,45,101,1,39,1,1,6,0,0,0,0,0,0
6.1831,,185,-13.098901098901099,-12.835164835164836,-24.35164835164835,84.43956043956044,12.527472527472527,2.562170308967596,1913,1652,2339,2888,2187,1479,1150,0,0,0,0,0,375,-27,-129,-34,27,-55,121,123,121,124,120,123,43,44,44,46,44,45,86,1,38,2,1,7,0,0,0,0,0,0
6.2166,,186,-9.494505494505495,-12.923076923076923,-24.35164835164835,84.43956043956044,12.527472527472527,2.562170308967596,1956,1653,2339,2888,2187,1479,1250,50,0,0,0,0,451,-27,-129,-34,27,-55,121,123,121,124,120,123,43,44,44,46,44,45,78,1,38,2,1,7,0,0,0,0,0,0
6.25,,187,-5.978021978021978,-13.098901098901099,-24.35164835164835,84.43956043956044,12.43956043956044,2.562170308967596,1999,1653,2339,2888,2187,1479,1250,0,0,0,0,0,384,-30,-129,-34,27,-55,121,123,121,124,120,123,43,44,44,46,44,45,67,1,38,2,1,7,0,0,0,0,0,0
6.2834,,188,-2.901098901098901,-13.274725274725276,-24.439560439560438,84.43956043956044,12.43956043956044,2.562170308967596,2040,1653,2339,2888,2187,1479,1250,0,0,0,0,0,375,-37,-129,-34,23,-55,121,123,121,124,120,123,43,44,44,46,44,45,65,3,38,2,0,8,0,0,0,0,0,0
6.3169,,189,-0.17582417582417584,-13.45054945054945,-24.439560439560438,84.43956043956044,12.43956043956044,2.562170308967596,2082,1653,2339,2888,2187,1479,1250,0,0,0,0,0,435,-44,-132,-34,23,-55,121,123,121,124,120,123,43,44,44,46,44,45,35,4,41,1,0,8,0,0,0,0,0,0
6.3504,,190,2.901098901098901,-13.538461538461538,-24.439560439560438,84.43956043956044,12.43956043956044,2.562170308967596,2122,1653,2339,2888,2187,1479,1150,0,0,0,0,0,317,-51,-132,-34,23,-55,121,123,121,124,121,123,43,44,44,46,44,45,45,7,41,2,0,7,0,0,0,0,0,0
6.3839,,191,5.978021978021978,-13.626373626373626,-24.439560439560438,84.43956043956044,12.43956043956044,2.562170308967596,2159,1653,2339,2888,2187,1479,1100,0,0,0,0,0,415,-55,-132,-34,23,-55,121,123,121,124,121,123,43,44,44,46,44,45,56,8,40,2,1,6,0,0,0,0,0,0
6.4174,,192,8.791208791208792,-13.626373626373626,-24.439560439560438,84.43956043956044,12.43956043956044,2.562170308967596,2196,1653,2339,2888,2187,1479,1100,0,0,0,0,0,401,-58,-132,-34,23,-55,121,123,121,124,120,123,43,44,44,46,44,45,52,8,41,1,1,8,0,0,0,0,0,0
6.4509,,193,11.692307692307692,-13.714285714285714,-24.439560439560438,84.43956043956044,12.43956043956044,2.562170308967596,2233,1653,2339,2889,2187,1479,1050,0,0,50,0,0,383,-58,-132,-37,23,-55,121,123,121,124,121,123,43,44,44,46,44,45,44,9,41,3,0,8,0,0,0,0,0,0
6.4843,,194,14.505494505494505,-13.714285714285714,-24.439560439560438,84.43956043956044,12.43956043956044,2.562170308967596,2269,1653,2339,2889,2187,1479,1050,0,0,0,0,0,368,-62,-132,-37,23,-55,121,123,121,124,121,123,43,44,44,46,44,45,48,10,40,3,1,7,0,0,0,0,0,0
6.5176,,195,17.142857142857142,-13.802197802197803,-24.439560439560438,84.43956043956044,12.43956043956044,2.562170308967596,2301,1653,2339,2889,2188,1479,1050,0,0,0,50,0,353,-62,-132,-37,0,-55,121,123,121,124,121,123,43,44,44,46,44,45,53,10,41,3,0,8,0,0,0,0,0,0
6.5511,,196,19.78021978021978,-13.802197802197803,-24.439560439560438,84.43956043956044,12.43956043956044,2.562170308967596,2335,1653,2339,2889,2188,1479,950,0,0,0,0,0,455,-65,-132,-37,0,-55,121,123,121,124,121,123,43,44,44,46,44,45,49,10,41,2,0,7,0,0,0,0,0,0
6.5845,,197,22.32967032967033,-13.802197802197803,-24.439560439560438,84.43956043956044,12.43956043956044,2.562170308967596,2368,1653,2339,2889,2188,1479,950,0,0,0,0,0,353,-65,-132,-37,0,-55,121,123,121,124,121,123,43,44,44,46,44,45,48,10,41,3,0,8,0,0,0,0,0,0
6.618,,198,24.615384615384617,-13.89010989010989,-24.52747252747253,84.43956043956044,12.43956043956044,2.562170308967596,2400,1653,2339,2889,2188,1479,950,0,0,0,0,0,339,-65,-132,-37,0,-55,121,123,122,124,121,123,43,44,44,46,44,45,44,10,41,3,0,8,0,0,0,0,0,0
6.6515,,199,26.725274725274726,-13.89010989010989,-24.52747252747253,84.43956043956044,12.43956043956044,2.562170308967596,2430,1653,2339,2889,2188,1479,950,0,0,0,0,0,314,-69,-136,-37,0,-55,121,123,122,124,121,123,43,44,44,46,44,45,32,11,44,3,0,7,0,0,0,0,0,0
6.6849,,200,28.747252747252748,-13.89010989010989,-24.52747252747253,84.43956043956044,12.43956043956044,2.562170308967596,2461,1653,2339,2889,2188,1479,900,0,0,0,0,0,282,-69,-136,-37,0,-55,121,123,122,124,121,123,43,44,44,46,44,45,33,11,43,2,0,7,0,0,0,0,0,0
6.7183,,201,30.945054945054945,-13.978021978021978,-24.52747252747253,84.43956043956044,12.43956043956044,2.562170308967596,2489,1653,2339,2889,2188,1479,850,0,0,0,0,0,291,-69,-136,-37,0,-55,121,123,122,124,121,123,43,44,44,46,44,45,29,11,44,2,0,8,0,0,0,0,0,0
6.7518,,202,33.142857142857146,-14.32967032967033,-24.52747252747253,84.43956043956044,12.43956043956044,2.562170308967596,2515,1653,2339,2889,2188,1479,800,0,0,0,0,0,277,-72,-136,-37,0,-55,121,123,122,124,121,123,43,44,44,46,44,45,33,12,43,2,0,7,0,0,0,0,0,0
6.7851,,203,35.252747252747255,-14.593406593406593,-24.52747252747253,84.43956043956044,12.43956043956044,2.562170308967596,2541,1653,2339,2889,2188,1479,800,0,0,0,0,0,353,-86,-136,-37,0,-55,121,123,121,124,121,123,43,44,44,46,44,45,27,19,43,2,0,7,0,0,0,0,0,0
6.8185,,204,37.0989010989011,-14.76923076923077,-24.52747252747253,84.43956043956044,12.43956043956044,2.562170308967596,2567,1653,2339,2889,2188,1479,750,0,0,0,0,0,257,-97,-136,-37,0,-55,121,123,121,124,121,123,43,44,44,46,44,45,30,24,44,3,0,8,0,0,0,0,0,0
6.8519,,205,38.857142857142854,-15.12087912087912,-24.52747252747253,84.43956043956044,12.43956043956044,2.562170308967596,2592,1653,2339,2889,2188,1479,700,0,0,0,0,0,234,-104,-136,-37,0,-55,121,123,121,124,121,123,43,44,43,46,44,45,40,28,44,2,0,7,0,0,0,0,0,0
6.8853,,206,40.61538461538461,-15.472527472527473,-24.52747252747253,84.43956043956044,12.43956043956044,2.562170308967596,2615,1652,2339,2889,2188,1479,750,0,0,0,0,0,247,-119,-136,-37,0,-55,121,123,121,124,121,123,43,44,44,46,44,45,26,33,44,2,0,7,0,0,0,0,0,0
6.9187,,207,42.10989010989011,-15.648351648351648,-24.52747252747253,84.43956043956044,12.43956043956044,2.562170308967596,2639,1652,2339,2889,2188,1479,700,0,0,0,0,0,226,-129,-136,-37,0,-55,121,123,121,124,120,123,43,44,44,46,44,45,27,42,44,3,0,7,0,0,0,0,0,0
6.9521,,208,43.69230769230769,-16.175824175824175,-24.52747252747253,84.43956043956044,12.43956043956044,2.562170308967596,2661,1652,2339,2889,2188,1479,650,0,0,0,0,0,198,-136,-136,-37,0,-55,121,123,121,124,120,123,43,44,44,46,44,45,28,45,43,3,0,6,0,0,0,0,0,0
6.9855,,209,45.18681318681319,-16.615384615384617,-24.439560439560438,84.43956043956044,12.43956043956044,2.562170308967596,2681,1651,2339,2889,2188,1479,600,0,0,0,0,0,269,-153,-136,-37,0,-55,121,123,121,124,120,123,43,44,44,46,44,45,24,62,44,2,0,8,0,0,0,0,0,0
7.0189,,210,46.76923076923077,-16.791208791208792,-24.439560439560438,84.43956043956044,12.43956043956044,2.562170308967596,2701,1648,2339,2889,2188,1479,600,-100,0,0,0,0,282,-175,-132,-37,0,-55,121,123,121,124,120,123,43,44,44,46,44,45,23,59,41,2,0,8,0,0,0,0,0,0
7.0524,,211,48.175824175824175,-17.406593406593405,-24.52747252747253,84.43956043956044,12.43956043956044,2.562170308967596,2720,1644,2339,2889,2188,1479,550,-100,0,0,0,0,187,-157,-132,-37,0,-55,121,123,121,124,120,123,43,44,44,46,44,45,28,53,40,2,0,7,0,0,0,0,0,0
7.0858,,212,49.582417582417584,-17.846153846153847,-24.439560439560438,84.43956043956044,12.43956043956044,2.562170308967596,2738,1640,2339,2889,2188,1479,600,-100,0,0,0,0,255,-178,-136,-37,0,-55,121,123,121,124,120,123,43,44,44,46,44,45,26,33,44,2,0,7,0,0,0,0,0,0
7.1193,,213,50.81318681318681,-18.197802197802197,-24.439560439560438,84.52747252747253,12.43956043956044,2.562170308967596,2756,1633,2339,2889,2188,1479,550,-200,0,0,0,0,243,-160,-132,-37,0,-55,121,123,121,124,120,123,43,44,44,46,44,45,27,42,40,3,0,8,0,0,0,0,0,0
7.1527,,214,51.956043956043956,-18.813186813186814,-24.439560439560438,84.52747252747253,12.43956043956044,2.562170308967596,2773,1628,2339,2889,2188,1479,500,-150,0,0,0,0,223,-170,-132,-34,0,-55,121,123,121,124,120,123,43,44,44,46,44,45,33,34,41,2,0,8,0,0,0,0,0,0
7.1861,,215,53.0989010989011,-19.252747252747252,-24.439560439560438,84.52747252747253,12.43956043956044,2.562170308967596,2789,1621,2339,2889,2188,1479,500,-200,0,0,0,0,234,-177,-132,-34,0,-55,121,123,121,124,121,123,43,44,44,46,44,45,23,30,40,2,0,7,0,0,0,0,0,0
7.2194,,216,54.32967032967033,-19.692307692307693,-24.439560439560438,84.52747252747253,12.43956043956044,2.562170308967596,2804,1614,2339,2889,2188,1479,500,-200,0,0,0,0,220,-68,-132,-34,0,-55,121,123,121,124,121,123,43,44,44,46,44,45,14,27,41,2,0,7,0,0,0,0,0,0
7.2531,,217,55.472527472527474,-20.307692307692307,-24.439560439560438,84.61538461538461,12.43956043956044,2.562170308967596,2819,1608,2339,2889,2188,1479,450,-200,0,0,0,0,211,-58,-132,-34,0,-55,121,123,121,124,121,123,43,44,44,46,44,45,15,26,41,2,0,7,0,0,0,0,0,0
7.2866,,218,56.527472527472526,-20.747252747252748,-24.439560439560438,84.7032967032967,12.43956043956044,2.562170308967596,2834,1601,2339,2889,2188,1479,450,-200,0,0,0,0,111,-150,-132,-30,0,-55,121,123,122,124,121,123,43,44,44,46,44,45,13,38,41,1,0,8,0,0,0,0,0,0
7.32,,219,57.31868131868132,-21.01098901098901,-24.439560439560438,84.7032967032967,12.43956043956044,2.562170308967596,2848,1595,2339,2889,2188,1479,400,-200,0,0,0,0,94,-159,-132,-27,0,-55,121,123,121,124,121,123,43,44,44,46,44,45,12,23,42,0,0,8,0,0,0,0,0,0
7.3535,,220,57.934065934065934,-21.45054945054945,-24.439560439560438,84.7032967032967,12.43956043956044,2.562170308967596,2861,1589,2339,2889,2188,1479,400,-150,0,0,0,0,185,-132,-132,-27,0,-55,121,123,121,124,121,123,43,44,44,46,44,45,15,27,41,0,0,8,0,0,0,0,0,0
7.387,,221,58.02197802197802,-21.626373626373628,-24.439560439560438,84.79120879120879,12.43956043956044,2.562170308967596,2872,1584,2339,2889,2188,1479,350,-150,0,0,0,0,76,-47,-132,-27,0,-55,121,123,122,124,121,123,43,44,44,46,44,45,19,27,41,0,0,8,0,0,0,0,0,0
7.4205,,222,58.02197802197802,-21.89010989010989,-24.439560439560438,84.79120879120879,12.43956043956044,2.562170308967596,2882,1579,2339,2890,2188,1479,350,-200,0,0,0,0,111,-118,-132,-27,0,-55,121,123,122,124,121,123,43,44,44,46,44,45,10,21,41,0,0,7,0,0,0,0,0,0
7.4539,,223,58.02197802197802,-22.505494505494507,-24.35164835164835,84.87912087912088,12.43956043956044,2.562170308967596,2889,1574,2339,2890,2188,1479,250,-150,0,0,0,0,86,-111,-132,-27,0,-55,121,123,122,124,121,123,43,44,44,46,44,45,2,15,41,0,0,6,0,0,0,0,0,0
7.4874,,224,57.84615384615385,-23.12087912087912,-24.35164835164835,84.87912087912088,12.0,2.562170308967596,2893,1569,2339,2890,2188,1479,100,-150,0,0,0,0,72,-144,-129,-23,0,-55,121,123,122,124,121,123,43,44,44,46,44,45,5,27,39,0,0,8,0,0,0,0,0,0
7.5208,,225,57.494505494505496,-23.912087912087912,-24.35164835164835,84.87912087912088,11.824175824175825,2.562170308967596,2896,1564,2339,2890,2188,1479,50,-150,0,0,0,0,55,-144,-129,-23,-37,-55,121,124,122,124,121,123,43,44,44,46,44,45,3,31,39,0,3,7,0,0,0,0,0,0
7.5542,,226,57.23076923076923,-24.791208791208792,-24.35164835164835,84.87912087912088,11.648351648351648,2.562170308967596,2897,1559,2339,2890,2188,1479,50,-150,0,0,0,0,34,-160,-129,-23,-37,-55,121,123,122,124,121,123,43,44,44,46,44,45,2,37,39,0,4,8,0,0,0,0,0,0
7.5875,,227,56.79120879120879,-25.75824175824176,-24.35164835164835,84.87912087912088,11.56043956043956,2.562170308967596,2897,1552,2339,2890,2188,1479,0,-150,0,0,0,0,23,-164,-129,-23,-44,-55,121,123,122,124,121,123,43,44,44,46,44,45,0,41,39,0,5,7,0,0,0,0,0,0
7.6209,,228,55.64835164835165,-26.725274725274726,-24.35164835164835,84.87912087912088,11.56043956043956,2.562170308967596,2897,1545,2339,2890,2187,1479,0,-200,0,0,0,0,-27,-200,-129,-23,-44,-55,121,123,122,124,121,123,43,44,44,46,44,45,2,55,38,0,5,7,0,0,0,0,0,0
7.6544,,229,54.065934065934066,-27.78021978021978,-24.35164835164835,84.79120879120879,11.472527472527473,2.562170308967596,2896,1537,2339,2890,2187,1479,0,-250,0,0,0,0,-98,-118,-129,-23,-44,-55,121,123,122,124,121,123,43,44,44,46,44,45,15,56,39,0,4,7,0,0,0,0,0,0
7.6879,,230,51.956043956043956,-29.01098901098901,-24.35164835164835,84.79120879120879,11.472527472527473,2.562170308967596,2892,1527,2339,2890,2187,1479,-50,-300,0,0,0,0,-152,-127,-129,-27,-48,-55,121,123,121,124,121,123,43,44,44,46,44,45,13,44,38,1,5,8,0,0,0,0,0,0
7.7214,,231,49.582417582417584,-30.505494505494507,-24.35164835164835,84.87912087912088,11.472527472527473,2.562170308967596,2882,1516,2339,2890,2187,1479,-250,-350,0,0,0,0,-201,-220,-129,-27,-48,-55,121,123,121,124,120,123,43,44,44,46,44,45,11,37,39,0,5,7,0,0,0,0,0,0
7.7548,,232,47.032967032967036,-31.912087912087912,-24.35164835164835,84.87912087912088,11.472527472527473,2.562170308967596,2867,1504,2339,2890,2187,1479,-400,-350,0,0,0,0,-243,-148,-129,-23,-48,-55,121,123,121,124,120,123,43,44,44,46,44,45,28,45,38,0,5,8,0,0,0,0,0,0
7.7883,,233,44.48351648351648,-33.31868131868132,-24.35164835164835,84.87912087912088,11.472527472527473,2.562170308967596,2849,1490,2339,2890,2187,1479,-550,-400,0,0,0,0,-190,-261,-129,-23,-48,-55,121,123,121,124,120,123,43,44,44,46,44,45,33,49,38,0,5,7,0,0,0,0,0,0
7.8218,,234,41.75824175824176,-34.637362637362635,-24.35164835164835,84.87912087912088,11.296703296703297,2.562170308967596,2827,1475,2339,2890,2187,1479,-650,-450,0,0,0,0,-318,-176,-129,-23,-48,-55,121,123,121,124,120,123,43,44,44,46,44,45,25,42,39,0,6,7,0,0,0,0,0,0
7.8553,,235,38.76923076923077,-36.043956043956044,-24.35164835164835,84.87912087912088,10.241758241758241,2.562170308967596,2801,1459,2339,2890,2187,1479,-750,-450,0,0,0,0,-249,-254,-129,-23,-55,-55,121,123,121,124,120,123,43,44,44,46,44,45,25,48,38,1,8,7,0,0,0,0,0,0
7.8888,,236,35.78021978021978,-37.18681318681319,-24.35164835164835,84.87912087912088,8.043956043956044,2.562170308967596,2773,1444,2339,2890,2186,1479,-800,-500,0,0,0,0,-350,-162,-129,-23,-115,-55,121,123,121,124,120,123,43,44,44,46,44,45,23,31,38,0,20,7,0,0,0,0,0,0
7.9223,,237,33.05494505494506,-38.24175824175824,-24.35164835164835,84.87912087912088,5.582417582417582,2.562170308967596,2745,1427,2339,2890,2178,1479,-800,-500,0,0,-150,0,-366,-136,-129,-23,-96,-55,121,123,121,124,120,123,43,44,44,46,44,45,23,26,38,0,26,8,0,0,0,0,0,0
7.9557,,238,30.505494505494507,-39.20879120879121,-24.35164835164835,84.79120879120879,3.4725274725274726,2.562170308967596,2715,1410,2338,2890,2164,1479,-900,-450,-50,0,-350,0,-304,-234,-125,-23,-157,-55,121,123,121,124,120,123,43,44,44,46,44,45,24,28,33,0,33,7,0,0,0,0,0,0
7.9892,,239,28.395604395604394,-40.0,-24.35164835164835,84.79120879120879,2.1538461538461537,2.562170308967596,2683,1395,2338,2890,2146,1479,-950,-450,0,0,-550,0,-290,-210,-125,-27,-182,-55,121,123,121,124,121,123,43,44,44,46,44,45,14,16,36,1,35,8,0,0,0,0,0,0
8.0228,,240,26.9010989010989,-40.61538461538461,-24.35164835164835,84.79120879120879,1.3626373626373627,2.562170308967596,2653,1380,2338,2890,2127,1479,-900,-450,0,0,-600,0,-355,-179,-125,-27,-244,-55,121,123,121,124,121,123,43,44,44,46,44,45,15,10,36,0,15,8,0,0,0,0,0,0
8.0561,,241,25.582417582417584,-41.05494505494506,-24.35164835164835,84.79120879120879,0.5714285714285714,2.562170308967596,2623,1367,2338,2890,2108,1479,-900,-400,0,0,-550,0,-213,-140,-125,-27,-188,-55,121,123,121,124,121,123,43,44,44,46,44,45,5,5,36,1,6,8,0,0,0,0,0,0
8.0896,,242,24.263736263736263,-41.67032967032967,-24.35164835164835,84.79120879120879,-0.21978021978021978,2.562170308967596,2599,1355,2338,2890,2094,1479,-750,-350,0,0,-450,0,-250,-23,-125,-27,-82,-55,121,123,122,124,121,123,43,44,44,46,44,45,4,8,36,1,11,8,0,0,0,0,0,0
8.123,,243,22.945054945054945,-42.285714285714285,-24.35164835164835,84.79120879120879,-1.098901098901099,2.562170308967596,2577,1345,2338,2890,2081,1479,-650,-300,0,0,-400,0,-254,-129,-125,-27,-177,-55,121,123,122,124,121,123,43,44,44,46,44,45,11,7,36,1,8,7,0,0,0,0,0,0
8.1565,,244,21.626373626373628,-43.07692307692308,-24.35164835164835,84.79120879120879,-1.8021978021978022,2.562170308967596,2559,1332,2338,2890,2069,1479,-500,-350,0,0,-350,0,-151,-97,-125,-27,-167,-55,121,124,122,124,121,123,43,44,44,46,44,45,7,5,37,1,10,8,0,0,0,0,0,0
8.19,,245,20.395604395604394,-44.043956043956044,-24.35164835164835,84.79120879120879,-2.1538461538461537,2.562170308967596,2541,1324,2338,2890,2058,1479,-550,-250,0,0,-350,0,-219,-101,-125,-27,-53,-55,121,123,122,124,121,123,43,44,44,46,44,45,8,10,36,0,15,8,0,0,0,0,0,0
8.2234,,246,19.428571428571427,-44.92307692307692,-24.35164835164835,84.87912087912088,-2.4175824175824174,2.562170308967596,2522,1314,2337,2890,2048,1479,-600,-250,0,0,-300,0,-190,16,-122,-27,-108,-55,121,124,122,124,121,123,43,44,44,46,44,45,4,7,35,0,5,8,0,0,0,0,0,0
8.2568,,247,18.725274725274726,-45.714285714285715,-24.35164835164835,84.87912087912088,-2.5054945054945055,2.562170308967596,2505,1304,2336,2890,2040,1479,-550,-300,-50,0,-250,0,-157,-121,-118,-23,-100,-55,121,124,122,124,121,123,43,44,44,46,44,45,3,4,30,0,3,8,0,0,0,0,0,0
8.2903,,248,18.021978021978022,-46.505494505494504,-24.35164835164835,84.87912087912088,-2.5054945054945055,2.562170308967596,2491,1293,2333,2890,2035,1479,-400,-300,-100,0,-150,0,-157,-106,-23,-23,-79,-55,121,124,122,124,121,123,43,44,44,46,44,45,5,0,21,1,3,7,0,0,0,0,0,0
8.3237,,249,17.318681318681318,-46.94505494505494,-24.35164835164835,84.87912087912088,-2.5054945054945055,2.562170308967596,2480,1283,2329,2890,2032,1479,-400,-300,-100,0,-150,0,-140,21,-93,-23,-65,-55,121,124,122,124,121,123,43,44,44,46,44,45,2,0,16,0,2,7,0,0,0,0,0,0
8.3571,,250,16.791208791208792,-47.2967032967033,-24.35164835164835,84.87912087912088,-2.5054945054945055,2.562170308967596,2470,1275,2327,2890,2030,1479,-300,-250,-50,0,-50,0,-122,-65,-86,-23,-55,-55,121,124,122,125,121,123,43,44,44,46,44,45,1,0,14,0,4,8,0,0,0,0,0,0
8.3905,,251,16.263736263736263,-47.472527472527474,-24.35164835164835,84.87912087912088,-2.5054945054945055,2.562170308967596,2462,1269,2325,2890,2028,1479,-250,-200,-50,0,-50,0,-103,-55,-83,-23,-48,-55,122,124,122,125,121,123,43,44,44,46,44,45,1,1,14,0,4,9,0,0,0,0,0,0
8.4239,,252,15.912087912087912,-47.472527472527474,-24.35164835164835,84.87912087912088,-2.5054945054945055,2.562170308967596,2452,1263,2325,2890,2027,1479,-300,-150,0,0,0,0,-83,-48,-79,-23,-44,-55,122,124,122,125,121,123,43,44,44,46,44,45,7,1,14,0,4,8,0,0,0,0,0,0
8.4573,,253,15.648351648351648,-47.472527472527474,-24.35164835164835,84.87912087912088,-2.5054945054945055,2.562170308967596,2445,1259,2325,2890,2027,1479,-200,-100,0,0,0,0,-83,-30,-79,-23,-44,-55,121,124,122,125,121,124,43,44,44,46,44,45,6,4,14,1,4,8,0,0,0,0,0,0
8.4907,,254,15.648351648351648,-47.38461538461539,-24.263736263736263,84.87912087912088,-2.5054945054945055,2.562170308967596,2441,1256,2325,2890,2027,1479,-150,-100,0,0,0,0,-72,0,-79,-23,-44,-55,122,124,122,125,121,124,43,44,44,46,44,45,4,1,15,0,4,8,0,0,0,0,0,0
8.5241,,255,15.648351648351648,-47.2967032967033,-24.263736263736263,84.87912087912088,-2.5934065934065935,2.562170308967596,2435,1255,2325,2890,2027,1479,-150,-50,0,0,0,0,-51,23,-76,-23,-44,-55,121,124,122,125,121,124,43,44,44,46,44,45,4,1,12,0,4,7,0,0,0,0,0,0
8.5575,,256,15.648351648351648,-47.2967032967033,-24.263736263736263,84.7032967032967,-3.032967032967033,2.562170308967596,2432,1255,2325,2890,2027,1479,-150,0,0,0,0,0,-37,27,-76,-23,-48,-55,121,124,122,125,121,124,43,44,44,46,44,45,2,1,13,0,6,8,0,0,0,0,0,0
8.5909,,257,15.648351648351648,-47.20879120879121,-24.263736263736263,84.7032967032967,-3.6483516483516483,2.562170308967596,2431,1255,2325,2890,2027,1479,-50,0,0,0,0,0,-34,27,-76,-30,-76,-55,121,124,122,125,121,123,43,44,44,46,44,45,2,1,13,1,12,6,0,0,0,0,0,0
8.6242,,258,15.648351648351648,-47.20879120879121,-24.263736263736263,84.7032967032967,-3.7362637362637363,2.562170308967596,2429,1255,2325,2890,2024,1479,-50,0,0,0,0,0,-30,30,-76,-30,-97,-55,121,124,122,125,121,123,43,44,44,46,44,45,1,1,13,2,10,6,0,0,0,0,0,0
8.6576,,259,15.736263736263735,-47.472527472527474,-24.263736263736263,84.87912087912088,-3.3846153846153846,2.562170308967596,2427,1255,2325,2890,2021,1479,-50,0,0,0,-100,0,0,30,-76,-30,-72,-55,121,124,122,125,121,123,43,44,44,46,44,45,0,1,12,1,7,6,0,0,0,0,0,0
8.6911,,260,15.736263736263735,-47.56043956043956,-24.263736263736263,84.87912087912088,-3.2967032967032965,2.562170308967596,2427,1254,2325,2890,2019,1479,0,0,0,0,-100,0,0,23,-76,-23,-51,-55,121,124,122,125,121,123,43,44,44,46,44,45,0,1,13,0,5,6,0,0,0,0,0,0
8.7245,,261,15.736263736263735,-47.56043956043956,-24.263736263736263,84.87912087912088,-3.208791208791209,2.562170308967596,2427,1253,2325,2890,2018,1479,0,0,0,0,-50,0,0,23,-76,-23,-44,-55,121,124,122,125,121,123,43,44,44,46,44,45,0,1,13,0,4,7,0,0,0,0,0,0
8.7579,,262,15.736263736263735,-47.20879120879121,-24.263736263736263,84.79120879120879,-3.120879120879121,2.562170308967596,2427,1253,2325,2890,2017,1479,0,0,0,0,-50,0,0,23,-76,-23,-37,-55,121,124,122,125,121,123,43,44,44,46,44,45,0,0,13,0,3,6,0,0,0,0,0,0
8.7914,,263,15.736263736263735,-46.15384615384615,-24.175824175824175,84.61538461538461,-3.7362637362637363,2.562170308967596,2427,1253,2325,2890,2017,1479,0,0,0,0,0,0,0,37,-76,-27,-34,-55,121,124,122,125,121,123,43,44,44,46,44,45,0,5,12,0,2,7,0,0,0,0,0,0
8.8249,,264,15.736263736263735,-42.989010989010985,-24.0,84.52747252747253,-3.8241758241758244,2.562170308967596,2427,1253,2325,2890,2017,1479,0,0,0,0,0,0,0,102,-72,-34,-68,-55,121,124,122,124,121,123,43,44,44,46,44,45,0,18,12,2,11,6,0,0,0,0,0,0
8.8584,,265,15.736263736263735,-37.010989010989015,-23.64835164835165,84.35164835164835,-3.8241758241758244,2.562170308967596,2427,1254,2325,2890,2016,1479,0,0,0,0,0,0,0,224,-65,-37,-58,-55,121,123,122,124,121,123,43,44,44,46,44,45,0,51,9,3,8,6,0,0,0,0,0,0
8.8919,,266,15.736263736263735,-28.307692307692307,-23.64835164835165,83.2967032967033,-3.8241758241758244,2.562170308967596,2427,1263,2325,2890,2015,1479,0,300,0,0,-50,0,0,341,-50,-44,-55,-55,121,123,121,124,121,123,43,44,44,46,44,45,0,105,4,4,8,6,0,0,0,0,0,0
8.9254,,267,15.648351648351648,-17.67032967032967,-23.912087912087912,79.6923076923077,-3.8241758241758244,2.562170308967596,2427,1284,2324,2890,2015,1479,0,500,0,0,0,0,0,462,-48,-106,-55,-55,121,123,121,124,120,123,43,44,44,46,44,45,0,206,4,17,8,7,0,0,0,0,0,0
8.9588,,268,16.439560439560438,-6.241758241758242,-24.175824175824175,73.8021978021978,-3.8241758241758244,2.562170308967596,2426,1315,2321,2886,2015,1479,0,900,-50,-100,0,0,0,684,-48,-106,-55,-55,120,122,120,123,120,122,43,44,44,46,44,45,0,352,4,48,7,7,0,0,0,0,0,0
8.9923,,269,16.967032967032967,3.6923076923076925,-24.263736263736263,65.89010989010988,-3.2967032967032965,2.562170308967596,2426,1360,2314,2873,2015,1479,0,1100,-200,-250,0,0,64,897,-34,-291,-55,-55,119,121,119,122,118,121,43,44,44,46,44,45,5,581,2,98,7,6,0,0,0,0,0,0
9.0257,,270,18.197802197802197,11.164835164835164,-24.175824175824175,58.417582417582416,-3.208791208791209,2.562170308967596,2427,1420,2311,2846,2015,1479,50,1600,-100,-700,0,0,65,979,-27,-451,-34,-55,119,120,119,121,118,120,43,44,44,46,44,45,5,679,0,138,2,7,0,0,0,0,0,0
9.0592,,271,19.076923076923077,16.35164835164835,-24.175824175824175,52.35164835164835,-3.032967032967033,2.4868123587038435,2430,1494,2311,2805,2015,1479,50,2100,0,-1200,0,0,41,1000,-23,-497,-30,-55,118,120,118,121,118,120,43,44,44,46,44,45,18,539,0,159,2,7,0,0,0,0,0,0
9.0927,,272,19.252747252747252,18.54945054945055,-24.175824175824175,49.53846153846154,-2.9450549450549453,2.4868123587038435,2436,1572,2317,2752,2015,1479,150,2300,100,-1350,0,0,144,1000,-37,-569,-23,-58,119,121,119,121,118,120,43,44,44,46,44,45,22,372,4,182,0,9,0,0,0,0,0,0
9.1261,,273,18.98901098901099,19.252747252747252,-24.175824175824175,49.362637362637365,-2.9450549450549453,2.4868123587038435,2443,1664,2319,2697,2015,1479,200,2600,0,-1650,0,0,108,914,-51,-580,0,-58,119,121,119,122,118,121,43,44,44,46,44,45,5,239,5,136,0,9,0,0,0,0,0,0
9.1595,,274,18.54945054945055,19.34065934065934,-24.0,49.362637362637365,-2.9450549450549453,2.4868123587038435,2446,1765,2319,2640,2015,1479,150,3050,0,-1800,0,0,79,676,-51,-452,0,-58,120,122,120,123,119,122,43,44,44,46,44,45,10,37,5,37,0,9,0,0,0,0,0,0
9.193,,275,18.285714285714285,19.076923076923077,-23.824175824175825,49.714285714285715,-2.9450549450549453,2.4868123587038435,2448,1845,2318,2586,2014,1479,50,2400,0,-1550,0,0,55,567,-44,-322,0,-58,121,123,122,124,121,123,43,44,44,46,44,45,5,9,1,5,0,9,0,0,0,0,0,0
9.2265,,276,18.10989010989011,19.076923076923077,-23.824175824175825,49.8021978021978,-2.9450549450549453,2.4868123587038435,2448,1921,2322,2553,2014,1479,0,2400,-50,-1150,0,0,44,221,-41,-164,0,-58,121,124,122,124,121,123,43,44,44,46,44,45,4,1,1,1,0,8,0,0,0,0,0,0
9.2599,,277,18.10989010989011,18.98901098901099,-23.912087912087912,49.8021978021978,-2.9450549450549453,2.4868123587038435,2448,1988,2333,2534,2016,1479,0,1950,300,-450,0,0,37,-52,-79,-192,-23,-58,121,123,122,124,121,123,43,44,44,46,44,45,4,34,18,0,0,8,0,0,0,0,0,0
9.2933,,278,18.10989010989011,18.725274725274726,-23.912087912087912,49.8021978021978,-2.857142857142857,2.4868123587038435,2448,2037,2338,2524,2017,1479,0,1950,250,-300,50,0,37,-168,-108,-150,-27,-58,121,123,121,123,120,122,43,44,44,46,44,45,3,170,34,8,1,9,0,0,0,0,0,0
9.3267,,279,18.285714285714285,18.373626373626372,-23.912087912087912,49.89010989010989,-2.769230769230769,2.4868123587038435,2449,2053,2339,2520,2017,1479,50,850,50,-150,0,0,34,-171,-111,-129,-23,-58,120,123,121,123,120,122,43,44,44,46,44,45,2,177,39,13,0,8,0,0,0,0,0,0
9.3601,,280,18.46153846153846,17.67032967032967,-23.824175824175825,49.97802197802198,-2.681318681318681,2.4868123587038435,2449,2051,2335,2514,2016,1479,0,0,-100,-200,-50,0,41,-192,-97,-101,0,-58,120,123,121,123,120,122,43,44,44,46,44,45,4,92,30,13,0,9,0,0,0,0,0,0
9.3936,,281,18.63736263736264,17.142857142857142,-23.736263736263737,49.97802197802198,-2.681318681318681,2.4868123587038435,2449,2046,2334,2510,2016,1479,0,-150,-50,-100,0,0,48,-214,-90,-83,0,-58,121,123,121,124,120,123,43,44,44,46,44,45,5,71,19,9,0,8,0,0,0,0,0,0
9.4271,,282,18.725274725274726,16.791208791208792,-23.736263736263737,49.97802197802198,-2.681318681318681,2.4868123587038435,2448,2041,2334,2508,2016,1479,-50,-150,0,-100,0,0,58,-202,-86,-76,0,-58,121,123,121,124,120,123,43,44,44,46,44,45,8,67,17,10,0,8,0,0,0,0,0,0
9.4606,,283,18.725274725274726,16.263736263736263,-23.64835164835165,50.065934065934066,-2.681318681318681,2.4868123587038435,2448,2040,2334,2506,2016,1479,0,-50,0,-50,0,0,62,-203,-86,-69,0,-58,121,123,121,124,120,123,43,44,44,46,44,45,10,88,17,10,0,8,0,0,0,0,0,0
9.4941,,284,18.813186813186814,15.56043956043956,-23.560439560439562,50.065934065934066,-2.681318681318681,2.4868123587038435,2448,2040,2335,2506,2016,1479,0,0,50,0,0,0,62,-224,-86,-65,0,-58,121,123,121,124,120,123,43,44,44,46,44,45,9,115,17,9,0,8,0,0,0,0,0,0
9.5276,,285,18.9010989010989,14.945054945054945,-23.560439560439562,50.065934065934066,-2.681318681318681,2.4868123587038435,2448,2040,2335,2506,2016,1479,0,0,0,0,0,0,65,-273,-83,-65,0,-58,120,123,121,123,120,122,43,44,44,46,44,45,10,143,17,10,0,9,0,0,0,0,0,0
9.561,,286,18.9010989010989,14.153846153846153,-23.47252747252747,50.15384615384615,-2.681318681318681,2.4868123587038435,2449,2040,2335,2506,2016,1479,50,0,0,0,0,0,65,-290,-83,-65,0,-58,120,123,121,123,120,122,43,44,44,46,44,45,10,169,17,10,0,9,0,0,0,0,0,0
9.5944,,287,18.813186813186814,13.274725274725276,-23.47252747252747,50.94505494505494,-2.681318681318681,2.4868123587038435,2449,2037,2335,2506,2016,1479,0,0,0,0,0,0,65,-319,-79,-62,0,-58,120,122,121,123,120,122,43,44,44,46,44,45,9,169,15,9,0,8,0,0,0,0,0,0
9.6278,,288,18.54945054945055,12.131868131868131,-23.47252747252747,52.967032967032964,-2.681318681318681,2.4868123587038435,2449,2031,2335,2507,2016,1479,0,-150,0,0,0,0,62,-329,-79,22,0,-58,120,122,121,123,120,122,43,44,44,46,44,45,9,171,16,2,0,9,0,0,0,0,0,0
9.6613,,289,18.10989010989011,10.461538461538462,-23.47252747252747,55.604395604395606,-2.681318681318681,2.4868123587038435,2449,2025,2336,2508,2016,1479,0,-200,50,0,0,0,51,-353,-83,105,0,-58,120,122,120,123,120,122,43,44,44,46,44,45,6,181,17,11,0,8,0,0,0,0,0,0
9.6947,,290,17.582417582417584,8.175824175824175,-23.47252747252747,59.120879120879124,-2.681318681318681,2.4868123587038435,2449,2016,2336,2516,2016,1479,0,-300,0,100,0,0,21,-409,-83,183,0,-58,120,122,120,123,119,122,43,44,44,46,44,45,2,201,17,11,0,9,0,0,0,0,0,0
9.7281,,291,16.35164835164835,4.835164835164835,-23.47252747252747,62.989010989010985,-2.681318681318681,2.4868123587038435,2449,2002,2336,2532,2016,1479,0,-350,0,450,0,0,0,-450,-83,178,0,-58,120,122,120,123,119,122,43,44,44,46,44,45,1,238,17,21,0,8,0,0,0,0,0,0
9.7615,,292,15.208791208791208,0.5274725274725275,-23.47252747252747,66.94505494505495,-2.9450549450549453,2.4868123587038435,2449,1985,2336,2555,2016,1479,0,-450,0,650,0,0,-95,-428,-83,249,0,-58,120,122,120,123,119,122,43,44,44,46,44,45,9,273,17,33,0,8,0,0,0,0,0,0
9.7949,,293,13.802197802197803,-5.010989010989011,-23.47252747252747,71.6043956043956,-3.120879120879121,2.4868123587038435,2445,1964,2336,2583,2016,1479,0,-600,0,750,0,0,-121,-596,-83,306,-23,-58,120,122,120,122,119,121,43,44,44,46,44,45,8,312,17,40,0,9,0,0,0,0,0,0
9.8283,,294,11.252747252747254,-11.780219780219781,-23.47252747252747,75.56043956043956,-3.2967032967032965,2.4868123587038435,2436,1936,2336,2614,2016,1479,-300,-750,0,950,0,0,-150,-601,-83,364,-30,-58,119,121,120,122,119,121,43,44,44,46,44,45,10,333,17,40,2,8,0,0,0,0,0,0
9.8618,,295,7.736263736263736,-18.9010989010989,-23.47252747252747,78.1978021978022,-2.857142857142857,2.4868123587038435,2426,1900,2336,2651,2016,1479,-300,-1000,0,1050,0,0,-130,-708,-83,397,-37,-58,119,121,119,122,118,121,43,44,44,46,44,45,27,434,17,46,3,9,0,0,0,0,0,0
9.8953,,296,3.956043956043956,-24.967032967032967,-23.47252747252747,79.25274725274726,-2.681318681318681,2.4868123587038435,2412,1855,2336,2691,2016,1479,-400,-1150,0,1200,0,0,-220,-725,-83,403,-16,-58,119,121,119,121,118,120,43,44,44,46,44,45,41,525,17,28,1,8,0,0,0,0,0,0
9.9288,,297,1.5824175824175823,-29.714285714285715,-23.384615384615383,79.51648351648352,-2.681318681318681,2.4868123587038435,2392,1805,2336,2731,2016,1479,-500,-1450,0,1150,0,0,-298,-792,-83,321,0,-58,119,121,119,121,118,120,43,44,44,46,44,45,78,502,17,6,0,9,0,0,0,0,0,0
9.9623,,298,0.967032967032967,-32.175824175824175,-23.384615384615383,79.86813186813187,-2.681318681318681,2.4868123587038435,2366,1745,2335,2764,2016,1479,-750,-1750,0,1050,0,0,-403,-803,-79,171,0,-58,119,121,119,121,118,120,43,44,44,46,44,45,68,469,15,1,0,8,0,0,0,0,0,0
9.9958,,299,1.1428571428571428,-33.05494505494506,-23.384615384615383,80.48351648351648,-2.5934065934065935,2.4868123587038435,2338,1681,2335,2791,2016,1479,-850,-1900,-50,1000,0,0,-269,-773,-76,79,0,-58,119,121,120,122,119,121,43,44,44,46,44,45,41,324,12,0,0,9,0,0,0,0,0,0
10.0293,,300,1.2307692307692308,-33.31868131868132,-23.384615384615383,82.06593406593407,-2.5934065934065935,2.4868123587038435,2309,1618,2334,2809,2016,1479,-1000,-1850,0,600,0,0,-206,-712,-76,37,23,-58,120,122,120,123,119,122,43,44,44,46,44,45,5,165,6,0,0,9,0,0,0,0,0,0
10.0628,,301,1.4945054945054945,-33.40659340659341,-23.47252747252747,84.26373626373626,-2.5934065934065935,2.4868123587038435,2290,1567,2334,2823,2016,1479,-650,-1700,-50,450,0,0,-129,-401,-72,71,23,-58,121,123,121,123,120,122,43,44,44,46,44,45,1,57,10,10,1,9,0,0,0,0,0,0
10.0962,,302,1.8461538461538463,-33.494505494505496,-23.47252747252747,86.1978021978022,-2.5934065934065935,2.4868123587038435,2277,1523,2332,2837,2015,1479,-550,-1300,-50,400,0,0,55,-318,-69,123,27,-58,121,123,121,124,120,123,43,44,44,46,44,45,0,20,12,12,1,9,0,0,0,0,0,0
10.1297,,303,1.8461538461538463,-33.582417582417584,-23.47252747252747,87.16483516483517,-2.5934065934065935,2.4868123587038435,2272,1490,2332,2856,2015,1479,-200,-1100,0,500,0,0,-27,-284,-69,134,27,-58,121,123,122,124,121,123,43,44,44,46,44,45,0,6,11,10,1,9,0,0,0,0,0,0
10.1632,,304,1.8461538461538463,-33.934065934065934,-23.47252747252747,87.34065934065934,-2.681318681318681,2.4868123587038435,2269,1460,2332,2876,2015,1479,-50,-900,0,550,0,0,0,-128,-69,85,27,-58,121,124,122,124,121,123,43,44,44,46,44,45,0,1,10,2,1,9,0,0,0,0,0,0
10.1967,,305,1.8461538461538463,-34.10989010989011,-23.47252747252747,87.25274725274726,-2.681318681318681,2.4868123587038435,2268,1441,2332,2892,2015,1479,0,-800,0,450,0,0,0,-56,-69,104,23,-58,121,124,122,125,121,123,43,44,44,46,44,45,0,0,10,0,0,8,0,0,0,0,0,0
10.2301,,306,1.8461538461538463,-34.10989010989011,-23.47252747252747,87.25274725274726,-2.681318681318681,2.4868123587038435,2270,1426,2330,2902,2015,1479,50,-500,-50,400,0,0,0,-86,55,-48,23,-58,122,124,122,125,121,123,43,44,44,46,44,45,0,0,6,0,0,9,0,0,0,0,0,0
10.2635,,307,1.7582417582417582,-34.10989010989011,-23.47252747252747,87.25274725274726,-2.681318681318681,2.4868123587038435,2271,1416,2327,2906,2015,1479,0,-300,-100,150,0,0,-23,-48,62,51,23,-58,121,124,122,125,121,124,43,44,44,46,44,45,0,0,3,0,0,8,0,0,0,0,0,0
10.297,,308,1.6703296703296704,-33.934065934065934,-23.384615384615383,87.34065934065934,-2.681318681318681,2.4868123587038435,2270,1411,2327,2910,2015,1479,50,-200,-50,100,0,0,-23,-30,-51,34,23,-58,122,124,122,125,121,123,43,44,44,46,44,45,2,0,4,0,1,9,0,0,0,0,0,0
10.3305,,309,1.4945054945054945,-33.67032967032967,-23.384615384615383,87.34065934065934,-2.681318681318681,2.4868123587038435,2268,1408,2328,2913,2015,1479,-100,-100,50,100,0,0,0,0,-51,27,23,-58,122,124,122,125,121,123,43,44,44,46,44,45,0,0,4,1,1,9,0,0,0,0,0,0
10.364,,310,1.2307692307692308,-33.494505494505496,-23.384615384615383,87.34065934065934,-2.857142857142857,2.4868123587038435,2268,1409,2329,2916,2015,1479,0,0,50,50,0,0,-27,34,-55,0,23,-58,121,124,122,125,121,123,43,44,44,46,44,45,2,2,6,1,1,9,0,0,0,0,0,0
10.3975,,311,1.1428571428571428,-33.40659340659341,-23.384615384615383,87.34065934065934,-3.120879120879121,2.4868123587038435,2267,1416,2330,2918,2015,1479,0,150,50,50,0,0,-37,0,-58,0,0,-58,122,124,122,125,121,123,43,44,44,46,44,45,2,1,6,0,0,9,0,0,0,0,0,0
10.431,,312,1.054945054945055,-33.05494505494506,-23.208791208791208,87.34065934065934,-3.208791208791209,2.4868123587038435,2265,1419,2330,2918,2015,1479,-50,300,0,50,0,0,-30,-27,-58,-23,-27,-58,121,124,122,125,121,123,43,44,44,46,44,45,1,1,6,0,2,9,0,0,0,0,0,0
10.4646,,313,0.967032967032967,-32.26373626373626,-23.032967032967033,87.34065934065934,-3.2967032967032965,2.4868123587038435,2263,1420,2330,2918,2015,1479,-50,50,0,0,0,0,-27,0,-51,-23,-30,-58,121,124,122,125,121,123,43,44,44,46,44,45,1,0,4,0,2,9,0,0,0,0,0,0
10.498,,314,0.5274725274725275,-31.560439560439562,-22.945054945054945,87.34065934065934,-3.2967032967032965,2.4868123587038435,2262,1420,2330,2918,2015,1479,0,0,0,0,0,0,-27,70,-44,-23,-34,-58,121,124,122,125,121,123,43,44,44,46,44,45,0,6,3,0,3,9,0,0,0,0,0,0
10.5314,,315,-0.7912087912087912,-30.505494505494507,-22.945054945054945,87.34065934065934,-3.2967032967032965,2.562170308967596,2262,1424,2330,2918,2015,1479,0,50,0,0,0,0,-51,76,-41,-23,-34,-58,121,124,122,125,121,123,43,44,44,46,44,45,5,3,3,0,3,9,0,0,0,0,0,0
10.5648,,316,-2.989010989010989,-29.274725274725274,-22.945054945054945,87.34065934065934,-3.3846153846153846,2.562170308967596,2258,1430,2331,2918,2015,1479,-100,200,50,0,0,0,-25,109,-44,-23,-34,-55,121,124,122,124,121,123,43,44,44,46,44,45,10,5,3,0,2,8,0,0,0,0,0,0
10.5982,,317,-5.802197802197802,-28.395604395604394,-22.945054945054945,87.34065934065934,-3.3846153846153846,2.562170308967596,2248,1439,2331,2918,2015,1479,-150,250,0,0,0,0,-81,117,-44,-23,-37,-55,121,124,122,124,121,123,43,44,44,46,44,45,25,6,3,0,4,7,0,0,0,0,0,0
10.6317,,318,-9.406593406593407,-27.428571428571427,-22.945054945054945,87.34065934065934,-3.2967032967032965,2.562170308967596,2235,1450,2331,2918,2015,1479,-350,350,0,0,0,0,-235,129,-44,-23,-37,-55,121,124,122,125,121,123,43,44,44,46,44,45,21,1,4,0,4,8,0,0,0,0,0,0
10.6651,,319,-13.714285714285714,-26.021978021978022,-22.945054945054945,87.34065934065934,-3.120879120879121,2.562170308967596,2218,1461,2331,2918,2015,1479,-450,300,0,0,0,0,-314,131,-44,-23,-34,-55,121,124,122,124,121,123,43,44,44,46,44,45,44,1,4,0,2,7,0,0,0,0,0,0
10.6986,,320,-19.252747252747252,-24.52747252747253,-22.76923076923077,87.42857142857143,-2.9450549450549453,2.562170308967596,2193,1472,2331,2918,2015,1479,-650,300,0,0,0,0,-298,147,-44,-23,-27,-55,121,124,122,124,121,123,43,44,44,46,44,45,55,3,4,0,1,7,0,0,0,0,0,0
10.7321,,321,-23.64835164835165,-23.384615384615383,-21.802197802197803,87.42857142857143,-2.681318681318681,2.562170308967596,2161,1486,2331,2918,2015,1479,-850,400,0,0,0,0,-386,67,-37,0,0,-55,121,123,122,124,121,123,43,44,44,46,44,45,57,7,2,0,0,7,0,0,0,0,0,0
10.7656,,322,-26.63736263736264,-22.76923076923077,-20.395604395604394,87.42857142857143,-2.5934065934065935,2.562170308967596,2125,1501,2332,2918,2015,1479,-1100,400,0,0,0,0,-435,134,0,0,23,-55,121,123,122,124,121,123,43,44,44,46,44,45,52,2,2,0,0,7,0,0,0,0,0,0
10.799,,323,-28.483516483516482,-22.065934065934066,-18.63736263736264,87.34065934065934,-2.5934065934065935,2.562170308967596,2084,1515,2338,2918,2015,1479,-1250,450,150,0,0,0,-457,121,-22,0,27,-55,121,124,122,124,121,123,43,44,44,46,44,45,49,0,0,0,1,7,0,0,0,0,0,0
10.8324,,324,-29.0989010989011,-21.714285714285715,-16.87912087912088,87.25274725274726,-2.5934065934065935,2.562170308967596,2040,1527,2349,2918,2015,1479,-1250,450,250,0,0,0,-403,19,131,-23,27,-55,121,124,122,124,121,123,43,44,44,46,44,45,22,0,4,0,1,7,0,0,0,0,0,0
10.8658,,325,-29.186813186813186,-21.53846153846154,-15.56043956043956,87.16483516483517,-2.5934065934065935,2.562170308967596,2003,1538,2365,2917,2015,1479,-1200,350,450,-50,0,0,-184,62,143,-23,27,-55,121,124,122,125,121,123,43,44,44,46,44,45,3,0,0,0,0,7,0,0,0,0,0,0
10.8991,,326,-29.186813186813186,-21.36263736263736,-14.68131868131868,87.16483516483517,-2.5934065934065935,2.562170308967596,1969,1546,2382,2917,2015,1479,-1150,250,500,0,0,0,-125,-83,67,-27,27,-55,122,124,122,125,121,124,43,44,44,46,44,45,0,0,0,0,1,7,0,0,0,0,0,0
10.9325,,327,-29.274725274725274,-21.274725274725274,-14.32967032967033,87.16483516483517,-2.5054945054945055,2.562170308967596,1946,1553,2401,2917,2015,1479,-750,200,550,0,0,0,-37,-94,24,-27,27,-55,122,124,122,125,121,124,43,44,44,46,44,45,0,0,0,1,1,8,0,0,0,0,0,0
10.9659,,328,-29.274725274725274,-21.274725274725274,-14.153846153846153,87.07692307692308,-2.4175824175824174,2.562170308967596,1931,1559,2414,2917,2015,1479,-500,250,500,0,0,0,34,-30,51,-27,30,-55,122,124,122,125,121,124,43,44,44,46,44,45,0,4,0,0,2,7,0,0,0,0,0,0
10.9994,,329,-29.274725274725274,-21.0989010989011,-14.153846153846153,87.07692307692308,-1.4505494505494505,2.562170308967596,1925,1560,2421,2917,2015,1479,-300,50,250,0,0,0,-55,-37,-94,-30,34,-55,122,124,122,125,121,124,43,44,44,46,44,45,4,9,0,1,3,8,0,0,0,0,0,0
11.0328,,330,-29.274725274725274,-20.571428571428573,-14.153846153846153,86.98901098901099,0.7472527472527473,2.562170308967596,1922,1560,2428,2917,2016,1479,-100,0,250,0,0,0,-41,-30,-34,-30,90,-55,122,124,122,125,121,123,43,44,44,46,44,45,1,2,2,0,14,7,0,0,0,0,0,0
11.0662,,331,-28.923076923076923,-20.13186813186813,-14.065934065934066,87.16483516483517,3.4725274725274726,2.562170308967596,1922,1560,2429,2917,2022,1479,0,0,50,0,200,0,-41,23,-37,-34,166,-55,121,124,122,125,121,123,43,44,44,46,44,45,1,0,2,1,21,8,0,0,0,0,0,0
11.0996,,332,-27.956043956043956,-19.604395604395606,-13.978021978021978,87.16483516483517,6.197802197802198,2.562170308967596,1920,1564,2429,2917,2036,1479,-50,150,0,0,300,0,18,41,-34,-27,235,-55,121,124,122,124,121,123,43,44,44,46,44,45,6,1,0,0,29,8,0,0,0,0,0,0
11.1329,,333,-26.285714285714285,-18.54945054945055,-13.978021978021978,87.16483516483517,8.571428571428571,2.562170308967596,1919,1569,2428,2917,2053,1479,-50,100,0,0,550,0,80,-71,-27,-27,195,-55,121,124,122,124,121,123,43,44,44,46,44,45,9,1,0,0,24,7,0,0,0,0,0,0
11.1663,,334,-23.208791208791208,-17.75824175824176,-13.89010989010989,87.07692307692308,10.593406593406593,2.4868123587038435,1921,1575,2428,2917,2075,1479,0,150,0,0,600,0,145,-38,-27,-27,214,-55,121,124,122,124,121,123,43,44,44,46,44,45,23,0,0,0,33,7,0,0,0,0,0,0
11.1997,,335,-18.813186813186814,-16.87912087912088,-13.802197802197803,87.07692307692308,12.615384615384615,2.4868123587038435,1929,1584,2428,2917,2099,1479,200,250,0,0,650,0,234,-56,-23,-30,208,-58,121,124,122,124,121,123,43,44,44,46,44,45,33,0,0,1,22,8,0,0,0,0,0,0
11.2331,,336,-14.065934065934066,-16.087912087912088,-13.802197802197803,86.98901098901099,15.076923076923077,2.4868123587038435,1944,1592,2429,2917,2122,1479,400,300,0,0,700,0,255,95,0,-30,227,-58,121,123,122,124,121,123,43,44,44,46,44,45,58,2,0,1,14,9,0,0,0,0,0,0
11.2665,,337,-9.054945054945055,-15.56043956043956,-13.802197802197803,86.9010989010989,18.417582417582416,2.562170308967596,1968,1601,2429,2917,2147,1479,650,250,50,0,750,0,347,83,-23,-34,232,-58,121,123,121,124,121,123,43,44,44,46,44,45,88,0,0,1,11,9,0,0,0,0,0,0
11.2999,,338,-3.956043956043956,-15.296703296703297,-13.802197802197803,86.81318681318682,23.604395604395606,2.562170308967596,1997,1610,2430,2917,2173,1479,800,250,50,0,750,0,437,65,-27,-37,259,-55,121,123,121,124,120,123,43,44,44,46,44,45,94,0,0,2,27,7,0,0,0,0,0,0
11.3333,,339,1.4065934065934067,-15.296703296703297,-13.802197802197803,86.98901098901099,30.63736263736264,2.637528259231349,2035,1618,2430,2917,2201,1479,1050,250,0,0,800,0,419,34,-27,-41,335,-55,121,123,121,124,120,123,43,44,44,46,44,45,108,0,0,3,49,8,0,0,0,0,0,0
11.3667,,340,6.065934065934066,-15.56043956043956,-13.802197802197803,87.07692307692308,38.637362637362635,2.637528259231349,2079,1626,2430,2917,2234,1479,1250,200,0,0,1000,0,559,-30,-27,-34,443,-51,120,123,121,124,120,122,43,44,44,46,44,45,128,0,0,1,73,7,0,0,0,0,0,0
11.4,,341,9.758241758241759,-16.0,-13.802197802197803,87.07692307692308,45.67032967032967,2.562170308967596,2126,1628,2430,2917,2277,1479,1400,100,0,0,1200,0,498,-48,-27,-30,547,-51,120,123,121,123,120,122,43,44,44,46,44,45,139,6,0,0,90,6,0,0,0,0,0,0
11.4334,,342,12.483516483516484,-16.263736263736263,-13.802197802197803,87.16483516483517,52.08791208791209,2.562170308967596,2175,1628,2430,2917,2329,1479,1450,0,0,0,1450,0,513,-73,-27,-30,566,-55,120,122,121,123,120,122,43,44,44,46,44,45,111,12,0,0,95,8,0,0,0,0,0,0
11.4668,,343,15.12087912087912,-16.439560439560438,-13.802197802197803,87.25274725274726,57.27472527472528,2.562170308967596,2226,1628,2430,2917,2386,1479,1500,0,0,0,1650,0,465,-76,-27,-27,626,-55,120,123,121,123,120,122,43,44,44,46,44,45,60,15,1,1,114,7,0,0,0,0,0,0
11.5002,,344,17.494505494505493,-16.791208791208792,-13.802197802197803,87.07692307692308,61.582417582417584,2.562170308967596,2278,1628,2430,2917,2452,1479,1500,0,0,0,1900,0,392,-83,-27,-23,639,-55,120,123,121,123,120,122,43,44,44,46,44,45,32,18,0,0,67,7,0,0,0,0,0,0
11.5336,,345,19.076923076923077,-17.142857142857142,-13.978021978021978,86.9010989010989,63.956043956043956,2.562170308967596,2321,1628,2430,2917,2519,1479,1400,0,0,0,1950,0,408,-97,-27,-30,611,-55,121,123,121,124,120,123,43,44,44,46,44,45,20,25,0,1,72,7,0,0,0,0,0,0
11.567,,346,19.604395604395606,-17.23076923076923,-14.065934065934066,86.9010989010989,64.83516483516483,2.562170308967596,2362,1628,2430,2917,2582,1479,1250,0,0,0,1950,0,366,-116,-34,-37,565,-55,121,123,121,124,121,123,43,44,44,46,44,45,9,31,1,3,24,7,0,0,0,0,0,0
11.6004,,347,19.692307692307693,-17.582417582417584,-13.89010989010989,87.07692307692308,64.83516483516483,2.562170308967596,2396,1628,2430,2917,2642,1479,1000,0,0,0,1850,0,232,-115,-37,-37,503,-55,121,123,121,124,121,123,43,44,44,46,44,45,1,32,1,3,3,7,0,0,0,0,0,0
11.6338,,348,19.692307692307693,-17.75824175824176,-13.89010989010989,87.25274725274726,64.48351648351648,2.562170308967596,2420,1628,2430,2917,2692,1479,800,0,0,0,1600,0,125,-129,-30,-30,283,-55,121,123,122,124,121,123,43,44,44,46,44,45,0,41,0,1,0,8,0,0,0,0,0,0
11.6671,,349,19.252747252747252,-17.75824175824176,-13.89010989010989,87.25274725274726,62.81318681318681,2.562170308967596,2439,1628,2430,2917,2725,1479,600,0,0,0,1050,0,51,-136,-30,-23,217,-55,121,124,122,124,121,123,43,44,44,46,44,45,0,45,0,0,0,7,0,0,0,0,0,0
11.7005,,350,18.9010989010989,-17.75824175824176,-13.802197802197803,87.34065934065934,59.032967032967036,2.562170308967596,2449,1628,2430,2917,2746,1479,300,0,0,0,800,0,79,-136,-30,-23,-32,-55,121,124,122,124,121,123,43,44,44,46,44,45,0,45,0,0,5,7,0,0,0,0,0,0
11.7339,,351,18.46153846153846,-17.582417582417584,-13.802197802197803,87.25274725274726,53.40659340659341,2.562170308967596,2453,1628,2430,2917,2749,1479,150,0,0,0,150,0,49,-136,-27,0,-148,-55,121,123,122,124,121,123,43,44,44,46,44,45,2,45,0,0,18,8,0,0,0,0,0,0
11.7673,,352,16.791208791208792,-17.406593406593405,-13.89010989010989,86.98901098901099,46.37362637362637,2.562170308967596,2453,1628,2430,2917,2738,1479,0,0,0,0,-50,0,28,-129,-27,-23,-200,-55,121,123,122,124,121,123,43,44,44,46,44,45,2,40,0,0,36,7,0,0,0,0,0,0
11.8007,,353,14.68131868131868,-17.318681318681318,-13.89010989010989,87.16483516483517,38.9010989010989,2.562170308967596,2452,1628,2430,2917,2716,1479,0,0,0,0,-550,0,-88,-122,-30,-34,-356,-55,121,123,121,124,120,123,43,44,44,46,44,45,7,36,0,2,75,7,0,0,0,0,0,0
11.8341,,354,12.483516483516484,-17.406593406593405,-13.714285714285714,87.51648351648352,29.846153846153847,2.562170308967596,2447,1628,2430,2917,2680,1479,-100,0,0,0,-950,0,-156,-118,-30,-27,-496,-55,121,123,121,124,120,123,43,44,44,46,44,45,22,33,0,0,96,5,0,0,0,0,0,0
11.8675,,355,10.10989010989011,-17.934065934065934,-13.802197802197803,87.95604395604396,19.824175824175825,2.562170308967596,2436,1628,2430,2917,2633,1479,-300,0,0,0,-1350,0,-219,-122,-23,0,-623,-55,121,123,121,124,120,122,43,44,44,46,44,45,24,36,0,0,133,6,0,0,0,0,0,0
11.9009,,356,7.912087912087912,-19.164835164835164,-13.978021978021978,88.3956043956044,10.505494505494505,2.562170308967596,2420,1628,2430,2917,2579,1479,-500,0,0,0,-1600,0,-258,-155,-27,37,-670,-55,120,123,121,123,120,122,43,44,44,46,44,45,18,51,0,3,153,7,0,0,0,0,0,0
11.9343,,357,6.241758241758242,-20.923076923076923,-13.802197802197803,88.3956043956044,3.7362637362637363,2.637528259231349,2399,1627,2430,2921,2510,1479,-550,0,0,150,-1900,0,-274,-218,-34,-62,-783,-55,120,122,120,123,119,122,43,44,44,46,44,45,30,82,1,0,156,6,0,0,0,0,0,0
11.9677,,358,4.65934065934066,-21.978021978021978,-13.802197802197803,88.48351648351648,0.13186813186813187,2.637528259231349,2377,1622,2431,2924,2433,1479,-700,-100,50,100,-2200,0,-253,-267,-30,34,-751,-51,120,122,120,123,119,122,43,44,44,46,44,45,11,107,0,1,172,4,0,0,0,0,0,0
12.0012,,359,2.989010989010989,-22.76923076923077,-13.802197802197803,88.48351648351648,-0.8351648351648352,2.637528259231349,2355,1612,2431,2926,2352,1479,-650,-300,0,100,-2400,0,-144,-259,-30,27,-803,-51,120,122,120,123,119,122,43,44,44,46,44,45,9,113,0,0,124,5,0,0,0,0,0,0
12.0346,,360,1.8461538461538463,-23.736263736263737,-13.802197802197803,88.3956043956044,-1.098901098901099,2.637528259231349,2333,1601,2431,2928,2277,1479,-650,-350,0,50,-2450,0,-247,-272,-30,0,-722,-51,120,123,121,123,120,122,43,44,44,46,44,45,3,64,0,0,40,5,0,0,0,0,0,0
12.068,,361,1.4065934065934067,-24.35164835164835,-13.802197802197803,88.3956043956044,-1.010989010989011,2.637528259231349,2313,1588,2431,2929,2205,1479,-650,-350,0,50,-2250,0,-211,-179,-30,0,-520,-51,121,123,121,124,120,123,43,44,44,46,44,45,3,70,0,0,5,5,0,0,0,0,0,0
12.1014,,362,1.4065934065934067,-24.87912087912088,-13.802197802197803,88.48351648351648,-0.8351648351648352,2.637528259231349,2297,1574,2431,2929,2147,1479,-550,-400,0,0,-1900,0,-54,-218,-30,0,-339,-51,121,123,121,124,121,123,43,44,44,46,44,45,0,52,0,0,1,5,0,0,0,0,0,0
12.1348,,363,1.4065934065934067,-25.75824175824176,-13.802197802197803,88.48351648351648,-0.7472527472527473,2.637528259231349,2283,1562,2431,2929,2109,1479,-450,-350,0,0,-1300,0,-86,-193,-30,0,-185,-51,121,124,122,124,121,123,43,44,44,46,44,45,0,33,0,0,0,6,0,0,0,0,0,0
12.1682,,364,1.4065934065934067,-26.813186813186814,-13.802197802197803,88.57142857142857,-0.7472527472527473,2.637528259231349,2276,1552,2431,2929,2084,1479,-250,-350,0,0,-800,0,59,-224,-30,0,-111,-51,121,124,122,124,121,123,43,44,44,46,44,45,1,48,0,0,0,5,0,0,0,0,0,0
12.2016,,365,1.4065934065934067,-27.86813186813187,-13.802197802197803,88.57142857142857,-0.6593406593406593,2.637528259231349,2272,1541,2431,2929,2069,1479,-150,-300,0,0,-400,0,-48,-225,-30,0,-47,-51,121,123,122,124,121,123,43,44,44,46,44,45,0,46,0,0,6,5,0,0,0,0,0,0
12.235,,366,1.4065934065934067,-28.483516483516482,-13.802197802197803,88.74725274725274,-0.6593406593406593,2.637528259231349,2269,1530,2431,2929,2062,1479,-100,-350,0,0,-250,0,-37,-224,-30,0,-97,-51,121,123,122,124,121,123,43,44,44,46,44,45,3,43,1,0,6,6,0,0,0,0,0,0
12.2684,,367,1.4065934065934067,-28.747252747252748,-13.714285714285714,88.74725274725274,-0.5714285714285714,2.637528259231349,2267,1519,2431,2930,2057,1479,-50,-350,0,0,-100,0,-27,-185,-30,27,-79,-51,121,123,122,124,121,123,43,44,44,46,44,45,1,22,1,0,9,7,0,0,0,0,0,0
12.3018,,368,1.7582417582417582,-28.747252747252748,-13.714285714285714,89.27472527472527,-0.5714285714285714,2.7128862094951014,2266,1509,2431,2931,2054,1479,-50,-300,0,50,-150,0,-23,-160,-27,0,-62,-51,121,123,122,124,121,123,43,44,44,46,44,45,0,25,2,0,7,5,0,0,0,0,0,0
12.3351,,369,2.021978021978022,-28.13186813186813,-13.714285714285714,90.32967032967034,-0.4835164835164835,2.7882441597588548,2266,1502,2430,2933,2052,1479,0,-200,0,0,-50,0,30,-139,-23,-81,-55,-48,121,123,122,124,121,123,43,44,44,46,44,45,0,22,0,1,5,4,0,0,0,0,0,0
12.3685,,370,2.021978021978022,-27.252747252747252,-13.714285714285714,91.64835164835165,-0.04395604395604396,3.541823662396383,2266,1497,2430,2937,2051,1479,0,-200,0,150,-100,0,34,-79,-23,90,-48,-41,121,124,122,124,121,123,43,44,44,46,44,45,3,11,0,1,4,3,0,0,0,0,0,0
12.4019,,371,1.8461538461538463,-24.87912087912088,-13.714285714285714,93.4065934065934,0.7472527472527473,5.0489826676714396,2266,1496,2430,2944,2051,1479,0,-100,0,200,0,0,34,-31,-23,126,-29,0,121,124,122,125,121,123,43,44,44,46,44,45,3,5,0,7,1,1,0,0,0,0,0,0
12.4353,,372,1.6703296703296704,-21.53846153846154,-13.802197802197803,95.42857142857143,1.4505494505494505,6.782215523737754,2266,1497,2430,2954,2051,1482,0,0,0,250,0,100,27,98,-23,163,47,133,121,124,122,124,121,123,43,44,44,46,44,45,0,8,0,6,4,9,0,0,0,0,0,0
12.4687,,373,1.6703296703296704,-17.846153846153847,-13.802197802197803,97.53846153846153,1.89010989010989,7.912584777694047,2266,1506,2430,2968,2053,1488,0,150,0,400,50,100,0,193,-27,106,78,119,121,124,122,124,121,123,43,44,44,46,44,45,0,14,0,10,8,29,0,0,0,0,0,0
12.5021,,374,2.10989010989011,-13.010989010989011,-13.802197802197803,99.64835164835165,1.978021978021978,8.364732479276563,2266,1523,2430,2984,2057,1505,0,450,0,450,150,400,0,281,-27,127,71,125,121,124,122,124,121,123,43,44,44,46,44,45,0,31,0,15,4,14,0,0,0,0,0,0
12.5355,,375,2.2857142857142856,-7.736263736263736,-13.802197802197803,102.10989010989012,2.4175824175824174,8.138658628485306,2266,1548,2430,3004,2061,1521,0,600,0,600,100,500,44,284,-27,160,51,150,121,123,122,124,121,123,43,44,44,46,44,45,4,39,0,11,3,5,0,0,0,0,0,0
12.5689,,376,2.3736263736263736,-4.043956043956044,-13.362637362637363,102.63736263736264,2.9450549450549453,7.837226827430293,2266,1579,2430,3022,2064,1531,0,850,0,550,100,300,44,366,-27,85,55,102,121,123,122,124,121,123,43,44,44,46,44,45,4,51,0,4,5,1,0,0,0,0,0,0
12.6023,,377,2.5494505494505493,-1.4945054945054945,-12.747252747252746,102.63736263736264,3.5604395604395602,7.761868877166542,2266,1619,2430,3034,2069,1535,0,1150,0,400,150,150,48,396,36,26,62,72,121,123,122,124,121,123,43,44,44,46,44,45,5,35,0,0,3,5,0,0,0,0,0,0
12.6357,,378,3.1648351648351647,0.0,-12.747252747252746,102.46153846153847,3.912087912087912,7.008289374529013,2266,1663,2433,3037,2073,1537,0,1300,0,200,100,100,55,395,60,97,95,58,121,124,122,124,121,123,43,44,44,46,44,45,6,11,1,7,3,4,0,0,0,0,0,0
12.6692,,379,3.5164835164835164,0.3516483516483517,-13.010989010989011,102.28571428571429,3.7362637362637363,4.596834966088922,2266,1707,2439,3040,2078,1538,0,1350,200,100,150,50,97,225,0,86,70,0,121,124,122,124,121,123,43,44,44,46,44,45,16,1,0,12,5,2,0,0,0,0,0,0
12.7026,,380,3.5164835164835164,-0.26373626373626374,-13.45054945054945,102.10989010989012,3.8241758241758244,1.8085908063300677,2268,1748,2443,3040,2082,1536,0,1300,200,0,100,0,-30,135,-41,86,48,-118,121,123,122,124,121,123,43,44,44,46,44,45,10,0,6,17,3,10,0,0,0,0,0,0
12.7361,,381,3.6043956043956045,-0.967032967032967,-15.384615384615385,101.93406593406593,3.4725274725274726,2.185380557648832,2271,1781,2444,3040,2084,1524,100,1000,0,0,100,-250,76,-59,-62,86,41,-270,121,123,121,124,120,123,43,44,44,46,44,45,10,24,9,17,2,39,0,0,0,0,0,0
12.7694,,382,3.956043956043956,-2.989010989010989,-18.54945054945055,101.93406593406593,3.3846153846153846,2.3360964581763377,2274,1796,2444,3040,2085,1505,50,700,0,0,50,-450,72,-61,-134,86,23,-140,121,123,121,124,120,123,43,44,44,46,44,45,6,56,29,18,1,15,0,0,0,0,0,0
12.8028,,383,4.043956043956044,-5.714285714285714,-22.153846153846153,101.93406593406593,3.2967032967032965,2.3360964581763377,2276,1799,2444,3040,2085,1493,50,200,0,0,0,-500,87,-143,-282,86,0,-94,120,122,121,123,120,122,43,44,44,46,44,45,9,49,120,17,0,2,0,0,0,0,0,0
12.8362,,384,4.043956043956044,-9.758241758241759,-26.46153846153846,101.93406593406593,3.120879120879121,2.3360964581763377,2278,1797,2435,3040,2086,1486,50,0,-150,0,50,-200,72,-274,-397,86,0,27,120,122,120,123,119,122,43,44,44,46,44,45,5,95,177,17,0,0,0,0,0,0,0,0
12.8696,,385,3.956043956043956,-15.032967032967033,-31.208791208791208,101.84615384615384,2.241758241758242,2.3360964581763377,2279,1787,2419,3040,2086,1482,50,-200,-500,0,0,-150,69,-388,-502,86,-27,-79,119,121,119,122,119,121,43,44,44,46,44,45,7,138,229,17,1,8,0,0,0,0,0,0
12.903,,386,3.868131868131868,-19.86813186813187,-35.86813186813187,101.23076923076923,2.065934065934066,2.3360964581763377,2279,1772,2395,3040,2086,1480,0,-400,-700,0,0,-50,65,-521,-507,86,-78,-72,119,121,119,121,118,120,43,44,44,46,44,45,10,223,268,17,9,9,0,0,0,0,0,0
12.9365,,387,3.868131868131868,-23.47252747252747,-40.79120879120879,100.08791208791209,2.241758241758242,2.3360964581763377,2280,1749,2364,3040,2085,1479,50,-650,-850,0,-50,-50,58,-538,-590,86,-65,-65,119,121,118,121,118,120,43,44,44,46,44,45,7,342,296,17,11,10,0,0,0,0,0,0
12.9699,,388,3.956043956043956,-25.23076923076923,-44.395604395604394,99.20879120879121,2.769230769230769,2.3360964581763377,2281,1716,2326,3040,2085,1478,50,-1000,-1050,0,0,-50,55,-604,-653,86,-58,-62,119,121,118,121,118,120,43,44,44,46,44,45,6,323,306,17,8,8,0,0,0,0,0,0
13.0034,,389,3.956043956043956,-24.615384615384617,-45.53846153846154,99.12087912087912,3.032967032967033,2.3360964581763377,2281,1678,2285,3040,2084,1478,0,-1100,-1200,0,-50,0,58,-575,-663,31,-25,-62,119,121,119,121,118,120,43,44,44,46,44,45,8,218,262,6,3,9,0,0,0,0,0,0
13.0368,,390,4.483516483516484,-22.153846153846153,-45.010989010989015,99.56043956043956,3.120879120879121,2.3360964581763377,2281,1641,2236,3040,2084,1478,0,-1150,-1400,0,0,0,58,-323,-475,51,-23,-62,119,121,119,122,119,121,43,44,44,46,44,45,7,111,212,5,0,9,0,0,0,0,0,0
13.0702,,391,5.362637362637362,-17.054945054945055,-42.81318681318681,99.91208791208791,3.208791208791209,2.260738507912585,2281,1609,2191,3040,2083,1478,0,-1100,-1350,0,0,0,80,-237,-426,72,0,-62,120,122,120,123,120,122,43,44,44,46,44,45,14,37,73,12,0,9,0,0,0,0,0,0
13.1036,,392,6.593406593406593,-11.604395604395604,-39.824175824175825,100.79120879120879,3.6483516483516483,2.260738507912585,2285,1591,2160,3040,2083,1478,100,-700,-1200,0,0,0,133,-37,-159,83,0,-69,121,123,121,124,120,123,43,44,44,46,44,45,22,5,11,17,0,11,0,0,0,0,0,0
13.137,,393,7.824175824175824,-6.153846153846154,-36.92307692307692,101.49450549450549,4.351648351648351,2.260738507912585,2292,1587,2146,3040,2083,1478,200,-300,-650,0,0,0,158,243,-52,86,44,-69,121,123,121,124,121,123,43,44,44,46,44,45,27,48,1,18,4,10,0,0,0,0,0,0
13.1704,,394,8.0,-0.8791208791208791,-33.23076923076923,102.10989010989012,4.8791208791208796,2.260738507912585,2301,1600,2142,3040,2084,1478,300,250,-150,0,0,0,174,329,116,86,80,-69,121,123,121,124,120,123,43,44,44,46,44,45,12,103,15,18,5,11,0,0,0,0,0,0
13.2038,,395,8.0,2.989010989010989,-29.0989010989011,102.10989010989012,4.8791208791208796,2.260738507912585,2309,1617,2139,3041,2088,1478,250,450,-50,50,100,0,125,483,270,83,73,-69,120,123,121,123,120,122,43,44,44,46,44,45,6,310,60,16,4,11,0,0,0,0,0,0
13.2371,,396,8.175824175824175,5.978021978021978,-25.934065934065934,102.02197802197803,4.8791208791208796,2.260738507912585,2315,1641,2155,3042,2093,1478,200,650,450,0,250,0,101,587,369,79,51,-69,120,122,120,123,119,121,43,44,44,46,44,45,13,458,82,13,2,11,0,0,0,0,0,0
13.2705,,397,8.527472527472527,7.736263736263736,-23.64835164835165,101.93406593406593,4.7032967032967035,2.3360964581763377,2320,1675,2181,3042,2096,1478,100,1100,650,0,100,0,97,541,343,79,44,-69,120,122,120,122,119,121,43,44,44,46,44,45,8,387,84,15,2,11,0,0,0,0,0,0
13.304,,398,8.967032967032967,8.87912087912088,-22.417582417582416,101.84615384615384,4.43956043956044,2.4114544084400906,2324,1722,2220,3042,2097,1478,150,1300,1000,0,100,0,95,475,311,79,30,-62,120,122,120,123,119,122,43,44,44,46,44,45,13,192,43,15,1,8,0,0,0,0,0,0
13.3374,,399,8.967032967032967,9.31868131868132,-22.32967032967033,101.84615384615384,4.351648351648351,2.4114544084400906,2330,1780,2254,3042,2098,1478,150,1650,1200,0,50,0,93,306,221,79,0,-58,121,123,121,124,120,123,43,44,44,46,44,45,13,37,26,15,1,8,0,0,0,0,0,0
13.3707,,400,8.967032967032967,9.23076923076923,-22.32967032967033,101.75824175824175,4.615384615384615,2.4114544084400906,2332,1822,2283,3042,2097,1478,150,1600,850,0,0,0,79,220,217,79,0,-58,121,123,122,124,121,123,43,44,44,46,44,45,11,9,3,15,0,8,0,0,0,0,0,0
13.4041,,401,8.967032967032967,8.791208791208792,-22.417582417582416,101.75824175824175,4.615384615384615,2.4114544084400906,2334,1868,2311,3041,2097,1478,50,1350,850,-50,-100,0,-45,-17,23,83,27,-58,121,124,122,124,121,123,43,44,44,46,44,45,12,12,0,17,2,9,0,0,0,0,0,0
13.4375,,402,8.791208791208792,8.175824175824175,-22.417582417582416,101.75824175824175,4.791208791208791,2.4114544084400906,2334,1909,2332,3041,2098,1478,0,1300,800,0,50,0,72,-122,0,83,23,-58,121,123,122,124,121,123,43,44,44,46,44,45,11,76,40,16,1,9,0,0,0,0,0,0
13.4709,,403,8.703296703296703,7.384615384615385,-22.32967032967033,101.75824175824175,4.791208791208791,2.4114544084400906,2336,1929,2342,3041,2098,1478,0,1000,350,0,0,0,62,-166,-62,83,30,-58,121,123,121,124,120,123,43,44,44,46,44,45,9,168,33,16,2,8,0,0,0,0,0,0
13.5043,,404,8.791208791208792,7.1208791208791204,-22.32967032967033,101.75824175824175,4.791208791208791,2.4114544084400906,2340,1929,2342,3041,2099,1478,200,100,0,0,50,0,41,-207,-58,83,27,-58,121,123,121,124,120,123,43,44,44,46,44,45,4,102,16,17,1,9,0,0,0,0,0,0
13.5377,,405,8.87912087912088,7.1208791208791204,-22.32967032967033,101.84615384615384,4.791208791208791,2.4114544084400906,2340,1921,2340,3041,2099,1478,0,-200,-50,0,0,0,44,-171,-51,83,27,-58,121,123,121,124,120,123,43,44,44,46,44,45,5,75,4,17,1,8,0,0,0,0,0,0
13.5711,,406,8.87912087912088,7.032967032967033,-22.32967032967033,101.93406593406593,4.791208791208791,2.4114544084400906,2339,1912,2339,3041,2099,1478,-50,-300,-50,0,0,0,51,-146,-48,83,27,-58,121,123,122,124,121,123,43,44,44,46,44,45,4,31,4,16,1,9,0,0,0,0,0,0
13.6045,,407,8.87912087912088,7.032967032967033,-22.153846153846153,101.93406593406593,4.791208791208791,2.4114544084400906,2339,1906,2339,3041,2099,1478,0,-200,0,0,0,0,51,-125,-48,83,27,-58,121,124,122,124,121,123,43,44,44,46,44,45,4,11,4,17,2,8,0,0,0,0,0,0
13.6378,,408,8.87912087912088,7.032967032967033,-22.153846153846153,101.93406593406593,4.791208791208791,2.4114544084400906,2340,1905,2340,3041,2099,1478,50,-50,0,0,0,0,48,-118,-44,83,27,-58,121,123,122,124,121,123,43,44,44,46,44,45,4,28,5,17,1,8,0,0,0,0,0,0
13.6712,,409,8.87912087912088,7.032967032967033,-22.24175824175824,101.93406593406593,4.791208791208791,2.4114544084400906,2340,1907,2341,3041,2099,1478,0,50,50,0,0,0,48,-125,-48,83,27,-58,121,123,122,124,121,123,43,44,44,46,44,45,4,36,4,16,1,8,0,0,0,0,0,0
13.7046,,410,8.703296703296703,7.032967032967033,-22.24175824175824,101.93406593406593,4.8791208791208796,2.4114544084400906,2341,1908,2342,3041,2099,1478,50,50,0,0,0,0,44,-129,-55,83,27,-58,121,123,122,124,121,123,43,44,44,46,44,45,4,39,5,16,1,9,0,0,0,0,0,0
13.738,,411,8.263736263736265,6.945054945054945,-22.417582417582416,101.75824175824175,5.406593406593407,2.4868123587038435,2342,1907,2342,3041,2099,1478,50,0,0,0,0,0,34,-129,-55,83,30,-58,121,123,122,124,121,123,43,44,44,46,44,45,3,40,4,17,2,9,0,0,0,0,0,0
13.7715,,412,8.0,7.2967032967032965,-22.681318681318682,101.4065934065934,6.725274725274725,3.014318010550113,2342,1906,2341,3041,2099,1478,0,-50,0,0,0,0,0,-125,-58,83,60,-55,121,123,122,124,121,123,43,44,44,46,44,45,1,38,6,16,6,7,0,0,0,0,0,0
13.8048,,413,8.0,7.824175824175824,-23.64835164835165,99.73626373626374,9.274725274725276,3.9939713639788996,2341,1905,2341,3041,2102,1478,-50,0,0,0,0,0,-23,-108,-69,83,120,27,121,124,122,124,121,123,43,44,44,46,44,45,1,28,11,16,14,1,0,0,0,0,0,0
13.8384,,414,8.703296703296703,8.527472527472527,-24.35164835164835,95.6043956043956,11.736263736263735,6.179351921627732,2340,1905,2341,3041,2112,1478,-50,0,0,0,250,0,0,-86,-134,72,191,85,121,123,122,124,121,123,43,44,44,46,44,45,0,17,29,10,24,7,0,0,0,0,0,0
13.8718,,415,10.10989010989011,9.406593406593407,-24.967032967032967,90.68131868131869,13.142857142857142,10.550113036925396,2341,1906,2341,3041,2127,1481,0,0,0,0,450,100,43,-40,-148,-64,248,187,121,123,121,124,121,123,43,44,44,46,44,45,3,9,47,6,26,28,0,0,0,0,0,0
13.9053,,416,13.538461538461538,10.285714285714286,-24.87912087912088,85.4065934065934,13.23076923076923,17.03089675960814,2343,1908,2341,3038,2146,1494,50,0,0,-50,600,150,117,23,-173,-277,240,342,121,123,121,124,120,123,43,44,44,46,44,45,17,2,64,33,10,36,0,0,0,0,0,0
13.9388,,417,16.615384615384617,11.604395604395604,-24.791208791208792,81.0989010989011,12.967032967032967,25.094197437829692,2348,1912,2341,3021,2163,1520,100,100,0,-450,550,700,127,0,-157,-332,146,370,120,123,121,123,120,122,43,44,44,46,44,45,41,0,56,101,2,64,0,0,0,0,0,0
13.9723,,418,18.9010989010989,13.45054945054945,-24.791208791208792,78.81318681318682,12.967032967032967,31.72569706103994,2362,1923,2341,2989,2174,1558,300,250,0,-900,350,1050,220,61,-153,-418,90,500,120,122,120,123,119,122,43,44,44,46,44,45,60,0,53,80,2,112,0,0,0,0,0,0
14.0057,,419,20.043956043956044,14.593406593406593,-24.791208791208792,78.46153846153847,13.31868131868132,36.925395629238885,2378,1934,2341,2950,2181,1606,500,300,0,-1100,200,1300,345,-22,-153,-424,65,500,120,122,120,123,119,122,43,44,44,46,44,45,86,2,53,57,1,80,0,0,0,0,0,0
14.0391,,420,21.0989010989011,15.032967032967033,-24.52747252747253,78.72527472527473,13.31868131868132,38.6586284853052,2396,1948,2341,2912,2186,1655,500,450,0,-1100,100,1500,261,19,-153,-305,74,500,120,122,121,123,120,122,43,44,44,46,44,45,73,0,54,20,5,70,0,0,0,0,0,0
14.0725,,421,21.89010989010989,14.593406593406593,-24.35164835164835,80.65934065934066,13.31868131868132,38.58327053504145,2415,1962,2341,2884,2190,1703,550,450,0,-1050,150,1450,228,-76,-143,-178,-69,500,121,123,121,123,120,122,43,44,44,46,44,45,70,0,46,5,2,66,0,0,0,0,0,0
14.106,,422,22.065934065934066,13.802197802197803,-24.52747252747253,84.35164835164835,13.406593406593407,38.35719668425019,2436,1973,2342,2865,2193,1753,600,400,50,-700,100,1450,262,-137,-139,-119,37,500,121,123,121,124,120,122,43,44,44,46,44,45,27,20,42,1,1,60,0,0,0,0,0,0
14.1395,,423,21.802197802197803,11.604395604395604,-24.439560439560438,88.74725274725274,13.406593406593407,36.397889977392616,2452,1975,2342,2861,2196,1804,600,100,0,-350,100,1450,100,-107,-146,98,34,500,121,123,121,124,120,122,43,44,44,46,44,45,7,28,50,13,1,57,0,0,0,0,0,0
14.173,,424,21.274725274725274,8.967032967032967,-24.263736263736263,93.4065934065934,12.791208791208792,31.348907309721174,2465,1974,2342,2871,2197,1853,450,-50,0,100,50,1450,125,-83,-143,239,27,500,121,123,121,124,120,122,43,44,44,46,44,45,2,50,48,35,0,38,0,0,0,0,0,0
14.2065,,425,20.395604395604394,6.153846153846154,-24.263736263736263,97.8021978021978,11.912087912087912,23.51168048229088,2473,1969,2342,2889,2198,1893,250,-100,0,500,0,1450,66,-293,-136,261,-51,163,121,123,121,123,120,122,43,44,44,46,44,45,0,128,43,43,2,5,0,0,0,0,0,0
14.2399,,426,18.54945054945055,2.197802197802198,-24.263736263736263,100.87912087912088,10.417582417582418,11.529766390354181,2476,1961,2342,2918,2197,1911,100,-200,0,800,0,900,-25,-293,-136,342,-88,-170,120,122,121,123,119,122,43,44,44,46,44,45,0,197,42,60,13,18,0,0,0,0,0,0
14.2733,,427,16.439560439560438,-1.934065934065934,-24.087912087912088,102.1978021978022,10.241758241758241,0.6782215523737753,2476,1949,2342,2952,2192,1901,0,-300,0,1050,-50,-50,-103,-398,-136,353,-140,-351,120,122,120,122,119,121,43,44,44,46,44,45,12,269,42,42,14,139,0,0,0,0,0,0
14.3067,,428,14.32967032967033,-7.824175824175824,-22.32967032967033,102.46153846153847,9.89010989010989,2.3360964581763377,2471,1931,2342,2986,2185,1867,-50,-450,0,1050,-250,-700,-173,-577,-129,228,27,-500,119,121,119,122,118,121,43,44,44,46,44,45,14,290,37,6,4,124,0,0,0,0,0,0
14.3401,,429,12.307692307692308,-15.648351648351648,-18.813186813186814,102.28571428571429,9.538461538461538,5.727204220045215,2458,1902,2342,3010,2179,1822,-400,-800,0,750,-150,-1300,-211,-580,-52,114,-97,-500,119,121,119,122,118,120,43,44,44,46,44,45,23,328,16,1,9,71,0,0,0,0,0,0
14.3735,,430,10.021978021978022,-21.89010989010989,-15.472527472527473,102.1978021978022,9.010989010989011,4.672192916352675,2443,1863,2344,3025,2173,1773,-400,-1150,0,650,-150,-1450,-253,-704,124,54,-84,-500,119,121,119,121,118,120,43,44,44,46,44,45,30,447,12,0,1,67,0,0,0,0,0,0
14.4068,,431,6.945054945054945,-26.63736263736264,-12.571428571428571,102.1978021978022,8.307692307692308,2.4868123587038435,2427,1817,2358,3034,2168,1727,-500,-1350,400,250,-200,-1400,-196,-705,127,118,-91,-500,119,121,119,121,118,120,43,44,44,46,44,45,27,366,9,2,4,64,0,0,0,0,0,0
14.4402,,432,4.571428571428571,-29.274725274725274,-10.021978021978022,102.1978021978022,7.252747252747253,2.110022607385079,2407,1759,2381,3038,2162,1677,-500,-1650,600,300,-100,-1450,-333,-818,254,93,-102,-500,119,121,119,121,118,120,43,44,44,46,44,45,45,310,2,9,3,53,0,0,0,0,0,0
14.4736,,433,4.131868131868132,-30.32967032967033,-7.912087912087912,102.10989010989012,6.549450549450549,2.4114544084400906,2384,1698,2406,3039,2155,1626,-650,-1800,750,50,-150,-1500,-253,-674,199,90,-126,-500,119,121,119,122,118,121,43,44,44,46,44,45,55,272,0,15,16,46,0,0,0,0,0,0
14.507,,434,4.21978021978022,-30.417582417582416,-5.538461538461538,102.10989010989012,6.373626373626373,2.4868123587038435,2354,1642,2434,3039,2146,1580,-900,-1800,850,0,-300,-1450,-190,-680,189,90,-126,-246,120,122,120,122,119,122,43,44,44,46,44,45,17,136,0,18,8,9,0,0,0,0,0,0
14.5404,,435,4.21978021978022,-30.76923076923077,-3.076923076923077,102.10989010989012,6.197802197802198,2.562170308967596,2332,1589,2463,3039,2139,1547,-650,-1600,800,0,-250,-1200,-164,-461,176,90,30,-216,121,123,121,123,120,122,43,44,44,46,44,45,2,43,0,18,1,2,0,0,0,0,0,0
14.5738,,436,4.21978021978022,-30.945054945054945,-1.4065934065934067,102.02197802197803,6.1098901098901095,2.562170308967596,2317,1547,2490,3039,2134,1523,-550,-1400,800,0,-150,-750,20,-308,173,90,-76,-146,121,123,121,124,120,123,43,44,44,46,44,45,0,14,0,18,3,0,0,0,0,0,0,0
14.6071,,437,3.956043956043956,-30.945054945054945,-0.8791208791208791,102.02197802197803,6.021978021978022,2.562170308967596,2308,1516,2515,3039,2130,1507,-300,-1050,750,0,-100,-450,59,-280,172,90,-62,-79,121,123,122,124,121,123,43,44,44,46,44,45,0,3,0,19,3,6,0,0,0,0,0,0
14.6405,,438,3.78021978021978,-30.945054945054945,-0.7912087912087912,102.02197802197803,5.670329670329671,2.562170308967596,2302,1495,2541,3040,2127,1497,-150,-700,750,0,-100,-400,-48,-132,78,86,-62,-37,121,124,122,124,121,123,43,44,44,46,44,45,0,2,0,18,4,6,0,0,0,0,0,0
14.6739,,439,3.6923076923076925,-30.945054945054945,-0.7912087912087912,102.02197802197803,5.230769230769231,2.562170308967596,2298,1480,2560,3040,2125,1490,-150,-400,650,50,-50,-250,-44,-69,79,86,-69,-97,121,124,122,124,121,123,43,44,44,46,44,45,1,6,2,18,1,1,0,0,0,0,0,0
14.7073,,440,3.6043956043956045,-30.945054945054945,-0.7912087912087912,102.02197802197803,4.967032967032967,2.562170308967596,2297,1471,2569,3040,2122,1486,-50,-350,300,0,-50,-100,-41,-115,41,86,45,-79,121,124,122,124,121,123,43,44,44,46,44,45,1,8,0,18,3,8,0,0,0,0,0,0
14.7407,,441,3.5164835164835164,-30.857142857142858,-0.7912087912087912,102.02197802197803,4.967032967032967,2.562170308967596,2296,1465,2576,3040,2118,1484,0,-200,200,0,-100,-100,-44,-93,0,86,-69,-72,121,124,122,124,121,123,43,44,44,46,44,45,1,3,0,18,9,10,0,0,0,0,0,0
14.7741,,442,3.5164835164835164,-30.681318681318682,-0.7912087912087912,101.93406593406593,4.967032967032967,2.562170308967596,2292,1463,2579,3040,2115,1482,-100,-100,150,0,-150,-100,-30,-79,-30,86,-55,-65,121,124,122,124,121,123,43,44,44,46,44,45,1,9,1,18,7,9,0,0,0,0,0,0
14.8075,,443,3.5164835164835164,-30.32967032967033,-0.7912087912087912,101.84615384615384,4.967032967032967,2.562170308967596,2289,1463,2580,3040,2113,1482,-100,0,100,0,-100,0,0,-72,-34,86,69,-65,121,124,122,124,121,123,43,44,44,46,44,45,0,12,1,17,2,10,0,0,0,0,0,0
14.8409,,444,3.340659340659341,-29.978021978021978,-0.7912087912087912,101.67032967032966,4.967032967032967,2.562170308967596,2289,1463,2580,3040,2112,1482,0,0,0,0,-50,0,0,-57,-34,86,-44,-65,121,124,122,124,121,123,43,44,44,46,44,45,0,9,0,18,4,10,0,0,0,0,0,0
14.8743,,445,2.6373626373626373,-29.186813186813186,-0.5274725274725275,101.23076923076923,4.8791208791208796,2.562170308967596,2289,1463,2580,3040,2111,1482,0,0,0,0,-50,0,-27,-44,-34,86,-41,-65,121,124,122,124,121,123,43,44,44,46,44,45,1,4,1,18,3,10,0,0,0,0,0,0
14.9077,,446,-0.43956043956043955,-27.428571428571427,-0.5274725274725275,100.52747252747253,4.527472527472527,2.637528259231349,2289,1463,2580,3040,2111,1482,0,0,0,0,0,0,-68,0,-23,86,-44,-65,121,124,122,124,121,123,43,44,44,46,44,45,7,2,0,17,4,10,0,0,0,0,0,0
14.9411,,447,-5.8901098901098905,-25.054945054945055,-0.5274725274725275,99.82417582417582,4.175824175824176,2.93896006028636,2286,1466,2580,3040,2110,1482,-100,50,0,0,-50,0,-170,-23,-23,86,-64,-62,121,123,122,124,121,123,43,44,44,46,44,45,13,5,0,18,8,9,0,0,0,0,0,0
14.9744,,448,-12.219780219780219,-22.417582417582416,-0.5274725274725275,99.20879120879121,4.351648351648351,3.391107761868877,2273,1476,2580,3040,2107,1482,-200,300,0,0,-50,0,-297,174,-23,79,-65,-44,121,123,122,124,121,123,43,44,44,46,44,45,52,6,0,14,8,4,0,0,0,0,0,0
15.0078,,449,-19.516483516483518,-18.9010989010989,-0.6153846153846154,99.03296703296704,4.967032967032967,5.124340617935192,2249,1492,2580,3040,2105,1482,-650,400,0,0,-100,0,-366,226,-23,35,-48,16,121,123,121,124,121,123,43,44,44,46,44,45,77,16,0,6,2,1,0,0,0,0,0,0
15.0412,,450,-26.10989010989011,-15.56043956043956,-0.6153846153846154,99.03296703296704,5.054945054945055,8.364732479276563,2212,1513,2580,3040,2105,1483,-900,600,0,0,-50,0,-494,285,-27,48,22,85,121,123,121,124,121,123,43,44,44,46,44,45,113,9,1,4,1,12,0,0,0,0,0,0
15.0746,,451,-30.76923076923077,-12.747252747252746,-0.43956043956043955,99.03296703296704,4.791208791208791,13.489073097211756,2166,1538,2580,3040,2105,1488,-1300,800,0,0,0,100,-507,239,-27,48,0,265,121,123,121,124,120,123,43,44,44,46,44,45,107,31,0,4,0,39,0,0,0,0,0,0
15.1081,,452,-33.142857142857146,-10.54945054945055,-0.43956043956043955,99.12087912087912,4.175824175824176,20.497362471740768,2113,1569,2581,3040,2104,1509,-1550,850,0,0,0,250,-633,266,0,48,-27,328,121,123,121,124,120,123,43,44,44,46,44,45,107,17,0,4,1,86,0,0,0,0,0,0
15.1416,,453,-34.285714285714285,-9.23076923076923,-0.43956043956043955,99.12087912087912,4.175824175824176,28.25923134890731,2062,1604,2582,3040,2104,1541,-1600,1050,50,0,0,850,-627,240,-27,51,-63,500,121,123,121,123,120,122,43,44,44,46,44,45,65,2,1,6,7,118,0,0,0,0,0,0
15.1751,,454,-34.285714285714285,-8.43956043956044,-0.43956043956043955,99.12087912087912,4.8791208791208796,35.19216277317257,2007,1640,2582,3040,2103,1585,-1650,1000,0,0,-50,1200,-518,164,-27,51,-44,500,121,123,121,124,120,122,43,44,44,46,44,45,39,0,2,5,5,91,0,0,0,0,0,0
15.2085,,455,-34.285714285714285,-7.736263736263736,-0.43956043956043955,99.12087912087912,5.230769230769231,41.3715146948003,1956,1670,2582,3040,2102,1633,-1500,1050,0,0,-50,1450,-301,141,-27,51,0,500,121,123,121,124,120,123,43,44,44,46,44,45,5,0,1,4,2,66,0,0,0,0,0,0
15.242,,456,-33.67032967032967,-6.857142857142857,-0.43956043956043955,99.20879120879121,5.582417582417582,45.139412207987945,1918,1696,2583,3040,2101,1683,-1150,800,0,0,0,1500,-153,-47,-27,51,37,500,121,123,121,124,121,123,43,44,44,46,44,45,1,0,1,5,3,55,0,0,0,0,0,0
15.2755,,457,-32.967032967032964,-5.978021978021978,-0.5274725274725275,99.20879120879121,7.428571428571429,45.591559909570464,1893,1711,2583,3040,2102,1734,-900,400,50,0,0,1550,-34,-39,-30,55,57,500,121,123,122,124,121,123,43,44,44,46,44,45,0,0,2,6,5,50,0,0,0,0,0,0
15.309,,458,-30.505494505494507,-5.362637362637362,-0.7032967032967034,99.20879120879121,10.32967032967033,44.46119065561417,1880,1722,2583,3040,2106,1784,-500,400,0,0,50,1450,-28,68,-34,55,118,500,121,123,122,124,121,123,43,44,44,46,44,45,12,0,3,6,16,47,0,0,0,0,0,0
15.3424,,459,-26.63736263736264,-5.010989010989011,-0.7912087912087912,99.12087912087912,13.31868131868132,40.54257724189902,1877,1730,2582,3040,2116,1832,-250,250,0,0,150,1500,93,43,-37,55,133,500,121,123,121,124,120,123,43,44,44,46,44,45,13,0,4,5,37,45,0,0,0,0,0,0
15.3759,,460,-21.186813186813186,-4.571428571428571,-1.1428571428571428,98.94505494505495,14.901098901098901,32.78070836473248,1882,1737,2582,3040,2133,1881,0,200,-50,0,500,1450,254,27,-41,51,189,500,121,123,121,124,120,123,43,44,44,46,44,45,48,5,4,5,30,49,0,0,0,0,0,0
15.4093,,461,-14.417582417582418,-3.78021978021978,-1.4065934065934067,98.24175824175825,15.340659340659341,22.38131122833459,1897,1744,2582,3040,2156,1932,400,200,0,0,700,1500,389,0,-60,44,171,482,121,123,121,124,120,123,43,44,44,46,44,45,77,5,7,4,23,46,0,0,0,0,0,0
15.4427,,462,-7.032967032967033,-2.989010989010989,-1.4065934065934067,96.04395604395604,15.868131868131869,8.440090429540316,1923,1753,2582,3039,2176,1973,750,300,0,0,600,1450,507,0,-65,0,120,161,121,123,121,124,120,123,43,44,44,46,44,45,129,1,9,1,4,6,0,0,0,0,0,0
15.4761,,463,0.6153846153846154,-1.934065934065934,-1.2307692307692308,92.96703296703296,16.395604395604394,0.0,1960,1762,2582,3039,2192,1990,1150,300,0,0,500,800,565,119,-65,-82,164,-210,121,123,121,123,120,122,43,44,44,46,44,45,179,0,9,6,3,31,0,0,0,0,0,0
15.5095,,464,7.1208791208791204,-0.43956043956043955,-0.967032967032967,91.56043956043956,17.0989010989011,3.9939713639788996,2003,1771,2582,3034,2206,1979,1250,250,0,-100,400,-250,599,-65,-58,-227,130,-499,120,122,120,123,119,122,43,44,44,46,44,45,207,0,7,41,1,145,0,0,0,0,0,0
15.543,,465,11.428571428571429,0.6153846153846154,-0.967032967032967,91.38461538461539,17.274725274725274,7.234363225320271,2058,1780,2582,3016,2215,1939,1550,300,0,-450,350,-1250,680,78,-47,-155,121,-500,120,122,120,122,119,121,43,44,44,46,44,45,208,0,4,24,11,99,0,0,0,0,0,0
15.5766,,466,12.571428571428571,0.7912087912087912,-0.967032967032967,91.2967032967033,17.36263736263736,5.35041446872645,2119,1792,2582,2998,2225,1895,1800,350,0,-650,300,-1350,778,93,-48,-150,93,-500,120,122,120,123,119,121,43,44,44,46,44,45,207,0,4,3,3,65,0,0,0,0,0,0
15.6101,,467,12.659340659340659,0.5274725274725275,-0.8791208791208791,91.38461538461539,17.53846153846154,2.4114544084400906,2184,1804,2583,2988,2231,1845,1900,350,0,-300,200,-1500,635,30,-48,-111,69,-500,120,122,120,123,119,122,43,44,44,46,44,45,111,9,4,1,0,51,0,0,0,0,0,0
15.6436,,468,12.307692307692308,0.08791208791208792,-0.8791208791208791,91.47252747252747,17.45054945054945,2.4114544084400906,2241,1811,2583,2979,2236,1795,1850,300,50,-250,150,-1450,446,-44,-48,-83,58,-500,121,123,121,124,120,122,43,44,44,46,44,45,29,31,5,2,3,52,0,0,0,0,0,0
15.6771,,469,11.604395604395604,-0.17582417582417584,-0.967032967032967,91.47252747252747,16.835164835164836,2.7882441597588548,2290,1812,2583,2975,2239,1744,1650,0,0,-100,100,-1500,197,-69,-48,-62,41,-500,121,123,121,124,120,123,43,44,44,46,44,45,4,15,7,3,2,59,0,0,0,0,0,0
15.7106,,470,10.725274725274724,-0.5274725274725275,-0.967032967032967,91.47252747252747,16.571428571428573,2.7882441597588548,2327,1812,2583,2972,2240,1696,1250,0,0,-100,50,-1500,117,-79,-51,-51,0,-500,121,123,121,124,120,123,43,44,44,46,44,45,0,17,8,2,1,51,0,0,0,0,0,0
15.744,,471,10.021978021978022,-0.43956043956043955,-0.967032967032967,91.47252747252747,16.307692307692307,2.7882441597588548,2350,1812,2583,2971,2241,1644,750,0,0,-50,50,-1500,-43,-101,-51,-44,-31,-477,121,123,121,124,120,123,43,44,44,46,44,45,3,23,8,1,2,56,0,0,0,0,0,0
15.7775,,472,9.582417582417582,-0.26373626373626374,-0.8791208791208791,91.47252747252747,16.21978021978022,2.7882441597588548,2358,1812,2583,2970,2241,1595,250,0,0,-50,0,-1500,17,-90,-51,-41,-44,-293,121,123,121,124,121,123,43,44,44,46,44,45,0,19,8,1,5,9,0,0,0,0,0,0
15.811,,473,9.406593406593407,-0.08791208791208792,-0.8791208791208791,91.47252747252747,15.516483516483516,2.7882441597588548,2360,1812,2583,2969,2241,1556,100,0,0,0,0,-1200,-32,-83,-48,80,-48,-230,121,124,122,124,121,123,43,44,44,46,44,45,1,17,7,1,6,2,0,0,0,0,0,0
15.8446,,474,9.31868131868132,-0.08791208791208792,-0.8791208791208791,91.47252747252747,14.901098901098901,2.7882441597588548,2358,1812,2583,2967,2240,1531,-100,0,0,-50,0,-750,-27,-76,-48,-34,-84,-160,121,124,122,124,121,123,43,44,44,46,44,45,2,13,7,0,16,1,0,0,0,0,0,0
15.8781,,475,9.23076923076923,-0.08791208791208792,-0.8791208791208791,91.47252747252747,14.725274725274724,2.7882441597588548,2353,1812,2583,2967,2235,1514,-100,0,0,-50,-100,-600,0,-76,-48,-30,-80,-86,121,124,122,124,121,123,43,44,44,46,44,45,0,13,7,0,16,7,0,0,0,0,0,0
15.9116,,476,9.23076923076923,-0.08791208791208792,-0.8791208791208791,91.47252747252747,14.725274725274724,2.7882441597588548,2352,1812,2583,2967,2230,1502,0,0,0,0,-150,-300,0,-76,-48,-30,-76,-129,121,124,122,124,121,123,43,44,44,46,44,45,0,15,6,0,5,6,0,0,0,0,0,0
15.945,,477,9.23076923076923,-0.17582417582417584,-0.8791208791208791,91.47252747252747,14.725274725274724,2.7882441597588548,2352,1812,2583,2967,2227,1495,0,0,0,0,-150,-300,0,-76,-48,-30,-58,20,121,124,122,125,121,123,43,44,44,46,44,45,0,14,6,0,5,6,0,0,0,0,0,0
15.9785,,478,9.31868131868132,-0.26373626373626374,-0.8791208791208791,91.47252747252747,14.725274725274724,2.7882441597588548,2352,1811,2583,2967,2225,1491,0,0,0,0,-50,-150,0,-76,-48,-30,-51,-86,121,124,122,125,121,123,43,44,44,46,44,45,0,15,7,0,3,11,0,0,0,0,0,0
16.012,,479,9.31868131868132,-0.3516483516483517,-0.8791208791208791,91.47252747252747,14.725274725274724,2.7882441597588548,2353,1811,2583,2967,2224,1488,0,-50,0,0,-50,-100,0,-79,-48,-30,-48,-72,121,124,122,125,121,123,43,44,44,46,44,45,0,16,7,0,3,9,0,0,0,0,0,0
16.0455,,480,9.31868131868132,-0.3516483516483517,-0.8791208791208791,91.47252747252747,14.725274725274724,2.7882441597588548,2353,1811,2583,2967,2223,1486,0,0,0,0,0,-50,0,-83,-48,-30,-44,-65,121,124,122,124,121,123,43,44,44,46,44,45,0,17,6,0,3,8,0,0,0,0,0,0
16.079,,481,9.31868131868132,-0.43956043956043955,-0.8791208791208791,91.47252747252747,14.725274725274724,2.7882441597588548,2353,1811,2583,2967,2223,1484,0,0,0,0,0,-50,0,-83,-48,-30,-44,-62,121,124,122,124,121,123,43,44,44,46,44,45,0,17,6,1,4,5,0,0,0,0,0,0
16.1125,,482,9.31868131868132,-0.5274725274725275,-0.8791208791208791,91.47252747252747,14.637362637362637,2.7882441597588548,2353,1811,2583,2967,2223,1484,0,0,0,0,0,0,0,-86,-48,-30,-44,-58,121,124,122,124,121,123,43,44,44,46,44,45,0,18,8,1,4,7,0,0,0,0,0,0
16.1461,,483,9.142857142857142,-0.6153846153846154,-0.8791208791208791,91.56043956043956,14.197802197802197,2.7882441597588548,2353,1811,2583,2967,2223,1484,0,0,0,0,0,0,0,-90,-48,-30,-48,-58,121,124,122,124,121,123,43,44,44,46,44,45,0,20,8,0,5,8,0,0,0,0,0,0
16.1796,,484,8.615384615384615,-0.6153846153846154,-0.8791208791208791,91.64835164835165,13.582417582417582,2.7882441597588548,2353,1811,2583,2967,2222,1484,0,0,0,0,0,0,0,-93,-48,-27,-62,-58,121,124,122,124,121,123,43,44,44,46,44,45,0,22,7,0,9,8,0,0,0,0,0,0
16.2131,,485,7.1208791208791204,-0.7912087912087912,-0.8791208791208791,91.91208791208791,13.31868131868132,2.7128862094951014,2353,1811,2583,2967,2219,1484,0,0,0,0,-50,0,-41,-93,-48,-23,-77,-58,121,124,122,124,121,123,43,44,44,46,44,45,3,22,8,0,10,8,0,0,0,0,0,0
16.2465,,486,5.274725274725275,-0.967032967032967,-0.7912087912087912,92.26373626373626,13.31868131868132,2.7128862094951014,2350,1811,2583,2967,2215,1484,-100,0,0,0,-100,0,-102,-101,-48,0,-76,-65,121,124,122,124,121,123,43,44,44,46,44,45,11,25,7,0,7,10,0,0,0,0,0,0
16.2799,,487,2.989010989010989,-1.054945054945055,-0.7032967032967034,92.52747252747253,13.31868131868132,2.7128862094951014,2343,1811,2583,2967,2211,1484,-200,0,0,0,-100,0,-177,-108,-44,41,-62,-65,121,123,122,124,121,123,43,44,44,46,44,45,15,28,4,2,4,11,0,0,0,0,0,0
16.3133,,488,0.08791208791208792,-1.5824175824175823,-0.7032967032967034,93.05494505494505,13.23076923076923,2.7128862094951014,2331,1811,2583,2967,2208,1484,-300,0,0,0,-100,0,-137,-111,-41,44,-51,-65,121,123,122,124,121,123,43,44,44,46,44,45,16,31,4,4,4,10,0,0,0,0,0,0
16.3467,,489,-2.8131868131868134,-2.4615384615384617,-0.7032967032967034,93.49450549450549,13.23076923076923,2.7128862094951014,2315,1811,2583,2968,2206,1484,-500,0,0,0,-50,0,-191,-133,-41,74,-44,-65,121,123,122,124,121,123,43,44,44,46,44,45,26,45,4,6,3,10,0,0,0,0,0,0
16.3801,,490,-6.241758241758242,-3.1648351648351647,-0.7032967032967034,93.49450549450549,13.23076923076923,2.7128862094951014,2294,1811,2583,2971,2204,1484,-600,0,0,100,-100,0,-319,-193,-41,-48,-41,-65,121,123,121,124,121,123,43,44,44,46,44,45,39,66,4,4,2,10,0,0,0,0,0,0
16.4135,,491,-9.758241758241759,-4.131868131868132,-0.7032967032967034,93.58241758241758,13.23076923076923,2.7128862094951014,2271,1811,2583,2976,2204,1484,-700,0,0,150,0,0,-293,-210,-41,51,-37,-65,121,123,121,124,120,123,43,44,44,46,44,45,36,94,4,2,3,11,0,0,0,0,0,0
16.4469,,492,-13.098901098901099,-4.65934065934066,-0.7032967032967034,93.58241758241758,13.23076923076923,2.7128862094951014,2241,1810,2583,2978,2204,1484,-850,0,0,50,0,0,-329,-254,-41,51,-37,-65,121,123,121,124,120,123,43,44,44,46,44,45,39,132,4,3,3,10,0,0,0,0,0,0
16.4803,,493,-16.175824175824175,-4.835164835164835,-0.7032967032967034,93.58241758241758,13.23076923076923,2.637528259231349,2208,1806,2583,2980,2204,1484,-900,-100,0,50,0,0,-345,-238,-41,41,-37,-65,121,123,121,124,120,123,43,44,44,46,44,45,34,110,4,1,4,10,0,0,0,0,0,0
16.5137,,494,-19.34065934065934,-4.835164835164835,-0.7032967032967034,93.58241758241758,13.31868131868132,2.637528259231349,2175,1802,2583,2981,2204,1484,-1000,-100,0,50,0,0,-345,-231,-41,37,-37,-69,121,123,121,124,120,123,43,44,44,46,44,45,38,115,4,0,3,11,0,0,0,0,0,0
16.5472,,495,-22.417582417582416,-4.835164835164835,-0.7032967032967034,93.58241758241758,13.31868131868132,2.637528259231349,2138,1797,2583,2982,2204,1484,-1100,-150,0,50,0,0,-367,-132,-41,34,-34,-69,121,123,121,124,120,123,43,44,44,46,44,45,32,93,4,0,3,11,0,0,0,0,0,0
16.5807,,496,-25.054945054945055,-4.747252747252747,-0.7032967032967034,93.58241758241758,13.31868131868132,2.637528259231349,2100,1792,2583,2983,2204,1484,-1100,-150,0,0,0,0,-355,-199,-41,30,-34,-69,121,123,121,124,120,123,43,44,44,46,44,45,27,64,4,0,2,11,0,0,0,0,0,0
16.6142,,497,-27.516483516483518,-4.571428571428571,-0.7032967032967034,93.58241758241758,13.31868131868132,2.637528259231349,2063,1789,2583,2983,2204,1484,-1150,-150,0,0,0,0,-329,-185,-41,30,-34,-69,121,123,121,124,120,123,43,44,44,46,44,45,16,65,4,0,3,11,0,0,0,0,0,0
16.6476,,498,-29.802197802197803,-4.483516483516484,-0.7032967032967034,93.58241758241758,13.31868131868132,2.637528259231349,2029,1788,2583,2983,2203,1484,-1050,-100,0,0,0,0,-298,-171,-41,30,-30,-69,121,123,121,124,120,123,43,44,44,46,44,45,8,66,4,0,2,11,0,0,0,0,0,0
16.6811,,499,-31.560439560439562,-4.3076923076923075,-0.7032967032967034,93.58241758241758,13.582417582417582,2.637528259231349,1997,1788,2583,2983,2203,1484,-1000,0,0,0,-50,0,-272,-167,-41,30,-30,-69,121,123,121,124,120,123,43,44,44,46,44,45,7,66,4,1,2,11,0,0,0,0,0,0
16.7146,,500,-32.967032967032964,-4.131868131868132,-0.7032967032967034,93.58241758241758,13.846153846153847,2.637528259231349,1966,1788,2583,2983,2203,1484,-900,0,0,0,0,0,-264,-160,-41,30,0,-69,121,123,122,124,121,123,43,44,44,46,44,45,3,61,4,0,1,11,0,0,0,0,0,0
16.748,,501,-34.1978021978022,-4.043956043956044,-0.7032967032967034,93.58241758241758,13.934065934065934,2.637528259231349,1938,1788,2583,2983,2203,1484,-850,0,0,0,0,0,-210,-153,-41,30,23,-69,121,123,122,124,121,123,43,44,44,46,44,45,6,55,4,0,1,11,0,0,0,0,0,0
16.7814,,502,-35.34065934065934,-3.956043956043956,-0.7032967032967034,93.58241758241758,14.021978021978022,2.637528259231349,1914,1788,2583,2983,2203,1484,-800,0,0,0,0,0,-158,-150,-41,30,27,-69,121,123,122,124,121,123,43,44,44,46,44,45,4,53,4,1,1,11,0,0,0,0,0,0
16.8149,,503,-36.48351648351648,-3.956043956043956,-0.7032967032967034,93.58241758241758,14.021978021978022,2.637528259231349,1892,1788,2583,2983,2203,1484,-700,0,0,0,0,0,-118,-146,-41,30,30,-69,121,123,122,124,121,123,43,44,44,46,44,45,1,49,4,1,2,10,0,0,0,0,0,0
16.8484,,504,-37.53846153846154,-3.956043956043956,-0.7032967032967034,93.58241758241758,14.021978021978022,2.637528259231349,1874,1788,2583,2983,2203,1484,-550,0,0,0,0,0,-92,-146,-41,30,30,-69,121,123,122,124,121,123,43,44,44,46,44,45,3,50,4,0,1,11,0,0,0,0,0,0
16.8818,,505,-38.417582417582416,-3.956043956043956,-0.7032967032967034,93.58241758241758,14.10989010989011,2.637528259231349,1859,1788,2583,2983,2203,1484,-500,0,0,0,0,0,-188,-146,-41,30,30,-69,121,123,122,124,121,123,43,44,44,46,44,45,4,52,4,0,1,11,0,0,0,0,0,0
16.9152,,506,-39.032967032967036,-3.956043956043956,-0.7032967032967034,93.49450549450549,14.10989010989011,2.637528259231349,1847,1788,2583,2983,2203,1484,-400,0,0,0,0,0,-171,-146,-41,30,34,-69,121,123,122,124,121,123,43,44,44,46,44,45,5,51,4,0,2,11,0,0,0,0,0,0
16.9487,,507,-39.20879120879121,-3.868131868131868,-0.7032967032967034,93.49450549450549,14.10989010989011,2.637528259231349,1834,1788,2583,2983,2203,1484,-400,0,0,0,0,0,-52,-146,-41,27,34,-69,121,123,122,124,121,123,43,44,44,46,44,45,7,51,4,0,2,11,0,0,0,0,0,0
16.9821,,508,-39.032967032967036,-3.868131868131868,-0.7032967032967034,93.31868131868131,14.10989010989011,2.637528259231349,1825,1788,2583,2983,2203,1484,-300,0,0,0,0,0,-101,-143,-41,27,34,-69,121,123,122,124,121,123,43,44,44,46,44,45,3,49,4,0,2,11,0,0,0,0,0,0
17.0156,,509,-38.417582417582416,-3.78021978021978,-0.7912087912087912,93.23076923076923,14.197802197802197,2.637528259231349,1820,1788,2583,2983,2203,1484,-200,0,0,0,0,0,-76,-143,-41,0,34,-69,121,123,122,124,121,123,43,44,44,46,44,45,5,49,4,0,3,11,0,0,0,0,0,0
17.049,,510,-37.8021978021978,-3.78021978021978,-0.7912087912087912,93.14285714285714,14.197802197802197,2.637528259231349,1817,1788,2583,2983,2203,1484,-100,0,0,0,0,0,-20,-139,-44,0,37,-69,121,124,122,124,121,123,43,44,44,46,44,45,2,47,5,0,3,11,0,0,0,0,0,0
17.0824,,511,-36.395604395604394,-3.78021978021978,-0.7912087912087912,93.14285714285714,14.197802197802197,2.637528259231349,1817,1788,2583,2983,2203,1484,-50,0,0,0,0,0,0,-139,-44,0,37,-69,121,123,122,124,121,123,43,44,44,46,44,45,1,46,4,0,3,11,0,0,0,0,0,0
17.1158,,512,-34.81318681318681,-3.78021978021978,-0.7912087912087912,93.05494505494505,14.197802197802197,2.637528259231349,1818,1788,2583,2983,2203,1484,0,0,0,0,0,0,102,-139,-44,0,37,-69,121,124,122,124,121,123,43,44,44,46,44,45,12,45,4,0,4,11,0,0,0,0,0,0
17.1493,,513,-33.23076923076923,-3.78021978021978,-0.7912087912087912,93.05494505494505,14.197802197802197,2.637528259231349,1820,1788,2583,2983,2203,1484,50,0,0,0,0,0,151,-139,-44,-23,37,-69,121,123,122,124,121,123,43,44,44,46,44,45,11,46,4,0,4,11,0,0,0,0,0,0
17.1827,,514,-31.208791208791208,-3.78021978021978,-0.7912087912087912,93.05494505494505,14.197802197802197,2.637528259231349,1831,1788,2583,2983,2203,1484,300,0,0,0,0,0,194,-139,-44,-23,37,-69,121,123,121,124,121,123,43,44,44,46,44,45,18,45,5,0,3,11,0,0,0,0,0,0
17.2161,,515,-28.747252747252748,-3.78021978021978,-0.7912087912087912,92.96703296703296,14.197802197802197,2.637528259231349,1844,1788,2583,2983,2203,1484,400,0,0,0,0,0,144,-139,-44,-23,37,-69,121,123,121,124,121,123,43,44,44,46,44,45,22,45,6,0,4,11,0,0,0,0,0,0
17.2495,,516,-26.197802197802197,-3.78021978021978,-0.7912087912087912,92.96703296703296,14.197802197802197,2.637528259231349,1858,1788,2583,2983,2203,1484,450,0,0,0,0,0,274,-139,-44,-27,37,-69,121,123,121,124,120,123,43,44,44,46,44,45,40,46,4,0,3,11,0,0,0,0,0,0
17.2829,,517,-23.384615384615383,-3.78021978021978,-0.7912087912087912,92.96703296703296,14.197802197802197,2.637528259231349,1876,1788,2583,2983,2203,1484,550,0,0,0,0,0,310,-139,-44,-27,37,-69,121,123,121,124,120,123,43,44,44,46,44,45,40,46,4,0,4,11,0,0,0,0,0,0
17.3163,,518,-20.835164835164836,-3.78021978021978,-0.7912087912087912,92.96703296703296,14.461538461538462,2.637528259231349,1897,1788,2583,2983,2204,1484,550,0,0,0,50,0,344,-139,-44,-27,34,-69,121,123,121,124,120,123,43,44,44,46,44,45,61,45,5,0,3,10,0,0,0,0,0,0
17.3498,,519,-18.285714285714285,-3.78021978021978,-0.7912087912087912,92.96703296703296,15.428571428571429,2.637528259231349,1921,1788,2583,2983,2204,1484,650,0,0,0,0,0,296,-139,-44,-27,44,-69,121,123,121,124,120,123,43,44,44,46,44,45,72,45,4,0,5,10,0,0,0,0,0,0
17.3833,,520,-15.736263736263735,-3.78021978021978,-0.7912087912087912,92.96703296703296,16.395604395604394,2.637528259231349,1947,1788,2583,2983,2207,1484,800,0,0,0,0,0,303,-139,-44,-27,102,-69,121,123,121,124,120,123,43,44,44,46,44,45,44,45,5,0,5,11,0,0,0,0,0,0
17.4167,,521,-13.274725274725276,-3.78021978021978,-0.7912087912087912,92.96703296703296,17.01098901098901,2.637528259231349,1975,1788,2583,2983,2213,1484,850,0,0,0,150,0,386,-139,-44,-27,108,-69,121,123,121,124,120,123,43,44,44,46,44,45,44,46,5,0,5,11,0,0,0,0,0,0
17.4502,,522,-10.725274725274724,-3.78021978021978,-0.8791208791208791,92.96703296703296,17.36263736263736,2.637528259231349,2004,1788,2583,2983,2222,1484,850,0,0,0,250,0,292,-139,-44,-27,86,-69,121,123,121,124,120,123,43,44,44,46,44,45,45,46,5,0,1,11,0,0,0,0,0,0
17.4837,,523,-8.175824175824175,-3.78021978021978,-0.8791208791208791,92.96703296703296,17.45054945054945,2.637528259231349,2031,1788,2583,2983,2228,1484,800,0,0,0,200,0,316,-139,-48,-27,90,-69,121,123,121,124,120,123,43,44,44,46,44,45,65,45,4,0,7,11,0,0,0,0,0,0
17.5171,,524,-5.802197802197802,-3.78021978021978,-0.967032967032967,92.87912087912088,17.45054945054945,2.637528259231349,2060,1788,2583,2983,2234,1484,850,0,0,0,200,0,315,-139,-48,-27,62,-69,121,123,121,124,120,123,43,44,44,46,44,45,47,45,4,0,3,11,0,0,0,0,0,0
17.5506,,525,-3.340659340659341,-3.78021978021978,-0.967032967032967,92.87912087912088,17.45054945054945,2.637528259231349,2088,1788,2583,2983,2237,1484,850,0,0,0,100,0,304,-139,-51,-30,48,-69,121,123,121,124,120,123,43,44,44,46,44,45,55,45,5,0,3,11,0,0,0,0,0,0
17.5841,,526,-1.2307692307692308,-3.78021978021978,-0.967032967032967,92.87912087912088,17.45054945054945,2.637528259231349,2117,1788,2583,2984,2240,1484,800,0,0,50,100,0,299,-139,-51,-34,37,-69,121,123,121,124,120,123,43,44,44,46,44,45,46,46,6,1,1,10,0,0,0,0,0,0
17.6176,,527,0.7032967032967034,-3.868131868131868,-1.054945054945055,92.87912087912088,17.45054945054945,2.637528259231349,2143,1788,2583,2985,2242,1484,850,0,0,0,50,0,282,-139,-51,-37,30,-69,121,123,121,124,120,123,43,44,44,46,44,45,46,45,6,1,1,10,0,0,0,0,0,0
17.6511,,528,2.7252747252747254,-4.043956043956044,-1.054945054945055,92.87912087912088,17.45054945054945,2.637528259231349,2171,1788,2583,2985,2243,1484,800,0,0,50,50,0,288,-143,-55,-37,27,-69,121,123,121,124,120,123,43,44,44,46,44,45,36,48,7,2,1,10,0,0,0,0,0,0
17.6846,,529,4.483516483516484,-4.3076923076923075,-1.054945054945055,92.87912087912088,17.45054945054945,2.637528259231349,2197,1788,2583,2985,2243,1484,750,0,0,0,0,0,271,-150,-55,-37,27,-69,121,123,121,124,120,123,43,44,44,46,44,45,39,53,6,2,1,11,0,0,0,0,0,0
17.7181,,530,5.802197802197802,-4.65934065934066,-1.054945054945055,92.87912087912088,17.45054945054945,2.637528259231349,2222,1788,2583,2985,2243,1484,750,0,0,0,0,0,247,-160,-55,-37,27,-69,121,123,121,124,120,123,43,44,44,46,44,45,39,62,7,2,1,11,0,0,0,0,0,0
17.7515,,531,6.769230769230769,-4.923076923076923,-1.1428571428571428,92.87912087912088,17.36263736263736,2.637528259231349,2244,1788,2583,2985,2243,1484,700,0,0,0,0,0,206,-174,-55,-37,27,-69,121,123,121,124,120,123,43,44,44,46,44,45,27,73,7,2,1,11,0,0,0,0,0,0
17.785,,532,7.736263736263736,-4.923076923076923,-1.2307692307692308,92.87912087912088,17.36263736263736,2.637528259231349,2266,1788,2583,2985,2243,1484,650,0,0,0,0,0,152,-188,-58,-37,23,-69,121,123,121,124,120,123,43,44,44,46,44,45,27,82,8,1,0,11,0,0,0,0,0,0
17.8185,,533,8.087912087912088,-5.186813186813187,-1.2307692307692308,92.96703296703296,17.36263736263736,2.637528259231349,2284,1788,2583,2985,2243,1484,500,0,0,0,0,0,245,-185,-62,-37,23,-69,121,123,121,124,120,123,43,44,44,46,44,45,22,80,8,2,1,11,0,0,0,0,0,0
17.8519,,534,8.087912087912088,-5.362637362637362,-1.054945054945055,93.05494505494505,17.45054945054945,2.637528259231349,2299,1788,2583,2986,2243,1484,500,0,0,0,0,0,174,-196,-62,-37,23,-69,121,123,121,124,120,123,43,44,44,46,44,45,9,90,8,1,1,11,0,0,0,0,0,0
17.8853,,535,8.0,-5.450549450549451,-0.8791208791208791,93.23076923076923,17.45054945054945,2.637528259231349,2309,1788,2583,2986,2243,1484,350,0,0,0,0,0,132,-203,-55,-34,27,-69,121,123,121,124,120,123,43,44,44,46,44,45,8,95,8,1,1,11,0,0,0,0,0,0
17.9187,,536,7.648351648351649,-5.626373626373627,-0.8791208791208791,93.31868131868131,17.45054945054945,2.637528259231349,2316,1788,2583,2986,2243,1484,250,0,0,0,0,0,97,-206,-48,-27,27,-69,121,123,121,124,120,123,43,44,44,46,44,45,10,98,6,1,1,11,0,0,0,0,0,0
17.9521,,537,7.56043956043956,-5.714285714285714,-0.8791208791208791,93.31868131868131,17.36263736263736,2.637528259231349,2320,1788,2583,2986,2243,1484,100,0,0,0,0,0,69,-213,-48,-23,27,-69,121,123,121,124,120,123,43,44,44,46,44,45,7,105,8,0,0,10,0,0,0,0,0,0
17.9855,,538,7.56043956043956,-6.241758241758242,-0.8791208791208791,93.4065934065934,16.835164835164836,2.637528259231349,2321,1788,2583,2986,2243,1484,50,0,0,0,0,0,62,-217,-48,-23,23,-69,121,123,121,124,120,123,43,44,44,46,44,45,9,105,6,0,1,11,0,0,0,0,0,0
18.0189,,539,7.384615384615385,-7.56043956043956,-0.7912087912087912,93.49450549450549,16.571428571428573,2.637528259231349,2321,1786,2583,2986,2243,1484,0,0,0,0,0,0,62,-243,-48,0,-39,-69,121,123,121,124,120,123,43,44,44,46,44,45,8,114,6,0,2,11,0,0,0,0,0,0
18.0523,,540,7.208791208791209,-9.23076923076923,-0.7912087912087912,93.49450549450549,16.483516483516482,2.637528259231349,2321,1781,2583,2986,2243,1484,0,-150,0,0,0,0,55,-295,-44,0,-41,-69,121,123,121,124,120,123,43,44,44,46,44,45,8,137,5,0,4,11,0,0,0,0,0,0
18.0857,,541,7.208791208791209,-11.428571428571429,-0.7912087912087912,93.49450549450549,16.307692307692307,2.637528259231349,2322,1772,2583,2986,2243,1484,50,-200,0,0,0,0,44,-240,-44,0,-44,-69,121,123,121,124,120,123,43,44,44,46,44,45,5,157,4,0,5,11,0,0,0,0,0,0
18.1191,,542,7.208791208791209,-14.065934065934066,-0.7912087912087912,93.49450549450549,15.868131868131869,2.637528259231349,2322,1759,2583,2986,2243,1484,0,-400,0,0,0,0,44,-385,-44,0,-51,-69,121,123,121,124,120,122,43,44,44,46,44,45,4,165,5,0,6,12,0,0,0,0,0,0
18.1525,,543,7.1208791208791204,-16.967032967032967,-0.7912087912087912,93.49450549450549,14.637362637362637,2.637528259231349,2322,1742,2583,2987,2243,1484,0,-450,0,0,0,0,44,-341,-44,0,-76,-69,120,123,121,123,120,122,43,44,44,46,44,45,4,145,5,0,12,11,0,0,0,0,0,0
18.1859,,544,7.1208791208791204,-20.043956043956044,-0.7912087912087912,93.4065934065934,13.406593406593407,2.637528259231349,2322,1720,2583,2987,2240,1484,0,-600,0,0,0,0,41,-464,-44,0,-137,-69,120,122,121,123,120,122,43,44,44,46,44,45,4,129,5,0,17,12,0,0,0,0,0,0
18.2193,,545,7.1208791208791204,-22.945054945054945,-0.7912087912087912,93.4065934065934,12.791208791208792,2.637528259231349,2322,1694,2583,2987,2231,1484,0,-700,0,0,-200,0,41,-408,-44,-23,-146,-69,120,122,121,123,120,122,43,44,44,46,44,45,4,168,5,0,21,11,0,0,0,0,0,0
18.2527,,546,7.1208791208791204,-25.318681318681318,-0.7912087912087912,93.4065934065934,12.527472527472527,2.637528259231349,2322,1667,2583,2987,2222,1484,0,-900,0,0,-300,0,41,-442,-44,-23,-59,-69,120,123,121,123,120,122,43,44,44,46,44,45,4,166,6,0,15,11,0,0,0,0,0,0
18.2861,,547,7.1208791208791204,-27.692307692307693,-0.7912087912087912,93.4065934065934,12.527472527472527,2.637528259231349,2322,1636,2583,2987,2214,1484,0,-850,0,0,-250,0,41,-432,-44,-23,-108,-69,120,123,121,123,120,122,43,44,44,46,44,45,4,146,5,0,4,11,0,0,0,0,0,0
18.3195,,548,7.1208791208791204,-29.89010989010989,-0.7912087912087912,93.4065934065934,12.43956043956044,2.637528259231349,2322,1603,2583,2987,2209,1484,0,-950,0,0,-150,0,41,-410,-44,-23,-86,-69,120,123,121,124,120,122,43,44,44,46,44,45,4,111,5,0,4,11,0,0,0,0,0,0
18.3529,,549,7.1208791208791204,-31.824175824175825,-0.7912087912087912,93.31868131868131,12.43956043956044,2.637528259231349,2322,1573,2583,2988,2205,1484,0,-950,0,0,-150,0,41,-380,-44,-27,-72,-69,121,123,121,124,120,123,43,44,44,46,44,45,4,102,6,0,9,11,0,0,0,0,0,0
18.3863,,550,7.032967032967033,-33.84615384615385,-0.7912087912087912,93.31868131868131,12.43956043956044,2.637528259231349,2322,1542,2583,2988,2201,1484,0,-950,0,0,-100,0,41,-341,-44,-30,-62,-69,121,123,121,124,120,123,43,44,44,46,44,45,4,89,5,0,4,11,0,0,0,0,0,0
18.4197,,551,7.032967032967033,-35.69230769230769,-0.7912087912087912,93.31868131868131,12.43956043956044,2.637528259231349,2323,1512,2583,2988,2199,1484,50,-900,0,0,-50,0,34,-344,-44,-30,-55,-69,121,123,121,124,120,123,43,44,44,46,44,45,4,81,4,0,4,11,0,0,0,0,0,0
18.4531,,552,7.032967032967033,-37.45054945054945,-0.7912087912087912,93.31868131868131,12.43956043956044,2.637528259231349,2323,1484,2583,2988,2197,1484,0,-800,0,0,-50,0,34,-314,-44,-30,-44,-69,121,123,121,124,120,123,43,44,44,46,44,45,3,71,5,0,4,11,0,0,0,0,0,0
18.4865,,553,6.945054945054945,-38.94505494505494,-0.7912087912087912,93.31868131868131,12.43956043956044,2.637528259231349,2323,1458,2583,2988,2197,1484,0,-850,0,0,-50,0,34,-282,-44,-30,-44,-69,121,123,121,124,121,123,43,44,44,46,44,45,3,59,4,0,4,11,0,0,0,0,0,0
18.5199,,554,6.681318681318682,-40.35164835164835,-0.7912087912087912,93.31868131868131,12.43956043956044,2.637528259231349,2323,1433,2583,2988,2197,1484,0,-750,0,0,0,0,30,-331,-44,-30,-44,-69,121,123,122,124,121,123,43,44,44,46,44,45,3,41,5,0,4,11,0,0,0,0,0,0
18.5533,,555,5.802197802197802,-41.582417582417584,-0.7912087912087912,93.4065934065934,12.43956043956044,2.637528259231349,2323,1410,2583,2988,2197,1484,0,-650,0,0,0,0,0,-295,-44,-30,-44,-69,121,123,122,124,121,123,43,44,44,46,44,45,1,40,6,0,4,10,0,0,0,0,0,0
18.5867,,556,4.65934065934066,-42.72527472527472,-0.7032967032967034,93.4065934065934,12.351648351648352,2.637528259231349,2323,1389,2583,2988,2197,1484,0,-650,0,0,0,0,-73,-210,-44,-27,-44,-69,121,123,122,124,121,123,43,44,44,46,44,45,6,44,5,0,4,11,0,0,0,0,0,0
18.6201,,557,3.340659340659341,-43.78021978021978,-0.7032967032967034,93.4065934065934,12.351648351648352,2.637528259231349,2320,1369,2583,2988,2196,1484,-100,-600,0,0,0,0,-110,-175,-41,-27,-48,-69,121,124,122,124,121,123,43,44,44,46,44,45,13,23,4,0,5,11,0,0,0,0,0,0
18.6535,,558,1.934065934065934,-44.92307692307692,-0.7032967032967034,93.4065934065934,12.263736263736265,2.637528259231349,2314,1351,2583,2988,2195,1484,-150,-550,0,0,-100,0,-143,-233,-41,-27,-41,-69,121,124,122,124,121,123,43,44,44,46,44,45,16,23,4,0,4,11,0,0,0,0,0,0
18.6869,,559,0.6153846153846154,-45.89010989010989,-0.7032967032967034,93.4065934065934,12.175824175824175,2.637528259231349,2303,1335,2583,2988,2195,1484,-300,-500,0,0,0,0,-158,-213,-41,-27,-44,-69,121,124,122,124,121,123,43,44,44,46,44,45,11,23,4,0,5,11,0,0,0,0,0,0
18.7203,,560,-0.43956043956043955,-46.76923076923077,-0.7032967032967034,93.4065934065934,11.208791208791208,2.637528259231349,2290,1319,2583,2989,2195,1484,-400,-500,0,50,0,0,-157,-130,-41,-30,-48,-69,121,124,122,124,121,123,43,44,44,46,44,45,11,23,4,1,6,10,0,0,0,0,0,0
18.7537,,561,-1.054945054945055,-47.38461538461539,-0.7032967032967034,93.4065934065934,9.89010989010989,2.637528259231349,2275,1305,2583,2989,2193,1484,-400,-400,0,0,0,0,-166,-196,-41,-30,-108,-69,121,123,122,124,121,123,43,44,44,46,44,45,9,17,4,0,16,10,0,0,0,0,0,0
18.787,,562,-1.1428571428571428,-48.0,-0.7032967032967034,93.4065934065934,8.835164835164836,2.637528259231349,2262,1291,2583,2989,2187,1484,-350,-450,0,0,-150,0,-126,-153,-41,-30,-139,-69,121,124,122,124,121,123,43,44,44,46,44,45,2,8,4,0,18,11,0,0,0,0,0,0
18.8204,,563,-1.2307692307692308,-48.527472527472526,-0.6153846153846154,93.4065934065934,8.219780219780219,2.637528259231349,2253,1280,2582,2989,2177,1484,-350,-350,-50,0,-300,0,-83,-48,-37,-30,-137,-69,121,124,122,124,121,123,43,44,44,46,44,45,0,9,3,0,9,11,0,0,0,0,0,0
18.8538,,564,-1.3186813186813187,-48.61538461538461,-0.6153846153846154,93.4065934065934,7.78021978021978,2.8636021100226077,2247,1270,2582,2989,2167,1484,-200,-300,0,0,-250,0,55,-108,-34,-30,-23,-69,121,124,122,124,121,123,43,44,44,46,44,45,0,3,3,0,8,11,0,0,0,0,0,0
18.8872,,565,-1.4065934065934067,-48.61538461538461,-0.6153846153846154,93.4065934065934,7.516483516483516,3.089675960813866,2243,1262,2582,2989,2159,1484,-150,-300,0,0,-250,0,-55,-90,-34,-30,-115,-55,121,124,122,124,121,123,43,44,44,46,44,45,2,1,3,0,11,6,0,0,0,0,0,0
18.9206,,566,-1.4945054945054945,-48.7032967032967,-0.6153846153846154,93.4065934065934,7.164835164835165,3.089675960813866,2240,1257,2582,2989,2152,1484,-100,-150,0,0,-250,0,-48,-69,-34,-30,-90,-44,121,124,122,125,121,123,43,44,44,46,44,45,1,1,3,0,6,4,0,0,0,0,0,0
18.954,,567,-1.4945054945054945,-49.31868131868132,-0.6153846153846154,93.49450549450549,6.989010989010989,2.8636021100226077,2238,1253,2582,2989,2147,1484,-50,-150,0,0,-150,0,-41,-55,-34,-30,-79,-44,121,124,122,124,121,123,43,44,44,46,44,45,2,3,3,0,9,4,0,0,0,0,0,0
18.9874,,568,-1.4945054945054945,-50.637362637362635,-0.6153846153846154,93.49450549450549,7.164835164835165,2.8636021100226077,2237,1247,2582,2989,2142,1484,-50,-100,0,0,-150,0,-37,-64,-34,-27,-69,-55,121,124,122,125,121,123,43,44,44,46,44,45,1,2,3,0,6,8,0,0,0,0,0,0
19.0208,,569,-1.4945054945054945,-52.13186813186813,-0.6153846153846154,93.49450549450549,7.78021978021978,2.93896006028636,2233,1239,2582,2989,2139,1484,-100,-250,0,0,-100,0,-27,-105,-34,-27,-55,-55,121,124,122,125,121,123,43,44,44,46,44,45,1,5,3,0,4,7,0,0,0,0,0,0
19.0542,,570,-1.4945054945054945,-53.714285714285715,-0.6153846153846154,93.49450549450549,7.956043956043956,3.014318010550113,2232,1230,2582,2989,2139,1484,-50,-300,0,0,0,0,0,-148,-34,-27,23,-51,121,124,122,125,121,123,43,44,44,46,44,45,0,14,3,0,2,5,0,0,0,0,0,0
19.0876,,571,-1.4945054945054945,-55.032967032967036,-0.6153846153846154,93.49450549450549,7.956043956043956,3.089675960813866,2232,1219,2582,2989,2139,1484,0,-300,0,0,0,0,0,-173,-34,-27,0,-48,121,124,122,124,121,123,43,44,44,46,44,45,0,15,3,0,0,4,0,0,0,0,0,0
19.121,,572,-1.4945054945054945,-55.824175824175825,-0.6153846153846154,93.49450549450549,7.868131868131868,3.089675960813866,2232,1208,2582,2989,2139,1484,0,-350,0,0,0,0,0,-175,-34,-27,0,-44,121,124,122,125,121,123,43,44,44,46,44,45,0,10,3,0,0,4,0,0,0,0,0,0
19.1544,,573,-1.4945054945054945,-56.08791208791209,-0.6153846153846154,93.49450549450549,7.516483516483516,3.089675960813866,2232,1194,2582,2989,2138,1484,0,-400,0,0,0,0,0,-50,-34,-27,0,-44,121,124,122,125,121,123,43,44,44,46,44,45,0,11,3,0,0,4,0,0,0,0,0,0
19.1878,,574,-1.5824175824175823,-56.35164835164835,-0.6153846153846154,93.49450549450549,7.428571428571429,2.7882441597588548,2232,1179,2582,2989,2138,1484,0,-450,0,0,0,0,0,-105,-34,-27,-41,-44,121,124,122,125,121,123,43,44,44,46,44,45,0,1,3,0,3,4,0,0,0,0,0,0
19.2212,,575,-1.5824175824175823,-56.43956043956044,-0.6153846153846154,93.49450549450549,7.252747252747253,2.7128862094951014,2232,1172,2582,2989,2138,1484,0,-250,0,0,0,0,-23,-83,-34,-27,-37,-58,121,124,122,125,121,123,43,44,44,46,44,45,0,3,4,0,4,8,0,0,0,0,0,0
19.2546,,576,-1.6703296703296704,-56.967032967032964,-0.6153846153846154,93.49450549450549,7.164835164835165,2.637528259231349,2232,1164,2582,2989,2138,1484,0,-250,0,0,0,0,-23,-55,-34,-27,-44,-65,121,124,122,125,121,123,43,44,44,46,44,45,1,1,3,0,4,11,0,0,0,0,0,0
19.288,,577,-1.934065934065934,-57.67032967032967,-0.6153846153846154,93.4065934065934,7.076923076923077,2.637528259231349,2231,1157,2581,2989,2138,1484,0,-200,-50,0,0,0,-27,-54,-30,-27,-48,-69,121,124,122,125,121,123,43,44,44,46,44,45,1,3,1,0,5,11,0,0,0,0,0,0
19.3214,,578,-2.901098901098901,-58.285714285714285,-0.6153846153846154,93.4065934065934,7.076923076923077,2.637528259231349,2230,1151,2580,2989,2138,1484,-50,-150,-50,0,0,0,-30,-63,-27,-30,-51,-69,121,124,122,125,121,123,43,44,44,46,44,45,2,1,1,0,7,11,0,0,0,0,0,0
19.3548,,579,-3.956043956043956,-59.252747252747255,-0.5274725274725275,93.4065934065934,7.076923076923077,2.637528259231349,2227,1144,2580,2989,2138,1484,-50,-250,0,0,0,0,-88,-77,-27,-30,-51,-69,121,124,122,125,121,123,43,44,44,46,44,45,8,1,0,0,7,11,0,0,0,0,0,0
19.3882,,580,-5.186813186813187,-60.395604395604394,-0.26373626373626374,93.31868131868131,7.076923076923077,2.637528259231349,2223,1137,2580,2989,2138,1484,-100,-200,0,0,0,0,-112,-100,-23,-30,-51,-69,121,124,122,124,121,123,43,44,44,46,44,45,10,1,0,0,7,11,0,0,0,0,0,0
19.4216,,581,-6.241758241758242,-61.53846153846154,0.0,93.4065934065934,7.076923076923077,2.637528259231349,2215,1129,2582,2989,2138,1484,-150,-250,0,0,0,0,-139,-114,0,-34,-51,-69,121,124,122,125,121,123,43,44,44,46,44,45,8,3,0,0,6,12,0,0,0,0,0,0
19.4552,,582,-6.857142857142857,-62.94505494505494,0.7032967032967034,93.4065934065934,7.076923076923077,2.637528259231349,2205,1120,2584,2989,2138,1484,-300,-300,100,0,0,0,-133,-33,0,-30,-51,-69,121,124,122,125,121,123,43,44,44,46,44,45,6,7,0,0,7,11,0,0,0,0,0,0
19.4887,,583,-7.032967032967033,-64.52747252747253,1.8461538461538463,93.4065934065934,7.164835164835165,2.637528259231349,2194,1109,2588,2989,2138,1484,-300,-300,150,0,0,0,16,-159,54,-30,-51,-69,121,124,122,125,121,123,43,44,44,46,44,45,7,4,0,0,7,11,0,0,0,0,0,0
19.5221,,584,-7.032967032967033,-65.75824175824175,3.5164835164835164,93.31868131868131,7.164835164835165,2.637528259231349,2186,1095,2594,2989,2137,1484,-250,-350,150,0,0,0,-86,-88,-33,-30,-48,-69,121,124,122,125,121,123,43,44,44,46,44,45,5,3,0,0,5,11,0,0,0,0,0,0
19.5555,,585,-7.032967032967033,-67.16483516483517,5.802197802197802,93.23076923076923,7.164835164835165,2.637528259231349,2181,1080,2601,2989,2137,1484,-200,-450,200,0,-50,0,-65,-161,38,-34,-44,-69,121,124,122,125,121,123,43,44,44,46,44,45,3,2,4,1,4,11,0,0,0,0,0,0
19.5889,,586,-7.032967032967033,-68.65934065934066,8.351648351648352,93.05494505494505,7.164835164835165,2.637528259231349,2178,1065,2614,2989,2137,1484,-100,-450,350,0,0,0,-51,-75,173,-37,-44,-69,121,124,122,124,121,123,43,44,44,46,44,45,2,1,8,2,4,11,0,0,0,0,0,0
19.6224,,587,-7.032967032967033,-70.15384615384616,11.076923076923077,92.96703296703296,7.076923076923077,2.637528259231349,2175,1048,2630,2989,2137,1484,-100,-450,500,0,0,0,-41,-157,230,-44,-44,-69,121,124,122,124,121,123,43,44,44,46,44,45,2,0,16,4,4,11,0,0,0,0,0,0
19.6558,,588,-7.032967032967033,-71.56043956043956,13.626373626373626,92.87912087912088,7.076923076923077,2.637528259231349,2173,1031,2651,2989,2137,1484,-50,-550,550,0,0,0,-34,-92,266,-48,-48,-69,121,124,122,124,121,123,43,44,44,46,44,45,1,0,8,5,6,11,0,0,0,0,0,0
19.6893,,589,-7.032967032967033,-72.79120879120879,15.912087912087912,92.79120879120879,7.076923076923077,2.637528259231349,2172,1013,2674,2989,2137,1484,-50,-500,700,0,0,0,-30,-168,283,-51,-48,-69,121,124,122,124,121,123,43,44,44,46,44,45,1,0,7,5,5,11,0,0,0,0,0,0
19.7228,,590,-7.032967032967033,-74.02197802197803,18.021978021978022,92.79120879120879,7.076923076923077,2.637528259231349,2171,998,2700,2989,2137,1484,-50,-500,750,0,0,0,-27,-66,194,-55,-48,-69,121,124,122,124,121,123,43,44,44,46,44,45,1,0,6,6,5,11,0,0,0,0,0,0
19.7564,,591,-7.1208791208791204,-75.25274725274726,20.043956043956044,92.79120879120879,7.076923076923077,2.637528259231349,2171,982,2727,2989,2137,1484,0,-450,800,0,0,0,-27,-53,265,-55,-48,-69,121,124,122,124,121,123,43,44,44,46,44,45,0,0,1,5,6,11,0,0,0,0,0,0
19.7898,,592,-7.1208791208791204,-76.3076923076923,21.89010989010989,92.79120879120879,7.076923076923077,2.637528259231349,2171,967,2754,2989,2137,1484,0,-450,750,0,0,0,-30,-44,193,-55,-48,-69,121,124,122,124,121,123,43,44,44,46,44,45,3,0,0,6,5,11,0,0,0,0,0,0
19.8232,,593,-7.1208791208791204,-77.36263736263736,23.64835164835165,92.79120879120879,7.076923076923077,2.637528259231349,2171,953,2779,2989,2137,1484,0,-400,850,0,0,0,-30,-145,254,-55,-48,-69,121,124,122,125,121,123,43,44,44,46,44,45,2,2,0,5,5,11,0,0,0,0,0,0
19.8567,,594,-7.1208791208791204,-78.50549450549451,25.406593406593405,92.79120879120879,7.076923076923077,2.637528259231349,2171,940,2804,2989,2137,1484,0,-400,750,0,0,0,-30,-50,144,-55,-48,-69,121,124,122,124,121,123,43,44,44,46,44,45,2,0,0,5,5,11,0,0,0,0,0,0
19.8901,,595,-7.1208791208791204,-79.64835164835165,27.252747252747252,92.79120879120879,7.076923076923077,2.637528259231349,2171,927,2827,2989,2137,1484,0,-400,700,0,0,0,-30,-44,211,-55,-48,-69,121,124,122,125,121,123,43,44,44,46,44,45,2,1,0,6,5,11,0,0,0,0,0,0
19.9236,,596,-7.208791208791209,-80.52747252747253,28.923076923076923,92.79120879120879,7.076923076923077,2.637528259231349,2171,914,2851,2989,2137,1484,0,-350,700,0,0,0,-30,-38,111,-55,-48,-69,121,124,122,124,121,123,43,44,44,46,44,45,3,0,0,6,5,11,0,0,0,0,0,0
19.957,,597,-7.208791208791209,-80.52747252747253,30.153846153846153,92.79120879120879,6.989010989010989,2.637528259231349,2171,902,2871,2989,2137,1484,0,-350,650,0,0,0,-34,-45,212,-55,-48,-69,121,124,122,124,121,123,43,44,44,46,44,45,3,2,0,5,6,11,0,0,0,0,0,0
19.9905,,598,-7.208791208791209,-80.52747252747253,31.032967032967033,92.79120879120879,6.989010989010989,2.637528259231349,2171,892,2893,2989,2137,1484,0,-250,650,0,0,0,-34,52,88,-55,-51,-69,121,124,122,124,121,123,43,44,44,46,44,45,3,0,0,6,8,11,0,0,0,0,0,0
20.024,,599,-7.2967032967032965,-80.52747252747253,31.384615384615383,92.79120879120879,6.989010989010989,2.637528259231349,2171,887,2912,2989,2137,1484,0,-200,600,0,0,0,-34,-44,127,-55,-51,-69,121,124,122,124,121,123,43,44,44,46,44,45,3,2,0,6,6,11,0,0,0,0,0,0
20.0575,,600,-7.824175824175824,-80.61538461538461,31.736263736263737,92.7032967032967,6.989010989010989,2.637528259231349,2171,883,2927,2989,2137,1484,0,-100,550,0,0,0,-37,-30,-52,-55,-51,-69,121,124,122,124,121,123,43,44,44,46,44,45,3,0,0,5,7,10,0,0,0,0,0,0
20.091,,601,-8.43956043956044,-80.61538461538461,32.0,92.7032967032967,6.989010989010989,2.637528259231349,2170,881,2936,2989,2137,1484,0,-50,300,0,0,0,-61,-23,62,-58,-51,-69,121,124,122,124,121,123,43,44,44,46,44,45,5,0,0,8,6,11,0,0,0,0,0,0
20.1244,,602,-8.967032967032967,-80.61538461538461,32.879120879120876,92.7032967032967,7.076923076923077,2.637528259231349,2166,879,2943,2989,2137,1484,-100,-50,250,0,0,0,48,0,41,-58,-51,-69,121,124,122,124,121,123,43,44,44,46,44,45,7,0,0,8,6,11,0,0,0,0,0,0
20.1578,,603,-9.142857142857142,-80.61538461538461,33.934065934065934,92.7032967032967,7.076923076923077,2.637528259231349,2161,879,2949,2989,2137,1484,-150,0,150,0,0,0,-91,0,76,-58,-48,-69,121,124,122,124,121,123,43,44,44,46,44,45,1,0,0,8,6,11,0,0,0,0,0,0
20.1912,,604,-9.142857142857142,-80.61538461538461,35.252747252747255,91.82417582417582,7.164835164835165,2.637528259231349,2155,879,2956,2989,2137,1484,-200,0,250,0,0,0,59,0,-33,-58,-48,-69,121,124,122,124,121,123,43,44,44,46,44,45,0,0,0,8,5,10,0,0,0,0,0,0
20.2246,,605,-9.142857142857142,-80.61538461538461,36.83516483516483,89.71428571428571,7.076923076923077,2.637528259231349,2152,878,2966,2989,2137,1484,-100,0,300,0,0,0,-48,0,107,-117,-44,-69,121,124,122,124,121,123,43,44,44,46,44,45,1,0,4,22,5,11,0,0,0,0,0,0
20.258,,606,-9.142857142857142,-80.61538461538461,38.505494505494504,87.34065934065934,7.076923076923077,2.637528259231349,2150,878,2979,2984,2137,1484,-50,0,300,0,0,0,-37,0,145,-194,-48,-69,121,124,122,124,121,123,43,44,44,46,44,45,1,0,1,29,5,11,0,0,0,0,0,0
20.2915,,607,-9.142857142857142,-80.61538461538461,40.61538461538461,84.87912087912088,7.076923076923077,2.637528259231349,2147,878,2992,2972,2137,1484,-100,0,400,-300,0,0,-30,0,74,-159,-48,-69,121,123,122,124,121,123,43,44,44,46,44,45,1,0,2,31,5,11,0,0,0,0,0,0
20.325,,608,-9.23076923076923,-80.61538461538461,42.81318681318681,82.76923076923077,7.076923076923077,2.637528259231349,2146,878,3009,2955,2137,1484,0,0,500,-450,0,0,94,0,184,-194,-48,-69,121,123,122,124,121,123,43,44,44,46,44,45,0,0,1,42,5,11,0,0,0,0,0,0
20.3585,,609,-9.23076923076923,-80.61538461538461,45.27472527472528,81.18681318681318,7.076923076923077,2.637528259231349,2146,878,3028,2936,2137,1484,-50,0,550,-600,0,0,-27,0,201,-227,-48,-69,121,123,122,124,121,123,43,44,44,46,44,45,1,0,1,38,5,11,0,0,0,0,0,0
20.3919,,610,-9.23076923076923,-80.61538461538461,47.91208791208791,80.04395604395604,7.076923076923077,2.637528259231349,2146,878,3050,2913,2137,1484,0,0,600,-600,0,0,-27,0,134,-211,-48,-69,121,123,122,124,120,123,43,44,44,46,44,45,2,0,0,33,5,12,0,0,0,0,0,0
20.4254,,611,-9.23076923076923,-80.61538461538461,50.54945054945055,79.07692307692308,7.076923076923077,2.637528259231349,2146,878,3072,2892,2137,1484,0,0,700,-600,0,0,-27,0,173,-169,-48,-69,121,123,122,124,121,123,43,44,44,46,44,45,1,0,2,22,5,11,0,0,0,0,0,0
20.4589,,612,-9.23076923076923,-80.61538461538461,53.0989010989011,78.54945054945055,7.076923076923077,2.637528259231349,2146,878,3098,2874,2137,1484,0,0,750,-550,0,0,-27,0,186,-131,-48,-69,121,124,122,124,121,123,43,44,44,46,44,45,1,0,1,16,5,11,0,0,0,0,0,0
20.4924,,613,-9.31868131868132,-80.61538461538461,55.56043956043956,78.02197802197803,7.076923076923077,2.637528259231349,2146,878,3126,2859,2137,1484,0,0,850,-500,0,0,-27,0,188,-114,-48,-69,121,124,122,124,121,123,43,44,44,46,44,45,2,0,0,14,4,11,0,0,0,0,0,0
20.5257,,614,-9.582417582417582,-80.61538461538461,57.934065934065934,77.4065934065934,7.076923076923077,2.637528259231349,2146,878,3155,2847,2137,1484,0,0,900,-400,0,0,-30,0,180,-170,-48,-69,121,124,122,124,121,123,43,44,44,46,44,45,2,0,0,13,6,11,0,0,0,0,0,0
20.5592,,615,-9.67032967032967,-80.61538461538461,59.34065934065934,77.05494505494505,7.076923076923077,2.637528259231349,2146,878,3184,2836,2137,1484,0,0,850,-350,0,0,-41,0,195,-157,-48,-69,121,124,122,124,121,123,43,44,44,46,44,45,4,0,0,15,6,11,0,0,0,0,0,0
20.5926,,616,-10.197802197802197,-80.52747252747253,59.956043956043956,77.05494505494505,7.076923076923077,2.637528259231349,2145,878,3214,2828,2137,1484,0,0,850,-250,0,0,-41,0,145,-122,-48,-69,121,124,122,124,121,123,43,44,44,46,44,45,4,0,0,6,5,10,0,0,0,0,0,0
20.626,,617,-11.076923076923077,-80.43956043956044,60.30769230769231,77.05494505494505,7.076923076923077,2.637528259231349,2142,879,3241,2821,2137,1484,-100,50,900,-200,0,0,-70,0,42,-97,-48,-69,121,124,122,125,121,123,43,44,44,46,44,45,5,0,0,11,4,11,0,0,0,0,0,0
20.6595,,618,-12.219780219780219,-80.43956043956044,61.362637362637365,77.05494505494505,7.164835164835165,2.637528259231349,2138,880,3260,2818,2137,1484,-100,0,700,-100,0,0,-99,0,58,-86,-48,-69,121,124,122,124,121,123,43,44,44,46,44,45,9,0,0,11,5,10,0,0,0,0,0,0
20.693,,619,-13.538461538461538,-80.43956043956044,63.120879120879124,77.05494505494505,7.516483516483516,2.637528259231349,2132,884,3270,2816,2137,1484,-150,100,350,-100,0,0,-122,-27,-39,-79,-44,-69,121,124,122,124,121,123,43,44,44,46,44,45,8,6,0,6,4,11,0,0,0,0,0,0
20.7265,,620,-14.76923076923077,-80.43956043956044,65.23076923076923,77.05494505494505,7.6923076923076925,2.637528259231349,2123,881,3281,2815,2137,1484,-250,0,350,-50,0,0,-56,0,130,-72,-30,-69,121,124,122,124,121,123,43,44,44,46,44,45,12,2,0,8,1,11,0,0,0,0,0,0
20.76,,621,-15.736263736263735,-80.43956043956044,67.51648351648352,77.05494505494505,7.6923076923076925,2.637528259231349,2111,879,3295,2813,2137,1484,-350,-100,400,-100,0,0,-56,23,166,-65,-23,-69,121,123,122,124,121,123,43,44,44,46,44,45,10,0,1,9,0,11,0,0,0,0,0,0
20.7934,,622,-16.263736263736263,-80.43956043956044,69.27472527472527,76.96703296703296,7.6923076923076925,2.637528259231349,2099,879,3313,2812,2137,1484,-400,0,500,0,0,0,-70,23,105,-62,-23,-69,121,123,122,124,121,123,43,44,44,46,44,45,10,0,0,8,0,11,0,0,0,0,0,0
20.8269,,623,-16.35164835164835,-80.43956043956044,70.5934065934066,76.96703296703296,7.78021978021978,2.637528259231349,2089,880,3334,2811,2137,1484,-300,0,650,-50,0,0,-119,23,98,-62,-23,-69,121,124,122,124,121,123,43,44,44,46,44,45,4,0,0,9,1,10,0,0,0,0,0,0
20.8604,,624,-16.35164835164835,-80.43956043956044,72.0,76.96703296703296,7.78021978021978,2.637528259231349,2080,880,3357,2810,2137,1484,-300,0,650,0,0,0,-83,0,143,-58,0,-69,121,124,122,124,121,123,43,44,44,46,44,45,3,0,0,4,0,10,0,0,0,0,0,0
20.8938,,625,-16.263736263736263,-80.52747252747253,73.4065934065934,76.96703296703296,7.78021978021978,2.637528259231349,2075,880,3378,2809,2137,1484,-200,0,650,-50,0,0,-65,0,67,-55,0,-69,121,124,122,124,121,123,43,44,44,46,44,45,2,0,0,6,0,11,0,0,0,0,0,0
20.9273,,626,-16.175824175824175,-80.52747252747253,74.72527472527473,76.96703296703296,7.604395604395604,2.637528259231349,2072,880,3398,2809,2137,1484,-100,0,600,0,0,0,-51,0,133,-55,0,-69,121,124,122,125,121,123,43,44,44,46,44,45,2,0,0,6,0,11,0,0,0,0,0,0
20.9608,,627,-16.087912087912088,-80.52747252747253,76.21978021978022,76.96703296703296,7.604395604395604,2.637528259231349,2070,880,3416,2809,2137,1484,-100,0,600,0,0,0,-37,0,24,-55,-27,-69,121,124,122,124,121,123,43,44,44,46,44,45,2,0,0,6,2,10,0,0,0,0,0,0
20.9942,,628,-16.0,-80.52747252747253,77.36263736263736,76.96703296703296,7.252747252747253,2.637528259231349,2069,880,3432,2809,2137,1484,-50,0,500,0,0,0,-30,0,111,-55,-27,-69,121,124,122,124,121,123,43,44,44,46,44,45,0,0,0,5,0,11,0,0,0,0,0,0
21.0276,,629,-15.56043956043956,-80.52747252747253,77.62637362637362,76.96703296703296,7.252747252747253,2.637528259231349,2068,880,3448,2809,2137,1484,-50,0,450,0,0,0,-23,0,89,-55,-41,-69,121,124,122,125,121,123,43,44,44,46,44,45,1,0,0,5,5,11,0,0,0,0,0,0
21.0611,,630,-15.56043956043956,-80.52747252747253,77.8021978021978,76.96703296703296,7.252747252747253,2.637528259231349,2068,881,3459,2809,2137,1484,0,0,300,0,0,0,27,0,-66,-55,-41,-69,121,124,122,125,121,123,43,44,44,46,44,45,2,0,0,5,4,11,0,0,0,0,0,0
21.0945,,631,-15.56043956043956,-80.52747252747253,78.41758241758242,77.05494505494505,7.164835164835165,2.637528259231349,2068,884,3466,2809,2137,1484,0,100,250,0,0,0,27,-30,30,-55,-41,-69,121,124,122,124,121,123,43,44,44,46,44,45,2,1,0,6,4,11,0,0,0,0,0,0
21.1279,,632,-15.736263736263735,-80.52747252747253,79.73626373626374,77.05494505494505,7.428571428571429,2.637528259231349,2068,883,3472,2809,2137,1484,0,0,150,0,0,0,27,-27,45,-51,-44,-69,121,124,122,124,121,123,43,44,44,46,44,45,1,0,0,5,4,11,0,0,0,0,0,0
21.1613,,633,-15.736263736263735,-80.52747252747253,81.31868131868131,77.05494505494505,7.604395604395604,2.637528259231349,2068,880,3478,2809,2137,1484,0,-100,200,0,0,0,0,0,87,-51,-34,-69,121,124,122,124,121,123,43,44,44,46,44,45,0,0,0,5,3,11,0,0,0,0,0,0
21.1947,,634,-16.087912087912088,-80.52747252747253,82.81318681318682,77.05494505494505,7.6923076923076925,2.637528259231349,2068,880,3488,2809,2137,1484,0,0,200,0,0,0,0,0,131,-51,-27,-69,121,124,122,125,121,123,43,44,44,46,44,45,0,0,2,4,1,11,0,0,0,0,0,0
21.2281,,635,-16.087912087912088,-80.52747252747253,84.13186813186813,77.05494505494505,7.6923076923076925,2.637528259231349,2068,880,3502,2805,2132,1484,0,0,450,0,0,0,-27,0,141,-37,0,-69,121,124,122,125,121,123,43,44,44,46,44,45,2,0,0,4,0,11,0,0,0,0,0,0
21.2615,,636,-16.087912087912088,-80.52747252747253,85.27472527472527,77.05494505494505,7.6923076923076925,2.637528259231349,2068,879,3514,2799,2130,1484,0,0,350,-150,-100,0,-27,0,145,0,34,-69,121,124,122,125,121,123,43,44,44,46,44,45,2,0,1,1,2,11,0,0,0,0,0,0
21.2949,,637,-16.087912087912088,-80.52747252747253,86.06593406593407,77.05494505494505,7.6923076923076925,2.637528259231349,2068,879,3521,2797,2129,1484,0,-50,300,-50,-50,0,-27,0,153,193,37,-69,122,124,122,125,121,123,43,44,44,46,44,45,2,0,3,0,3,10,0,0,0,0,0,0
21.3283,,638,-15.912087912087912,-80.52747252747253,86.76923076923077,77.05494505494505,7.6923076923076925,2.637528259231349,2068,878,3527,2796,2127,1484,0,-50,150,0,-50,0,-27,23,147,27,44,-69,121,124,122,124,121,123,43,44,44,46,44,45,2,0,24,0,5,10,0,0,0,0,0,0
21.3617,,639,-15.56043956043956,-80.52747252747253,87.73626373626374,77.05494505494505,7.6923076923076925,2.637528259231349,2068,878,3531,2796,2127,1484,0,0,100,0,0,0,0,23,96,27,44,-69,121,124,122,124,121,123,43,44,44,46,44,45,1,0,38,0,4,11,0,0,0,0,0,0
21.3951,,640,-15.56043956043956,-80.52747252747253,88.61538461538461,77.05494505494505,7.6923076923076925,2.637528259231349,2068,878,3538,2796,2126,1484,0,0,200,0,-50,0,34,23,197,27,48,-69,121,124,122,124,121,123,43,44,44,46,44,45,1,0,50,0,5,12,0,0,0,0,0,0
21.4285,,641,-15.56043956043956,-80.52747252747253,89.75824175824175,77.14285714285714,7.6923076923076925,2.637528259231349,2068,878,3546,2796,2126,1484,0,0,250,0,0,0,27,23,196,27,48,-69,121,123,122,124,121,123,43,44,44,46,44,45,2,0,42,0,5,11,0,0,0,0,0,0
21.4619,,642,-15.56043956043956,-80.52747252747253,89.84615384615384,77.14285714285714,7.78021978021978,2.637528259231349,2068,878,3552,2795,2126,1484,0,0,150,0,0,0,27,23,227,30,48,-69,121,123,122,124,121,123,43,44,44,46,44,45,1,0,51,2,5,11,0,0,0,0,0,0
21.4953,,643,-15.56043956043956,-80.52747252747253,89.84615384615384,77.14285714285714,7.78021978021978,2.7128862094951014,2068,877,3555,2794,2126,1484,0,-50,150,-50,0,0,27,27,111,37,51,-69,121,123,121,124,121,123,43,44,44,46,44,45,1,2,64,7,7,11,0,0,0,0,0,0
21.5287,,644,-15.56043956043956,-80.52747252747253,89.84615384615384,77.14285714285714,7.78021978021978,2.7128862094951014,2068,877,3556,2794,2126,1484,0,0,50,0,0,0,27,27,192,37,51,-65,121,123,121,124,120,123,43,44,44,46,44,45,2,1,81,3,6,10,0,0,0,0,0,0
21.5621,,645,-15.56043956043956,-80.52747252747253,89.84615384615384,77.14285714285714,7.78021978021978,2.7128862094951014,2068,877,3556,2794,2126,1484,0,0,0,0,0,0,27,27,192,37,51,-65,121,123,121,124,120,123,43,44,44,46,44,45,1,0,83,3,7,10,0,0,0,0,0,0
21.5955,,646,-15.56043956043956,-80.52747252747253,89.84615384615384,77.14285714285714,7.78021978021978,2.7128862094951014,2068,877,3556,2794,2126,1484,0,0,0,0,0,0,27,27,192,37,51,-65,121,123,121,124,120,123,43,44,44,46,44,45,0,0,83,2,6,10,0,0,0,0,0,0
21.6289,,647,-15.56043956043956,-80.52747252747253,89.84615384615384,77.14285714285714,7.78021978021978,2.7128862094951014,2068,877,3556,2794,2126,1484,0,0,0,0,0,0,27,27,192,37,51,-65,121,123,121,124,120,123,43,44,44,46,44,45,1,0,83,2,8,10,0,0,0,0,0,0
21.6625,,648,-15.56043956043956,-80.52747252747253,89.84615384615384,77.14285714285714,7.78021978021978,2.7128862094951014,2068,877,3556,2794,2126,1484,0,0,0,0,0,0,27,27,192,37,51,-65,121,123,121,124,120,123,43,44,44,46,44,45,2,0,84,2,8,11,0,0,0,0,0,0
