t,marker,frame_idx,goal_pos.shoulder_pan,goal_pos.shoulder_lift,goal_pos.elbow_flex,goal_pos.wrist_flex,goal_pos.wrist_roll,goal_pos.gripper,pos.shoulder_pan,pos.shoulder_lift,pos.elbow_flex,pos.wrist_flex,pos.wrist_roll,pos.gripper,vel.shoulder_pan,vel.shoulder_lift,vel.elbow_flex,vel.wrist_flex,vel.wrist_roll,vel.gripper,load.shoulder_pan,load.shoulder_lift,load.elbow_flex,load.wrist_flex,load.wrist_roll,load.gripper,volt.shoulder_pan,volt.shoulder_lift,volt.elbow_flex,volt.wrist_flex,volt.wrist_roll,volt.gripper,temp.shoulder_pan,temp.shoulder_lift,temp.elbow_flex,temp.wrist_flex,temp.wrist_roll,temp.gripper,curr.shoulder_pan,curr.shoulder_lift,curr.elbow_flex,curr.wrist_flex,curr.wrist_roll,curr.gripper,goal2.shoulder_pan,goal2.shoulder_lift,goal2.elbow_flex,goal2.wrist_flex,goal2.wrist_roll,goal2.gripper
0.0,,0,-8.527472527472527,-80.52747252747253,91.86813186813187,69.84615384615384,5.670329670329671,2.4868123587038435,2071,870,3608,2744,2130,1484,0,0,0,0,0,0,0,0,0,34,44,-65,122,124,123,125,122,124,43,44,43,46,44,45,0,0,0,0,0,0,0,0,0,0,0,0
0.0334,,1,-8.43956043956044,-80.52747252747253,91.86813186813187,69.84615384615384,5.670329670329671,2.4868123587038435,2072,870,3608,2742,2131,1484,0,0,0,0,0,0,120,68,84,-98,-195,-97,122,124,122,125,121,124,43,44,43,46,44,45,10,6,8,8,6,14,0,0,0,0,0,0
0.0668,,2,-8.43956043956044,-80.52747252747253,91.86813186813187,69.84615384615384,5.670329670329671,2.4868123587038435,2082,870,3617,2735,2124,1482,250,0,300,-200,-300,0,270,51,69,-90,45,-69,122,124,122,125,121,124,43,44,44,46,44,45,53,6,1,3,6,11,0,0,0,0,0,0
0.1002,,3,-8.43956043956044,-80.52747252747253,91.86813186813187,69.84615384615384,5.670329670329671,2.4868123587038435,2100,870,3624,2729,2123,1481,550,0,250,-200,-150,-50,247,51,41,-58,-55,-65,122,124,122,125,121,124,43,44,43,46,44,45,28,5,0,1,4,10,0,0,0,0,0,0
0.1336,,4,-8.43956043956044,-80.52747252747253,91.86813186813187,69.84615384615384,5.670329670329671,2.4868123587038435,2115,870,3628,2725,2121,1479,500,0,200,-150,-100,-50,69,51,0,-48,-48,-58,122,124,122,125,121,124,43,44,43,46,44,45,9,5,0,2,3,7,0,0,0,0,0,0
0.167,,5,-8.43956043956044,-80.52747252747253,91.86813186813187,69.84615384615384,5.670329670329671,2.4868123587038435,2127,870,3633,2721,2117,1478,350,0,150,-150,-50,-50,108,51,-30,87,-34,-55,122,124,122,125,121,124,43,44,44,46,44,45,1,5,1,0,1,6,0,0,0,0,0,0
0.2004,,6,-8.43956043956044,-80.52747252747253,91.86813186813187,69.84615384615384,5.670329670329671,2.4868123587038435,2135,870,3633,2719,2116,1478,300,0,50,-100,-100,0,79,51,-30,-23,-30,-55,122,124,122,125,121,124,43,44,43,46,44,45,0,5,0,0,2,7,0,0,0,0,0,0
0.2338,,7,-8.43956043956044,-80.52747252747253,91.86813186813187,69.84615384615384,5.670329670329671,2.4868123587038435,2139,870,3633,2718,2116,1478,150,0,0,-50,0,0,69,51,-30,0,-30,-55,122,124,122,125,121,124,43,44,43,46,44,45,1,5,0,0,0,6,0,0,0,0,0,0
0.2672,,8,-8.43956043956044,-80.52747252747253,91.86813186813187,69.84615384615384,5.670329670329671,2.4868123587038435,2142,870,3633,2718,2115,1478,100,0,0,0,0,0,55,51,-30,0,-27,-55,122,124,122,125,121,124,43,44,43,46,44,45,2,6,0,0,0,7,0,0,0,0,0,0
0.3006,,9,-8.43956043956044,-80.52747252747253,91.78021978021978,69.84615384615384,5.670329670329671,2.4868123587038435,2145,870,3633,2718,2115,1478,100,0,0,0,0,0,44,51,-30,0,-27,-55,122,124,122,125,121,124,43,44,44,46,44,45,2,5,0,0,1,7,0,0,0,0,0,0
0.334,,10,-8.43956043956044,-80.52747252747253,91.6923076923077,69.84615384615384,5.670329670329671,2.4868123587038435,2146,870,3633,2718,2115,1478,50,0,0,0,0,0,37,51,-34,0,-27,-55,122,124,122,125,121,124,43,44,43,46,44,45,2,4,1,0,0,8,0,0,0,0,0,0
0.3674,,11,-8.43956043956044,-80.52747252747253,91.6043956043956,70.02197802197803,5.670329670329671,2.4868123587038435,2147,870,3633,2718,2115,1478,50,0,0,0,0,0,34,51,-37,0,-27,-55,122,124,122,125,121,124,43,44,43,46,44,45,1,5,1,0,1,6,0,0,0,0,0,0
0.4008,,12,-8.43956043956044,-80.52747252747253,91.51648351648352,70.10989010989012,5.758241758241758,2.562170308967596,2147,870,3633,2718,2115,1478,0,0,0,0,0,0,34,51,-41,0,-27,-55,122,124,122,125,121,124,43,44,43,46,44,45,3,6,1,0,1,7,0,0,0,0,0,0
0.4343,,13,-8.43956043956044,-80.52747252747253,91.42857142857143,70.10989010989012,5.846153846153846,2.562170308967596,2147,870,3633,2718,2115,1478,0,0,0,0,0,0,34,51,-44,23,-23,-51,122,124,122,125,121,124,42,44,43,46,44,45,3,6,3,0,0,6,0,0,0,0,0,0
0.4676,,14,-8.527472527472527,-80.52747252747253,91.16483516483517,70.10989010989012,5.846153846153846,2.562170308967596,2147,870,3633,2718,2115,1478,0,0,0,0,0,0,34,51,-48,23,0,-51,122,124,122,125,121,124,43,44,43,46,44,45,3,5,4,0,0,6,0,0,0,0,0,0
0.501,,15,-8.527472527472527,-80.52747252747253,90.54945054945055,70.02197802197803,5.934065934065934,2.562170308967596,2147,870,3633,2718,2115,1478,0,0,0,0,0,0,30,51,-59,23,0,-51,122,124,122,125,121,124,43,44,43,46,44,45,2,6,6,0,0,6,0,0,0,0,0,0
0.5345,,16,-8.527472527472527,-80.52747252747253,89.23076923076923,70.02197802197803,5.934065934065934,2.562170308967596,2147,870,3633,2718,2115,1478,0,0,0,0,0,0,30,51,-99,0,0,-51,122,124,122,125,121,124,43,44,44,46,44,45,1,6,17,0,0,7,0,0,0,0,0,0
0.5679,,17,-8.527472527472527,-80.43956043956044,87.47252747252747,70.02197802197803,5.934065934065934,2.562170308967596,2147,870,3633,2718,2115,1478,0,0,0,0,0,0,30,51,-162,0,0,-51,122,124,122,125,121,124,42,44,43,46,44,45,2,5,42,0,0,7,0,0,0,0,0,0
0.6013,,18,-8.527472527472527,-80.17582417582418,85.27472527472527,70.10989010989012,6.021978021978022,2.562170308967596,2147,870,3630,2718,2115,1478,0,0,0,0,0,0,30,55,-225,0,0,-51,122,124,122,125,121,124,43,44,43,46,44,45,2,7,78,0,0,6,0,0,0,0,0,0
0.6348,,19,-8.527472527472527,-79.47252747252747,82.98901098901099,70.10989010989012,6.021978021978022,2.562170308967596,2147,872,3624,2719,2115,1478,0,0,-200,0,0,0,30,62,-289,23,0,-51,122,124,122,125,121,124,43,44,43,46,44,45,2,7,114,0,0,7,0,0,0,0,0,0
0.6682,,20,-8.615384615384615,-77.36263736263736,80.7032967032967,70.02197802197803,6.1098901098901095,2.562170308967596,2147,875,3609,2719,2114,1478,0,100,-450,100,0,0,30,84,-343,0,0,-51,121,124,122,125,121,123,43,44,43,46,44,45,2,7,110,0,0,5,0,0,0,0,0,0
0.7016,,21,-8.791208791208792,-74.28571428571429,78.24175824175825,70.02197802197803,6.9010989010989015,2.562170308967596,2147,885,3596,2720,2117,1478,0,150,-400,0,-150,0,27,144,-298,0,27,-51,121,124,122,124,121,123,43,44,43,46,44,45,2,12,125,0,1,6,0,0,0,0,0,0
0.735,,22,-9.142857142857142,-70.32967032967034,75.6043956043956,70.02197802197803,8.131868131868131,2.562170308967596,2148,896,3578,2723,2118,1478,50,550,-550,150,50,0,0,234,-418,-30,64,-51,121,123,122,124,121,123,43,44,43,46,44,45,0,31,156,0,4,6,0,0,0,0,0,0
0.7684,,23,-9.142857142857142,-66.02197802197803,72.7032967032967,70.02197802197803,9.010989010989011,2.562170308967596,2147,912,3559,2723,2123,1478,-50,300,-550,0,0,0,-27,244,-454,-30,19,-51,121,123,121,124,120,123,43,44,43,46,44,45,2,39,195,1,10,6,0,0,0,0,0,0
0.8018,,24,-8.967032967032967,-61.8021978021978,69.36263736263736,70.02197802197803,9.274725274725276,2.562170308967596,2147,940,3537,2723,2131,1478,0,800,-650,0,200,0,-27,309,-416,-30,94,-51,121,123,121,124,120,123,43,44,43,46,44,45,1,52,206,1,7,6,0,0,0,0,0,0
0.8352,,25,-8.615384615384615,-58.1978021978022,65.84615384615384,70.10989010989012,9.274725274725276,2.562170308967596,2147,974,3511,2723,2138,1478,0,1100,-750,0,250,0,0,365,-455,-30,81,-51,121,123,121,124,120,123,43,44,43,46,44,45,0,51,166,0,4,5,0,0,0,0,0,0
0.8686,,26,-8.615384615384615,-55.2967032967033,62.15384615384615,70.1978021978022,9.274725274725276,2.562170308967596,2147,1013,3482,2723,2142,1478,0,1100,-800,0,100,0,32,383,-485,-27,58,-51,121,123,121,124,120,123,43,44,43,46,44,45,1,41,216,0,3,5,0,0,0,0,0,0
0.902,,27,-8.615384615384615,-52.747252747252745,58.637362637362635,70.1978021978022,9.274725274725276,2.562170308967596,2147,1054,3453,2724,2146,1478,0,1150,-900,50,150,0,27,283,-521,-27,44,-51,121,123,121,124,120,123,43,44,43,46,44,45,0,22,204,0,1,4,0,0,0,0,0,0
0.9354,,28,-8.703296703296703,-50.46153846153846,55.2967032967033,70.1978021978022,9.274725274725276,2.562170308967596,2147,1092,3419,2724,2149,1478,0,1250,-1000,0,100,0,27,334,-541,-27,34,-51,121,123,121,124,120,122,43,44,43,46,44,45,1,3,244,0,0,5,0,0,0,0,0,0
0.9688,,29,-8.703296703296703,-48.26373626373626,52.57142857142857,70.10989010989012,9.274725274725276,2.562170308967596,2147,1128,3382,2724,2150,1478,0,1100,-1100,0,50,0,23,293,-568,-27,27,-51,121,123,121,124,120,123,43,44,43,46,44,45,0,7,252,0,1,7,0,0,0,0,0,0
1.0022,,30,-8.703296703296703,-45.97802197802198,49.75824175824176,70.10989010989012,9.274725274725276,2.562170308967596,2147,1162,3345,2724,2152,1478,0,1000,-1100,0,100,0,23,293,-556,-30,0,-51,121,123,121,124,120,123,43,44,43,46,44,45,0,10,209,1,1,6,0,0,0,0,0,0
1.0356,,31,-8.703296703296703,-43.34065934065934,47.120879120879124,70.10989010989012,9.274725274725276,2.562170308967596,2147,1193,3309,2724,2152,1478,0,950,-1150,0,0,0,23,266,-532,-30,0,-51,121,123,121,124,120,123,43,44,43,46,44,45,1,2,213,1,0,6,0,0,0,0,0,0
1.0689,,32,-8.615384615384615,-40.527472527472526,44.65934065934066,70.10989010989012,9.362637362637363,2.562170308967596,2147,1221,3273,2724,2152,1478,0,900,-1050,0,0,0,23,258,-505,-30,0,-51,121,123,121,124,120,123,42,44,43,46,44,45,1,8,179,1,0,5,0,0,0,0,0,0
1.1024,,33,-8.615384615384615,-37.714285714285715,42.46153846153846,70.02197802197803,9.45054945054945,2.562170308967596,2147,1251,3238,2724,2152,1478,0,850,-1050,0,0,0,27,262,-476,-30,23,-51,121,123,121,124,120,123,43,44,43,46,44,45,1,8,173,1,0,5,0,0,0,0,0,0
1.1358,,34,-8.615384615384615,-34.9010989010989,40.08791208791209,70.02197802197803,10.505494505494505,2.562170308967596,2147,1282,3206,2724,2154,1478,0,950,-1000,0,50,0,27,260,-476,-34,0,-51,121,123,121,124,120,123,43,44,43,46,44,45,1,10,165,2,0,4,0,0,0,0,0,0
1.1693,,35,-8.615384615384615,-31.912087912087912,37.8021978021978,70.02197802197803,12.351648351648352,2.562170308967596,2147,1311,3174,2724,2155,1478,0,900,-1000,0,0,0,27,285,-537,-34,88,-51,121,123,121,124,121,123,43,44,43,46,44,45,1,5,155,1,7,5,0,0,0,0,0,0
1.2027,,36,-8.615384615384615,-29.01098901098901,35.69230769230769,70.02197802197803,14.285714285714286,2.562170308967596,2147,1342,3143,2724,2162,1478,0,900,-950,0,100,0,27,290,-426,-34,142,-51,121,123,121,124,121,123,43,44,43,46,44,45,2,13,129,2,6,6,0,0,0,0,0,0
1.2361,,37,-8.615384615384615,-26.54945054945055,33.67032967032967,70.02197802197803,15.604395604395604,2.562170308967596,2147,1376,3113,2724,2173,1478,0,950,-850,0,300,0,27,286,-402,-34,180,-51,121,123,121,124,121,123,43,44,43,46,44,45,1,11,137,2,12,6,0,0,0,0,0,0
1.2695,,38,-8.527472527472527,-23.912087912087912,31.47252747252747,69.93406593406593,16.65934065934066,2.562170308967596,2147,1413,3089,2724,2187,1478,0,1050,-800,0,450,0,27,253,-414,-34,85,-51,121,123,121,124,121,123,42,44,43,46,44,45,2,1,154,1,20,5,0,0,0,0,0,0
1.303,,39,-8.351648351648352,-21.626373626373628,29.274725274725274,69.93406593406593,17.36263736263736,2.562170308967596,2147,1447,3065,2724,2202,1478,0,1050,-700,0,550,0,30,262,-411,-37,93,-51,121,123,121,124,121,123,43,44,43,46,44,45,2,0,178,2,6,6,0,0,0,0,0,0
1.3364,,40,-7.648351648351649,-19.516483516483518,26.9010989010989,69.93406593406593,17.53846153846154,2.562170308967596,2147,1482,3038,2724,2215,1478,0,1050,-750,0,350,0,37,226,-405,-37,152,-51,121,123,121,124,121,123,43,44,44,46,44,45,3,0,153,3,7,6,0,0,0,0,0,0
1.3698,,41,-6.153846153846154,-17.406593406593405,24.439560439560438,69.93406593406593,17.53846153846154,2.562170308967596,2147,1516,3014,2724,2226,1478,0,1000,-750,0,400,0,83,187,-401,-37,97,-51,121,123,121,124,121,123,43,44,43,46,44,45,12,0,140,2,1,6,0,0,0,0,0,0
1.4032,,42,-4.483516483516484,-14.945054945054945,21.274725274725274,69.93406593406593,17.53846153846154,2.562170308967596,2148,1546,2988,2724,2232,1478,0,950,-800,0,200,0,64,152,-490,-37,-48,-51,121,123,121,124,120,123,43,44,43,46,44,45,29,0,143,2,1,6,0,0,0,0,0,0
1.4365,,43,-2.10989010989011,-12.043956043956044,17.582417582417584,69.93406593406593,17.53846153846154,2.562170308967596,2156,1576,2962,2724,2236,1478,200,900,-750,0,150,0,188,138,-537,-37,55,-51,121,123,121,124,120,123,43,44,43,46,44,45,29,0,164,2,3,6,0,0,0,0,0,0
1.4699,,44,0.967032967032967,-8.967032967032967,13.626373626373626,69.93406593406593,17.53846153846154,2.562170308967596,2167,1606,2935,2724,2240,1478,300,850,-750,0,100,0,161,169,-488,-37,44,-51,121,123,121,124,120,123,43,44,43,46,44,45,53,0,205,3,1,6,0,0,0,0,0,0
1.5033,,45,4.395604395604396,-5.978021978021978,9.846153846153847,69.93406593406593,17.53846153846154,2.562170308967596,2181,1634,2903,2724,2242,1478,450,850,-900,0,100,0,320,267,-528,-37,-83,-51,121,123,121,124,120,123,43,44,43,46,44,45,68,0,239,2,1,5,0,0,0,0,0,0
1.5367,,46,7.384615384615385,-2.901098901098901,5.8901098901098905,69.93406593406593,17.53846153846154,2.562170308967596,2202,1665,2869,2724,2244,1478,500,900,-950,0,50,0,298,186,-557,-37,27,-51,121,123,121,124,120,122,43,44,43,46,44,45,86,0,240,2,0,6,0,0,0,0,0,0
1.5701,,47,10.373626373626374,0.08791208791208792,2.10989010989011,69.93406593406593,17.53846153846154,2.562170308967596,2226,1698,2831,2724,2245,1478,700,950,-1100,0,50,0,334,192,-577,-37,23,-51,121,123,121,123,120,122,43,44,43,46,44,45,85,0,254,2,0,6,0,0,0,0,0,0
1.6035,,48,13.098901098901099,2.8131868131868134,-1.4065934065934067,69.93406593406593,17.53846153846154,2.637528259231349,2254,1731,2794,2724,2245,1478,850,1000,-1150,0,0,0,352,214,-612,-37,23,-51,121,123,121,123,120,122,43,44,44,46,44,45,108,0,239,2,0,6,0,0,0,0,0,0
1.6369,,49,15.296703296703297,5.0989010989010985,-4.483516483516484,69.93406593406593,17.714285714285715,2.637528259231349,2283,1766,2752,2724,2245,1478,850,1050,-1200,0,0,0,379,202,-612,-37,23,-48,121,123,121,123,120,122,43,44,43,46,44,45,104,0,250,2,1,4,0,0,0,0,0,0
1.6702,,50,16.967032967032967,7.384615384615385,-7.2967032967032965,69.93406593406593,17.802197802197803,2.637528259231349,2315,1802,2711,2724,2245,1478,900,1050,-1250,0,0,0,360,164,-594,-37,30,-48,121,123,121,123,120,122,43,44,43,46,44,45,65,0,233,3,1,5,0,0,0,0,0,0
1.7036,,51,18.54945054945055,9.054945054945055,-9.67032967032967,69.93406593406593,17.802197802197803,2.637528259231349,2345,1836,2673,2724,2248,1478,950,1000,-1200,0,50,0,313,130,-563,-37,27,-48,121,123,121,124,120,122,43,44,43,46,44,45,42,0,245,2,0,4,0,0,0,0,0,0
1.737,,52,19.956043956043956,10.461538461538462,-11.868131868131869,69.93406593406593,17.802197802197803,2.637528259231349,2374,1867,2634,2724,2249,1478,900,950,-1150,0,100,0,265,72,-556,-37,0,-48,121,123,121,124,120,122,42,44,43,46,44,45,25,0,227,2,0,4,0,0,0,0,0,0
1.7704,,53,20.923076923076923,11.604395604395604,-13.626373626373626,69.93406593406593,17.802197802197803,2.637528259231349,2400,1896,2599,2724,2249,1478,750,900,-1050,0,0,0,218,57,-516,-37,0,-48,121,123,121,124,120,123,43,44,43,46,44,45,44,0,198,2,0,4,0,0,0,0,0,0
1.8038,,54,21.89010989010989,12.483516483516484,-15.208791208791208,69.84615384615384,17.89010989010989,2.637528259231349,2421,1919,2569,2724,2249,1478,700,750,-950,0,0,0,199,-29,-469,-37,0,-48,121,123,121,124,120,123,42,44,43,46,44,45,22,4,173,3,0,5,0,0,0,0,0,0
1.8372,,55,22.857142857142858,13.274725274725276,-16.791208791208792,69.84615384615384,17.89010989010989,2.637528259231349,2441,1934,2541,2724,2249,1478,600,600,-900,0,0,0,164,54,-508,-41,23,-48,121,123,121,124,120,123,43,44,44,46,44,45,28,0,163,2,0,4,0,0,0,0,0,0
1.8706,,56,23.824175824175825,14.153846153846153,-18.54945054945055,69.84615384615384,17.89010989010989,2.637528259231349,2458,1946,2517,2724,2249,1478,500,400,-700,0,0,0,219,-83,-391,-41,23,-48,121,123,121,124,120,123,43,44,43,46,44,45,28,0,190,4,0,4,0,0,0,0,0,0
1.904,,57,24.703296703296704,15.12087912087912,-20.307692307692307,69.84615384615384,17.89010989010989,2.637528259231349,2471,1957,2493,2724,2249,1478,400,350,-700,0,0,0,115,0,-405,-41,23,-48,121,123,121,124,120,123,43,44,43,46,44,45,18,0,147,4,0,4,0,0,0,0,0,0
1.9373,,58,25.67032967032967,16.263736263736263,-22.065934065934066,69.84615384615384,17.89010989010989,2.637528259231349,2484,1968,2469,2724,2249,1478,400,300,-750,0,0,0,211,0,-384,-41,23,-48,121,123,121,124,120,123,43,44,43,46,44,45,22,5,133,3,0,5,0,0,0,0,0,0
1.9707,,59,26.725274725274726,17.23076923076923,-23.64835164835165,69.84615384615384,17.89010989010989,2.637528259231349,2495,1980,2446,2724,2249,1478,300,350,-700,0,0,0,209,117,-454,-41,23,-48,121,123,121,124,120,123,43,44,43,46,44,45,27,1,149,3,0,4,0,0,0,0,0,0
2.0041,,60,27.516483516483518,17.67032967032967,-24.615384615384617,69.84615384615384,17.89010989010989,2.637528259231349,2506,1993,2425,2724,2249,1478,350,400,-600,0,0,0,117,0,-434,-41,23,-48,121,123,121,124,120,123,43,44,43,46,44,45,38,4,174,3,0,4,0,0,0,0,0,0
2.0375,,61,27.956043956043956,17.406593406593405,-24.87912087912088,69.84615384615384,17.89010989010989,2.637528259231349,2518,2003,2407,2724,2249,1478,350,300,-600,0,0,0,95,-37,-423,-41,23,-48,121,123,121,124,120,123,43,44,43,46,44,45,33,6,169,3,0,4,0,0,0,0,0,0
2.0709,,62,27.956043956043956,16.791208791208792,-24.87912087912088,69.93406593406593,17.89010989010989,2.637528259231349,2528,2006,2392,2724,2249,1478,350,200,-450,0,0,0,65,-59,-347,-41,23,-48,121,123,121,124,120,123,43,44,43,46,44,45,23,12,117,4,0,4,0,0,0,0,0,0
2.1043,,63,27.78021978021978,15.296703296703297,-24.87912087912088,70.10989010989012,17.89010989010989,2.637528259231349,2537,2006,2382,2724,2249,1478,300,0,-350,0,0,0,129,-100,-220,-37,23,-48,121,123,121,124,121,123,43,44,43,46,44,45,9,25,139,2,0,5,0,0,0,0,0,0
2.1378,,64,27.252747252747252,13.098901098901099,-24.703296703296704,70.1978021978022,17.89010989010989,2.637528259231349,2543,2005,2374,2724,2249,1478,200,0,-250,0,0,0,-23,-166,-188,-30,23,-48,121,123,121,124,121,123,43,44,43,46,44,45,7,51,125,1,0,4,0,0,0,0,0,0
2.1712,,65,26.9010989010989,11.252747252747254,-24.703296703296704,70.1978021978022,17.802197802197803,2.637528259231349,2546,2004,2367,2724,2249,1478,100,-50,-200,0,0,0,52,-166,-241,-27,23,-48,121,123,121,124,120,123,43,44,43,46,44,45,5,102,95,0,1,4,0,0,0,0,0,0
2.2046,,66,25.934065934065934,8.967032967032967,-24.703296703296704,70.1978021978022,17.802197802197803,2.637528259231349,2546,2001,2363,2724,2249,1478,0,-50,-100,0,0,0,44,-313,-231,-27,0,-48,121,123,121,124,120,123,42,44,43,46,44,45,3,136,75,0,0,4,0,0,0,0,0,0
2.238,,67,24.52747252747253,6.593406593406593,-24.703296703296704,70.1978021978022,17.802197802197803,2.637528259231349,2546,1996,2362,2725,2249,1478,0,-150,-50,50,0,0,-52,-391,-224,-30,0,-48,121,123,121,124,120,123,43,44,43,46,44,45,3,230,99,2,0,4,0,0,0,0,0,0
2.2714,,68,23.208791208791208,4.3076923076923075,-24.703296703296704,70.28571428571429,17.802197802197803,2.637528259231349,2543,1985,2362,2725,2249,1478,-50,-250,0,0,0,0,-106,-368,-224,-30,0,-48,121,123,121,123,120,122,42,44,43,46,44,45,4,261,109,1,0,4,0,0,0,0,0,0
2.3048,,69,21.626373626373628,2.197802197802198,-24.615384615384617,70.37362637362638,17.802197802197803,2.637528259231349,2537,1969,2362,2725,2249,1478,-100,-450,0,0,0,0,-132,-489,-224,-27,0,-48,120,122,121,123,120,122,43,44,43,46,44,45,3,305,111,0,0,4,0,0,0,0,0,0
2.3384,,70,20.043956043956044,0.08791208791208792,-24.615384615384617,70.37362637362638,17.802197802197803,2.637528259231349,2527,1949,2362,2725,2249,1478,-200,-600,0,0,0,0,-165,-416,-220,-23,0,-48,120,122,120,123,120,122,43,44,43,46,44,45,11,243,106,0,0,4,0,0,0,0,0,0
2.3718,,71,18.197802197802197,-1.8461538461538463,-24.52747252747253,70.46153846153847,17.802197802197803,2.637528259231349,2515,1926,2361,2725,2249,1478,-350,-650,-50,0,0,0,-92,-415,-217,-23,0,-48,120,122,121,123,120,122,43,44,43,46,44,45,19,219,106,0,0,4,0,0,0,0,0,0
2.4051,,72,16.175824175824175,-3.5164835164835164,-24.52747252747253,70.46153846153847,17.53846153846154,2.637528259231349,2501,1902,2361,2725,2249,1478,-400,-750,0,0,0,0,-222,-429,-213,0,0,-48,121,123,121,123,120,122,43,44,43,46,44,45,22,199,101,0,0,4,0,0,0,0,0,0
2.4385,,73,14.065934065934066,-5.010989010989011,-24.52747252747253,70.54945054945055,17.36263736263736,2.637528259231349,2485,1876,2360,2725,2248,1478,-500,-750,0,0,0,0,-159,-401,-210,0,-23,-48,121,123,121,123,120,122,42,44,43,46,44,45,18,169,98,0,1,4,0,0,0,0,0,0
2.4719,,74,11.692307692307692,-6.5054945054945055,-24.52747252747253,70.54945054945055,17.36263736263736,2.4868123587038435,2468,1851,2360,2725,2248,1478,-500,-700,0,0,0,0,-176,-364,-210,0,-27,-48,121,123,121,123,120,122,43,44,43,46,44,45,24,175,98,0,1,4,0,0,0,0,0,0
2.5053,,75,9.23076923076923,-7.824175824175824,-24.52747252747253,70.54945054945055,17.274725274725274,2.4868123587038435,2448,1829,2360,2725,2248,1478,-600,-750,0,0,0,0,-286,-419,-210,0,-27,-55,121,123,121,124,120,122,43,44,43,46,44,45,27,149,98,0,1,7,0,0,0,0,0,0
2.5387,,76,6.681318681318682,-8.967032967032967,-24.52747252747253,70.54945054945055,17.274725274725274,2.4868123587038435,2425,1807,2360,2725,2248,1478,-650,-650,0,0,0,0,-300,-419,-210,0,-30,-55,121,123,121,124,120,122,43,44,44,46,44,45,38,126,98,0,2,7,0,0,0,0,0,0
2.5722,,77,4.131868131868132,-9.934065934065934,-24.439560439560438,70.54945054945055,17.186813186813186,2.4868123587038435,2400,1786,2360,2725,2248,1478,-700,-600,0,0,0,0,-248,-385,-210,0,-30,-55,121,123,121,124,120,123,43,44,43,46,44,45,35,127,98,0,1,6,0,0,0,0,0,0
2.6056,,78,1.4065934065934067,-10.813186813186814,-24.439560439560438,70.63736263736264,17.0989010989011,2.4868123587038435,2375,1768,2360,2725,2248,1478,-750,-550,0,0,0,0,-254,-263,-206,0,-34,-55,121,123,121,124,120,123,43,44,43,46,44,45,20,107,95,0,3,7,0,0,0,0,0,0
2.6391,,79,-1.4945054945054945,-11.516483516483516,-24.35164835164835,71.07692307692308,17.0989010989011,2.4868123587038435,2346,1754,2360,2725,2248,1478,-800,-450,0,0,0,0,-257,-320,-206,0,-37,-55,121,123,121,124,120,123,43,44,44,46,44,45,27,107,96,0,3,7,0,0,0,0,0,0
2.6725,,80,-4.571428571428571,-11.780219780219781,-24.35164835164835,72.65934065934066,17.0989010989011,2.4868123587038435,2316,1739,2360,2726,2248,1478,-900,-450,0,0,0,0,-265,-193,-203,40,-37,-55,121,123,121,124,120,123,43,44,43,46,44,45,24,87,93,2,4,8,0,0,0,0,0,0
2.706,,81,-7.736263736263736,-11.868131868131869,-24.35164835164835,74.94505494505495,17.0989010989011,2.4868123587038435,2289,1727,2360,2729,2248,1478,-850,-350,0,50,0,0,-299,-171,-203,113,-37,-55,121,123,121,124,120,123,43,44,44,46,44,45,38,97,92,9,4,7,0,0,0,0,0,0
2.7395,,82,-11.604395604395604,-11.692307692307692,-24.35164835164835,77.93406593406593,17.0989010989011,2.4868123587038435,2258,1717,2359,2739,2248,1478,-950,-300,-50,300,0,0,-316,-135,-199,85,-37,-55,121,123,121,124,120,123,43,44,43,46,44,45,21,64,90,20,3,7,0,0,0,0,0,0
2.7729,,83,-15.472527472527473,-11.340659340659341,-24.35164835164835,80.74725274725274,17.01098901098901,2.4868123587038435,2226,1710,2359,2755,2248,1478,-900,-250,0,350,0,0,-346,-185,-199,158,-37,-55,121,123,121,124,120,123,43,44,43,46,44,45,28,61,89,26,4,7,0,0,0,0,0,0
2.8064,,84,-18.813186813186814,-11.076923076923077,-24.35164835164835,83.38461538461539,17.01098901098901,2.4868123587038435,2191,1706,2359,2775,2248,1478,-1000,-200,0,650,0,0,-376,-153,-199,196,-41,-55,121,123,121,124,120,123,43,44,43,46,44,45,24,47,89,24,3,8,0,0,0,0,0,0
2.8399,,85,-22.153846153846153,-10.637362637362637,-24.35164835164835,85.58241758241758,17.01098901098901,2.4868123587038435,2156,1705,2359,2799,2248,1478,-1050,-50,0,650,0,0,-378,-139,-199,219,-41,-55,121,123,121,124,120,123,42,44,43,46,44,45,48,45,90,23,4,7,0,0,0,0,0,0
2.8735,,86,-25.494505494505493,-10.021978021978022,-24.35164835164835,87.42857142857143,17.01098901098901,2.4868123587038435,2117,1705,2359,2826,2248,1478,-1200,0,0,800,0,0,-403,-111,-199,212,-41,-55,121,123,121,124,121,123,43,44,43,46,44,45,22,34,90,7,4,6,0,0,0,0,0,0
2.907,,87,-28.307692307692307,-9.494505494505495,-24.263736263736263,88.92307692307692,17.01098901098901,2.4868123587038435,2077,1705,2359,2853,2248,1478,-1200,0,0,750,0,0,-394,-83,-199,185,-41,-55,121,123,122,124,121,123,43,44,43,46,44,45,19,21,90,10,4,7,0,0,0,0,0,0
2.9404,,88,-30.593406593406595,-8.615384615384615,-24.263736263736263,90.41758241758242,17.01098901098901,2.4868123587038435,2036,1705,2359,2876,2248,1478,-1200,0,0,750,0,0,-368,-69,-196,272,-41,-55,121,124,122,124,121,123,42,44,44,46,44,45,10,13,87,5,4,7,0,0,0,0,0,0
2.9739,,89,-32.527472527472526,-7.384615384615385,-24.263736263736263,92.0,17.01098901098901,2.4868123587038435,2001,1705,2359,2899,2248,1478,-1100,0,0,700,0,0,-323,-24,-196,158,-41,-55,121,124,122,124,121,123,43,44,43,46,44,45,7,4,86,7,4,7,0,0,0,0,0,0
3.0073,,90,-34.1978021978022,-5.626373626373627,-24.263736263736263,93.67032967032966,17.01098901098901,2.562170308967596,1966,1707,2359,2919,2248,1478,-1050,0,0,600,0,0,-271,0,-196,228,-41,-55,121,124,122,124,121,123,43,44,43,46,44,45,7,1,88,8,4,8,0,0,0,0,0,0
3.0408,,91,-35.42857142857143,-3.6043956043956045,-24.263736263736263,95.6923076923077,17.01098901098901,2.562170308967596,1933,1714,2359,2938,2248,1478,-1000,200,0,600,0,0,-254,29,-196,220,-41,-51,121,124,122,124,121,123,43,44,44,46,44,45,7,3,87,14,4,6,0,0,0,0,0,0
3.0743,,92,-36.395604395604394,-1.2307692307692308,-24.263736263736263,97.45054945054945,17.01098901098901,2.562170308967596,1904,1727,2358,2957,2248,1478,-850,300,-50,550,0,0,-191,67,-192,256,-41,-51,121,124,122,125,121,123,43,44,43,46,44,45,2,0,84,20,4,6,0,0,0,0,0,0
3.1078,,93,-36.48351648351648,1.4945054945054945,-24.175824175824175,98.5934065934066,17.01098901098901,2.562170308967596,1882,1744,2358,2977,2248,1478,-700,450,0,600,0,0,-217,187,-192,166,-41,-51,122,124,122,124,121,123,43,44,43,46,44,45,0,1,84,12,4,6,0,0,0,0,0,0
3.1413,,94,-36.48351648351648,4.483516483516484,-24.175824175824175,99.73626373626374,17.0989010989011,2.562170308967596,1863,1765,2357,2998,2248,1478,-650,600,0,600,0,0,-40,129,-185,128,-41,-51,122,124,122,125,121,123,43,44,43,46,44,45,0,0,74,6,4,6,0,0,0,0,0,0
3.1748,,95,-36.48351648351648,7.208791208791209,-24.175824175824175,100.61538461538461,17.0989010989011,2.562170308967596,1850,1791,2356,3015,2248,1478,-450,800,-50,500,0,0,-76,169,-181,195,-37,-51,122,124,122,125,121,123,43,44,43,46,44,45,0,0,76,10,4,6,0,0,0,0,0,0
3.2082,,96,-36.48351648351648,10.021978021978022,-24.175824175824175,101.14285714285714,17.274725274725274,2.562170308967596,1843,1820,2356,3026,2248,1478,-250,850,0,450,0,0,-58,178,-181,136,-37,-51,122,124,122,125,121,123,43,44,43,46,44,45,1,0,75,6,3,6,0,0,0,0,0,0
3.2418,,97,-36.48351648351648,12.923076923076923,-24.175824175824175,101.14285714285714,17.45054945054945,2.562170308967596,1840,1852,2356,3034,2248,1478,-150,950,0,250,0,0,-44,266,-181,115,-30,-51,122,124,122,125,121,124,43,44,43,46,44,45,1,0,75,8,2,5,0,0,0,0,0,0
3.2753,,98,-36.30769230769231,15.912087912087912,-24.263736263736263,101.14285714285714,17.45054945054945,2.562170308967596,1839,1884,2356,3038,2248,1478,-100,950,0,100,0,0,-37,172,-181,-23,-23,-51,122,124,122,125,121,124,43,44,43,46,44,45,1,0,76,8,1,6,0,0,0,0,0,0
3.3088,,99,-36.043956043956044,18.63736263736264,-24.35164835164835,101.14285714285714,17.626373626373628,2.4868123587038435,1838,1919,2356,3039,2247,1478,0,1050,0,50,-50,0,-27,163,-185,90,0,-51,122,124,122,125,121,124,43,44,43,46,44,45,1,0,79,17,0,6,0,0,0,0,0,0
3.3423,,100,-35.69230769230769,21.0989010989011,-24.52747252747253,100.87912087912088,17.714285714285715,2.4868123587038435,1838,1953,2355,3039,2247,1478,0,1000,0,0,0,0,0,179,-185,90,0,-55,122,124,122,125,121,124,43,44,43,46,44,45,0,0,73,19,0,7,0,0,0,0,0,0
3.3758,,101,-34.46153846153846,23.296703296703296,-24.615384615384617,100.7032967032967,17.714285714285715,2.4868123587038435,1839,1988,2354,3039,2247,1478,0,1050,0,0,0,0,32,154,-192,90,23,-55,122,124,122,125,121,123,43,44,43,46,44,45,2,0,76,18,0,7,0,0,0,0,0,0
3.4092,,102,-32.61538461538461,25.23076923076923,-24.791208791208792,100.43956043956044,17.626373626373628,2.4868123587038435,1840,2019,2354,3039,2247,1478,50,1000,0,0,0,0,99,123,-192,90,23,-55,122,124,122,125,121,123,43,44,43,46,44,45,12,0,83,18,0,7,0,0,0,0,0,0
3.4427,,103,-30.681318681318682,26.46153846153846,-24.791208791208792,99.73626373626374,17.626373626373628,2.4868123587038435,1843,2050,2354,3039,2247,1478,0,900,0,0,0,0,166,85,-199,90,0,-55,121,124,122,124,121,123,43,44,43,46,44,45,17,0,92,18,0,8,0,0,0,0,0,0
3.4761,,104,-28.13186813186813,27.164835164835164,-24.791208791208792,98.68131868131869,17.626373626373628,2.4868123587038435,1854,2078,2354,3039,2247,1478,250,800,0,0,0,0,204,19,-199,79,0,-55,121,124,122,124,121,123,43,44,43,46,44,45,29,0,90,13,0,6,0,0,0,0,0,0
3.5095,,105,-24.703296703296704,27.252747252747252,-24.791208791208792,97.18681318681318,17.626373626373628,2.4868123587038435,1867,2098,2354,3039,2247,1478,350,750,0,0,0,0,268,-43,-199,-17,0,-55,121,124,122,124,121,123,43,44,43,46,44,45,52,0,90,3,0,7,0,0,0,0,0,0
3.5431,,106,-21.0989010989011,27.076923076923077,-24.791208791208792,95.34065934065934,17.626373626373628,2.4868123587038435,1883,2111,2354,3038,2247,1478,500,450,0,0,0,0,339,-27,-199,-72,0,-55,121,124,122,124,121,123,43,44,43,46,44,45,50,7,90,7,0,5,0,0,0,0,0,0
3.5766,,107,-17.318681318681318,26.725274725274726,-24.791208791208792,93.58241758241758,17.714285714285715,2.4868123587038435,1905,2117,2355,3034,2247,1478,550,300,0,-150,0,0,320,-62,-199,-141,0,-55,121,123,121,124,121,123,43,44,43,46,44,45,99,22,115,15,0,7,0,0,0,0,0,0
3.6101,,108,-13.538461538461538,26.46153846153846,-24.791208791208792,91.82417582417582,17.714285714285715,2.4868123587038435,1930,2118,2355,3024,2247,1478,800,50,0,-200,0,0,372,-79,-203,-184,23,-55,121,123,121,124,120,123,42,44,43,46,44,45,92,22,98,22,0,7,0,0,0,0,0,0
3.6434,,109,-9.846153846153847,26.285714285714285,-24.87912087912088,90.32967032967034,17.714285714285715,2.4868123587038435,1962,2118,2355,3012,2247,1478,900,0,0,-350,0,0,410,-93,-203,-208,23,-55,121,123,121,124,120,123,43,44,43,46,44,45,97,28,92,17,0,7,0,0,0,0,0,0
3.6769,,110,-6.329670329670329,26.285714285714285,-24.87912087912088,88.92307692307692,17.714285714285715,2.4868123587038435,1995,2117,2355,2996,2247,1478,950,0,0,-400,0,0,457,-93,-206,-119,23,-55,121,123,121,124,120,123,43,44,43,46,44,45,116,28,96,9,0,7,0,0,0,0,0,0
3.7103,,111,-2.901098901098901,26.197802197802197,-24.87912087912088,87.78021978021978,17.626373626373628,2.4868123587038435,2032,2117,2355,2980,2247,1478,1050,0,0,-550,0,0,478,-93,-206,-138,23,-55,121,123,121,124,120,123,43,44,43,46,44,45,101,29,96,10,0,6,0,0,0,0,0,0
3.7438,,112,0.0,25.934065934065934,-24.87912087912088,86.54945054945055,17.626373626373628,2.4868123587038435,2069,2118,2355,2964,2248,1478,1100,0,0,-450,0,0,474,-97,-206,-205,0,-55,121,123,121,124,120,123,43,44,43,46,44,45,105,38,96,14,0,7,0,0,0,0,0,0
3.7773,,113,2.989010989010989,25.23076923076923,-24.87912087912088,85.4065934065934,17.626373626373628,2.4868123587038435,2109,2118,2355,2948,2248,1478,1200,0,0,-500,50,0,454,-111,-206,-195,0,-55,121,123,121,124,120,123,43,44,43,46,44,45,83,43,96,9,0,7,0,0,0,0,0,0
3.8108,,114,5.802197802197802,24.439560439560438,-24.87912087912088,84.35164835164835,17.626373626373628,2.4868123587038435,2150,2118,2355,2934,2248,1478,1200,0,0,-400,0,0,426,-161,-206,-183,0,-55,121,123,121,124,120,123,43,44,43,46,44,45,77,64,96,8,0,7,0,0,0,0,0,0
3.8443,,115,8.43956043956044,23.296703296703296,-24.87912087912088,83.2967032967033,17.626373626373628,2.4868123587038435,2189,2118,2355,2920,2248,1478,1150,0,0,-400,0,0,343,-192,-206,-167,0,-55,121,123,121,124,120,123,43,44,43,46,44,45,62,86,95,13,0,6,0,0,0,0,0,0
3.8778,,116,10.637362637362637,21.978021978021978,-24.87912087912088,82.50549450549451,17.53846153846154,2.4868123587038435,2224,2118,2355,2907,2248,1478,1100,0,0,-400,0,0,314,-240,-206,-101,0,-55,121,123,121,124,120,123,43,44,44,46,44,45,46,119,96,16,0,7,0,0,0,0,0,0
3.9112,,117,12.571428571428571,20.483516483516482,-24.87912087912088,82.15384615384616,17.53846153846154,2.4868123587038435,2260,2118,2355,2894,2248,1478,1100,0,0,-400,0,0,359,-292,-206,-162,0,-55,121,123,121,124,120,123,43,44,43,46,44,45,42,162,96,8,0,7,0,0,0,0,0,0
3.9447,,118,13.89010989010989,18.725274725274726,-24.87912087912088,82.06593406593407,17.626373626373628,2.4868123587038435,2293,2117,2355,2884,2248,1478,950,-50,0,-350,0,0,313,-348,-206,-118,0,-55,121,123,121,123,120,122,43,44,43,46,44,45,35,219,96,6,0,6,0,0,0,0,0,0
3.9781,,119,14.417582417582418,16.615384615384617,-24.791208791208792,82.24175824175825,17.714285714285715,2.4868123587038435,2321,2115,2355,2877,2248,1478,950,-50,0,-250,0,0,289,-423,-206,-90,0,-55,120,122,121,123,120,122,42,44,44,46,44,45,36,248,95,8,0,6,0,0,0,0,0,0
4.0116,,120,14.68131868131868,14.32967032967033,-24.703296703296704,82.41758241758242,17.802197802197803,2.4868123587038435,2347,2104,2355,2873,2248,1478,850,-350,0,-150,0,0,188,-387,-203,-69,0,-55,120,122,121,123,120,122,43,44,43,46,44,45,12,282,92,2,0,7,0,0,0,0,0,0
4.0451,,121,14.68131868131868,11.428571428571429,-24.52747252747253,82.5934065934066,17.802197802197803,2.4868123587038435,2367,2090,2355,2870,2249,1478,700,-400,0,-50,0,0,111,-426,-199,-55,0,-55,120,122,120,123,120,122,42,44,43,46,44,45,5,325,89,3,0,6,0,0,0,0,0,0
4.0785,,122,14.593406593406593,8.175824175824175,-24.439560439560438,82.68131868131869,17.802197802197803,2.4868123587038435,2381,2070,2355,2869,2249,1478,450,-550,0,-50,0,0,143,-469,-192,-44,0,-55,120,122,120,123,120,122,43,44,43,46,44,45,3,325,82,3,0,7,0,0,0,0,0,0
4.1119,,123,14.153846153846153,4.835164835164835,-24.439560439560438,82.68131868131869,17.802197802197803,2.4868123587038435,2391,2046,2355,2869,2249,1478,350,-650,0,-50,0,0,-20,-595,-189,-37,0,-55,120,122,120,123,119,122,43,44,43,46,44,45,2,336,80,3,0,7,0,0,0,0,0,0
4.1453,,124,13.714285714285714,1.3186813186813187,-24.439560439560438,82.68131868131869,17.714285714285715,2.4868123587038435,2396,2019,2355,2869,2249,1478,150,-750,0,0,0,0,53,-645,-189,-37,0,-55,120,122,120,123,119,122,43,44,43,46,44,45,2,311,81,2,0,7,0,0,0,0,0,0
4.1787,,125,13.45054945054945,-2.197802197802198,-24.439560439560438,82.68131868131869,17.714285714285715,2.4868123587038435,2398,1987,2355,2869,2249,1478,50,-900,0,0,0,0,30,-583,-189,-37,0,-55,120,122,120,123,119,122,43,44,43,46,44,45,1,324,81,2,0,6,0,0,0,0,0,0
4.2121,,126,12.571428571428571,-5.626373626373627,-24.439560439560438,82.68131868131869,17.714285714285715,2.4868123587038435,2398,1951,2355,2869,2249,1478,0,-1000,0,0,0,0,27,-593,-189,-37,0,-55,120,122,120,123,119,122,43,44,43,46,44,45,0,302,80,3,0,8,0,0,0,0,0,0
4.2456,,127,11.780219780219781,-8.43956043956044,-24.439560439560438,82.68131868131869,17.714285714285715,2.4868123587038435,2396,1912,2355,2869,2249,1478,0,-1100,0,0,0,0,65,-594,-189,-37,0,-55,120,122,120,123,120,122,43,44,43,46,44,45,1,299,80,2,0,8,0,0,0,0,0,0
4.2791,,128,11.692307692307692,-11.252747252747254,-24.35164835164835,82.68131868131869,17.714285714285715,2.4868123587038435,2393,1875,2355,2869,2249,1478,-100,-1150,0,0,0,0,-59,-601,-189,-37,0,-55,120,122,121,123,120,122,43,44,43,46,44,45,2,285,80,3,0,7,0,0,0,0,0,0
4.3126,,129,11.692307692307692,-13.89010989010989,-24.35164835164835,82.68131868131869,17.36263736263736,2.4868123587038435,2389,1835,2355,2869,2249,1478,-100,-1200,0,0,0,0,-48,-574,-185,-37,0,-55,121,122,121,123,120,122,43,44,43,46,44,45,0,210,78,2,0,8,0,0,0,0,0,0
4.3461,,130,11.692307692307692,-16.439560439560438,-24.35164835164835,82.68131868131869,17.36263736263736,2.4868123587038435,2386,1795,2355,2869,2248,1478,-100,-1150,0,0,0,0,-37,-449,-185,-37,-30,-55,121,123,121,123,120,122,43,44,44,46,44,45,2,182,77,2,2,7,0,0,0,0,0,0
4.3796,,131,11.692307692307692,-18.725274725274726,-24.35164835164835,82.68131868131869,17.36263736263736,2.4868123587038435,2383,1756,2355,2869,2248,1478,-100,-1150,0,0,-50,0,-27,-495,-185,-37,-27,-55,121,123,121,124,120,122,43,44,43,46,44,45,0,154,77,3,2,7,0,0,0,0,0,0
4.413,,132,11.692307692307692,-20.923076923076923,-24.35164835164835,82.68131868131869,17.274725274725274,2.4868123587038435,2382,1721,2355,2869,2248,1478,-50,-1150,0,0,0,0,0,-447,-185,-37,-27,-55,121,123,121,124,120,123,43,44,44,46,44,45,0,113,79,2,2,7,0,0,0,0,0,0
4.4465,,133,11.692307692307692,-23.12087912087912,-24.35164835164835,82.68131868131869,17.186813186813186,2.4868123587038435,2382,1686,2355,2869,2248,1478,0,-1100,0,0,0,0,0,-444,-185,-37,-30,-55,121,123,121,124,120,123,43,44,43,46,44,45,0,109,79,2,3,8,0,0,0,0,0,0
4.4799,,134,11.692307692307692,-25.054945054945055,-24.35164835164835,82.68131868131869,17.186813186813186,2.4868123587038435,2382,1653,2355,2869,2248,1478,0,-1000,0,0,0,0,0,-496,-185,-37,-34,-55,121,123,121,124,120,123,42,44,44,46,44,45,0,106,78,2,3,7,0,0,0,0,0,0
4.5134,,135,11.692307692307692,-26.9010989010989,-24.35164835164835,82.68131868131869,17.0989010989011,2.4868123587038435,2382,1623,2355,2869,2248,1478,0,-950,0,0,0,0,0,-367,-185,-37,-34,-55,121,123,121,124,121,123,43,44,43,46,44,45,0,95,78,2,2,6,0,0,0,0,0,0
4.5469,,136,11.692307692307692,-28.65934065934066,-24.35164835164835,82.68131868131869,17.01098901098901,2.4868123587038435,2382,1593,2355,2869,2248,1478,0,-850,0,0,0,0,0,-415,-185,-37,-37,-55,121,123,122,124,121,123,43,44,43,46,44,45,0,72,79,2,4,8,0,0,0,0,0,0
4.5805,,137,11.692307692307692,-30.417582417582416,-24.35164835164835,82.68131868131869,17.01098901098901,2.4868123587038435,2382,1565,2355,2869,2248,1478,0,-850,0,0,0,0,0,-294,-185,-37,-41,-55,121,123,122,124,121,123,43,44,43,46,44,45,0,65,78,3,4,6,0,0,0,0,0,0
4.614,,138,11.692307692307692,-31.912087912087912,-24.35164835164835,82.68131868131869,17.01098901098901,2.4868123587038435,2382,1538,2355,2869,2248,1478,0,-800,0,0,0,0,0,-300,-185,-37,-41,-55,121,124,122,124,121,123,43,44,43,46,44,45,0,57,78,2,4,7,0,0,0,0,0,0
4.6474,,139,11.692307692307692,-33.23076923076923,-24.35164835164835,82.68131868131869,16.923076923076923,2.4868123587038435,2382,1514,2354,2870,2248,1478,0,-750,0,50,0,0,0,-348,-181,-41,-41,-55,121,124,122,124,121,123,43,44,43,46,44,45,0,42,77,4,4,7,0,0,0,0,0,0
4.6809,,140,11.692307692307692,-34.1978021978022,-24.35164835164835,82.76923076923077,16.923076923076923,2.4868123587038435,2382,1491,2354,2870,2248,1478,0,-700,0,0,0,0,0,-310,-181,-41,-44,-55,121,124,122,124,121,123,43,44,44,46,44,45,0,30,75,3,4,6,0,0,0,0,0,0
4.7144,,141,11.692307692307692,-34.637362637362635,-24.263736263736263,82.76923076923077,16.923076923076923,2.4868123587038435,2382,1470,2354,2870,2248,1478,0,-650,0,0,0,0,0,-170,-181,-37,-44,-55,121,124,122,124,121,123,42,44,43,46,44,45,0,19,75,3,4,8,0,0,0,0,0,0
4.7479,,142,11.692307692307692,-34.637362637362635,-24.263736263736263,83.03296703296704,16.923076923076923,2.4868123587038435,2382,1451,2354,2870,2248,1478,0,-600,0,0,0,0,0,-192,-178,-37,-44,-55,121,124,122,124,121,123,43,44,43,46,44,45,0,21,73,2,4,8,0,0,0,0,0,0
4.7814,,143,11.692307692307692,-34.37362637362637,-24.263736263736263,83.64835164835165,16.923076923076923,2.562170308967596,2382,1437,2354,2870,2248,1478,0,-450,0,0,0,0,0,-157,-178,-27,-44,-55,121,124,122,125,121,123,43,44,44,46,44,45,0,11,72,1,5,7,0,0,0,0,0,0
4.8149,,144,11.604395604395604,-33.75824175824176,-24.175824175824175,84.26373626373626,16.835164835164836,2.562170308967596,2382,1428,2353,2871,2248,1478,0,-350,-50,0,0,0,0,-104,-174,28,-44,-51,122,124,122,125,121,123,43,44,43,46,44,45,0,6,66,3,4,5,0,0,0,0,0,0
4.8484,,145,11.516483516483516,-32.61538461538461,-24.175824175824175,84.7032967032967,16.835164835164836,2.562170308967596,2382,1424,2349,2873,2248,1478,0,-200,-100,0,0,0,-23,-47,-157,-51,-48,-51,122,124,122,125,121,124,43,44,43,46,44,45,1,3,52,1,5,6,0,0,0,0,0,0
4.8819,,146,10.813186813186814,-31.208791208791208,-24.175824175824175,84.79120879120879,16.571428571428573,2.562170308967596,2382,1422,2345,2878,2248,1478,0,-100,-100,150,0,0,-27,0,-150,53,-48,-51,122,124,122,125,121,124,43,44,43,46,44,45,2,1,38,2,5,6,0,0,0,0,0,0
4.9154,,147,9.406593406593407,-29.714285714285715,-24.175824175824175,84.7032967032967,15.780219780219781,2.562170308967596,2381,1422,2343,2882,2248,1478,0,0,-50,100,0,0,-59,110,-136,37,-61,-51,122,124,122,125,121,124,43,44,43,46,44,45,8,12,37,0,9,4,0,0,0,0,0,0
4.9489,,148,7.736263736263736,-28.13186813186813,-24.175824175824175,84.7032967032967,14.813186813186814,2.562170308967596,2378,1428,2340,2884,2245,1478,-50,50,-100,50,-50,0,-122,159,-125,23,-105,-51,122,124,122,125,121,124,42,44,43,46,44,45,7,10,33,0,13,5,0,0,0,0,0,0
4.9824,,149,5.8901098901098905,-26.46153846153846,-24.175824175824175,84.79120879120879,13.934065934065934,2.562170308967596,2369,1440,2338,2886,2239,1478,-300,350,-100,50,-150,0,-170,180,-122,0,-37,-51,122,124,122,125,121,123,43,44,43,46,44,45,18,12,19,0,12,6,0,0,0,0,0,0
5.0158,,150,3.78021978021978,-25.054945054945055,-24.175824175824175,84.79120879120879,13.054945054945055,2.562170308967596,2357,1453,2337,2887,2231,1478,-350,350,0,0,-200,0,-198,112,-115,0,-121,-51,122,124,122,125,121,123,43,44,43,46,44,45,16,20,27,0,15,5,0,0,0,0,0,0
5.0493,,151,1.2307692307692308,-23.824175824175825,-24.175824175824175,84.79120879120879,12.43956043956044,2.562170308967596,2338,1466,2337,2887,2223,1478,-500,400,0,0,-200,0,-131,111,-115,0,-125,-51,122,124,122,125,121,124,43,44,43,46,44,45,12,24,30,0,14,7,0,0,0,0,0,0
5.0828,,152,-1.5824175824175823,-22.681318681318682,-24.175824175824175,84.79120879120879,11.912087912087912,2.562170308967596,2319,1482,2337,2887,2214,1478,-600,450,0,0,-300,0,-159,214,-115,0,-129,-51,122,124,122,125,121,124,42,44,43,46,44,45,24,18,30,0,8,6,0,0,0,0,0,0
5.1163,,153,-5.010989010989011,-21.45054945054945,-24.175824175824175,84.79120879120879,11.648351648351648,2.562170308967596,2298,1500,2337,2887,2207,1478,-550,550,0,0,-200,0,-212,107,-115,0,-121,-51,122,124,122,125,121,123,43,44,43,46,44,45,20,7,31,0,5,6,0,0,0,0,0,0
5.1497,,154,-8.615384615384615,-20.21978021978022,-24.175824175824175,84.79120879120879,11.648351648351648,2.562170308967596,2275,1519,2337,2887,2200,1478,-700,650,0,0,-200,0,-256,81,-115,0,-93,-51,122,124,122,125,121,123,43,44,43,46,44,45,37,5,31,0,2,6,0,0,0,0,0,0
5.1833,,155,-12.395604395604396,-18.9010989010989,-24.175824175824175,84.79120879120879,11.648351648351648,2.562170308967596,2247,1531,2337,2887,2196,1478,-750,350,0,0,-150,0,-297,79,-115,0,-76,-51,122,124,122,125,121,123,43,44,43,46,44,45,49,7,31,0,7,6,0,0,0,0,0,0
5.2168,,156,-15.736263736263735,-17.406593406593405,-24.175824175824175,84.79120879120879,11.648351648351648,2.562170308967596,2217,1547,2337,2887,2194,1478,-850,450,0,0,-100,0,-340,70,-115,0,-65,-51,122,124,122,125,121,124,42,44,43,46,44,45,37,8,31,0,2,5,0,0,0,0,0,0
5.2502,,157,-19.164835164835164,-16.0,-24.175824175824175,84.79120879120879,11.648351648351648,2.562170308967596,2182,1565,2337,2887,2190,1478,-1000,500,0,0,-100,0,-350,96,-115,0,-55,-51,122,124,122,125,121,123,43,44,43,46,44,45,50,1,30,0,3,7,0,0,0,0,0,0
5.2837,,158,-22.857142857142858,-15.12087912087912,-24.175824175824175,84.79120879120879,11.648351648351648,2.562170308967596,2148,1587,2338,2887,2189,1478,-1050,600,50,0,-50,0,-385,73,-118,0,69,-51,122,124,122,125,121,124,43,44,43,46,44,45,46,0,32,0,2,5,0,0,0,0,0,0
5.3172,,159,-26.46153846153846,-14.68131868131868,-24.175824175824175,84.79120879120879,11.648351648351648,2.562170308967596,2111,1609,2339,2887,2187,1478,-1100,700,0,0,-50,0,-396,94,-122,0,-41,-51,122,124,122,125,121,124,43,44,43,46,44,45,38,9,34,0,3,5,0,0,0,0,0,0
5.3507,,160,-29.89010989010989,-14.593406593406593,-24.175824175824175,84.79120879120879,11.648351648351648,2.562170308967596,2074,1624,2339,2887,2187,1478,-1100,550,0,0,0,0,-404,37,-122,0,-41,-51,122,124,122,125,121,124,42,44,43,46,44,45,41,4,35,0,4,5,0,0,0,0,0,0
5.3842,,161,-32.967032967032964,-14.593406593406593,-24.175824175824175,84.79120879120879,11.648351648351648,2.562170308967596,2034,1634,2339,2887,2187,1478,-1200,300,0,0,0,0,-315,-115,-122,0,-41,-51,122,124,122,125,121,124,43,44,43,46,44,45,39,5,35,0,4,6,0,0,0,0,0,0
5.4177,,162,-35.956043956043956,-14.76923076923077,-24.175824175824175,84.79120879120879,11.648351648351648,2.562170308967596,1995,1637,2339,2887,2187,1478,-1150,50,0,0,0,0,-414,-37,-122,0,-41,-51,122,124,122,125,121,124,43,44,43,46,44,45,36,5,35,0,4,6,0,0,0,0,0,0
5.4511,,163,-38.68131868131868,-14.945054945054945,-24.175824175824175,84.79120879120879,11.648351648351648,2.562170308967596,1952,1637,2339,2887,2187,1478,-1300,50,0,0,0,0,-295,-48,-122,0,-41,-51,122,124,122,125,121,124,43,44,43,46,44,45,20,5,35,0,4,6,0,0,0,0,0,0
5.4845,,164,-41.40659340659341,-14.945054945054945,-24.175824175824175,84.87912087912088,11.648351648351648,2.562170308967596,1913,1637,2339,2887,2187,1478,-1250,0,0,0,0,0,-350,-55,-122,0,-41,-51,122,124,122,125,121,124,43,44,43,46,44,45,8,7,35,0,4,6,0,0,0,0,0,0
5.5179,,165,-43.78021978021978,-14.945054945054945,-24.175824175824175,84.96703296703296,11.648351648351648,2.562170308967596,1878,1637,2339,2887,2187,1478,-1100,0,0,0,0,0,-324,-55,-122,0,-41,-51,122,124,122,125,121,124,42,44,43,46,44,45,10,7,35,0,4,5,0,0,0,0,0,0
5.5514,,166,-45.714285714285715,-14.68131868131868,-24.175824175824175,84.96703296703296,11.648351648351648,2.562170308967596,1843,1636,2339,2887,2187,1478,-1050,0,0,0,0,0,-289,-51,-122,23,-41,-51,122,124,122,125,121,124,43,44,43,46,44,45,14,6,35,0,4,6,0,0,0,0,0,0
5.5848,,167,-47.56043956043956,-14.505494505494505,-24.175824175824175,84.96703296703296,11.648351648351648,2.562170308967596,1814,1636,2339,2887,2187,1478,-800,0,0,0,0,0,-376,-41,-122,23,-41,-51,122,124,122,125,121,124,43,44,43,46,44,45,24,3,35,0,4,5,0,0,0,0,0,0
5.6182,,168,-49.23076923076923,-14.417582417582418,-24.175824175824175,84.96703296703296,11.648351648351648,2.562170308967596,1785,1636,2339,2887,2187,1478,-850,0,0,0,0,0,-257,-34,-122,23,-41,-51,122,124,122,125,121,124,43,44,43,46,44,45,12,2,35,0,4,6,0,0,0,0,0,0
5.6517,,169,-50.285714285714285,-13.978021978021978,-24.175824175824175,84.96703296703296,11.648351648351648,2.562170308967596,1759,1636,2339,2887,2187,1478,-800,0,0,0,0,0,-221,-30,-122,23,-41,-51,122,124,122,125,121,124,42,44,43,46,44,45,17,0,35,0,4,6,0,0,0,0,0,0
5.6851,,170,-50.37362637362637,-13.538461538461538,-24.175824175824175,84.96703296703296,11.648351648351648,2.562170308967596,1736,1636,2339,2887,2187,1478,-700,0,0,0,0,0,-249,0,-122,23,-41,-51,122,124,122,125,121,124,43,44,44,46,44,45,10,0,35,0,4,5,0,0,0,0,0,0
5.7185,,171,-50.285714285714285,-13.274725274725276,-24.175824175824175,84.96703296703296,11.912087912087912,2.562170308967596,1718,1640,2339,2887,2187,1478,-600,150,0,0,0,0,-83,43,-122,23,-41,-51,122,124,122,125,121,124,43,44,43,46,44,45,5,4,35,0,4,7,0,0,0,0,0,0
5.7518,,172,-49.84615384615385,-13.186813186813186,-24.175824175824175,84.96703296703296,12.087912087912088,2.562170308967596,1706,1645,2339,2887,2187,1478,-400,200,0,0,0,0,-132,0,-122,23,-30,-51,122,124,122,125,121,124,43,44,43,46,44,45,1,1,35,0,2,5,0,0,0,0,0,0
5.7852,,173,-49.582417582417584,-13.186813186813186,-24.175824175824175,84.96703296703296,12.351648351648352,2.562170308967596,1698,1650,2339,2887,2187,1478,-300,150,0,0,0,0,-74,-115,-122,23,-23,-51,122,124,122,125,121,124,42,44,43,46,44,45,5,3,35,0,0,6,0,0,0,0,0,0
5.8186,,174,-48.7032967032967,-13.274725274725276,-24.263736263736263,84.96703296703296,12.43956043956044,2.562170308967596,1695,1651,2339,2887,2187,1478,-150,50,0,0,0,0,62,-34,-122,23,0,-51,122,124,122,125,121,124,43,44,44,46,44,45,1,2,35,1,0,6,0,0,0,0,0,0
5.852,,175,-46.94505494505494,-13.45054945054945,-24.263736263736263,84.96703296703296,12.43956043956044,2.562170308967596,1695,1651,2339,2887,2187,1478,0,0,0,0,0,0,29,-37,-125,23,23,-51,122,124,122,125,121,124,43,44,43,46,44,45,2,4,36,0,0,5,0,0,0,0,0,0
5.8854,,176,-44.65934065934066,-13.538461538461538,-24.263736263736263,84.96703296703296,12.43956043956044,2.4868123587038435,1697,1651,2339,2887,2187,1478,50,0,0,0,0,0,102,-44,-125,23,23,-51,122,124,122,125,121,124,43,44,43,46,44,45,12,5,37,0,1,6,0,0,0,0,0,0
5.9189,,177,-42.1978021978022,-13.626373626373626,-24.263736263736263,84.79120879120879,12.43956043956044,2.4868123587038435,1702,1651,2339,2887,2187,1478,150,0,0,0,0,0,181,-48,-125,23,23,-55,122,124,122,125,121,124,43,44,43,46,44,45,26,4,36,0,0,7,0,0,0,0,0,0
5.9523,,178,-39.38461538461539,-13.626373626373626,-24.263736263736263,84.79120879120879,12.527472527472527,2.4868123587038435,1715,1651,2339,2887,2187,1478,300,0,0,0,0,0,153,-51,-125,0,23,-55,122,124,122,125,121,124,43,44,43,46,44,45,28,7,37,0,1,7,0,0,0,0,0,0
5.9857,,179,-36.13186813186813,-13.626373626373626,-24.263736263736263,84.79120879120879,12.527472527472527,2.4868123587038435,1732,1651,2339,2887,2187,1478,550,0,0,0,0,0,286,-51,-125,0,27,-55,122,124,122,125,121,124,43,44,44,46,44,45,40,5,37,0,1,8,0,0,0,0,0,0
6.0192,,180,-32.527472527472526,-13.45054945054945,-24.263736263736263,84.61538461538461,12.527472527472527,2.4868123587038435,1753,1651,2339,2887,2187,1478,550,0,0,0,0,0,252,-51,-125,0,27,-55,122,124,122,125,121,124,43,44,43,46,44,45,58,6,37,0,1,7,0,0,0,0,0,0
6.0526,,181,-28.307692307692307,-13.274725274725276,-24.35164835164835,84.52747252747253,12.527472527472527,2.4868123587038435,1777,1651,2339,2887,2187,1478,650,0,0,0,0,0,314,-44,-125,-23,27,-55,122,124,122,125,121,124,43,44,44,46,44,45,65,4,37,0,1,8,0,0,0,0,0,0
6.086,,182,-24.087912087912088,-13.098901098901099,-24.35164835164835,84.52747252747253,12.527472527472527,2.4868123587038435,1804,1651,2339,2887,2187,1478,800,0,0,0,0,0,373,-37,-129,-27,27,-55,121,124,122,124,121,123,43,44,43,46,44,45,83,2,39,1,1,6,0,0,0,0,0,0
6.1194,,183,-20.21978021978022,-12.923076923076923,-24.35164835164835,84.52747252747253,12.527472527472527,2.562170308967596,1837,1651,2339,2887,2187,1478,900,0,0,0,0,0,424,-30,-129,-27,27,-55,121,124,122,124,121,123,43,44,43,46,44,45,97,2,39,0,2,6,0,0,0,0,0,0
6.1528,,184,-16.703296703296704,-12.923076923076923,-24.35164835164835,84.43956043956044,12.527472527472527,2.562170308967596,1875,1651,2339,2887,2187,1478,1100,0,0,0,0,0,447,-23,-129,-27,27,-51,121,124,122,124,121,123,43,44,43,46,44,45,97,0,39,1,1,5,0,0,0,0,0,0
6.1862,,185,-13.098901098901099,-12.835164835164836,-24.35164835164835,84.43956043956044,12.527472527472527,2.562170308967596,1915,1651,2339,2887,2187,1478,1150,0,0,0,0,0,451,-23,-129,-30,27,-51,121,124,122,124,121,123,43,44,43,46,44,45,90,1,39,2,1,4,0,0,0,0,0,0
6.2196,,186,-9.494505494505495,-12.923076923076923,-24.35164835164835,84.43956043956044,12.527472527472527,2.562170308967596,1956,1653,2339,2887,2187,1478,1300,50,0,0,0,0,473,-23,-129,-30,27,-51,121,124,122,125,121,123,43,44,43,46,44,45,64,1,38,1,0,5,0,0,0,0,0,0
6.253,,187,-5.978021978021978,-13.098901098901099,-24.35164835164835,84.43956043956044,12.43956043956044,2.562170308967596,1999,1653,2339,2887,2187,1478,1300,50,0,0,0,0,462,-30,-129,-30,27,-51,121,124,122,125,121,123,43,44,43,46,44,45,46,2,38,1,0,4,0,0,0,0,0,0
6.2863,,188,-2.901098901098901,-13.274725274725276,-24.439560439560438,84.43956043956044,12.43956043956044,2.562170308967596,2041,1653,2339,2887,2187,1478,1250,0,0,0,0,0,451,-37,-129,-30,23,-51,121,124,122,125,121,123,43,44,43,46,44,45,28,3,39,1,0,5,0,0,0,0,0,0
6.3197,,189,-0.17582417582417584,-13.45054945054945,-24.439560439560438,84.43956043956044,12.43956043956044,2.562170308967596,2082,1653,2339,2887,2187,1478,1250,0,0,0,0,0,425,-44,-132,-30,23,-51,121,124,122,125,121,123,43,44,43,46,44,45,41,5,40,1,0,4,0,0,0,0,0,0
6.3531,,190,2.901098901098901,-13.538461538461538,-24.439560439560438,84.43956043956044,12.43956043956044,2.562170308967596,2121,1653,2339,2887,2187,1478,1150,0,0,0,0,0,429,-51,-132,-30,23,-51,121,124,122,125,121,123,43,44,43,46,44,45,37,6,40,2,0,5,0,0,0,0,0,0
6.3865,,191,5.978021978021978,-13.626373626373626,-24.439560439560438,84.43956043956044,12.43956043956044,2.562170308967596,2160,1653,2339,2887,2187,1478,1150,0,0,0,0,0,407,-55,-132,-30,23,-51,122,124,122,125,121,124,43,44,43,46,44,45,47,7,41,2,1,4,0,0,0,0,0,0
6.4199,,192,8.791208791208792,-13.626373626373626,-24.439560439560438,84.43956043956044,12.43956043956044,2.562170308967596,2195,1653,2339,2887,2187,1478,1150,0,0,0,0,0,392,-58,-132,-30,23,-51,122,124,122,125,121,123,43,44,43,46,44,45,45,8,40,1,0,5,0,0,0,0,0,0
6.4533,,193,11.692307692307692,-13.714285714285714,-24.439560439560438,84.43956043956044,12.43956043956044,2.562170308967596,2232,1653,2339,2887,2187,1478,1050,0,0,0,0,0,373,-58,-132,-30,23,-51,121,124,122,125,121,123,43,44,44,46,44,45,40,8,41,2,1,5,0,0,0,0,0,0
6.4867,,194,14.505494505494505,-13.714285714285714,-24.439560439560438,84.43956043956044,12.43956043956044,2.562170308967596,2268,1653,2339,2887,2187,1478,1100,0,0,0,0,0,357,-62,-132,-30,23,-51,122,124,122,125,121,123,43,44,43,46,44,45,48,9,42,1,0,6,0,0,0,0,0,0
6.5201,,195,17.142857142857142,-13.802197802197803,-24.439560439560438,84.43956043956044,12.43956043956044,2.562170308967596,2300,1653,2339,2887,2187,1478,1000,0,0,0,0,0,288,-62,-132,-30,23,-51,122,124,122,125,121,124,43,44,43,46,44,45,43,9,40,1,0,5,0,0,0,0,0,0
6.5535,,196,19.78021978021978,-13.802197802197803,-24.439560439560438,84.43956043956044,12.43956043956044,2.562170308967596,2335,1653,2339,2887,2187,1478,1000,0,0,0,0,0,361,-65,-132,-30,23,-51,122,124,122,125,121,123,43,44,43,46,44,45,46,10,42,1,0,6,0,0,0,0,0,0
6.587,,197,22.32967032967033,-13.802197802197803,-24.439560439560438,84.43956043956044,12.43956043956044,2.562170308967596,2368,1653,2339,2887,2187,1478,950,0,0,0,0,0,342,-65,-132,-30,23,-51,122,124,122,125,121,123,43,44,43,46,44,45,57,10,41,2,1,6,0,0,0,0,0,0
6.6203,,198,24.615384615384617,-13.89010989010989,-24.52747252747253,84.43956043956044,12.43956043956044,2.562170308967596,2400,1653,2339,2887,2187,1478,1000,0,0,0,0,0,412,-65,-132,-30,23,-51,122,124,122,125,121,123,43,44,43,46,44,45,38,10,41,1,0,6,0,0,0,0,0,0
6.6537,,199,26.725274725274726,-13.89010989010989,-24.52747252747253,84.43956043956044,12.43956043956044,2.562170308967596,2430,1653,2339,2887,2187,1478,900,0,0,0,0,0,333,-69,-136,-30,23,-51,122,124,122,124,121,123,43,44,43,46,44,45,40,11,43,1,0,6,0,0,0,0,0,0
6.6871,,200,28.747252747252748,-13.89010989010989,-24.52747252747253,84.43956043956044,12.43956043956044,2.562170308967596,2461,1653,2339,2887,2187,1478,900,0,0,0,0,0,305,-69,-136,-30,23,-51,122,124,122,125,121,123,43,44,43,46,44,45,34,11,43,1,1,4,0,0,0,0,0,0
6.7205,,201,30.945054945054945,-13.978021978021978,-24.52747252747253,84.43956043956044,12.43956043956044,2.562170308967596,2490,1653,2339,2887,2188,1478,900,0,0,0,50,0,279,-69,-136,-30,0,-51,122,124,122,125,121,123,43,44,43,46,44,45,45,11,43,1,0,5,0,0,0,0,0,0
6.754,,202,33.142857142857146,-14.32967032967033,-24.52747252747253,84.43956043956044,12.43956043956044,2.562170308967596,2515,1653,2339,2887,2188,1478,850,0,0,0,0,0,264,-72,-136,-30,0,-51,122,124,122,125,121,123,43,44,43,46,44,45,36,13,43,1,0,5,0,0,0,0,0,0
6.7874,,203,35.252747252747255,-14.593406593406593,-24.52747252747253,84.43956043956044,12.43956043956044,2.562170308967596,2542,1653,2339,2887,2188,1478,800,0,0,0,0,0,254,-96,-136,-30,0,-51,122,124,122,125,121,123,43,44,43,46,44,45,34,20,43,1,0,5,0,0,0,0,0,0
6.8208,,204,37.0989010989011,-14.76923076923077,-24.52747252747253,84.43956043956044,12.43956043956044,2.562170308967596,2567,1653,2339,2887,2188,1478,700,0,0,0,0,0,273,-97,-136,-30,0,-51,121,124,122,125,121,123,43,44,44,46,44,45,27,25,43,1,0,5,0,0,0,0,0,0
6.8543,,205,38.857142857142854,-15.12087912087912,-24.52747252747253,84.43956043956044,12.43956043956044,2.562170308967596,2592,1653,2339,2887,2188,1478,750,0,0,0,0,0,254,-104,-136,-30,0,-51,121,124,122,125,121,123,43,44,43,46,44,45,38,28,43,2,0,5,0,0,0,0,0,0
6.8878,,206,40.61538461538461,-15.472527472527473,-24.52747252747253,84.43956043956044,12.43956043956044,2.562170308967596,2616,1652,2339,2887,2188,1478,750,0,0,0,0,0,233,-118,-136,-30,0,-51,121,124,122,125,121,123,43,44,43,46,44,45,36,20,43,1,0,6,0,0,0,0,0,0
6.9213,,207,42.10989010989011,-15.648351648351648,-24.52747252747253,84.43956043956044,12.43956043956044,2.562170308967596,2639,1652,2339,2887,2188,1478,700,0,0,0,0,0,214,-129,-136,-30,0,-51,121,124,122,125,121,123,43,44,43,46,44,45,33,39,43,1,0,6,0,0,0,0,0,0
6.9548,,208,43.69230769230769,-16.175824175824175,-24.52747252747253,84.43956043956044,12.43956043956044,2.562170308967596,2662,1652,2339,2887,2188,1478,650,0,0,0,0,0,184,-136,-136,-30,0,-51,121,124,122,124,121,123,43,44,43,46,44,45,37,46,43,2,0,6,0,0,0,0,0,0
6.9881,,209,45.18681318681319,-16.615384615384617,-24.439560439560438,84.43956043956044,12.43956043956044,2.562170308967596,2683,1651,2339,2887,2188,1478,650,0,0,0,0,0,201,-170,-136,-30,0,-51,121,124,122,124,121,123,43,44,43,46,44,45,26,69,43,1,0,6,0,0,0,0,0,0
7.0215,,210,46.76923076923077,-16.791208791208792,-24.439560439560438,84.43956043956044,12.43956043956044,2.562170308967596,2701,1648,2339,2887,2188,1478,600,-50,0,0,0,0,271,-167,-132,-30,0,-51,122,124,122,124,121,123,43,44,43,46,44,45,21,60,40,1,0,6,0,0,0,0,0,0
7.055,,211,48.175824175824175,-17.406593406593405,-24.52747252747253,84.43956043956044,12.43956043956044,2.562170308967596,2721,1645,2339,2887,2188,1478,550,-150,0,0,0,0,175,-157,-132,-30,0,-51,121,124,122,124,121,123,42,44,43,46,44,45,25,53,41,1,0,6,0,0,0,0,0,0
7.0885,,212,49.582417582417584,-17.846153846153847,-24.439560439560438,84.43956043956044,12.43956043956044,2.562170308967596,2740,1640,2339,2887,2188,1478,550,-100,0,0,0,0,241,-83,-136,-30,0,-51,121,124,122,124,121,123,43,44,43,46,44,45,28,63,43,1,0,6,0,0,0,0,0,0
7.122,,213,50.81318681318681,-18.197802197802197,-24.439560439560438,84.52747252747253,12.43956043956044,2.562170308967596,2756,1634,2339,2887,2188,1478,500,-200,0,0,0,0,173,-180,-132,-30,0,-51,121,124,122,124,121,123,43,44,43,46,44,45,24,54,42,1,0,5,0,0,0,0,0,0
7.1555,,214,51.956043956043956,-18.813186813186814,-24.439560439560438,84.52747252747253,12.43956043956044,2.562170308967596,2773,1628,2339,2887,2188,1478,500,-200,0,0,0,0,241,-158,-132,-27,0,-51,121,124,122,125,121,123,43,44,43,46,44,45,22,43,41,0,0,5,0,0,0,0,0,0
7.189,,215,53.0989010989011,-19.252747252747252,-24.439560439560438,84.52747252747253,12.43956043956044,2.562170308967596,2790,1621,2339,2887,2188,1478,500,-200,0,0,0,0,137,-170,-132,-27,0,-51,121,124,122,125,121,124,43,44,43,46,44,45,13,37,41,0,0,5,0,0,0,0,0,0
7.2224,,216,54.32967032967033,-19.692307692307693,-24.439560439560438,84.52747252747253,12.43956043956044,2.562170308967596,2806,1614,2339,2887,2188,1478,450,-200,0,0,0,0,208,-150,-132,-27,0,-51,122,124,122,125,121,123,43,44,43,46,44,45,18,23,41,0,0,6,0,0,0,0,0,0
7.2558,,217,55.472527472527474,-20.307692307692307,-24.439560439560438,84.61538461538461,12.43956043956044,2.562170308967596,2820,1608,2339,2887,2188,1478,450,-200,0,0,0,0,201,-143,-132,-27,0,-51,122,124,122,125,121,124,43,44,43,46,44,45,15,35,40,1,0,5,0,0,0,0,0,0
7.2892,,218,56.527472527472526,-20.747252747252748,-24.439560439560438,84.7032967032967,12.43956043956044,2.562170308967596,2835,1601,2339,2887,2188,1478,450,-200,0,0,0,0,129,-83,-132,-23,0,-51,122,124,122,125,121,123,42,44,43,46,44,45,19,32,40,0,0,6,0,0,0,0,0,0
7.3226,,219,57.31868131868132,-21.01098901098901,-24.439560439560438,84.7032967032967,12.43956043956044,2.562170308967596,2849,1595,2339,2887,2188,1478,400,-200,0,0,0,0,115,-148,-132,0,0,-51,122,124,122,125,121,123,43,44,43,46,44,45,12,28,41,0,0,6,0,0,0,0,0,0
7.356,,220,57.934065934065934,-21.45054945054945,-24.439560439560438,84.7032967032967,12.43956043956044,2.562170308967596,2861,1589,2339,2888,2188,1478,400,-200,0,50,0,0,174,-132,-132,-23,0,-51,122,124,122,125,121,124,43,44,44,46,44,45,15,22,40,0,0,5,0,0,0,0,0,0
7.3894,,221,58.02197802197802,-21.626373626373628,-24.439560439560438,84.79120879120879,12.43956043956044,2.562170308967596,2873,1583,2339,2888,2188,1478,350,-150,0,0,0,0,60,-129,-132,-23,0,-51,122,124,122,125,121,124,43,44,43,46,44,45,15,20,41,0,0,5,0,0,0,0,0,0
7.4228,,222,58.02197802197802,-21.89010989010989,-24.439560439560438,84.79120879120879,12.43956043956044,2.562170308967596,2883,1578,2339,2888,2188,1478,300,-150,0,0,0,0,19,-122,-132,0,0,-51,122,124,122,125,121,124,43,44,44,46,44,45,5,22,42,0,0,5,0,0,0,0,0,0
7.4562,,223,58.02197802197802,-22.505494505494507,-24.35164835164835,84.87912087912088,12.43956043956044,2.562170308967596,2889,1574,2339,2888,2188,1478,250,-100,0,0,0,0,90,-115,-132,0,0,-51,122,124,122,125,121,124,42,44,43,46,44,45,2,23,41,0,0,6,0,0,0,0,0,0
7.4896,,224,57.84615384615385,-23.12087912087912,-24.35164835164835,84.87912087912088,12.0,2.562170308967596,2893,1569,2339,2888,2188,1478,150,-150,0,0,0,0,69,-134,-129,0,0,-51,122,124,122,125,121,124,43,44,43,46,44,45,6,23,38,0,0,5,0,0,0,0,0,0
7.523,,225,57.494505494505496,-23.912087912087912,-24.35164835164835,84.87912087912088,11.824175824175825,2.562170308967596,2896,1564,2339,2888,2188,1478,100,-150,0,0,0,0,51,-50,-129,0,-30,-51,122,124,122,125,121,124,42,44,44,46,44,45,4,27,38,0,2,5,0,0,0,0,0,0
7.5564,,226,57.23076923076923,-24.791208791208792,-24.35164835164835,84.87912087912088,11.648351648351648,2.562170308967596,2897,1559,2339,2888,2188,1478,50,-150,0,0,0,0,34,-151,-129,0,-37,-51,122,124,122,125,121,124,43,44,43,46,44,45,2,22,39,0,3,5,0,0,0,0,0,0
7.5898,,227,56.79120879120879,-25.75824175824176,-24.35164835164835,84.87912087912088,11.56043956043956,2.562170308967596,2897,1552,2339,2888,2187,1478,0,-200,0,0,-50,0,20,-182,-129,0,-44,-51,122,124,122,125,121,124,43,44,43,46,44,45,1,27,39,0,3,5,0,0,0,0,0,0
7.6232,,228,55.64835164835165,-26.725274725274726,-24.35164835164835,84.87912087912088,11.56043956043956,2.562170308967596,2897,1545,2339,2888,2187,1478,0,-200,0,0,0,0,-36,-194,-129,0,-44,-51,122,124,122,125,121,123,43,44,43,46,44,45,0,45,39,0,4,5,0,0,0,0,0,0
7.6566,,229,54.065934065934066,-27.78021978021978,-24.35164835164835,84.79120879120879,11.472527472527473,2.562170308967596,2896,1536,2339,2888,2187,1478,0,-200,0,0,0,0,-98,-195,-129,0,-44,-51,122,124,122,125,121,123,42,44,44,46,44,45,11,37,38,0,4,6,0,0,0,0,0,0
7.6901,,230,51.956043956043956,-29.01098901098901,-24.35164835164835,84.79120879120879,11.472527472527473,2.562170308967596,2892,1527,2339,2888,2187,1478,-50,-300,0,0,0,0,-147,-204,-129,0,-48,-51,122,124,122,125,121,123,43,44,43,46,44,45,21,34,39,0,5,5,0,0,0,0,0,0
7.7235,,231,49.582417582417584,-30.505494505494507,-24.35164835164835,84.87912087912088,11.472527472527473,2.562170308967596,2882,1516,2339,2888,2187,1478,-300,-300,0,0,0,0,-198,-208,-129,0,-48,-51,122,124,122,125,121,123,43,44,44,46,44,45,29,62,38,0,4,4,0,0,0,0,0,0
7.7571,,232,47.032967032967036,-31.912087912087912,-24.35164835164835,84.87912087912088,11.472527472527473,2.562170308967596,2867,1504,2338,2888,2187,1478,-400,-350,-50,0,0,0,-253,-162,-125,0,-48,-51,122,124,122,124,121,123,43,44,43,46,44,45,31,55,36,0,5,5,0,0,0,0,0,0
7.7907,,233,44.48351648351648,-33.31868131868132,-24.35164835164835,84.87912087912088,11.472527472527473,2.562170308967596,2849,1490,2338,2888,2187,1478,-500,-400,0,0,0,0,-204,-252,-125,0,-48,-51,121,124,122,124,121,123,43,44,43,46,44,45,35,41,37,0,5,5,0,0,0,0,0,0
7.8242,,234,41.75824175824176,-34.637362637362635,-24.35164835164835,84.87912087912088,11.296703296703297,2.562170308967596,2826,1475,2338,2888,2187,1478,-650,-400,0,0,0,0,-311,-167,-125,0,-48,-51,121,124,122,125,121,123,43,44,44,46,44,45,22,44,36,0,4,6,0,0,0,0,0,0
7.8576,,235,38.76923076923077,-36.043956043956044,-24.35164835164835,84.87912087912088,10.241758241758241,2.562170308967596,2801,1459,2338,2888,2187,1478,-750,-500,0,0,0,0,-325,-155,-125,0,-55,-51,121,124,122,125,121,123,43,44,43,46,44,45,20,28,36,0,8,6,0,0,0,0,0,0
7.8911,,236,35.78021978021978,-37.18681318681319,-24.35164835164835,84.87912087912088,8.043956043956044,2.562170308967596,2773,1443,2338,2888,2186,1478,-800,-450,0,0,0,0,-255,-180,-125,0,-119,-51,121,124,122,125,121,123,43,44,44,46,44,45,19,42,36,0,22,6,0,0,0,0,0,0
7.9245,,237,33.05494505494506,-38.24175824175824,-24.35164835164835,84.87912087912088,5.582417582417582,2.562170308967596,2745,1426,2338,2888,2178,1478,-800,-500,0,0,-250,0,-293,-244,-125,0,-188,-51,121,124,122,124,121,123,43,44,43,46,44,45,36,34,36,0,25,5,0,0,0,0,0,0
7.958,,238,30.505494505494507,-39.20879120879121,-24.35164835164835,84.79120879120879,3.4725274725274726,2.562170308967596,2715,1410,2338,2888,2164,1478,-900,-500,0,0,-350,0,-295,-225,-125,0,-153,-51,121,124,122,125,121,123,43,44,43,46,44,45,24,23,36,0,25,6,0,0,0,0,0,0
7.9915,,239,28.395604395604394,-40.0,-24.35164835164835,84.79120879120879,2.1538461538461537,2.562170308967596,2684,1394,2338,2888,2145,1478,-950,-500,0,0,-550,0,-283,-197,-125,0,-173,-51,121,124,122,125,121,123,43,44,43,46,44,45,14,13,36,0,20,5,0,0,0,0,0,0
8.025,,240,26.9010989010989,-40.61538461538461,-24.35164835164835,84.79120879120879,1.3626373626373627,2.562170308967596,2654,1380,2338,2888,2127,1478,-800,-450,0,0,-600,0,-261,-75,-125,0,-144,-51,121,124,122,125,121,123,43,44,43,46,44,45,11,13,37,0,20,5,0,0,0,0,0,0
8.0585,,241,25.582417582417584,-41.05494505494506,-24.35164835164835,84.79120879120879,0.5714285714285714,2.562170308967596,2623,1366,2337,2888,2108,1478,-900,-400,-50,0,-550,0,-199,-77,-122,0,-215,-51,122,124,122,125,121,123,43,44,43,46,44,45,7,15,35,0,12,5,0,0,0,0,0,0
8.092,,242,24.263736263736263,-41.67032967032967,-24.35164835164835,84.79120879120879,-0.21978021978021978,2.562170308967596,2599,1355,2337,2888,2094,1478,-800,-300,0,0,-400,0,-190,-127,-122,0,-193,-51,122,124,122,125,121,124,43,44,44,46,44,45,8,5,35,0,15,5,0,0,0,0,0,0
8.1255,,243,22.945054945054945,-42.285714285714285,-24.35164835164835,84.79120879120879,-1.098901098901099,2.562170308967596,2577,1343,2337,2888,2080,1478,-700,-300,0,0,-450,0,-245,-25,-122,0,-79,-51,122,124,122,125,121,124,43,44,43,46,44,45,4,5,35,0,10,5,0,0,0,0,0,0
8.159,,244,21.626373626373628,-43.07692307692308,-24.35164835164835,84.79120879120879,-1.8021978021978022,2.562170308967596,2560,1332,2337,2888,2070,1478,-600,-350,0,0,-350,0,-226,-89,-122,0,-162,-51,122,124,122,125,121,124,43,44,44,46,44,45,11,2,34,0,11,5,0,0,0,0,0,0
8.1924,,245,20.395604395604394,-44.043956043956044,-24.35164835164835,84.79120879120879,-2.1538461538461537,2.562170308967596,2541,1324,2337,2888,2058,1478,-500,-200,0,0,-300,0,-209,-91,-122,0,-125,-51,122,124,122,125,121,124,43,44,44,46,44,45,8,13,35,0,17,6,0,0,0,0,0,0
8.2259,,246,19.428571428571427,-44.92307692307692,-24.35164835164835,84.87912087912088,-2.4175824175824174,2.562170308967596,2522,1314,2336,2888,2048,1478,-650,-300,0,0,-300,0,-211,-120,-122,0,-120,-51,122,124,122,125,121,124,42,44,43,46,44,45,5,2,35,0,7,6,0,0,0,0,0,0
8.2594,,247,18.725274725274726,-45.714285714285715,-24.35164835164835,84.87912087912088,-2.5054945054945055,2.562170308967596,2506,1303,2334,2888,2040,1478,-450,-350,-50,0,-250,0,-181,-110,-115,0,-93,-51,122,124,122,125,121,124,43,44,43,46,44,45,7,0,10,0,5,6,0,0,0,0,0,0
8.2928,,248,18.021978021978022,-46.505494505494504,-24.35164835164835,84.87912087912088,-2.5054945054945055,2.562170308967596,2492,1293,2330,2888,2035,1478,-400,-300,-150,0,-150,0,-150,-99,-97,0,-76,-51,122,124,122,125,121,124,42,44,44,46,44,45,5,3,10,0,8,6,0,0,0,0,0,0
8.3263,,249,17.318681318681318,-46.94505494505494,-24.35164835164835,84.87912087912088,-2.5054945054945055,2.562170308967596,2481,1283,2327,2888,2032,1478,-350,-300,-100,0,-150,0,-131,-87,-86,0,-62,-51,122,124,122,125,121,124,43,44,43,46,44,45,1,0,14,0,3,5,0,0,0,0,0,0
8.3597,,250,16.791208791208792,-47.2967032967033,-24.35164835164835,84.87912087912088,-2.5054945054945055,2.562170308967596,2471,1275,2325,2888,2030,1478,-300,-250,-50,0,-100,0,-31,-62,-83,0,-55,-51,122,124,122,125,121,124,43,44,43,46,44,45,5,1,12,0,6,5,0,0,0,0,0,0
8.3932,,251,16.263736263736263,-47.472527472527474,-24.35164835164835,84.87912087912088,-2.5054945054945055,2.562170308967596,2462,1269,2325,2888,2028,1478,-250,-200,0,0,-50,0,-122,53,-79,0,69,-51,122,124,122,125,121,124,43,44,44,46,44,45,6,0,14,0,2,4,0,0,0,0,0,0
8.4267,,252,15.912087912087912,-47.472527472527474,-24.35164835164835,84.87912087912088,-2.5054945054945055,2.562170308967596,2452,1263,2325,2888,2027,1478,-300,-150,0,0,-50,0,-17,-44,-79,0,-44,-51,122,124,122,125,121,124,43,44,44,46,44,45,4,0,14,0,4,4,0,0,0,0,0,0
8.4602,,253,15.648351648351648,-47.472527472527474,-24.35164835164835,84.87912087912088,-2.5054945054945055,2.562170308967596,2446,1259,2325,2888,2027,1478,-250,-100,0,0,0,0,-79,-27,-79,0,-44,-51,122,124,122,125,121,124,43,44,43,46,44,45,5,1,15,0,4,5,0,0,0,0,0,0
8.4937,,254,15.648351648351648,-47.38461538461539,-24.263736263736263,84.87912087912088,-2.5054945054945055,2.562170308967596,2441,1255,2325,2888,2027,1478,-200,-100,0,0,0,0,-69,0,-79,0,-44,-51,122,124,122,125,121,124,42,44,43,46,44,45,5,0,14,0,4,4,0,0,0,0,0,0
8.5272,,255,15.648351648351648,-47.2967032967033,-24.263736263736263,84.87912087912088,-2.5934065934065935,2.562170308967596,2435,1255,2325,2888,2027,1478,-150,-50,0,0,0,0,-48,23,-76,0,-44,-51,122,124,122,125,121,124,43,44,43,46,44,45,4,1,13,0,4,5,0,0,0,0,0,0
8.5607,,256,15.648351648351648,-47.2967032967033,-24.263736263736263,84.7032967032967,-3.032967032967033,2.562170308967596,2432,1255,2325,2888,2027,1478,-100,0,0,0,0,0,-41,27,-76,0,-48,-51,122,124,122,125,121,124,43,44,43,46,44,45,1,2,13,0,5,5,0,0,0,0,0,0
8.5943,,257,15.648351648351648,-47.20879120879121,-24.263736263736263,84.7032967032967,-3.6483516483516483,2.562170308967596,2431,1255,2325,2888,2027,1478,-50,0,0,0,0,0,-34,27,-76,-23,-71,-51,122,124,122,125,121,124,43,44,44,46,44,45,1,3,13,0,11,7,0,0,0,0,0,0
8.6278,,258,15.648351648351648,-47.20879120879121,-24.263736263736263,84.7032967032967,-3.7362637362637363,2.562170308967596,2429,1255,2325,2888,2024,1478,-100,0,0,0,0,0,-27,30,-76,-23,28,-51,122,124,122,125,121,124,43,44,43,46,44,45,1,3,13,0,12,5,0,0,0,0,0,0
8.6613,,259,15.736263736263735,-47.472527472527474,-24.263736263736263,84.87912087912088,-3.3846153846153846,2.562170308967596,2427,1255,2325,2888,2020,1478,-50,0,0,0,-150,0,0,30,-76,-23,-72,-51,122,124,122,125,121,124,43,44,43,46,44,45,0,3,12,0,6,5,0,0,0,0,0,0
8.6948,,260,15.736263736263735,-47.56043956043956,-24.263736263736263,84.87912087912088,-3.2967032967032965,2.562170308967596,2427,1254,2325,2888,2019,1478,0,-50,0,0,-50,0,0,23,-76,0,-44,-51,122,124,122,125,121,124,43,44,43,46,44,45,0,1,12,0,5,6,0,0,0,0,0,0
8.7282,,261,15.736263736263735,-47.56043956043956,-24.263736263736263,84.87912087912088,-3.208791208791209,2.562170308967596,2427,1253,2325,2888,2017,1478,0,0,0,0,-50,0,0,23,-76,0,-41,-51,122,124,122,125,121,124,43,44,44,46,44,45,0,0,13,0,3,5,0,0,0,0,0,0
8.7617,,262,15.736263736263735,-47.20879120879121,-24.263736263736263,84.79120879120879,-3.120879120879121,2.562170308967596,2427,1253,2325,2888,2017,1478,0,0,0,0,0,0,0,23,-76,0,-37,-51,122,124,122,125,121,124,43,44,43,46,44,45,0,0,13,0,4,6,0,0,0,0,0,0
8.7952,,263,15.736263736263735,-46.15384615384615,-24.175824175824175,84.61538461538461,-3.7362637362637363,2.562170308967596,2427,1253,2325,2888,2017,1478,0,0,0,0,0,0,0,37,-76,0,-34,-51,122,124,122,125,121,124,43,44,43,46,44,45,0,3,13,0,3,5,0,0,0,0,0,0
8.8285,,264,15.736263736263735,-42.989010989010985,-24.0,84.52747252747253,-3.8241758241758244,2.562170308967596,2427,1253,2325,2888,2017,1478,0,0,0,0,0,0,0,99,-72,-27,-62,-51,122,124,122,125,121,124,43,44,43,46,44,45,0,15,11,0,11,5,0,0,0,0,0,0
8.862,,265,15.736263736263735,-37.010989010989015,-23.64835164835165,84.35164835164835,-3.8241758241758244,2.562170308967596,2427,1254,2325,2888,2015,1478,0,0,0,0,0,0,0,191,-65,-30,-58,-51,122,124,122,125,121,124,43,44,44,46,44,45,0,58,8,0,8,5,0,0,0,0,0,0
8.8954,,266,15.736263736263735,-28.307692307692307,-23.64835164835165,83.2967032967033,-3.8241758241758244,2.562170308967596,2427,1263,2325,2888,2015,1478,0,250,0,0,-50,0,0,275,-51,-37,-55,-51,122,124,122,125,121,124,43,44,43,46,44,45,0,119,4,2,8,5,0,0,0,0,0,0
8.9289,,267,15.648351648351648,-17.67032967032967,-23.912087912087912,79.6923076923077,-3.8241758241758244,2.562170308967596,2427,1282,2323,2888,2015,1478,0,500,-50,0,0,0,0,563,-48,-106,-55,-51,121,124,122,124,121,123,43,44,43,46,44,45,0,238,4,14,8,5,0,0,0,0,0,0
8.9624,,268,16.439560439560438,-6.241758241758242,-24.175824175824175,73.8021978021978,-3.8241758241758244,2.562170308967596,2426,1315,2320,2886,2015,1478,0,900,-50,0,0,0,0,696,-44,-203,-55,-51,121,123,121,123,120,122,43,44,43,46,44,45,0,352,4,55,7,5,0,0,0,0,0,0
8.9958,,269,16.967032967032967,3.6923076923076925,-24.263736263736263,65.89010989010988,-3.2967032967032965,2.562170308967596,2426,1360,2314,2872,2015,1478,0,1300,-150,-200,0,0,61,909,-41,-292,-55,-51,120,122,120,123,119,122,43,44,44,46,44,45,5,482,1,86,8,5,0,0,0,0,0,0
9.0292,,270,18.197802197802197,11.164835164835164,-24.175824175824175,58.417582417582416,-3.208791208791209,2.562170308967596,2427,1417,2311,2845,2015,1478,0,1600,-200,-700,0,0,77,967,-27,-454,-19,-51,119,121,119,122,119,121,43,44,43,46,44,45,9,598,0,123,2,5,0,0,0,0,0,0
9.0626,,271,19.076923076923077,16.35164835164835,-24.175824175824175,52.35164835164835,-3.032967032967033,2.4868123587038435,2430,1490,2311,2807,2015,1478,50,2050,0,-1150,0,0,138,990,-23,-487,-30,-51,119,121,119,122,118,121,43,44,44,46,44,45,16,527,0,162,2,5,0,0,0,0,0,0
9.096,,272,19.252747252747252,18.54945054945055,-24.175824175824175,49.53846153846154,-2.9450549450549453,2.4868123587038435,2436,1574,2317,2754,2015,1478,150,2350,100,-1650,0,0,136,1000,-41,-577,-23,-55,119,121,119,122,118,121,43,44,43,46,44,45,19,381,13,155,0,7,0,0,0,0,0,0
9.1295,,273,18.98901098901099,19.252747252747252,-24.175824175824175,49.362637362637365,-2.9450549450549453,2.4868123587038435,2442,1666,2319,2696,2015,1478,200,2550,50,-1650,0,0,104,991,-51,-573,0,-55,120,122,120,123,119,121,43,44,44,46,44,45,12,205,6,129,0,6,0,0,0,0,0,0
9.163,,274,18.54945054945055,19.34065934065934,-24.0,49.362637362637365,-2.9450549450549453,2.4868123587038435,2446,1762,2319,2639,2015,1478,100,3050,0,-1750,0,0,79,749,-51,-441,0,-55,121,123,121,123,120,122,43,44,44,46,44,45,9,56,4,41,0,7,0,0,0,0,0,0
9.1965,,275,18.285714285714285,19.076923076923077,-23.824175824175825,49.714285714285715,-2.9450549450549453,2.4868123587038435,2448,1847,2317,2589,2014,1478,100,2450,0,-1550,0,0,44,541,-37,-220,0,-55,121,124,122,124,121,123,43,44,43,46,44,45,7,7,1,10,0,7,0,0,0,0,0,0
9.2301,,276,18.10989010989011,19.076923076923077,-23.824175824175825,49.8021978021978,-2.9450549450549453,2.4868123587038435,2448,1922,2322,2553,2014,1478,0,2350,100,-1250,-50,0,44,119,-41,-191,0,-55,122,124,122,125,121,124,43,44,44,46,44,45,4,1,4,1,0,7,0,0,0,0,0,0
9.2636,,277,18.10989010989011,18.98901098901099,-23.912087912087912,49.8021978021978,-2.9450549450549453,2.4868123587038435,2448,1989,2333,2534,2016,1478,0,1950,300,-500,0,0,37,-66,-83,-189,-23,-55,122,124,122,125,121,124,43,44,43,46,44,45,4,43,18,0,7,6,0,0,0,0,0,0
9.297,,278,18.10989010989011,18.725274725274726,-23.912087912087912,49.8021978021978,-2.857142857142857,2.4868123587038435,2448,2034,2338,2524,2017,1478,0,1400,250,-400,50,0,37,-175,-104,-146,-27,-55,121,123,122,124,121,123,43,44,43,46,44,45,3,107,34,26,3,7,0,0,0,0,0,0
9.3305,,279,18.285714285714285,18.373626373626372,-23.912087912087912,49.89010989010989,-2.769230769230769,2.4868123587038435,2449,2051,2339,2520,2017,1478,0,900,50,-200,0,0,34,-154,-111,-40,-23,-55,121,123,121,124,120,123,43,44,43,46,44,45,2,161,37,23,1,7,0,0,0,0,0,0
9.364,,280,18.46153846153846,17.67032967032967,-23.824175824175825,49.97802197802198,-2.681318681318681,2.4868123587038435,2449,2049,2335,2514,2016,1478,0,0,-50,-200,0,0,41,-178,-101,-101,0,-55,121,123,121,124,121,123,43,44,43,46,44,45,4,90,27,10,0,7,0,0,0,0,0,0
9.3975,,281,18.63736263736264,17.142857142857142,-23.736263736263737,49.97802197802198,-2.681318681318681,2.4868123587038435,2449,2044,2335,2510,2016,1478,0,-150,-50,-150,0,0,48,-201,-93,-86,0,-55,121,123,121,124,121,123,43,44,44,46,44,45,5,85,20,11,0,6,0,0,0,0,0,0
9.431,,282,18.725274725274726,16.791208791208792,-23.736263736263737,49.97802197802198,-2.681318681318681,2.4868123587038435,2448,2039,2335,2507,2016,1478,-50,-150,0,-100,0,0,58,-189,-90,-76,0,-55,121,123,122,124,121,123,43,44,43,46,44,45,8,58,18,7,0,6,0,0,0,0,0,0
9.4644,,283,18.725274725274726,16.263736263736263,-23.64835164835165,50.065934065934066,-2.681318681318681,2.4868123587038435,2448,2038,2335,2506,2016,1478,0,-50,0,-50,0,0,62,-196,-90,-69,0,-55,121,123,122,124,121,123,43,44,44,46,44,45,9,67,18,10,0,6,0,0,0,0,0,0
9.4978,,284,18.813186813186814,15.56043956043956,-23.560439560439562,50.065934065934066,-2.681318681318681,2.4868123587038435,2448,2039,2336,2505,2016,1478,0,50,50,0,0,0,62,-232,-90,-62,0,-55,121,123,121,124,121,123,42,44,43,46,44,45,10,138,17,8,0,7,0,0,0,0,0,0
9.5315,,285,18.9010989010989,14.945054945054945,-23.560439560439562,50.065934065934066,-2.681318681318681,2.4868123587038435,2448,2039,2336,2505,2016,1478,0,0,0,0,0,0,65,-267,-86,-62,0,-55,121,123,121,124,120,123,43,44,44,46,44,45,11,146,17,9,0,7,0,0,0,0,0,0
9.565,,286,18.9010989010989,14.153846153846153,-23.47252747252747,50.15384615384615,-2.681318681318681,2.4868123587038435,2449,2038,2336,2505,2016,1478,0,0,0,0,0,0,65,-277,-86,-62,0,-55,121,123,121,124,120,123,42,44,43,46,44,45,7,163,17,9,0,6,0,0,0,0,0,0
9.5983,,287,18.813186813186814,13.274725274725276,-23.47252747252747,50.94505494505494,-2.681318681318681,2.4868123587038435,2449,2034,2336,2505,2016,1478,0,-100,0,0,0,0,65,-306,-83,-58,0,-55,121,123,121,124,120,123,43,44,43,46,44,45,9,170,16,8,0,7,0,0,0,0,0,0
9.6317,,288,18.54945054945055,12.131868131868131,-23.47252747252747,52.967032967032964,-2.681318681318681,2.4868123587038435,2449,2028,2336,2505,2016,1478,0,-200,0,0,0,0,62,-309,-83,23,0,-55,121,123,121,124,120,123,43,44,43,46,44,45,9,135,16,2,0,7,0,0,0,0,0,0
9.6651,,289,18.10989010989011,10.461538461538462,-23.47252747252747,55.604395604395606,-2.681318681318681,2.4868123587038435,2449,2022,2336,2506,2016,1478,0,-200,0,0,0,0,51,-359,-83,110,0,-55,121,123,121,124,120,123,43,44,43,46,44,45,5,212,15,12,0,7,0,0,0,0,0,0
9.6986,,290,17.582417582417584,8.175824175824175,-23.47252747252747,59.120879120879124,-2.681318681318681,2.4868123587038435,2449,2012,2336,2515,2016,1478,0,-200,0,250,0,0,25,-395,-83,188,0,-55,121,123,121,124,120,123,43,44,44,46,44,45,2,195,15,15,0,7,0,0,0,0,0,0
9.732,,291,16.35164835164835,4.835164835164835,-23.47252747252747,62.989010989010985,-2.681318681318681,2.4868123587038435,2449,1999,2336,2531,2016,1478,0,-350,0,400,0,0,0,-352,-83,267,0,-55,121,123,121,124,120,122,43,44,43,46,44,45,1,200,16,28,0,7,0,0,0,0,0,0
9.7653,,292,15.208791208791208,0.5274725274725275,-23.47252747252747,66.94505494505495,-2.9450549450549453,2.4868123587038435,2449,1983,2336,2554,2016,1478,0,-400,0,600,0,0,-94,-420,-83,250,0,-55,120,122,121,123,120,122,43,44,43,46,44,45,9,206,16,28,0,6,0,0,0,0,0,0
9.7987,,293,13.802197802197803,-5.010989010989011,-23.47252747252747,71.6043956043956,-3.120879120879121,2.4868123587038435,2445,1961,2336,2580,2016,1478,0,-600,0,750,0,0,-30,-503,-83,307,-24,-55,120,122,120,123,119,122,43,44,44,46,44,45,16,333,16,47,0,6,0,0,0,0,0,0
9.8321,,294,11.252747252747254,-11.780219780219781,-23.47252747252747,75.56043956043956,-3.2967032967032965,2.4868123587038435,2436,1933,2336,2614,2016,1478,-250,-850,0,950,0,0,-78,-599,-83,363,-30,-55,120,122,120,123,119,122,43,44,43,46,44,45,19,337,16,48,1,5,0,0,0,0,0,0
9.8656,,295,7.736263736263736,-18.9010989010989,-23.47252747252747,78.1978021978022,-2.857142857142857,2.4868123587038435,2426,1897,2336,2651,2016,1478,-300,-1000,0,1050,0,0,-137,-703,-83,414,-37,-55,120,122,120,122,119,121,42,44,43,46,44,45,32,376,15,36,4,4,0,0,0,0,0,0
9.8991,,296,3.956043956043956,-24.967032967032967,-23.47252747252747,79.25274725274726,-2.681318681318681,2.4868123587038435,2411,1856,2336,2691,2016,1478,-350,-1300,0,1200,0,0,-305,-805,-83,401,0,-55,119,121,119,122,119,121,43,44,44,46,44,45,52,476,15,31,1,6,0,0,0,0,0,0
9.9326,,297,1.5824175824175823,-29.714285714285715,-23.384615384615383,79.51648351648352,-2.681318681318681,2.4868123587038435,2391,1803,2336,2731,2016,1478,-550,-1450,0,1200,0,0,-295,-782,-83,313,0,-55,119,121,119,122,119,121,43,44,43,46,44,45,80,523,16,4,0,7,0,0,0,0,0,0
9.966,,298,0.967032967032967,-32.175824175824175,-23.384615384615383,79.86813186813187,-2.681318681318681,2.4868123587038435,2367,1742,2336,2764,2016,1478,-750,-1750,0,1050,0,0,-331,-813,-79,164,0,-55,119,121,120,122,119,121,43,44,44,46,44,45,67,489,14,0,0,6,0,0,0,0,0,0
9.9994,,299,1.1428571428571428,-33.05494505494506,-23.384615384615383,80.48351648351648,-2.5934065934065935,2.4868123587038435,2336,1678,2336,2791,2016,1478,-900,-1900,0,750,0,0,-257,-756,-79,76,0,-55,120,122,120,123,119,121,43,44,44,46,44,45,35,310,14,0,0,6,0,0,0,0,0,0
10.0328,,300,1.2307692307692308,-33.31868131868132,-23.384615384615383,82.06593406593407,-2.5934065934065935,2.4868123587038435,2308,1620,2335,2809,2016,1478,-950,-1850,-50,600,0,0,-111,-604,-76,158,23,-55,120,122,120,123,120,122,43,44,43,46,44,45,4,171,12,0,0,7,0,0,0,0,0,0
10.0663,,301,1.4945054945054945,-33.40659340659341,-23.47252747252747,84.26373626373626,-2.5934065934065935,2.4868123587038435,2289,1565,2334,2822,2016,1478,-550,-1700,-50,450,0,0,-37,-381,-72,169,23,-55,121,123,121,124,120,123,43,44,43,46,44,45,1,52,13,2,0,8,0,0,0,0,0,0
10.0997,,302,1.8461538461538463,-33.494505494505496,-23.47252747252747,86.1978021978022,-2.5934065934065935,2.4868123587038435,2277,1521,2333,2837,2015,1478,-500,-1300,0,400,0,0,59,-304,45,208,27,-55,121,123,122,124,121,123,43,44,43,46,44,45,0,16,11,12,0,8,0,0,0,0,0,0
10.1331,,303,1.8461538461538463,-33.582417582417584,-23.47252747252747,87.16483516483517,-2.5934065934065935,2.4868123587038435,2272,1490,2333,2856,2015,1478,-200,-950,0,550,0,0,-23,-223,-72,130,27,-55,121,124,122,124,121,123,43,44,43,46,44,45,3,3,11,8,0,8,0,0,0,0,0,0
10.1665,,304,1.8461538461538463,-33.934065934065934,-23.47252747252747,87.34065934065934,-2.681318681318681,2.4868123587038435,2269,1460,2333,2875,2015,1478,-50,-900,0,600,0,0,0,-111,-72,117,27,-55,122,124,122,125,121,123,43,44,43,46,44,45,0,0,11,2,1,8,0,0,0,0,0,0
10.2,,305,1.8461538461538463,-34.10989010989011,-23.47252747252747,87.25274725274726,-2.681318681318681,2.4868123587038435,2268,1440,2332,2891,2015,1478,-50,-600,0,450,0,0,0,-44,-72,118,23,-55,122,124,122,125,121,124,43,44,43,46,44,45,0,0,11,0,0,7,0,0,0,0,0,0
10.2334,,306,1.8461538461538463,-34.10989010989011,-23.47252747252747,87.25274725274726,-2.681318681318681,2.4868123587038435,2269,1426,2332,2901,2015,1478,50,-550,-50,400,0,0,0,-79,-69,69,23,-55,122,124,122,125,121,124,43,44,43,46,44,45,0,0,10,0,1,7,0,0,0,0,0,0
10.2668,,307,1.7582417582417582,-34.10989010989011,-23.47252747252747,87.25274725274726,-2.681318681318681,2.4868123587038435,2270,1416,2329,2906,2015,1478,0,-350,-50,150,0,0,0,-55,-62,-69,23,-55,122,124,122,125,121,124,43,44,44,46,44,45,0,0,9,0,1,7,0,0,0,0,0,0
10.3001,,308,1.6703296703296704,-33.934065934065934,-23.384615384615383,87.34065934065934,-2.681318681318681,2.4868123587038435,2269,1410,2329,2910,2015,1478,0,-150,-50,150,0,0,-23,-30,-58,34,23,-55,122,124,122,125,121,124,42,44,44,46,44,45,1,0,6,0,0,7,0,0,0,0,0,0
10.3335,,309,1.4945054945054945,-33.67032967032967,-23.384615384615383,87.34065934065934,-2.681318681318681,2.4868123587038435,2268,1408,2329,2913,2015,1478,-100,-150,0,100,0,0,0,23,-55,30,23,-55,122,124,122,125,121,124,43,44,43,46,44,45,0,1,5,0,0,7,0,0,0,0,0,0
10.367,,310,1.2307692307692308,-33.494505494505496,-23.384615384615383,87.34065934065934,-2.857142857142857,2.4868123587038435,2268,1409,2329,2916,2015,1478,0,0,0,100,0,0,-27,-87,-55,0,23,-55,122,124,122,125,121,124,43,44,43,46,44,45,1,1,5,0,0,6,0,0,0,0,0,0
10.4005,,311,1.1428571428571428,-33.40659340659341,-23.384615384615383,87.34065934065934,-3.120879120879121,2.4868123587038435,2267,1417,2330,2917,2015,1478,0,200,50,50,0,0,-34,-193,-58,0,0,-55,122,124,122,125,121,124,43,44,44,46,44,45,2,1,7,0,0,7,0,0,0,0,0,0
10.434,,312,1.054945054945055,-33.05494505494506,-23.208791208791208,87.34065934065934,-3.208791208791209,2.4868123587038435,2265,1419,2330,2918,2015,1478,-50,50,0,50,0,0,-34,-27,-58,-23,-27,-55,122,124,122,125,121,124,42,44,43,46,44,45,1,2,8,3,2,6,0,0,0,0,0,0
10.4675,,313,0.967032967032967,-32.26373626373626,-23.032967032967033,87.34065934065934,-3.2967032967032965,2.4868123587038435,2263,1420,2330,2918,2015,1478,-50,0,0,0,0,0,-27,0,-51,-23,-30,-55,122,124,122,125,121,124,43,44,44,46,44,45,1,0,4,1,3,6,0,0,0,0,0,0
10.5009,,314,0.5274725274725275,-31.560439560439562,-22.945054945054945,87.34065934065934,-3.2967032967032965,2.4868123587038435,2262,1420,2330,2918,2015,1478,-100,0,0,0,0,0,-27,65,-44,-23,-34,-55,122,124,122,125,121,124,42,44,43,46,44,45,2,7,3,0,3,7,0,0,0,0,0,0
10.5343,,315,-0.7912087912087912,-30.505494505494507,-22.945054945054945,87.34065934065934,-3.2967032967032965,2.562170308967596,2260,1424,2331,2918,2015,1478,0,50,50,0,0,0,-41,-49,-44,-23,-34,-55,122,124,122,125,121,124,43,44,44,46,44,45,2,4,3,0,3,7,0,0,0,0,0,0
10.5677,,316,-2.989010989010989,-29.274725274725274,-22.945054945054945,87.34065934065934,-3.3846153846153846,2.562170308967596,2256,1430,2331,2918,2015,1478,-150,150,0,0,0,0,-101,102,-44,-23,-34,-51,122,124,122,125,121,124,43,44,44,46,44,45,5,2,4,0,3,5,0,0,0,0,0,0
10.6011,,317,-5.802197802197802,-28.395604395604394,-22.945054945054945,87.34065934065934,-3.3846153846153846,2.562170308967596,2247,1439,2331,2918,2015,1478,-250,250,0,0,0,0,-170,137,-44,-23,-37,-51,122,124,122,125,121,124,43,44,43,46,44,45,12,7,4,0,3,5,0,0,0,0,0,0
10.6345,,318,-9.406593406593407,-27.428571428571427,-22.945054945054945,87.34065934065934,-3.2967032967032965,2.562170308967596,2234,1449,2331,2918,2015,1478,-400,350,0,0,0,0,-233,124,-44,-23,-37,-51,122,124,122,125,121,124,43,44,43,46,44,45,19,3,4,0,4,5,0,0,0,0,0,0
10.6679,,319,-13.714285714285714,-26.021978021978022,-22.945054945054945,87.34065934065934,-3.120879120879121,2.562170308967596,2217,1460,2331,2918,2015,1478,-450,300,0,0,0,0,-221,129,-44,-23,-34,-51,122,124,122,125,121,124,43,44,44,46,44,45,26,4,4,0,3,5,0,0,0,0,0,0
10.7013,,320,-19.252747252747252,-24.52747252747253,-22.76923076923077,87.42857142857143,-2.9450549450549453,2.562170308967596,2192,1471,2331,2918,2015,1478,-600,300,0,0,0,0,-296,140,-44,-23,-27,-51,122,124,122,125,121,124,43,44,43,46,44,45,44,10,4,0,1,5,0,0,0,0,0,0
10.7347,,321,-23.64835164835165,-23.384615384615383,-21.802197802197803,87.42857142857143,-2.681318681318681,2.562170308967596,2162,1485,2331,2918,2015,1478,-850,450,0,0,0,0,-382,173,-37,0,0,-51,122,124,122,125,121,124,43,44,44,46,44,45,57,4,1,0,0,5,0,0,0,0,0,0
10.7681,,322,-26.63736263736264,-22.76923076923077,-20.395604395604394,87.42857142857143,-2.5934065934065935,2.562170308967596,2124,1500,2332,2918,2015,1478,-1100,400,0,0,0,0,-356,74,57,0,23,-51,121,124,122,125,121,124,42,44,43,46,44,45,67,5,0,0,2,6,0,0,0,0,0,0
10.8015,,323,-28.483516483516482,-22.065934065934066,-18.63736263736264,87.34065934065934,-2.5934065934065935,2.562170308967596,2084,1515,2338,2918,2015,1478,-1200,450,150,0,0,0,-448,25,-28,0,27,-51,121,124,122,125,121,124,43,44,44,46,44,45,44,1,2,0,1,5,0,0,0,0,0,0
10.8349,,324,-29.0989010989011,-21.714285714285715,-16.87912087912088,87.25274725274726,-2.5934065934065935,2.562170308967596,2041,1526,2349,2918,2015,1478,-1250,400,300,0,0,0,-304,100,37,-23,27,-51,122,124,122,125,121,124,43,44,43,46,44,45,18,1,2,0,2,6,0,0,0,0,0,0
10.8682,,325,-29.186813186813186,-21.53846153846154,-15.56043956043956,87.16483516483517,-2.5934065934065935,2.562170308967596,2001,1537,2365,2917,2015,1478,-1200,350,500,-50,0,0,-252,58,71,-23,27,-51,122,124,122,125,121,124,43,44,44,46,44,45,3,0,0,0,2,5,0,0,0,0,0,0
10.9016,,326,-29.186813186813186,-21.36263736263736,-14.68131868131868,87.16483516483517,-2.5934065934065935,2.562170308967596,1970,1546,2383,2917,2015,1478,-950,250,500,0,0,0,-153,41,55,-27,27,-51,122,124,122,125,121,124,43,44,44,46,44,45,1,0,0,1,1,5,0,0,0,0,0,0
10.935,,327,-29.274725274725274,-21.274725274725274,-14.32967032967033,87.16483516483517,-2.5054945054945055,2.562170308967596,1946,1553,2402,2917,2015,1478,-750,250,550,0,0,0,-58,0,-24,-27,27,-51,122,124,122,125,121,124,43,44,43,46,44,45,0,1,0,0,1,6,0,0,0,0,0,0
10.9684,,328,-29.274725274725274,-21.274725274725274,-14.153846153846153,87.07692307692308,-2.4175824175824174,2.562170308967596,1931,1559,2414,2917,2015,1478,-500,250,350,0,0,0,37,-34,44,-27,30,-51,122,124,122,125,121,124,43,44,44,46,44,45,0,9,0,0,2,6,0,0,0,0,0,0
11.0018,,329,-29.274725274725274,-21.0989010989011,-14.153846153846153,87.07692307692308,-1.4505494505494505,2.562170308967596,1925,1560,2422,2917,2015,1478,-350,50,300,0,0,0,66,-37,30,-30,34,-51,122,124,122,125,121,124,43,44,43,46,44,45,0,4,2,0,3,5,0,0,0,0,0,0
11.0352,,330,-29.274725274725274,-20.571428571428573,-14.153846153846153,86.98901098901099,0.7472527472527473,2.562170308967596,1922,1560,2428,2917,2016,1478,-150,0,200,0,0,0,-41,-30,-30,-30,97,-51,122,124,122,125,121,124,43,44,43,46,44,45,1,1,3,1,12,5,0,0,0,0,0,0
11.0686,,331,-28.923076923076923,-20.13186813186813,-14.065934065934066,87.16483516483517,3.4725274725274726,2.562170308967596,1922,1560,2429,2917,2022,1478,0,0,150,0,200,0,-41,37,-37,-34,80,-51,122,124,122,125,121,124,43,44,44,46,44,45,2,1,2,2,21,5,0,0,0,0,0,0
11.102,,332,-27.956043956043956,-19.604395604395606,-13.978021978021978,87.16483516483517,6.197802197802198,2.562170308967596,1920,1564,2429,2917,2036,1478,-50,100,0,0,300,0,-22,35,-34,-27,232,-51,122,124,122,125,121,124,43,44,43,46,44,45,1,0,0,1,26,5,0,0,0,0,0,0
11.1354,,333,-26.285714285714285,-18.54945054945055,-13.978021978021978,87.16483516483517,8.571428571428571,2.562170308967596,1918,1569,2428,2917,2053,1478,-50,150,-50,0,500,0,80,38,-27,-27,276,-51,122,124,122,125,121,124,43,44,43,46,44,45,10,1,0,0,34,6,0,0,0,0,0,0
11.1688,,334,-23.208791208791208,-17.75824175824176,-13.89010989010989,87.07692307692308,10.593406593406593,2.4868123587038435,1921,1575,2428,2917,2076,1478,50,150,0,0,650,0,56,75,-27,-27,205,-51,122,124,122,125,121,124,43,44,43,46,44,45,22,2,0,0,24,5,0,0,0,0,0,0
11.2022,,335,-18.813186813186814,-16.87912087912088,-13.802197802197803,87.07692307692308,12.615384615384615,2.4868123587038435,1929,1583,2428,2917,2100,1478,250,250,0,0,700,0,234,84,-23,-30,224,-55,122,124,122,125,121,124,43,44,43,46,44,45,41,0,0,0,22,7,0,0,0,0,0,0
11.2356,,336,-14.065934065934066,-16.087912087912088,-13.802197802197803,86.98901098901099,15.076923076923077,2.4868123587038435,1944,1592,2429,2917,2124,1478,400,250,0,0,700,0,334,88,0,-30,303,-55,121,124,122,125,121,124,43,44,43,46,44,45,73,0,13,0,9,7,0,0,0,0,0,0
11.269,,337,-9.054945054945055,-15.56043956043956,-13.802197802197803,86.9010989010989,18.417582417582416,2.562170308967596,1968,1601,2430,2917,2148,1478,650,300,50,0,750,0,437,-42,-27,-34,217,-55,121,124,122,124,121,123,43,44,44,46,44,45,82,0,2,2,20,6,0,0,0,0,0,0
11.3024,,338,-3.956043956043956,-15.296703296703297,-13.802197802197803,86.81318681318682,23.604395604395606,2.562170308967596,1999,1610,2430,2917,2174,1478,800,300,0,0,750,0,435,53,-27,-37,250,-51,121,124,122,124,121,123,42,44,44,46,44,45,89,0,0,3,30,6,0,0,0,0,0,0
11.3358,,339,1.4065934065934067,-15.296703296703297,-13.802197802197803,86.98901098901099,30.63736263736264,2.637528259231349,2034,1618,2430,2917,2203,1478,1050,250,0,0,800,0,502,30,-27,-41,327,-51,121,123,122,124,121,123,43,44,43,46,44,45,86,0,0,4,39,5,0,0,0,0,0,0
11.3693,,340,6.065934065934066,-15.56043956043956,-13.802197802197803,87.07692307692308,38.637362637362635,2.637528259231349,2078,1625,2430,2917,2235,1478,1250,200,0,0,1050,0,477,0,-27,-34,334,-48,121,123,121,124,120,123,43,44,44,46,44,45,118,18,0,1,60,4,0,0,0,0,0,0
11.4027,,341,9.758241758241759,-16.0,-13.802197802197803,87.07692307692308,45.67032967032967,2.562170308967596,2126,1628,2430,2917,2279,1478,1350,100,0,0,1150,0,511,-48,-27,-30,550,-48,121,123,121,124,120,123,43,44,43,46,44,45,140,8,0,0,90,4,0,0,0,0,0,0
11.436,,342,12.483516483516484,-16.263736263736263,-13.802197802197803,87.16483516483517,52.08791208791209,2.562170308967596,2175,1628,2430,2917,2331,1478,1500,50,0,0,1500,0,503,-67,-27,-30,642,-51,121,123,121,124,120,123,43,44,44,46,44,45,110,11,0,0,108,6,0,0,0,0,0,0
11.4694,,343,15.12087912087912,-16.439560439560438,-13.802197802197803,87.25274725274726,57.27472527472528,2.562170308967596,2226,1628,2430,2917,2392,1478,1500,0,0,0,1750,0,450,-76,-27,-27,614,-51,121,123,121,124,120,123,43,44,43,46,44,45,60,15,0,0,82,5,0,0,0,0,0,0
11.5028,,344,17.494505494505493,-16.791208791208792,-13.802197802197803,87.07692307692308,61.582417582417584,2.562170308967596,2277,1628,2430,2917,2453,1478,1500,0,0,0,1850,0,462,-83,-27,-23,646,-51,121,123,121,124,120,123,43,44,43,46,44,45,50,17,0,0,75,6,0,0,0,0,0,0
11.5362,,345,19.076923076923077,-17.142857142857142,-13.978021978021978,86.9010989010989,63.956043956043956,2.562170308967596,2323,1628,2430,2917,2520,1478,1400,0,0,0,2000,0,441,-100,-27,-30,630,-51,121,123,122,124,120,123,43,44,44,46,44,45,18,23,0,2,29,5,0,0,0,0,0,0
11.5696,,346,19.604395604395606,-17.23076923076923,-14.065934065934066,86.9010989010989,64.83516483516483,2.562170308967596,2362,1628,2430,2917,2586,1478,1300,0,0,0,1950,0,352,-111,-34,-37,547,-51,121,124,122,124,121,123,43,44,43,46,44,45,5,32,1,3,9,4,0,0,0,0,0,0
11.603,,347,19.692307692307693,-17.582417582417584,-13.89010989010989,87.07692307692308,64.83516483516483,2.562170308967596,2395,1628,2430,2917,2642,1478,1100,0,0,0,1850,0,214,-115,-37,-37,479,-51,121,124,122,125,121,123,43,44,43,46,44,45,1,33,2,2,1,6,0,0,0,0,0,0
11.6364,,348,19.692307692307693,-17.75824175824176,-13.89010989010989,87.25274725274726,64.48351648351648,2.562170308967596,2421,1628,2430,2917,2692,1478,850,0,0,0,1600,0,118,-129,-30,-30,177,-51,122,124,122,125,121,124,43,44,44,46,44,45,0,42,0,1,0,5,0,0,0,0,0,0
11.6698,,349,19.252747252747252,-17.75824175824176,-13.89010989010989,87.25274725274726,62.81318681318681,2.562170308967596,2438,1628,2430,2917,2727,1478,600,0,0,0,1050,0,153,-136,-30,-23,151,-51,122,124,122,125,121,124,42,44,43,46,44,45,0,46,1,0,0,5,0,0,0,0,0,0
11.7033,,350,18.9010989010989,-17.75824175824176,-13.802197802197803,87.34065934065934,59.032967032967036,2.562170308967596,2449,1628,2430,2917,2746,1478,300,0,0,0,800,0,77,-136,-30,-23,69,-51,122,124,122,125,121,124,43,44,43,46,44,45,0,45,0,0,0,5,0,0,0,0,0,0
11.7366,,351,18.46153846153846,-17.582417582417584,-13.802197802197803,87.25274725274726,53.40659340659341,2.562170308967596,2452,1628,2430,2917,2749,1478,200,0,0,0,150,0,55,-136,-27,0,-132,-51,122,124,122,125,121,124,42,44,44,46,44,45,2,45,0,0,21,5,0,0,0,0,0,0
11.7701,,352,16.791208791208792,-17.406593406593405,-13.89010989010989,86.98901098901099,46.37362637362637,2.562170308967596,2453,1628,2430,2917,2738,1478,50,0,0,0,-300,0,34,-129,-27,-23,-203,-51,121,124,122,124,121,123,43,44,44,46,44,45,2,40,0,0,47,4,0,0,0,0,0,0
11.8036,,353,14.68131868131868,-17.318681318681318,-13.89010989010989,87.16483516483517,38.9010989010989,2.562170308967596,2452,1628,2430,2917,2714,1478,-50,0,0,0,-550,0,-89,-122,-30,-34,-361,-51,121,124,122,124,121,123,43,44,44,46,44,45,0,36,0,2,58,5,0,0,0,0,0,0
11.837,,354,12.483516483516484,-17.406593406593405,-13.714285714285714,87.51648351648352,29.846153846153847,2.562170308967596,2447,1628,2430,2917,2680,1478,-100,0,0,0,-1000,0,-160,-118,-30,-27,-486,-51,121,124,122,124,121,123,43,44,43,46,44,45,9,35,0,0,99,5,0,0,0,0,0,0
11.8704,,355,10.10989010989011,-17.934065934065934,-13.802197802197803,87.95604395604396,19.824175824175825,2.562170308967596,2435,1628,2430,2917,2633,1478,-250,0,0,0,-1150,0,-129,-122,-23,0,-539,-51,121,123,121,124,120,123,43,44,43,46,44,45,16,36,0,0,133,6,0,0,0,0,0,0
11.9038,,356,7.912087912087912,-19.164835164835164,-13.978021978021978,88.3956043956044,10.505494505494505,2.562170308967596,2420,1628,2430,2917,2576,1478,-450,0,0,0,-1600,0,-253,-147,-27,46,-760,-51,121,123,121,124,120,123,43,44,44,46,44,45,28,58,0,3,134,6,0,0,0,0,0,0
11.9372,,357,6.241758241758242,-20.923076923076923,-13.802197802197803,88.3956043956044,3.7362637362637363,2.637528259231349,2400,1626,2430,2921,2511,1478,-550,-50,0,50,-1950,0,-268,-209,-34,50,-781,-51,121,123,121,123,120,122,43,44,44,46,44,45,26,67,2,2,163,4,0,0,0,0,0,0
11.9706,,358,4.65934065934066,-21.978021978021978,-13.802197802197803,88.48351648351648,0.13186813186813187,2.637528259231349,2376,1620,2431,2924,2434,1478,-750,-150,0,100,-2250,0,-156,-183,-30,30,-842,-48,121,123,121,123,120,122,43,44,43,46,44,45,11,100,2,0,123,4,0,0,0,0,0,0
12.004,,359,2.989010989010989,-22.76923076923077,-13.802197802197803,88.48351648351648,-0.8351648351648352,2.637528259231349,2355,1610,2431,2926,2353,1478,-650,-250,0,100,-2350,0,-169,-186,-30,27,-737,-48,121,123,121,124,120,122,43,44,44,46,44,45,8,100,1,2,129,4,0,0,0,0,0,0
12.0374,,360,1.8461538461538463,-23.736263736263737,-13.802197802197803,88.3956043956044,-1.098901098901099,2.637528259231349,2333,1598,2431,2928,2278,1478,-650,-350,0,50,-2400,0,-152,-167,-30,0,-701,-48,121,123,121,124,120,123,43,44,43,46,44,45,5,76,0,1,32,4,0,0,0,0,0,0
12.0708,,361,1.4065934065934067,-24.35164835164835,-13.802197802197803,88.3956043956044,-1.010989010989011,2.637528259231349,2313,1585,2431,2929,2205,1478,-600,-350,0,50,-2150,0,-201,-250,-30,0,-493,-48,121,123,122,124,121,123,43,44,43,46,44,45,4,65,0,0,5,4,0,0,0,0,0,0
12.1042,,362,1.4065934065934067,-24.87912087912088,-13.802197802197803,88.48351648351648,-0.8351648351648352,2.637528259231349,2296,1572,2431,2929,2146,1478,-500,-400,0,0,-1900,0,-47,-118,-30,0,-235,-48,121,124,122,125,121,123,42,44,44,46,44,45,1,43,0,0,1,4,0,0,0,0,0,0
12.1376,,363,1.4065934065934067,-25.75824175824176,-13.802197802197803,88.48351648351648,-0.7472527472527473,2.637528259231349,2283,1560,2431,2929,2107,1478,-450,-350,0,0,-1350,0,-97,-211,-30,0,-213,-48,122,124,122,125,121,124,43,44,43,46,44,45,0,29,0,0,0,4,0,0,0,0,0,0
12.1711,,364,1.4065934065934067,-26.813186813186814,-13.802197802197803,88.57142857142857,-0.7472527472527473,2.637528259231349,2276,1551,2431,2929,2083,1478,-250,-300,0,0,-1000,0,-65,-215,-30,0,-100,-48,122,124,122,125,121,124,42,44,43,46,44,45,1,31,0,0,0,4,0,0,0,0,0,0
12.2046,,365,1.4065934065934067,-27.86813186813187,-13.802197802197803,88.57142857142857,-0.6593406593406593,2.637528259231349,2272,1540,2431,2929,2069,1478,-150,-300,0,0,-550,0,-48,-215,-30,0,-129,-48,122,124,122,125,121,124,43,44,44,46,44,45,1,41,1,0,0,4,0,0,0,0,0,0
12.2381,,366,1.4065934065934067,-28.483516483516482,-13.802197802197803,88.74725274725274,-0.6593406593406593,2.637528259231349,2269,1529,2431,2929,2061,1478,-100,-300,0,0,-250,0,-34,-213,-30,0,-93,-48,122,124,122,125,121,124,43,44,43,46,44,45,0,33,0,0,9,4,0,0,0,0,0,0
12.2715,,367,1.4065934065934067,-28.747252747252748,-13.714285714285714,88.74725274725274,-0.5714285714285714,2.637528259231349,2267,1518,2431,2930,2057,1478,-50,-350,0,0,-150,0,-27,-181,-30,23,-76,-48,122,124,122,125,121,124,43,44,44,46,44,45,0,45,0,0,9,5,0,0,0,0,0,0
12.3049,,368,1.7582417582417582,-28.747252747252748,-13.714285714285714,89.27472527472527,-0.5714285714285714,2.7128862094951014,2266,1509,2431,2931,2054,1478,-50,-300,0,50,-100,0,-23,-79,-27,0,-65,-48,122,124,122,125,121,124,43,44,44,46,44,45,1,30,0,0,2,4,0,0,0,0,0,0
12.3383,,369,2.021978021978022,-28.13186813186813,-13.714285714285714,90.32967032967034,-0.4835164835164835,2.7882441597588548,2266,1501,2430,2933,2051,1478,0,-250,0,100,-100,0,24,-136,-23,55,-55,-44,122,124,122,125,121,124,43,44,44,46,44,45,0,15,0,2,1,4,0,0,0,0,0,0
12.3717,,370,2.021978021978022,-27.252747252747252,-13.714285714285714,91.64835164835165,-0.04395604395604396,3.541823662396383,2266,1497,2430,2937,2050,1478,0,-200,0,100,0,0,34,-81,-23,91,-44,-37,122,124,122,125,121,124,43,44,44,46,44,45,3,11,0,7,4,2,0,0,0,0,0,0
12.4052,,371,1.8461538461538463,-24.87912087912088,-13.714285714285714,93.4065934065934,0.7472527472527473,5.0489826676714396,2266,1496,2430,2944,2049,1478,0,-50,0,200,-100,0,34,-35,-23,121,-23,58,122,124,122,125,121,124,42,44,44,46,44,45,2,5,0,6,1,2,0,0,0,0,0,0
12.4386,,372,1.6703296703296704,-21.53846153846154,-13.802197802197803,95.42857142857143,1.4505494505494505,6.782215523737754,2266,1496,2430,2954,2049,1481,0,0,0,250,0,50,27,0,-23,155,65,137,122,124,122,125,121,124,43,44,44,46,44,45,1,1,0,4,4,16,0,0,0,0,0,0
12.472,,373,1.6703296703296704,-17.846153846153847,-13.802197802197803,97.53846153846153,1.89010989010989,7.912584777694047,2266,1506,2430,2968,2051,1488,0,300,0,350,50,200,0,199,-27,98,82,205,122,124,122,125,121,124,43,44,44,46,44,45,0,12,0,8,9,21,0,0,0,0,0,0
12.5054,,374,2.10989010989011,-13.010989010989011,-13.802197802197803,99.64835164835165,1.978021978021978,8.364732479276563,2266,1523,2430,2985,2056,1505,0,500,0,500,150,400,0,284,-27,227,65,116,122,124,122,125,121,124,43,44,43,46,44,45,0,28,0,16,6,25,0,0,0,0,0,0
12.5388,,375,2.2857142857142856,-7.736263736263736,-13.802197802197803,102.10989010989012,2.4175824175824174,8.138658628485306,2266,1547,2430,3004,2060,1520,0,750,0,550,100,500,38,288,-27,243,51,177,122,124,122,125,121,124,43,44,44,46,44,45,3,40,0,15,2,7,0,0,0,0,0,0
12.5722,,376,2.3736263736263736,-4.043956043956044,-13.362637362637363,102.63736263736264,2.9450549450549453,7.837226827430293,2266,1580,2430,3022,2064,1530,0,850,0,600,100,450,44,365,-27,161,55,104,122,124,122,125,121,124,42,44,44,46,44,45,4,51,0,4,7,6,0,0,0,0,0,0
12.6056,,377,2.5494505494505493,-1.4945054945054945,-12.747252747252746,102.63736263736264,3.5604395604395602,7.761868877166542,2266,1620,2430,3034,2068,1535,0,1150,0,400,150,150,48,410,30,23,80,72,122,124,122,125,121,124,43,44,44,46,44,45,5,33,0,0,5,5,0,0,0,0,0,0
12.639,,378,3.1648351648351647,0.0,-12.747252747252746,102.46153846153847,3.912087912087912,7.008289374529013,2266,1661,2433,3037,2072,1537,0,1200,0,100,100,100,55,302,52,97,-29,58,122,124,122,125,121,124,42,44,43,46,44,45,8,9,0,5,4,1,0,0,0,0,0,0
12.6724,,379,3.5164835164835164,0.3516483516483517,-13.010989010989011,102.28571428571429,3.7362637362637363,4.596834966088922,2266,1705,2440,3039,2078,1538,0,1300,200,100,150,0,92,300,0,90,69,-45,122,124,122,125,121,124,43,44,44,46,44,45,17,1,0,10,2,3,0,0,0,0,0,0
12.7058,,380,3.5164835164835164,-0.26373626373626374,-13.45054945054945,102.10989010989012,3.8241758241758244,1.8085908063300677,2268,1749,2444,3040,2082,1538,50,1300,100,50,150,0,86,125,-43,86,48,-133,122,124,122,125,121,124,43,44,43,46,44,45,14,0,5,17,2,20,0,0,0,0,0,0
12.7392,,381,3.6043956043956045,-0.967032967032967,-15.384615384615385,101.93406593406593,3.4725274725274726,2.185380557648832,2271,1779,2444,3040,2084,1525,100,1050,50,0,100,-250,76,-44,-71,86,44,-276,122,124,122,125,121,123,43,44,44,46,44,45,12,16,10,18,2,41,0,0,0,0,0,0
12.7726,,382,3.956043956043956,-2.989010989010989,-18.54945054945055,101.93406593406593,3.3846153846153846,2.3360964581763377,2274,1795,2445,3040,2085,1507,50,400,0,0,50,-600,72,-149,-150,86,20,-134,121,124,122,124,121,123,43,44,44,46,44,45,9,19,38,18,1,10,0,0,0,0,0,0
12.806,,383,4.043956043956044,-5.714285714285714,-22.153846153846153,101.93406593406593,3.2967032967032965,2.3360964581763377,2276,1798,2444,3040,2085,1494,100,200,0,0,0,-550,77,-153,-290,86,0,-97,121,123,122,124,121,123,43,44,43,46,44,45,11,46,101,18,0,2,0,0,0,0,0,0
12.8394,,384,4.043956043956044,-9.758241758241759,-26.46153846153846,101.93406593406593,3.120879120879121,2.3360964581763377,2279,1796,2435,3040,2085,1487,50,-50,-200,0,0,-200,69,-273,-395,86,0,20,121,123,121,124,120,123,43,44,44,46,44,45,9,96,176,17,0,1,0,0,0,0,0,0
12.8728,,385,3.956043956043956,-15.032967032967033,-31.208791208791208,101.84615384615384,2.241758241758242,2.3360964581763377,2279,1786,2417,3040,2085,1483,0,-150,-450,0,0,-200,69,-388,-494,86,-23,-79,120,122,121,123,120,122,43,44,44,46,44,45,9,138,188,17,2,5,0,0,0,0,0,0
12.9062,,386,3.868131868131868,-19.86813186813187,-35.86813186813187,101.23076923076923,2.065934065934066,2.3360964581763377,2279,1770,2393,3040,2085,1480,0,-400,-750,0,0,-100,65,-413,-506,86,-83,-69,120,122,120,122,119,121,43,44,43,46,44,45,9,202,218,18,9,7,0,0,0,0,0,0
12.9396,,387,3.868131868131868,-23.47252747252747,-40.79120879120879,100.08791208791209,2.241758241758242,2.3360964581763377,2281,1747,2364,3040,2084,1478,50,-650,-800,0,0,-50,58,-623,-585,86,55,-62,119,121,119,122,118,121,43,44,44,46,44,45,7,289,288,18,6,6,0,0,0,0,0,0
12.973,,388,3.956043956043956,-25.23076923076923,-44.395604395604394,99.20879120879121,2.769230769230769,2.3360964581763377,2281,1716,2326,3040,2083,1477,0,-800,-1100,0,-50,-50,55,-595,-645,86,-51,-58,119,121,119,121,118,120,43,44,43,46,44,45,7,337,281,18,5,8,0,0,0,0,0,0
13.0064,,389,3.956043956043956,-24.615384615384617,-45.53846153846154,99.12087912087912,3.032967032967033,2.3360964581763377,2282,1677,2282,3040,2082,1477,50,-1100,-1300,0,-50,0,55,-560,-653,34,-24,-58,119,121,119,122,118,120,43,44,43,46,44,45,7,263,269,6,1,9,0,0,0,0,0,0
13.0398,,390,4.483516483516484,-22.153846153846153,-45.010989010989015,99.56043956043956,3.120879120879121,2.3360964581763377,2282,1639,2237,3040,2082,1477,0,-1150,-1400,0,0,0,55,-386,-512,51,0,-58,120,122,120,122,119,121,43,44,44,46,44,45,7,153,194,5,1,7,0,0,0,0,0,0
13.0732,,391,5.362637362637362,-17.054945054945055,-42.81318681318681,99.91208791208791,3.208791208791209,2.260738507912585,2282,1609,2192,3040,2081,1477,0,-900,-1350,0,0,0,92,-218,-317,69,23,-58,121,123,121,123,120,122,43,44,44,46,44,45,14,32,70,12,1,8,0,0,0,0,0,0
13.1066,,392,6.593406593406593,-11.604395604395604,-39.824175824175825,100.79120879120879,3.6483516483516483,2.260738507912585,2286,1591,2159,3040,2081,1477,100,-700,-1200,0,-50,0,128,24,-140,92,27,-65,121,123,121,124,120,123,43,44,44,46,44,45,10,11,10,18,1,12,0,0,0,0,0,0
13.1399,,393,7.824175824175824,-6.153846153846154,-36.92307692307692,101.49450549450549,4.351648351648351,2.260738507912585,2293,1587,2145,3040,2081,1477,150,-300,-650,0,0,0,152,251,-45,86,44,-65,121,123,122,124,121,123,43,44,44,46,44,45,16,59,1,18,5,11,0,0,0,0,0,0
13.1733,,394,8.0,-0.8791208791208791,-33.23076923076923,102.10989010989012,4.8791208791208796,2.260738507912585,2302,1600,2142,3040,2084,1477,250,250,-150,0,100,0,162,422,0,86,72,-65,121,123,121,124,121,123,42,44,43,46,44,45,24,123,2,18,3,10,0,0,0,0,0,0
13.2067,,395,8.0,2.989010989010989,-29.0989010989011,102.10989010989012,4.8791208791208796,2.260738507912585,2310,1616,2139,3041,2088,1477,250,450,-50,50,150,0,33,555,178,83,86,-65,121,123,121,123,120,122,43,44,44,46,44,45,17,279,58,16,6,10,0,0,0,0,0,0
13.2401,,396,8.175824175824175,5.978021978021978,-25.934065934065934,102.02197802197803,4.8791208791208796,2.260738507912585,2316,1639,2156,3042,2093,1477,150,650,450,50,250,0,104,673,369,79,51,-65,120,122,120,123,119,122,43,44,44,46,44,45,7,410,111,15,2,10,0,0,0,0,0,0
13.2735,,397,8.527472527472527,7.736263736263736,-23.64835164835165,101.93406593406593,4.7032967032967035,2.3360964581763377,2320,1676,2181,3042,2097,1477,150,800,700,0,100,0,93,623,334,79,41,-65,120,122,120,122,119,121,43,44,43,46,44,45,12,338,88,15,2,10,0,0,0,0,0,0
13.3069,,398,8.967032967032967,8.87912087912088,-22.417582417582416,101.84615384615384,4.43956043956044,2.4114544084400906,2324,1721,2219,3042,2098,1477,100,1350,1050,0,100,0,90,548,302,79,27,-58,120,122,120,123,119,122,43,44,44,46,44,45,14,177,55,15,0,7,0,0,0,0,0,0
13.3403,,399,8.967032967032967,9.31868131868132,-22.32967032967033,101.84615384615384,4.351648351648351,2.4114544084400906,2330,1778,2256,3042,2098,1477,150,1700,1250,0,0,0,86,373,254,79,0,-55,121,123,121,124,120,123,43,44,44,46,44,45,12,60,7,15,0,8,0,0,0,0,0,0
13.3737,,400,8.967032967032967,9.23076923076923,-22.32967032967033,101.75824175824175,4.615384615384615,2.4114544084400906,2332,1823,2283,3042,2098,1477,150,1250,850,0,0,0,79,181,118,79,0,-55,121,123,122,124,121,123,43,44,44,46,44,45,13,7,1,15,6,6,0,0,0,0,0,0
13.4071,,401,8.967032967032967,8.791208791208792,-22.417582417582416,101.75824175824175,4.615384615384615,2.4114544084400906,2334,1867,2311,3041,2097,1477,50,1400,900,-50,0,0,72,-31,-20,83,27,-55,121,124,122,124,121,123,43,44,43,46,44,45,12,13,6,16,2,7,0,0,0,0,0,0
13.4405,,402,8.791208791208792,8.175824175824175,-22.417582417582416,101.75824175824175,4.791208791208791,2.4114544084400906,2334,1907,2333,3041,2098,1477,0,1250,800,0,50,0,72,-123,-23,83,23,-55,121,123,122,124,121,123,43,44,44,46,44,45,13,128,8,17,0,5,0,0,0,0,0,0
13.4739,,403,8.703296703296703,7.384615384615385,-22.32967032967033,101.75824175824175,4.791208791208791,2.4114544084400906,2335,1928,2342,3041,2098,1477,0,1000,400,0,-50,0,62,-244,-55,83,30,-55,121,123,121,124,120,123,43,44,43,46,44,45,10,156,19,16,3,6,0,0,0,0,0,0
13.5073,,404,8.791208791208792,7.1208791208791204,-22.32967032967033,101.75824175824175,4.791208791208791,2.4114544084400906,2340,1927,2343,3041,2099,1477,200,100,0,0,0,0,41,-213,-62,83,27,-55,121,123,121,124,120,123,43,44,43,46,44,45,4,119,13,17,1,8,0,0,0,0,0,0
13.5407,,405,8.87912087912088,7.1208791208791204,-22.32967032967033,101.84615384615384,4.791208791208791,2.4114544084400906,2340,1918,2340,3041,2100,1477,0,-300,-50,0,50,0,44,-171,66,83,23,-55,121,123,121,124,121,123,43,44,44,46,44,45,4,58,4,17,1,6,0,0,0,0,0,0
13.5741,,406,8.87912087912088,7.032967032967033,-22.32967032967033,101.93406593406593,4.791208791208791,2.4114544084400906,2340,1909,2339,3041,2100,1477,0,-250,0,0,0,0,48,-136,-48,83,23,-55,121,123,122,124,121,123,43,44,44,46,44,45,3,19,4,17,0,7,0,0,0,0,0,0
13.6075,,407,8.87912087912088,7.032967032967033,-22.153846153846153,101.93406593406593,4.791208791208791,2.4114544084400906,2340,1904,2339,3041,2100,1477,0,-200,0,0,0,0,48,-118,-48,83,23,-55,121,123,122,124,121,123,43,44,44,46,44,45,4,12,4,17,0,7,0,0,0,0,0,0
13.6409,,408,8.87912087912088,7.032967032967033,-22.153846153846153,101.93406593406593,4.791208791208791,2.4114544084400906,2340,1904,2340,3041,2100,1477,0,0,0,0,0,0,48,-115,-44,83,23,-55,121,123,122,124,121,123,43,44,43,46,44,45,4,29,2,16,0,7,0,0,0,0,0,0
13.6742,,409,8.87912087912088,7.032967032967033,-22.24175824175824,101.93406593406593,4.791208791208791,2.4114544084400906,2341,1906,2342,3041,2100,1477,0,50,50,0,0,0,-73,-122,-48,83,23,-55,121,123,122,124,121,123,43,44,44,46,44,45,4,45,4,17,0,7,0,0,0,0,0,0
13.7076,,410,8.703296703296703,7.032967032967033,-22.24175824175824,101.93406593406593,4.8791208791208796,2.4114544084400906,2342,1907,2342,3041,2100,1477,0,50,50,0,0,0,44,-125,-55,83,23,-55,121,123,122,124,121,123,43,44,44,46,44,45,4,40,6,16,0,7,0,0,0,0,0,0
13.741,,411,8.263736263736265,6.945054945054945,-22.417582417582416,101.75824175824175,5.406593406593407,2.4868123587038435,2342,1907,2342,3041,2101,1477,50,0,0,0,50,0,34,-125,-55,83,23,-55,121,123,122,124,121,123,43,44,43,46,44,45,2,38,5,18,1,7,0,0,0,0,0,0
13.7744,,412,8.0,7.2967032967032965,-22.681318681318682,101.4065934065934,6.725274725274725,3.014318010550113,2342,1905,2342,3041,2101,1477,0,-50,0,0,0,0,0,-122,-62,83,47,-51,121,123,122,124,121,123,43,44,44,46,44,45,0,38,8,17,4,5,0,0,0,0,0,0
13.8078,,413,8.0,7.824175824175824,-23.64835164835165,99.73626373626374,9.274725274725276,3.9939713639788996,2341,1905,2341,3041,2104,1477,-50,0,0,0,100,0,-23,-108,-69,83,110,27,121,123,122,124,121,123,43,44,44,46,44,45,1,27,10,17,12,1,0,0,0,0,0,0
13.8412,,414,8.703296703296703,8.527472527472527,-24.35164835164835,95.6043956043956,11.736263736263735,6.179351921627732,2340,1905,2341,3041,2113,1478,0,0,0,0,200,0,0,-71,-131,72,192,83,121,123,122,124,121,123,43,44,43,46,44,45,0,17,29,11,23,8,0,0,0,0,0,0
13.8746,,415,10.10989010989011,9.406593406593407,-24.967032967032967,90.68131868131869,13.142857142857142,10.550113036925396,2341,1906,2341,3041,2128,1481,0,0,0,0,400,100,61,-41,-143,-24,156,190,121,123,121,124,120,123,43,44,44,46,44,45,6,7,46,4,29,20,0,0,0,0,0,0
13.9082,,416,13.538461538461538,10.285714285714286,-24.87912087912088,85.4065934065934,13.23076923076923,17.03089675960814,2343,1907,2341,3038,2146,1494,50,50,0,-50,500,400,117,20,-166,-220,143,297,121,123,121,124,120,123,43,44,44,46,44,45,18,1,62,34,16,48,0,0,0,0,0,0
13.9416,,417,16.615384615384617,11.604395604395604,-24.791208791208792,81.0989010989011,12.967032967032967,25.094197437829692,2348,1913,2341,3022,2164,1522,100,100,0,-150,550,650,225,0,-157,-338,143,387,121,123,121,123,120,122,43,44,43,46,44,45,32,0,57,82,2,72,0,0,0,0,0,0
13.975,,418,18.9010989010989,13.45054945054945,-24.791208791208792,78.81318681318682,12.967032967032967,31.72569706103994,2361,1921,2341,2988,2175,1557,300,250,0,-800,400,1050,305,149,-153,-419,94,500,120,122,120,123,119,122,43,44,44,46,44,45,66,3,54,99,1,110,0,0,0,0,0,0
14.0083,,419,20.043956043956044,14.593406593406593,-24.791208791208792,78.46153846153847,13.31868131868132,36.925395629238885,2379,1932,2341,2951,2181,1605,500,250,0,-1100,200,1250,268,29,-153,-416,69,500,120,122,120,123,119,122,42,44,44,46,44,45,68,0,54,92,3,79,0,0,0,0,0,0
14.0418,,420,21.0989010989011,15.032967032967033,-24.52747252747253,78.72527472527473,13.31868131868132,38.6586284853052,2396,1947,2341,2913,2186,1654,500,450,0,-1100,150,1500,252,-16,-153,-345,65,500,120,122,120,123,120,122,43,44,44,46,44,45,67,0,54,32,3,62,0,0,0,0,0,0
14.0753,,421,21.89010989010989,14.593406593406593,-24.35164835164835,80.65934065934066,13.31868131868132,38.58327053504145,2415,1961,2341,2883,2190,1705,550,500,0,-850,150,1450,217,44,-143,-170,48,500,120,123,121,123,120,122,42,44,43,46,44,45,66,0,46,4,2,68,0,0,0,0,0,0
14.1088,,422,22.065934065934066,13.802197802197803,-24.52747252747253,84.35164835164835,13.406593406593407,38.35719668425019,2436,1971,2342,2865,2193,1752,600,350,0,-650,50,1550,163,-48,-136,18,37,500,121,123,121,124,120,122,43,44,44,46,44,45,29,9,43,1,2,66,0,0,0,0,0,0
14.1423,,423,21.802197802197803,11.604395604395604,-24.439560439560438,88.74725274725274,13.406593406593407,36.397889977392616,2453,1974,2342,2862,2196,1803,500,150,0,-100,150,1450,93,-114,-146,0,34,500,121,123,121,124,120,122,43,44,44,46,44,45,16,24,50,4,0,66,0,0,0,0,0,0
14.1758,,424,21.274725274725274,8.967032967032967,-24.263736263736263,93.4065934065934,12.791208791208792,31.348907309721174,2465,1973,2342,2871,2197,1852,450,0,0,50,50,1450,136,-181,-143,151,27,408,121,123,121,124,120,122,43,44,43,46,44,45,2,59,47,23,1,57,0,0,0,0,0,0
14.2093,,425,20.395604395604394,6.153846153846154,-24.263736263736263,97.8021978021978,11.912087912087912,23.51168048229088,2473,1969,2342,2891,2198,1895,250,-100,0,450,50,1250,69,-293,-136,258,-46,125,121,123,121,124,120,122,43,44,44,46,44,45,0,104,43,65,5,14,0,0,0,0,0,0
14.2429,,426,18.54945054945055,2.197802197802198,-24.263736263736263,100.87912087912088,10.417582417582418,11.529766390354181,2476,1960,2342,2919,2197,1911,150,-250,0,800,0,950,-22,-374,-136,342,-83,-81,120,122,121,123,120,122,43,44,44,46,44,45,0,152,43,44,13,34,0,0,0,0,0,0
14.2764,,427,16.439560439560438,-1.934065934065934,-24.087912087912088,102.1978021978022,10.241758241758241,0.6782215523737753,2476,1948,2342,2952,2193,1902,0,-350,0,950,-100,-50,-103,-481,-136,347,-135,-470,120,122,120,123,119,121,43,44,43,46,44,45,13,246,43,23,18,102,0,0,0,0,0,0
14.3099,,428,14.32967032967033,-7.824175824175824,-22.32967032967033,102.46153846153847,9.89010989010989,2.3360964581763377,2471,1929,2342,2985,2185,1865,-50,-450,0,1000,-250,-700,-93,-487,-129,301,-97,-500,120,121,120,122,118,121,43,44,44,46,44,45,26,333,38,3,7,108,0,0,0,0,0,0
14.3433,,429,12.307692307692308,-15.648351648351648,-18.813186813186814,102.28571428571429,9.538461538461538,5.727204220045215,2459,1900,2342,3011,2179,1820,-350,-800,0,750,-200,-1250,-225,-672,-34,107,-88,-500,120,121,120,122,119,121,43,44,44,46,44,45,22,339,12,1,6,69,0,0,0,0,0,0
14.3769,,430,10.021978021978022,-21.89010989010989,-15.472527472527473,102.1978021978022,9.010989010989011,4.672192916352675,2443,1862,2344,3025,2173,1773,-450,-950,0,400,-150,-1400,-162,-703,129,150,-79,-500,119,121,120,122,119,121,43,44,44,46,44,45,20,358,6,0,7,69,0,0,0,0,0,0
14.4103,,431,6.945054945054945,-26.63736263736264,-12.571428571428571,102.1978021978022,8.307692307692308,2.4868123587038435,2426,1813,2359,3034,2168,1724,-450,-1300,350,250,-150,-1450,-279,-783,211,115,-82,-500,119,121,119,122,118,121,43,44,44,46,44,45,43,374,12,5,4,62,0,0,0,0,0,0
14.4437,,432,4.571428571428571,-29.274725274725274,-10.021978021978022,102.1978021978022,7.252747252747253,2.110022607385079,2408,1755,2380,3038,2162,1674,-550,-1650,700,150,-150,-1450,-328,-717,178,93,-93,-500,119,121,119,122,119,121,43,44,44,46,44,45,57,336,3,10,9,58,0,0,0,0,0,0
14.4772,,433,4.131868131868132,-30.32967032967033,-7.912087912087912,102.10989010989012,6.549450549450549,2.4114544084400906,2383,1698,2407,3039,2155,1623,-650,-1800,750,50,-150,-1450,-359,-698,195,90,-137,-468,120,122,120,122,119,121,43,44,44,46,44,45,40,259,0,16,18,44,0,0,0,0,0,0
14.5107,,434,4.21978021978022,-30.417582417582416,-5.538461538461538,102.10989010989012,6.373626373626373,2.4868123587038435,2353,1639,2435,3039,2146,1579,-900,-1800,850,0,-250,-1400,-264,-658,180,90,-118,-228,120,122,120,123,120,122,43,44,43,46,44,45,11,143,0,18,8,11,0,0,0,0,0,0
14.5442,,435,4.21978021978022,-30.76923076923077,-3.076923076923077,102.10989010989012,6.197802197802198,2.562170308967596,2331,1586,2463,3039,2139,1545,-800,-1600,800,0,-250,-1200,-69,-350,169,90,34,-237,121,123,121,124,120,123,43,44,44,46,44,45,1,42,0,19,2,1,0,0,0,0,0,0
14.5777,,436,4.21978021978022,-30.945054945054945,-1.4065934065934067,102.02197802197803,6.1098901098901095,2.562170308967596,2317,1545,2489,3039,2133,1521,-550,-1250,800,0,-150,-750,-93,-205,194,90,-72,-135,121,123,122,124,121,123,43,44,44,46,44,45,0,10,0,20,5,0,0,0,0,0,0,0
14.6113,,437,3.956043956043956,-30.945054945054945,-0.8791208791208791,102.02197802197803,6.021978021978022,2.562170308967596,2307,1516,2516,3039,2130,1506,-300,-1050,800,0,-100,-600,-58,-216,166,90,-65,-72,121,124,122,124,121,123,43,44,43,46,44,45,0,4,0,19,6,8,0,0,0,0,0,0
14.6446,,438,3.78021978021978,-30.945054945054945,-0.7912087912087912,102.02197802197803,5.670329670329671,2.562170308967596,2302,1494,2541,3040,2127,1496,-200,-700,800,0,-100,-350,65,-125,155,86,-58,-118,121,124,122,125,121,123,43,44,44,46,44,45,0,1,0,19,5,10,0,0,0,0,0,0
14.6781,,439,3.6923076923076925,-30.945054945054945,-0.7912087912087912,102.02197802197803,5.230769230769231,2.562170308967596,2298,1479,2560,3040,2125,1489,-100,-550,650,0,-50,-250,-44,-150,76,86,-62,-93,122,124,122,125,121,123,43,44,43,46,44,45,2,0,0,18,7,5,0,0,0,0,0,0
14.7116,,440,3.6043956043956045,-30.945054945054945,-0.7912087912087912,102.02197802197803,4.967032967032967,2.562170308967596,2297,1470,2569,3040,2121,1486,-50,-350,250,0,-100,-150,-41,-26,-80,86,-69,-83,122,124,122,125,121,123,43,44,43,46,44,45,1,7,0,18,9,4,0,0,0,0,0,0
14.7451,,441,3.5164835164835164,-30.857142857142858,-0.7912087912087912,102.02197802197803,4.967032967032967,2.562170308967596,2296,1465,2576,3040,2118,1483,0,-200,200,0,-100,-100,-44,27,0,86,-65,-72,122,124,122,125,121,123,43,44,44,46,44,45,2,14,0,18,5,3,0,0,0,0,0,0
14.7785,,442,3.5164835164835164,-30.681318681318682,-0.7912087912087912,101.93406593406593,4.967032967032967,2.562170308967596,2292,1463,2580,3040,2115,1482,-100,-100,150,0,-100,-50,-30,-83,-30,86,-58,-65,122,124,122,125,121,124,43,44,43,46,44,45,3,5,1,18,2,8,0,0,0,0,0,0
14.812,,443,3.5164835164835164,-30.32967032967033,-0.7912087912087912,101.84615384615384,4.967032967032967,2.562170308967596,2289,1463,2580,3040,2112,1482,-100,0,0,0,-100,0,-23,-72,-34,86,-48,-65,121,124,122,125,121,124,43,44,43,46,44,45,1,12,1,18,4,10,0,0,0,0,0,0
14.8455,,444,3.340659340659341,-29.978021978021978,-0.7912087912087912,101.67032967032966,4.967032967032967,2.562170308967596,2289,1464,2580,3040,2111,1482,-50,0,0,0,-50,0,0,-62,-34,86,-41,-65,122,124,122,125,121,124,43,44,43,46,44,45,0,9,1,18,5,10,0,0,0,0,0,0
14.8789,,445,2.6373626373626373,-29.186813186813186,-0.5274725274725275,101.23076923076923,4.8791208791208796,2.562170308967596,2289,1464,2580,3040,2110,1482,0,0,0,0,0,0,-27,-48,-34,86,-37,-65,122,124,122,125,121,123,43,44,44,46,44,45,1,5,0,18,2,11,0,0,0,0,0,0
14.9124,,446,-0.43956043956043955,-27.428571428571427,-0.5274725274725275,100.52747252747253,4.527472527472527,2.637528259231349,2289,1463,2580,3040,2110,1482,0,0,0,0,0,0,-65,0,-23,86,-41,-65,122,124,122,125,121,124,43,44,43,46,44,45,5,10,1,18,4,10,0,0,0,0,0,0
14.9459,,447,-5.8901098901098905,-25.054945054945055,-0.5274725274725275,99.82417582417582,4.175824175824176,2.93896006028636,2286,1467,2580,3040,2110,1482,-100,50,0,0,0,0,-33,95,-23,86,-62,-62,122,124,122,125,121,123,43,44,44,46,44,45,11,10,0,18,8,9,0,0,0,0,0,0
14.9793,,448,-12.219780219780219,-22.417582417582416,-0.5274725274725275,99.20879120879121,4.351648351648351,3.391107761868877,2273,1476,2580,3040,2107,1482,-400,200,0,0,-50,0,-294,86,-23,79,-63,-44,121,124,122,124,121,123,42,44,44,46,44,45,53,16,0,15,5,4,0,0,0,0,0,0
15.0127,,449,-19.516483516483518,-18.9010989010989,-0.6153846153846154,99.03296703296704,4.967032967032967,5.124340617935192,2248,1492,2580,3040,2105,1482,-600,400,0,0,-50,0,-454,223,-23,36,73,33,121,124,122,124,121,123,43,44,44,46,44,45,75,20,0,6,3,1,0,0,0,0,0,0
15.0462,,450,-26.10989010989011,-15.56043956043956,-0.6153846153846154,99.03296703296704,5.054945054945055,8.364732479276563,2211,1512,2580,3040,2104,1483,-1050,550,0,0,-50,0,-410,283,-27,48,0,90,121,124,122,124,121,123,43,44,43,46,44,45,99,14,0,4,1,11,0,0,0,0,0,0
15.0797,,451,-30.76923076923077,-12.747252747252746,-0.43956043956043955,99.03296703296704,4.791208791208791,13.489073097211756,2168,1539,2580,3040,2104,1488,-1250,750,0,0,0,150,-507,236,-27,48,0,264,121,123,121,124,121,123,43,44,43,46,44,45,112,13,0,4,0,47,0,0,0,0,0,0
15.1132,,452,-33.142857142857146,-10.54945054945055,-0.43956043956043955,99.12087912087912,4.175824175824176,20.497362471740768,2115,1569,2581,3040,2104,1510,-1500,950,0,0,0,600,-558,264,0,48,-23,329,121,123,121,124,120,123,43,44,44,46,44,45,111,10,14,4,0,56,0,0,0,0,0,0
15.1466,,453,-34.285714285714285,-9.23076923076923,-0.43956043956043955,99.12087912087912,4.175824175824176,28.25923134890731,2060,1603,2582,3040,2104,1540,-1600,950,50,0,0,850,-623,237,-27,51,-62,500,121,123,121,124,120,123,43,44,44,46,44,45,105,1,2,6,7,98,0,0,0,0,0,0
15.1801,,454,-34.285714285714285,-8.43956043956044,-0.43956043956043955,99.12087912087912,4.8791208791208796,35.19216277317257,2006,1639,2582,3040,2102,1584,-1650,1050,0,0,-50,1150,-426,160,-27,51,-44,500,121,123,121,124,120,123,43,44,44,46,44,45,39,0,1,5,2,102,0,0,0,0,0,0
15.2136,,455,-34.285714285714285,-7.736263736263736,-0.43956043956043955,99.12087912087912,5.230769230769231,41.3715146948003,1957,1670,2582,3040,2101,1634,-1500,1000,0,0,-50,1500,-209,48,-27,51,33,500,121,123,122,124,121,123,43,44,44,46,44,45,5,0,1,4,1,73,0,0,0,0,0,0
15.247,,456,-33.67032967032967,-6.857142857142857,-0.43956043956043955,99.20879120879121,5.582417582417582,45.139412207987945,1919,1694,2582,3040,2101,1684,-1200,800,0,0,0,1450,-149,28,-27,51,44,500,121,123,122,124,121,123,43,44,43,46,44,45,1,0,1,5,4,66,0,0,0,0,0,0
15.2804,,457,-32.967032967032964,-5.978021978021978,-0.5274725274725275,99.20879120879121,7.428571428571429,45.591559909570464,1893,1710,2583,3040,2103,1733,-750,450,50,0,0,1500,-36,80,-30,55,51,500,121,124,122,124,121,123,43,44,44,46,44,45,0,2,2,6,5,67,0,0,0,0,0,0
15.3138,,458,-30.505494505494507,-5.362637362637362,-0.7032967032967034,99.20879120879121,10.32967032967033,44.46119065561417,1880,1721,2583,3040,2106,1783,-550,400,0,0,100,1500,-29,65,-34,55,127,500,121,124,122,124,121,123,43,44,43,46,44,45,8,1,3,6,13,63,0,0,0,0,0,0
15.3472,,459,-26.63736263736264,-5.010989010989011,-0.7912087912087912,99.12087912087912,13.31868131868132,40.54257724189902,1877,1729,2582,3040,2116,1834,-100,250,0,0,150,1450,108,46,-37,55,130,500,121,124,122,124,121,123,42,44,44,46,44,45,17,0,5,6,25,49,0,0,0,0,0,0
15.3806,,460,-21.186813186813186,-4.571428571428571,-1.1428571428571428,98.94505494505495,14.901098901098901,32.78070836473248,1882,1736,2582,3040,2133,1880,0,200,-50,0,450,1450,170,27,-41,51,187,500,121,123,121,124,120,123,43,44,44,46,44,45,71,0,4,5,41,51,0,0,0,0,0,0
15.414,,461,-14.417582417582418,-3.78021978021978,-1.4065934065934067,98.24175824175825,15.340659340659341,22.38131122833459,1897,1743,2582,3040,2155,1931,400,200,0,0,650,1500,274,39,-56,44,200,468,121,123,121,124,120,123,43,44,44,46,44,45,85,0,6,4,14,48,0,0,0,0,0,0
15.4474,,462,-7.032967032967033,-2.989010989010989,-1.4065934065934067,96.04395604395604,15.868131868131869,8.440090429540316,1923,1753,2582,3040,2176,1975,700,300,0,0,600,1450,432,0,-65,0,117,143,121,123,121,124,121,123,43,44,44,46,44,45,109,11,10,1,5,6,0,0,0,0,0,0
15.4808,,463,0.6153846153846154,-1.934065934065934,-1.2307692307692308,92.96703296703296,16.395604395604394,0.0,1960,1762,2582,3038,2191,1991,950,300,0,0,500,850,566,38,-65,-95,162,-178,121,123,121,124,120,123,43,44,44,46,44,45,152,1,8,10,3,36,0,0,0,0,0,0
15.5142,,464,7.1208791208791204,-0.43956043956043955,-0.967032967032967,91.56043956043956,17.0989010989011,3.9939713639788996,2006,1771,2582,3034,2205,1979,1250,300,0,-100,400,-200,686,51,-58,-229,39,-429,120,122,121,123,120,122,43,44,43,46,44,45,194,2,7,32,1,146,0,0,0,0,0,0
15.5477,,465,11.428571428571429,0.6153846153846154,-0.967032967032967,91.38461538461539,17.274725274725274,7.234363225320271,2058,1781,2582,3016,2215,1940,1600,250,0,-450,300,-800,678,73,-48,-151,117,-500,120,122,120,123,119,122,43,44,44,46,44,45,196,1,4,22,11,120,0,0,0,0,0,0
15.5812,,466,12.571428571428571,0.7912087912087912,-0.967032967032967,91.2967032967033,17.36263736263736,5.35041446872645,2119,1792,2582,2998,2225,1894,1850,300,0,-600,300,-1300,708,88,-48,-146,93,-500,120,122,121,123,120,122,43,44,43,46,44,45,240,0,4,3,4,70,0,0,0,0,0,0
15.6147,,467,12.659340659340659,0.5274725274725275,-0.8791208791208791,91.38461538461539,17.53846153846154,2.4114544084400906,2184,1803,2582,2988,2231,1846,1850,350,0,-350,200,-1450,625,30,-48,-37,69,-500,121,123,121,123,120,122,43,44,44,46,44,45,109,0,4,3,0,60,0,0,0,0,0,0
15.6482,,468,12.307692307692308,0.08791208791208792,-0.8791208791208791,91.47252747252747,17.45054945054945,2.4114544084400906,2244,1811,2583,2980,2236,1796,1800,300,0,-250,150,-1450,435,-44,-48,-83,58,-500,121,123,121,124,120,123,43,44,44,46,44,45,18,26,4,4,1,51,0,0,0,0,0,0
15.6816,,469,11.604395604395604,-0.17582417582417584,-0.967032967032967,91.47252747252747,16.835164835164836,2.7882441597588548,2290,1812,2583,2975,2239,1745,1650,50,50,-200,100,-1550,277,-69,-48,-62,41,-500,121,123,122,124,121,123,43,44,44,46,44,45,2,15,4,4,2,60,0,0,0,0,0,0
15.7151,,470,10.725274725274724,-0.5274725274725275,-0.967032967032967,91.47252747252747,16.571428571428573,2.7882441597588548,2327,1812,2583,2972,2240,1694,1300,0,0,-100,50,-1500,202,-82,-51,-51,0,-500,121,124,122,124,121,123,43,44,44,46,44,45,1,17,6,3,1,50,0,0,0,0,0,0
15.7485,,471,10.021978021978022,-0.43956043956043955,-0.967032967032967,91.47252747252747,16.307692307692307,2.7882441597588548,2350,1811,2583,2971,2241,1645,800,0,0,-100,50,-1500,-37,-93,-51,-44,-34,-500,121,124,122,124,121,123,43,44,44,46,44,45,1,23,5,2,3,51,0,0,0,0,0,0
15.782,,472,9.582417582417582,-0.26373626373626374,-0.8791208791208791,91.47252747252747,16.21978021978022,2.7882441597588548,2358,1811,2583,2970,2241,1596,400,0,0,-50,0,-1500,20,-86,-51,-41,-44,-371,121,124,122,124,121,123,43,44,43,46,44,45,0,18,6,1,5,15,0,0,0,0,0,0
15.8154,,473,9.406593406593407,-0.08791208791208792,-0.8791208791208791,91.47252747252747,15.516483516483516,2.7882441597588548,2360,1811,2583,2969,2241,1557,150,0,0,-50,0,-1200,-28,-79,-48,-41,-48,-269,121,124,122,125,121,123,43,44,44,46,44,45,2,15,4,1,5,2,0,0,0,0,0,0
15.8488,,474,9.31868131868132,-0.08791208791208792,-0.8791208791208791,91.47252747252747,14.901098901098901,2.7882441597588548,2358,1811,2583,2967,2240,1532,-100,0,0,-50,-50,-950,-27,-72,-48,-30,-80,-157,122,124,122,125,121,124,43,44,44,46,44,45,1,12,4,1,14,0,0,0,0,0,0,0
15.8823,,475,9.23076923076923,-0.08791208791208792,-0.8791208791208791,91.47252747252747,14.725274725274724,2.7882441597588548,2353,1811,2583,2967,2235,1514,-200,0,0,0,-100,-600,0,-72,-48,-30,0,-171,122,124,122,125,121,124,43,44,43,46,44,45,0,12,4,1,12,0,0,0,0,0,0,0
15.9157,,476,9.23076923076923,-0.08791208791208792,-0.8791208791208791,91.47252747252747,14.725274725274724,2.7882441597588548,2352,1811,2583,2967,2230,1502,0,0,0,0,-150,-350,0,-72,-48,-30,-72,-125,122,124,122,125,121,124,43,44,44,46,44,45,0,12,4,1,8,1,0,0,0,0,0,0
15.9491,,477,9.23076923076923,-0.17582417582417584,-0.8791208791208791,91.47252747252747,14.725274725274724,2.7882441597588548,2352,1811,2583,2967,2227,1495,0,0,0,0,-150,-200,0,-72,-48,-30,-58,-97,122,124,122,125,121,124,43,44,44,46,44,45,0,13,4,0,5,8,0,0,0,0,0,0
15.9825,,478,9.31868131868132,-0.26373626373626374,-0.8791208791208791,91.47252747252747,14.725274725274724,2.7882441597588548,2352,1811,2583,2967,2225,1491,0,0,0,0,-50,-150,0,-76,-48,-30,-51,-86,122,124,122,125,121,124,43,44,44,46,44,45,0,14,4,0,4,10,0,0,0,0,0,0
16.0159,,479,9.31868131868132,-0.3516483516483517,-0.8791208791208791,91.47252747252747,14.725274725274724,2.7882441597588548,2353,1811,2583,2967,2224,1488,0,0,0,0,-50,-50,0,-79,-48,-30,-48,-72,122,124,122,125,121,124,43,44,44,46,44,45,1,16,4,1,4,10,0,0,0,0,0,0
16.0493,,480,9.31868131868132,-0.3516483516483517,-0.8791208791208791,91.47252747252747,14.725274725274724,2.7882441597588548,2353,1811,2583,2967,2223,1486,0,0,0,0,0,-100,0,-83,-48,-30,-44,-65,122,124,122,125,121,124,43,44,44,46,44,45,0,17,5,1,4,9,0,0,0,0,0,0
16.0827,,481,9.31868131868132,-0.43956043956043955,-0.8791208791208791,91.47252747252747,14.725274725274724,2.7882441597588548,2353,1811,2583,2967,2223,1484,0,0,0,0,0,-50,0,-83,-48,-30,-44,-58,122,124,122,125,121,123,43,44,44,46,44,45,0,17,4,1,4,7,0,0,0,0,0,0
16.1161,,482,9.31868131868132,-0.5274725274725275,-0.8791208791208791,91.47252747252747,14.637362637362637,2.7882441597588548,2353,1811,2583,2967,2223,1484,0,0,0,0,0,0,0,-86,-48,-30,-44,-58,122,124,122,125,121,123,43,44,44,46,44,45,0,19,4,1,4,8,0,0,0,0,0,0
16.1494,,483,9.142857142857142,-0.6153846153846154,-0.8791208791208791,91.56043956043956,14.197802197802197,2.7882441597588548,2353,1811,2583,2967,2223,1484,0,0,0,0,0,0,0,-90,-48,-30,-48,-58,122,124,122,125,121,124,43,44,43,46,44,45,0,21,4,1,5,9,0,0,0,0,0,0
16.1828,,484,8.615384615384615,-0.6153846153846154,-0.8791208791208791,91.64835164835165,13.582417582417582,2.7882441597588548,2353,1811,2583,2967,2222,1484,0,0,0,0,0,0,0,-93,-48,-27,-79,-58,122,124,122,125,121,124,43,44,44,46,44,45,0,22,4,0,5,9,0,0,0,0,0,0
16.2162,,485,7.1208791208791204,-0.7912087912087912,-0.8791208791208791,91.91208791208791,13.31868131868132,2.7128862094951014,2352,1811,2583,2967,2219,1484,0,0,0,0,-100,0,-56,-93,-48,-23,-97,-58,122,124,122,125,121,124,43,44,44,46,44,45,3,22,4,0,11,8,0,0,0,0,0,0
16.2496,,486,5.274725274725275,-0.967032967032967,-0.7912087912087912,92.26373626373626,13.31868131868132,2.7128862094951014,2350,1811,2583,2967,2215,1484,-50,0,0,0,-100,0,-114,-101,-48,0,-76,-65,122,124,122,125,121,124,43,44,43,46,44,45,12,25,5,0,7,11,0,0,0,0,0,0
16.2831,,487,2.989010989010989,-1.054945054945055,-0.7032967032967034,92.52747252747253,13.31868131868132,2.7128862094951014,2344,1811,2583,2967,2211,1484,-100,0,0,0,-100,0,-88,-108,-44,35,-62,-65,121,124,122,124,121,123,42,44,43,46,44,45,22,28,5,2,6,10,0,0,0,0,0,0
16.3165,,488,0.08791208791208792,-1.5824175824175823,-0.7032967032967034,93.05494505494505,13.23076923076923,2.7128862094951014,2331,1811,2583,2967,2208,1484,-350,0,0,0,-100,0,-219,-111,-41,44,-48,-65,121,124,122,124,121,123,43,44,44,46,44,45,19,31,4,3,4,10,0,0,0,0,0,0
16.3499,,489,-2.8131868131868134,-2.4615384615384617,-0.7032967032967034,93.49450549450549,13.23076923076923,2.7128862094951014,2315,1811,2583,2968,2206,1484,-450,0,0,0,-50,0,-198,-149,-41,64,-48,-65,121,124,122,124,121,123,43,44,43,46,44,45,32,44,4,6,3,10,0,0,0,0,0,0
16.3833,,490,-6.241758241758242,-3.1648351648351647,-0.7032967032967034,93.49450549450549,13.23076923076923,2.7128862094951014,2295,1811,2583,2972,2204,1484,-550,0,0,100,-100,0,-247,-190,-41,65,-41,-65,121,123,122,124,121,123,43,44,44,46,44,45,47,67,4,8,1,10,0,0,0,0,0,0
16.4167,,491,-9.758241758241759,-4.131868131868132,-0.7032967032967034,93.58241758241758,13.23076923076923,2.7128862094951014,2270,1811,2583,2976,2204,1484,-700,0,0,100,0,0,-376,-203,-41,55,-37,-65,121,123,121,124,121,123,43,44,43,46,44,45,42,91,4,4,3,10,0,0,0,0,0,0
16.4501,,492,-13.098901098901099,-4.65934065934066,-0.7032967032967034,93.58241758241758,13.23076923076923,2.7128862094951014,2241,1810,2583,2978,2204,1484,-850,0,0,50,0,0,-324,-251,-41,48,-37,-65,121,123,121,124,120,123,43,44,43,46,44,45,43,134,4,2,3,10,0,0,0,0,0,0
16.4835,,493,-16.175824175824175,-4.835164835164835,-0.7032967032967034,93.58241758241758,13.23076923076923,2.637528259231349,2209,1806,2583,2980,2204,1484,-1000,-100,0,100,0,0,-340,-238,-41,41,-37,-65,121,123,121,124,120,123,43,44,44,46,44,45,45,114,4,1,4,10,0,0,0,0,0,0
16.5169,,494,-19.34065934065934,-4.835164835164835,-0.7032967032967034,93.58241758241758,13.31868131868132,2.637528259231349,2174,1801,2583,2981,2204,1484,-1000,-150,0,50,0,0,-363,-234,-41,37,-37,-69,121,123,121,124,120,123,43,44,43,46,44,45,37,99,4,1,3,12,0,0,0,0,0,0
16.5502,,495,-22.417582417582416,-4.835164835164835,-0.7032967032967034,93.58241758241758,13.31868131868132,2.637528259231349,2137,1796,2583,2983,2204,1484,-1100,-150,0,50,0,0,-362,-128,-41,34,-34,-69,121,123,121,124,121,123,43,44,44,46,44,45,33,87,4,1,2,11,0,0,0,0,0,0
16.5836,,496,-25.054945054945055,-4.747252747252747,-0.7032967032967034,93.58241758241758,13.31868131868132,2.637528259231349,2100,1791,2583,2983,2204,1484,-1100,-150,0,0,0,0,-345,-196,-41,30,-34,-69,121,123,121,124,121,123,43,44,44,46,44,45,28,62,4,2,2,11,0,0,0,0,0,0
16.617,,497,-27.516483516483518,-4.571428571428571,-0.7032967032967034,93.58241758241758,13.31868131868132,2.637528259231349,2064,1788,2583,2983,2203,1484,-1100,-50,0,0,-50,0,-321,-178,-41,30,-30,-69,121,123,122,124,121,123,43,44,44,46,44,45,15,66,4,1,2,11,0,0,0,0,0,0
16.6504,,498,-29.802197802197803,-4.483516483516484,-0.7032967032967034,93.58241758241758,13.31868131868132,2.637528259231349,2028,1787,2583,2983,2203,1484,-1100,-50,0,0,0,0,-289,-171,-41,30,-30,-69,121,124,122,124,121,123,43,44,44,46,44,45,16,71,4,1,2,11,0,0,0,0,0,0
16.6838,,499,-31.560439560439562,-4.3076923076923075,-0.7032967032967034,93.58241758241758,13.582417582417582,2.637528259231349,1998,1787,2583,2983,2203,1484,-950,0,0,0,0,0,-296,-164,-41,30,-30,-69,121,124,122,124,121,123,43,44,44,46,44,45,11,62,4,0,2,12,0,0,0,0,0,0
16.7172,,500,-32.967032967032964,-4.131868131868132,-0.7032967032967034,93.58241758241758,13.846153846153847,2.637528259231349,1967,1786,2583,2983,2203,1484,-900,-50,0,0,0,0,-254,-153,-41,30,0,-69,121,124,122,124,121,123,43,44,44,46,44,45,4,57,4,1,0,11,0,0,0,0,0,0
16.7506,,501,-34.1978021978022,-4.043956043956044,-0.7032967032967034,93.58241758241758,13.934065934065934,2.637528259231349,1938,1786,2583,2983,2203,1484,-850,0,0,0,0,0,-198,-146,-41,30,23,-69,121,124,122,124,121,123,43,44,44,46,44,45,2,51,4,1,0,11,0,0,0,0,0,0
16.784,,502,-35.34065934065934,-3.956043956043956,-0.7032967032967034,93.58241758241758,14.021978021978022,2.637528259231349,1914,1786,2583,2983,2203,1484,-750,0,0,0,0,0,-231,-143,-41,30,27,-69,121,124,122,124,121,123,43,44,43,46,44,45,2,48,4,1,2,10,0,0,0,0,0,0
16.8174,,503,-36.48351648351648,-3.956043956043956,-0.7032967032967034,93.58241758241758,14.021978021978022,2.637528259231349,1893,1786,2583,2983,2203,1484,-700,0,0,0,0,0,-143,-139,-41,30,30,-69,121,124,122,124,121,123,43,44,44,46,44,45,1,47,4,2,2,11,0,0,0,0,0,0
16.8508,,504,-37.53846153846154,-3.956043956043956,-0.7032967032967034,93.58241758241758,14.021978021978022,2.637528259231349,1874,1786,2583,2983,2203,1484,-550,0,0,0,0,0,-203,-139,-41,30,30,-69,121,124,122,124,121,123,43,44,44,46,44,45,3,47,4,0,3,11,0,0,0,0,0,0
16.8842,,505,-38.417582417582416,-3.956043956043956,-0.7032967032967034,93.58241758241758,14.10989010989011,2.637528259231349,1859,1786,2583,2983,2203,1484,-500,0,0,0,0,0,-180,-139,-41,30,30,-69,121,124,122,124,121,123,43,44,44,46,44,45,1,47,4,1,3,10,0,0,0,0,0,0
16.9176,,506,-39.032967032967036,-3.956043956043956,-0.7032967032967034,93.49450549450549,14.10989010989011,2.637528259231349,1847,1786,2583,2983,2203,1484,-400,0,0,0,0,0,-76,-139,-41,30,34,-69,121,124,122,124,121,123,43,44,44,46,44,45,10,46,3,0,2,10,0,0,0,0,0,0
16.951,,507,-39.20879120879121,-3.868131868131868,-0.7032967032967034,93.49450549450549,14.10989010989011,2.637528259231349,1835,1786,2583,2983,2203,1484,-400,0,0,0,0,0,-40,-139,-41,27,34,-69,121,124,122,124,121,123,43,44,44,46,44,45,4,46,4,0,3,11,0,0,0,0,0,0
16.9844,,508,-39.032967032967036,-3.868131868131868,-0.7032967032967034,93.31868131868131,14.10989010989011,2.637528259231349,1825,1786,2583,2983,2203,1484,-300,0,0,0,0,0,-108,-136,-41,27,34,-69,121,124,122,124,121,123,43,44,44,46,44,45,4,45,4,1,3,10,0,0,0,0,0,0
17.0178,,509,-38.417582417582416,-3.78021978021978,-0.7912087912087912,93.23076923076923,14.197802197802197,2.637528259231349,1820,1786,2583,2983,2203,1484,-200,0,0,0,0,0,-76,-136,-41,0,34,-69,121,124,122,124,121,123,43,44,43,46,44,45,1,44,4,0,3,10,0,0,0,0,0,0
17.0514,,510,-37.8021978021978,-3.78021978021978,-0.7912087912087912,93.14285714285714,14.197802197802197,2.637528259231349,1817,1786,2583,2983,2203,1484,-100,0,0,0,0,0,-26,-132,-44,0,37,-69,121,124,122,124,121,123,43,44,44,46,44,45,1,42,3,0,4,11,0,0,0,0,0,0
17.0848,,511,-36.395604395604394,-3.78021978021978,-0.7912087912087912,93.14285714285714,14.197802197802197,2.637528259231349,1817,1786,2583,2983,2203,1484,0,0,0,0,0,0,0,-132,-44,0,37,-69,121,124,122,125,121,123,43,44,44,46,44,45,1,42,4,0,3,11,0,0,0,0,0,0
17.1182,,512,-34.81318681318681,-3.78021978021978,-0.7912087912087912,93.05494505494505,14.197802197802197,2.637528259231349,1818,1786,2583,2983,2203,1484,0,0,0,0,0,0,97,-132,-44,0,37,-69,121,124,122,125,121,123,43,44,44,46,44,45,10,42,4,0,4,11,0,0,0,0,0,0
17.1516,,513,-33.23076923076923,-3.78021978021978,-0.7912087912087912,93.05494505494505,14.197802197802197,2.637528259231349,1820,1786,2583,2983,2203,1484,50,0,0,0,0,0,159,-132,-44,-23,37,-69,121,124,122,124,121,123,43,44,44,46,44,45,23,43,4,0,4,11,0,0,0,0,0,0
17.1852,,514,-31.208791208791208,-3.78021978021978,-0.7912087912087912,93.05494505494505,14.197802197802197,2.637528259231349,1830,1786,2583,2983,2203,1484,100,0,0,0,0,0,190,-132,-44,-23,37,-69,121,124,122,124,121,123,43,44,44,46,44,45,24,43,4,0,4,11,0,0,0,0,0,0
17.2187,,515,-28.747252747252748,-3.78021978021978,-0.7912087912087912,92.96703296703296,14.197802197802197,2.637528259231349,1843,1786,2583,2983,2203,1484,350,0,0,0,0,0,226,-132,-44,-23,37,-69,121,124,122,124,121,123,43,44,43,46,44,45,25,42,4,0,3,11,0,0,0,0,0,0
17.2521,,516,-26.197802197802197,-3.78021978021978,-0.7912087912087912,92.96703296703296,14.197802197802197,2.637528259231349,1858,1786,2583,2983,2203,1484,400,0,0,0,0,0,183,-132,-44,-27,37,-69,121,124,122,124,121,123,43,44,44,46,44,45,38,43,4,0,3,11,0,0,0,0,0,0
17.2855,,517,-23.384615384615383,-3.78021978021978,-0.7912087912087912,92.96703296703296,14.197802197802197,2.637528259231349,1876,1786,2583,2983,2204,1484,550,0,0,0,0,0,231,-132,-44,-27,37,-69,121,123,122,124,121,123,43,44,43,46,44,45,46,42,4,0,4,11,0,0,0,0,0,0
17.3189,,518,-20.835164835164836,-3.78021978021978,-0.7912087912087912,92.96703296703296,14.461538461538462,2.637528259231349,1897,1786,2583,2983,2204,1484,650,0,0,0,50,0,270,-132,-44,-27,34,-69,121,123,122,124,121,123,43,44,44,46,44,45,50,42,5,0,2,11,0,0,0,0,0,0
17.3524,,519,-18.285714285714285,-3.78021978021978,-0.7912087912087912,92.96703296703296,15.428571428571429,2.637528259231349,1921,1786,2583,2983,2204,1484,650,0,0,0,0,0,289,-132,-44,-27,44,-69,121,123,122,124,121,123,43,44,44,46,44,45,67,42,4,1,4,11,0,0,0,0,0,0
17.3857,,520,-15.736263736263735,-3.78021978021978,-0.7912087912087912,92.96703296703296,16.395604395604394,2.637528259231349,1947,1786,2583,2983,2207,1484,800,0,0,0,0,0,379,-132,-44,-27,95,-69,121,123,122,124,121,123,43,44,44,46,44,45,57,43,4,1,5,11,0,0,0,0,0,0
17.4192,,521,-13.274725274725276,-3.78021978021978,-0.7912087912087912,92.96703296703296,17.01098901098901,2.637528259231349,1976,1786,2583,2983,2213,1484,800,0,0,0,200,0,289,-132,-44,-27,121,-69,121,123,122,124,121,123,43,44,44,46,44,45,61,42,4,0,11,12,0,0,0,0,0,0
17.4526,,522,-10.725274725274724,-3.78021978021978,-0.8791208791208791,92.96703296703296,17.36263736263736,2.637528259231349,2004,1786,2583,2983,2222,1484,850,0,0,0,250,0,311,-132,-44,-27,106,-69,121,123,122,124,121,123,43,44,44,46,44,45,46,42,4,0,4,11,0,0,0,0,0,0
17.486,,523,-8.175824175824175,-3.78021978021978,-0.8791208791208791,92.96703296703296,17.45054945054945,2.637528259231349,2033,1786,2583,2983,2228,1484,800,0,0,0,250,0,309,-132,-48,-27,79,-69,121,123,122,124,121,123,43,44,44,46,44,45,32,42,5,1,3,11,0,0,0,0,0,0
17.5194,,524,-5.802197802197802,-3.78021978021978,-0.967032967032967,92.87912087912088,17.45054945054945,2.637528259231349,2060,1786,2583,2983,2234,1484,850,0,0,0,150,0,304,-132,-48,-27,62,-69,121,123,122,124,121,123,43,44,44,46,44,45,50,42,4,0,0,11,0,0,0,0,0,0
17.5528,,525,-3.340659340659341,-3.78021978021978,-0.967032967032967,92.87912087912088,17.45054945054945,2.637528259231349,2088,1786,2583,2983,2238,1484,850,0,0,0,150,0,296,-132,-51,-30,48,-69,121,123,122,124,121,123,43,44,44,46,44,45,39,42,6,1,1,11,0,0,0,0,0,0
17.5863,,526,-1.2307692307692308,-3.78021978021978,-0.967032967032967,92.87912087912088,17.45054945054945,2.637528259231349,2117,1786,2583,2984,2240,1484,850,0,0,50,50,0,289,-132,-51,-34,41,-69,121,123,121,124,121,123,43,44,43,46,44,45,49,43,5,2,2,11,0,0,0,0,0,0
17.6197,,527,0.7032967032967034,-3.868131868131868,-1.054945054945055,92.87912087912088,17.45054945054945,2.637528259231349,2143,1786,2583,2985,2242,1484,850,0,0,0,50,0,301,-132,-51,-37,30,-69,121,123,121,124,121,123,43,44,44,46,44,45,51,42,5,3,1,12,0,0,0,0,0,0
17.6531,,528,2.7252747252747254,-4.043956043956044,-1.054945054945055,92.87912087912088,17.45054945054945,2.637528259231349,2172,1786,2583,2985,2243,1484,800,0,0,0,50,0,275,-136,-55,-37,27,-69,121,123,121,124,121,123,43,44,44,46,44,45,48,45,7,2,1,11,0,0,0,0,0,0
17.6864,,529,4.483516483516484,-4.3076923076923075,-1.054945054945055,92.87912087912088,17.45054945054945,2.637528259231349,2197,1786,2583,2985,2243,1484,750,0,0,0,0,0,346,-143,-55,-37,27,-69,121,123,121,124,121,123,43,44,44,46,44,45,30,49,7,2,1,11,0,0,0,0,0,0
17.7198,,530,5.802197802197802,-4.65934065934066,-1.054945054945055,92.87912087912088,17.45054945054945,2.637528259231349,2221,1786,2583,2985,2243,1484,750,0,0,0,0,0,319,-153,-55,-37,27,-69,121,123,121,124,121,123,43,44,44,46,44,45,29,58,7,3,1,11,0,0,0,0,0,0
17.7533,,531,6.769230769230769,-4.923076923076923,-1.1428571428571428,92.87912087912088,17.36263736263736,2.637528259231349,2245,1786,2583,2985,2243,1484,700,0,0,0,0,0,229,-173,-55,-37,27,-69,121,123,121,124,121,123,43,44,44,46,44,45,37,68,7,3,1,11,0,0,0,0,0,0
17.7867,,532,7.736263736263736,-4.923076923076923,-1.2307692307692308,92.87912087912088,17.36263736263736,2.637528259231349,2266,1786,2583,2985,2243,1484,600,0,0,0,0,0,266,-178,-58,-37,23,-69,121,123,121,124,121,123,43,44,44,46,44,45,29,76,9,3,0,11,0,0,0,0,0,0
17.8201,,533,8.087912087912088,-5.186813186813187,-1.2307692307692308,92.96703296703296,17.36263736263736,2.637528259231349,2284,1786,2583,2985,2243,1484,600,0,0,0,0,0,145,-178,-62,-37,23,-69,121,123,121,124,120,123,43,44,44,46,44,45,17,75,9,2,0,11,0,0,0,0,0,0
17.8536,,534,8.087912087912088,-5.362637362637362,-1.054945054945055,93.05494505494505,17.45054945054945,2.637528259231349,2298,1786,2583,2985,2243,1484,450,0,0,0,0,0,167,-189,-62,-34,23,-69,121,123,121,124,120,123,43,44,43,46,44,45,8,83,9,2,0,11,0,0,0,0,0,0
17.887,,535,8.0,-5.450549450549451,-0.8791208791208791,93.23076923076923,17.45054945054945,2.637528259231349,2309,1786,2583,2986,2243,1484,350,0,0,50,0,0,125,-196,-55,-34,27,-69,121,123,122,124,121,123,43,44,44,46,44,45,6,89,7,1,1,11,0,0,0,0,0,0
17.9203,,536,7.648351648351649,-5.626373626373627,-0.8791208791208791,93.31868131868131,17.45054945054945,2.637528259231349,2317,1786,2583,2986,2243,1484,200,0,0,0,0,0,101,-199,-48,-27,27,-69,121,123,121,124,121,123,43,44,44,46,44,45,7,91,5,0,1,11,0,0,0,0,0,0
17.9537,,537,7.56043956043956,-5.714285714285714,-0.8791208791208791,93.31868131868131,17.36263736263736,2.637528259231349,2320,1786,2583,2986,2243,1484,150,0,0,0,0,0,71,-206,-48,-23,27,-69,121,123,121,124,121,123,43,44,43,46,44,45,2,97,6,0,2,11,0,0,0,0,0,0
17.9872,,538,7.56043956043956,-6.241758241758242,-0.8791208791208791,93.4065934065934,16.835164835164836,2.637528259231349,2321,1786,2583,2986,2243,1484,50,0,0,0,0,0,62,-210,-48,-23,23,-69,121,123,121,124,121,123,43,44,44,46,44,45,8,100,6,0,0,11,0,0,0,0,0,0
18.0206,,539,7.384615384615385,-7.56043956043956,-0.7912087912087912,93.49450549450549,16.571428571428573,2.637528259231349,2321,1786,2583,2986,2243,1484,0,0,0,0,0,0,62,-231,-48,0,-30,-69,121,123,121,124,120,123,43,44,44,46,44,45,8,120,5,0,2,11,0,0,0,0,0,0
18.054,,540,7.208791208791209,-9.23076923076923,-0.7912087912087912,93.49450549450549,16.483516483516482,2.637528259231349,2321,1782,2583,2986,2243,1484,0,-150,0,0,0,0,55,-292,-44,0,-41,-69,121,123,121,124,120,123,43,44,43,46,44,45,7,133,4,0,4,11,0,0,0,0,0,0
18.0875,,541,7.208791208791209,-11.428571428571429,-0.7912087912087912,93.49450549450549,16.307692307692307,2.637528259231349,2322,1774,2583,2986,2243,1484,50,-200,0,0,0,0,44,-346,-44,0,-44,-69,121,123,121,124,120,123,43,44,44,46,44,45,5,144,4,0,4,11,0,0,0,0,0,0
18.1209,,542,7.208791208791209,-14.065934065934066,-0.7912087912087912,93.49450549450549,15.868131868131869,2.637528259231349,2322,1761,2583,2986,2243,1484,0,-350,0,0,0,0,44,-299,-44,0,-51,-69,121,123,121,124,120,123,43,44,43,46,44,45,4,173,4,0,6,12,0,0,0,0,0,0
18.1543,,543,7.1208791208791204,-16.967032967032967,-0.7912087912087912,93.49450549450549,14.637362637362637,2.637528259231349,2322,1743,2583,2987,2243,1484,0,-450,0,0,0,0,44,-425,-44,0,-69,-69,121,123,121,124,120,123,43,44,44,46,44,45,4,136,4,0,11,11,0,0,0,0,0,0
18.1877,,544,7.1208791208791204,-20.043956043956044,-0.7912087912087912,93.4065934065934,13.406593406593407,2.637528259231349,2322,1720,2583,2987,2239,1484,0,-650,0,0,-100,0,41,-369,-44,0,-130,-69,121,123,121,124,120,123,43,44,44,46,44,45,3,163,4,0,26,11,0,0,0,0,0,0
18.2211,,545,7.1208791208791204,-22.945054945054945,-0.7912087912087912,93.4065934065934,12.791208791208792,2.637528259231349,2322,1695,2583,2987,2231,1484,0,-750,0,0,-200,0,41,-415,-44,-23,-161,-69,121,123,121,124,120,122,43,44,44,46,44,45,4,171,4,0,18,11,0,0,0,0,0,0
18.2546,,546,7.1208791208791204,-25.318681318681318,-0.7912087912087912,93.4065934065934,12.527472527472527,2.637528259231349,2322,1666,2583,2987,2222,1484,0,-800,0,0,-300,0,41,-431,-44,-23,-132,-69,121,123,121,124,120,122,43,44,44,46,44,45,4,171,4,0,12,11,0,0,0,0,0,0
18.288,,547,7.1208791208791204,-27.692307692307693,-0.7912087912087912,93.4065934065934,12.527472527472527,2.637528259231349,2322,1635,2583,2987,2214,1484,0,-900,0,0,-250,0,41,-417,-44,-23,-104,-69,121,123,121,124,120,122,43,44,43,46,44,45,4,159,5,0,6,11,0,0,0,0,0,0
18.3214,,548,7.1208791208791204,-29.89010989010989,-0.7912087912087912,93.4065934065934,12.43956043956044,2.637528259231349,2322,1603,2583,2987,2208,1484,0,-950,0,0,-200,0,41,-395,-44,-23,-83,-69,121,123,121,124,120,123,43,44,44,46,44,45,4,129,5,0,6,11,0,0,0,0,0,0
18.3548,,549,7.1208791208791204,-31.824175824175825,-0.7912087912087912,93.31868131868131,12.43956043956044,2.637528259231349,2322,1572,2583,2988,2205,1484,0,-950,0,0,-150,0,41,-401,-44,-27,-76,-69,121,123,121,124,120,123,43,44,44,46,44,45,4,108,5,1,4,12,0,0,0,0,0,0
18.3882,,550,7.032967032967033,-33.84615384615385,-0.7912087912087912,93.31868131868131,12.43956043956044,2.637528259231349,2322,1541,2583,2988,2201,1484,0,-950,0,0,-100,0,41,-363,-44,-30,-62,-69,121,123,121,124,120,123,43,44,44,46,44,45,4,86,4,1,5,11,0,0,0,0,0,0
18.4217,,551,7.032967032967033,-35.69230769230769,-0.7912087912087912,93.31868131868131,12.43956043956044,2.637528259231349,2323,1511,2583,2988,2199,1484,50,-900,0,0,-50,0,34,-331,-44,-30,-51,-69,121,123,121,124,121,123,43,44,43,46,44,45,2,61,4,0,5,11,0,0,0,0,0,0
18.4551,,552,7.032967032967033,-37.45054945054945,-0.7912087912087912,93.31868131868131,12.43956043956044,2.637528259231349,2323,1485,2583,2988,2197,1484,0,-850,0,0,-50,0,34,-299,-44,-30,-44,-69,121,123,121,124,121,123,43,44,44,46,44,45,2,47,4,0,3,11,0,0,0,0,0,0
18.4885,,553,6.945054945054945,-38.94505494505494,-0.7912087912087912,93.31868131868131,12.43956043956044,2.637528259231349,2323,1458,2583,2988,2196,1484,0,-800,0,0,0,0,34,-266,-44,-30,-41,-69,121,123,122,124,121,123,43,44,44,46,44,45,2,52,4,0,4,11,0,0,0,0,0,0
18.5219,,554,6.681318681318682,-40.35164835164835,-0.7912087912087912,93.31868131868131,12.43956043956044,2.637528259231349,2323,1433,2583,2988,2195,1484,0,-750,0,0,-50,0,30,-353,-44,-30,-37,-69,121,124,122,124,121,123,43,44,43,46,44,45,2,40,4,1,3,12,0,0,0,0,0,0
18.5554,,555,5.802197802197802,-41.582417582417584,-0.7912087912087912,93.4065934065934,12.43956043956044,2.637528259231349,2323,1410,2583,2988,2195,1484,0,-700,0,0,0,0,0,-235,-44,-30,-37,-69,121,124,122,124,121,123,43,44,44,46,44,45,0,35,4,1,4,11,0,0,0,0,0,0
18.5888,,556,4.65934065934066,-42.72527472527472,-0.7032967032967034,93.4065934065934,12.351648351648352,2.637528259231349,2323,1389,2583,2988,2195,1484,0,-650,0,0,0,0,-70,-196,-44,-27,-37,-69,121,124,122,124,121,123,43,44,44,46,44,45,6,25,4,0,3,11,0,0,0,0,0,0
18.6222,,557,3.340659340659341,-43.78021978021978,-0.7032967032967034,93.4065934065934,12.351648351648352,2.637528259231349,2321,1369,2583,2988,2195,1484,0,-600,0,0,0,0,-106,-165,-41,-27,-41,-69,121,124,122,124,121,123,43,44,44,46,44,45,12,26,4,0,4,11,0,0,0,0,0,0
18.6556,,558,1.934065934065934,-44.92307692307692,-0.7032967032967034,93.4065934065934,12.263736263736265,2.637528259231349,2314,1351,2583,2988,2195,1484,-150,-550,0,0,0,0,-136,-218,-41,-27,-41,-69,121,124,122,124,121,123,43,44,43,46,44,45,17,18,4,0,4,12,0,0,0,0,0,0
18.689,,559,0.6153846153846154,-45.89010989010989,-0.7032967032967034,93.4065934065934,12.175824175824175,2.637528259231349,2303,1335,2583,2988,2195,1484,-300,-500,0,0,0,0,-173,-235,-41,-27,-44,-69,121,124,122,124,121,123,43,44,44,46,44,45,11,24,4,0,4,11,0,0,0,0,0,0
18.7224,,560,-0.43956043956043955,-46.76923076923077,-0.7032967032967034,93.4065934065934,11.208791208791208,2.637528259231349,2290,1319,2583,2989,2195,1484,-400,-500,0,50,0,0,-90,-119,-41,-30,-48,-69,121,124,122,124,121,123,43,44,44,46,44,45,18,10,4,1,4,11,0,0,0,0,0,0
18.7558,,561,-1.054945054945055,-47.38461538461539,-0.7032967032967034,93.4065934065934,9.89010989010989,2.637528259231349,2275,1305,2583,2989,2193,1484,-500,-450,0,0,0,0,-155,-185,-41,-30,-104,-69,121,124,122,124,121,123,43,44,44,46,44,45,4,13,4,0,17,11,0,0,0,0,0,0
18.7893,,562,-1.1428571428571428,-48.0,-0.7032967032967034,93.4065934065934,8.835164835164836,2.637528259231349,2263,1291,2583,2989,2187,1484,-350,-450,0,0,-200,0,-115,-54,-41,-30,-135,-69,121,124,122,124,121,123,43,44,43,46,44,45,4,6,4,1,24,10,0,0,0,0,0,0
18.8227,,563,-1.2307692307692308,-48.527472527472526,-0.6153846153846154,93.4065934065934,8.219780219780219,2.637528259231349,2253,1280,2582,2989,2177,1484,-250,-300,-50,0,-250,0,37,-155,-37,-30,-156,-69,121,124,122,124,121,123,43,44,44,46,44,45,2,5,3,0,13,11,0,0,0,0,0,0
18.8561,,564,-1.3186813186813187,-48.61538461538461,-0.6153846153846154,93.4065934065934,7.78021978021978,2.8636021100226077,2247,1270,2582,2989,2167,1484,-200,-300,0,0,-300,0,-69,-43,-34,-30,-131,-69,121,124,122,124,121,123,43,44,44,46,44,45,2,10,3,1,5,12,0,0,0,0,0,0
18.8895,,565,-1.4065934065934067,-48.61538461538461,-0.6153846153846154,93.4065934065934,7.516483516483516,3.089675960813866,2243,1262,2582,2989,2159,1484,-150,-300,0,0,-300,0,-55,-86,-34,-30,-19,-55,121,124,122,125,121,123,43,44,43,46,44,45,2,4,1,0,5,6,0,0,0,0,0,0
18.9229,,566,-1.4945054945054945,-48.7032967032967,-0.6153846153846154,93.4065934065934,7.164835164835165,3.089675960813866,2240,1257,2582,2989,2152,1484,-100,-150,0,0,-200,0,-48,-65,-34,-30,-86,-44,121,124,122,125,121,124,43,44,44,46,44,45,2,4,2,0,7,3,0,0,0,0,0,0
18.9563,,567,-1.4945054945054945,-49.31868131868132,-0.6153846153846154,93.49450549450549,6.989010989010989,2.8636021100226077,2238,1251,2582,2989,2147,1484,-100,-150,0,0,-200,0,-41,-51,-34,-30,-79,-44,122,124,122,125,121,124,43,44,43,46,44,45,2,3,2,1,2,4,0,0,0,0,0,0
18.9897,,568,-1.4945054945054945,-50.637362637362635,-0.6153846153846154,93.49450549450549,7.164835164835165,2.8636021100226077,2237,1245,2582,2989,2142,1484,-50,-250,0,0,-150,0,-37,43,-34,-27,45,-55,121,124,122,125,121,124,43,44,44,46,44,45,1,5,2,0,8,8,0,0,0,0,0,0
19.0232,,569,-1.4945054945054945,-52.13186813186813,-0.6153846153846154,93.49450549450549,7.78021978021978,2.93896006028636,2234,1240,2582,2989,2139,1484,-100,-150,0,0,-100,0,-30,-32,-34,-27,-55,-55,121,124,122,125,121,124,43,44,43,46,44,45,1,14,2,0,4,8,0,0,0,0,0,0
19.0567,,570,-1.4945054945054945,-53.714285714285715,-0.6153846153846154,93.49450549450549,7.956043956043956,3.014318010550113,2232,1231,2582,2989,2139,1484,-100,-150,0,0,0,0,-23,-58,-34,-27,17,-51,122,124,122,125,121,124,43,44,44,46,44,45,1,13,1,0,1,5,0,0,0,0,0,0
19.0901,,571,-1.4945054945054945,-55.032967032967036,-0.6153846153846154,93.49450549450549,7.956043956043956,3.089675960813866,2232,1220,2582,2989,2139,1484,0,-300,0,0,0,0,0,-83,-34,-27,0,-48,122,124,122,125,121,124,43,44,44,46,44,45,0,5,1,0,0,4,0,0,0,0,0,0
19.1235,,572,-1.4945054945054945,-55.824175824175825,-0.6153846153846154,93.49450549450549,7.868131868131868,3.089675960813866,2232,1207,2582,2989,2139,1484,0,-350,0,0,0,0,0,-167,-34,-27,0,-44,122,124,122,125,121,124,43,44,44,46,44,45,0,8,2,0,0,4,0,0,0,0,0,0
19.157,,573,-1.4945054945054945,-56.08791208791209,-0.6153846153846154,93.49450549450549,7.516483516483516,3.089675960813866,2232,1194,2582,2989,2139,1484,0,-400,0,0,0,0,0,-164,-34,-27,-23,-44,122,124,122,125,121,124,43,44,44,46,44,45,0,3,2,0,0,4,0,0,0,0,0,0
19.1904,,574,-1.5824175824175823,-56.35164835164835,-0.6153846153846154,93.49450549450549,7.428571428571429,2.7882441597588548,2232,1180,2582,2989,2139,1484,0,-500,0,0,0,0,0,20,-34,-27,-37,-44,122,124,122,125,121,124,43,44,43,46,44,45,0,0,3,0,4,4,0,0,0,0,0,0
19.2238,,575,-1.5824175824175823,-56.43956043956044,-0.6153846153846154,93.49450549450549,7.252747252747253,2.7128862094951014,2232,1171,2582,2989,2139,1484,0,-250,0,0,0,0,-23,-76,-34,-27,-41,-66,122,124,122,125,121,124,43,44,44,46,44,45,0,0,2,0,4,10,0,0,0,0,0,0
19.2572,,576,-1.6703296703296704,-56.967032967032964,-0.6153846153846154,93.49450549450549,7.164835164835165,2.637528259231349,2232,1164,2582,2989,2139,1484,0,-150,0,0,0,0,-23,-51,-34,-27,-48,-65,122,124,122,125,121,124,43,44,44,46,44,45,1,1,2,0,6,11,0,0,0,0,0,0
19.2907,,577,-1.934065934065934,-57.67032967032967,-0.6153846153846154,93.4065934065934,7.076923076923077,2.637528259231349,2231,1157,2581,2989,2139,1484,0,-200,-50,0,0,0,-23,-75,-30,-27,-51,-69,122,124,122,125,121,124,43,44,43,46,44,45,1,1,0,1,7,12,0,0,0,0,0,0
19.3241,,578,-2.901098901098901,-58.285714285714285,-0.6153846153846154,93.4065934065934,7.076923076923077,2.637528259231349,2230,1151,2580,2989,2139,1484,-50,-150,0,0,0,0,-30,-82,-27,-30,-55,-69,122,124,122,125,121,124,43,44,44,46,44,45,2,1,1,1,8,11,0,0,0,0,0,0
19.3575,,579,-3.956043956043956,-59.252747252747255,-0.5274725274725275,93.4065934065934,7.076923076923077,2.637528259231349,2229,1144,2580,2989,2139,1484,0,-200,0,0,0,0,-89,49,-27,-30,-55,-69,121,124,122,125,121,123,43,44,44,46,44,45,11,0,0,1,8,12,0,0,0,0,0,0
19.3909,,580,-5.186813186813187,-60.395604395604394,-0.26373626373626374,93.31868131868131,7.076923076923077,2.637528259231349,2223,1138,2580,2989,2139,1484,-100,-200,0,0,0,0,-112,-97,-23,-30,-55,-69,121,124,122,125,121,123,43,44,43,46,44,45,9,2,0,0,8,11,0,0,0,0,0,0
19.4242,,581,-6.241758241758242,-61.53846153846154,0.0,93.4065934065934,7.076923076923077,2.637528259231349,2215,1130,2581,2989,2139,1484,-250,-200,50,0,0,0,-131,-105,0,-34,-55,-69,121,124,122,125,121,123,43,44,44,46,44,45,7,10,0,2,8,11,0,0,0,0,0,0
19.4576,,582,-6.857142857142857,-62.94505494505494,0.7032967032967034,93.4065934065934,7.076923076923077,2.637528259231349,2205,1120,2584,2989,2139,1484,-250,-300,100,0,0,0,-154,-51,0,-30,-55,-69,122,124,122,125,121,123,43,44,44,46,44,45,12,9,0,1,8,11,0,0,0,0,0,0
19.491,,583,-7.032967032967033,-64.52747252747253,1.8461538461538463,93.4065934065934,7.164835164835165,2.637528259231349,2195,1109,2588,2989,2139,1484,-350,-350,100,0,0,0,-38,-155,-72,-30,-55,-69,121,124,122,125,121,123,43,44,44,46,44,45,6,6,1,1,7,11,0,0,0,0,0,0
19.5244,,584,-7.032967032967033,-65.75824175824175,3.5164835164835164,93.31868131868131,7.164835164835165,2.637528259231349,2187,1095,2594,2989,2139,1484,-300,-350,150,0,0,0,-86,-168,81,-30,-51,-69,121,124,122,125,121,123,43,44,44,46,44,45,1,8,2,1,6,11,0,0,0,0,0,0
19.5578,,585,-7.032967032967033,-67.16483516483517,5.802197802197802,93.23076923076923,7.164835164835165,2.637528259231349,2182,1080,2601,2989,2139,1484,-200,-450,200,0,0,0,-65,-65,134,-34,-51,-69,121,124,122,125,121,123,43,44,44,46,44,45,2,3,3,1,6,12,0,0,0,0,0,0
19.5912,,586,-7.032967032967033,-68.65934065934066,8.351648351648352,93.05494505494505,7.164835164835165,2.637528259231349,2178,1065,2613,2989,2139,1484,-100,-450,350,0,0,0,-51,-92,97,-37,-51,-69,121,124,122,125,121,123,42,44,44,46,44,45,2,1,6,3,6,11,0,0,0,0,0,0
19.6246,,587,-7.032967032967033,-70.15384615384616,11.076923076923077,92.96703296703296,7.076923076923077,2.637528259231349,2175,1049,2630,2989,2139,1484,-100,-500,450,0,0,0,-44,-92,226,-44,-51,-69,121,124,122,125,121,123,43,44,43,46,44,45,3,0,5,4,6,11,0,0,0,0,0,0
19.6582,,588,-7.032967032967033,-71.56043956043956,13.626373626373626,92.87912087912088,7.076923076923077,2.637528259231349,2173,1031,2651,2989,2139,1484,-100,-500,550,0,0,0,-37,-172,174,-48,-55,-69,121,124,122,125,121,123,43,44,44,46,44,45,2,0,10,4,8,11,0,0,0,0,0,0
19.6916,,589,-7.032967032967033,-72.79120879120879,15.912087912087912,92.79120879120879,7.076923076923077,2.637528259231349,2172,1014,2674,2989,2139,1484,-50,-500,700,0,0,0,-30,-162,275,-51,-55,-69,122,124,122,125,121,123,43,44,44,46,44,45,1,0,15,4,8,11,0,0,0,0,0,0
19.725,,590,-7.032967032967033,-74.02197802197803,18.021978021978022,92.79120879120879,7.076923076923077,2.637528259231349,2171,998,2700,2989,2137,1484,-50,-500,800,0,0,0,-27,-143,210,-55,-48,-69,121,124,122,125,121,123,43,44,43,46,44,45,1,0,13,6,5,11,0,0,0,0,0,0
19.7585,,591,-7.1208791208791204,-75.25274725274726,20.043956043956044,92.79120879120879,7.076923076923077,2.637528259231349,2171,983,2727,2989,2136,1484,0,-450,750,0,0,0,-27,-162,200,-55,-44,-69,121,124,122,125,121,123,43,44,44,46,44,45,1,0,3,6,4,11,0,0,0,0,0,0
19.7919,,592,-7.1208791208791204,-76.3076923076923,21.89010989010989,92.79120879120879,7.076923076923077,2.637528259231349,2171,968,2754,2989,2134,1484,0,-450,750,0,0,0,-30,-154,183,-55,-41,-69,122,124,122,125,121,123,43,44,43,46,44,45,2,0,0,7,2,11,0,0,0,0,0,0
19.8253,,593,-7.1208791208791204,-77.36263736263736,23.64835164835165,92.79120879120879,7.076923076923077,2.637528259231349,2171,954,2779,2989,2133,1484,0,-400,800,0,-50,0,-30,-138,243,-55,-34,-69,122,124,122,125,121,124,43,44,44,46,44,45,3,1,0,6,2,11,0,0,0,0,0,0
19.8588,,594,-7.1208791208791204,-78.50549450549451,25.406593406593405,92.79120879120879,7.076923076923077,2.637528259231349,2171,941,2804,2989,2133,1484,0,-400,750,0,0,0,-30,-42,132,-55,-34,-69,122,124,122,125,121,124,43,44,44,46,44,45,2,2,0,6,3,12,0,0,0,0,0,0
19.8923,,595,-7.1208791208791204,-79.64835164835165,27.252747252747252,92.79120879120879,7.076923076923077,2.637528259231349,2171,928,2827,2989,2133,1484,0,-400,750,0,0,0,-30,-35,145,-55,-34,-69,122,124,122,125,121,124,43,44,44,46,44,45,2,0,0,6,3,11,0,0,0,0,0,0
19.9257,,596,-7.208791208791209,-80.52747252747253,28.923076923076923,92.79120879120879,7.076923076923077,2.637528259231349,2171,915,2849,2989,2133,1484,0,-400,650,0,0,0,-30,-143,219,-55,-34,-69,122,124,122,125,121,124,43,44,44,46,44,45,1,1,0,7,2,11,0,0,0,0,0,0
19.9591,,597,-7.208791208791209,-80.52747252747253,30.153846153846153,92.79120879120879,6.989010989010989,2.637528259231349,2171,903,2871,2989,2133,1484,0,-400,650,0,0,0,-34,-38,116,-55,-34,-69,122,124,122,125,121,124,43,44,44,46,44,45,2,0,0,7,2,11,0,0,0,0,0,0
19.9925,,598,-7.208791208791209,-80.52747252747253,31.032967032967033,92.79120879120879,6.989010989010989,2.637528259231349,2171,893,2893,2989,2133,1484,0,-350,650,0,0,0,-34,-65,77,-55,-37,-69,122,124,122,125,121,124,43,44,44,46,44,45,3,0,0,6,4,11,0,0,0,0,0,0
20.026,,599,-7.2967032967032965,-80.52747252747253,31.384615384615383,92.79120879120879,6.989010989010989,2.637528259231349,2171,888,2912,2989,2133,1484,0,-200,550,0,0,0,-34,-44,113,-55,-37,-69,122,124,122,125,121,124,43,44,43,46,44,45,3,1,0,7,3,11,0,0,0,0,0,0
20.0595,,600,-7.824175824175824,-80.61538461538461,31.736263736263737,92.7032967032967,6.989010989010989,2.637528259231349,2171,884,2927,2989,2133,1484,0,-100,500,0,0,0,-37,-30,83,-55,-37,-69,122,124,122,125,121,124,43,44,44,46,44,45,4,1,0,6,3,10,0,0,0,0,0,0
20.093,,601,-8.43956043956044,-80.61538461538461,32.0,92.7032967032967,6.989010989010989,2.637528259231349,2170,882,2936,2989,2133,1484,0,-50,300,0,0,0,-75,90,-66,-58,-37,-69,121,124,122,125,121,124,43,44,44,46,44,45,9,0,0,8,3,11,0,0,0,0,0,0
20.1265,,602,-8.967032967032967,-80.61538461538461,32.879120879120876,92.7032967032967,7.076923076923077,2.637528259231349,2166,879,2943,2989,2133,1484,-100,-50,250,0,0,0,32,0,37,-58,-37,-69,121,124,122,125,121,123,43,44,44,46,44,45,7,0,0,8,4,10,0,0,0,0,0,0
20.16,,603,-9.142857142857142,-80.61538461538461,33.934065934065934,92.7032967032967,7.076923076923077,2.637528259231349,2161,879,2949,2989,2133,1484,-150,0,150,0,0,0,-81,0,68,-58,-34,-69,121,124,122,125,121,123,43,44,44,46,44,45,7,0,0,9,3,11,0,0,0,0,0,0
20.1934,,604,-9.142857142857142,-80.61538461538461,35.252747252747255,91.82417582417582,7.164835164835165,2.637528259231349,2156,878,2957,2989,2133,1484,-200,0,200,0,0,0,-58,0,-19,-58,-34,-69,121,124,122,125,121,123,43,44,44,46,44,45,3,0,0,8,2,11,0,0,0,0,0,0
20.2268,,605,-9.142857142857142,-80.61538461538461,36.83516483516483,89.71428571428571,7.076923076923077,2.637528259231349,2153,878,2966,2989,2133,1484,-100,0,250,0,0,0,-48,0,120,-112,-30,-69,121,124,122,125,121,123,43,44,44,46,44,45,2,0,1,22,2,11,0,0,0,0,0,0
20.2602,,606,-9.142857142857142,-80.61538461538461,38.505494505494504,87.34065934065934,7.076923076923077,2.637528259231349,2150,878,2979,2984,2133,1484,-50,0,350,-150,0,0,-41,0,137,-191,-34,-69,121,124,122,124,121,123,43,44,44,46,44,45,2,0,0,35,2,11,0,0,0,0,0,0
20.2936,,607,-9.142857142857142,-80.61538461538461,40.61538461538461,84.87912087912088,7.076923076923077,2.637528259231349,2148,878,2993,2972,2133,1484,-100,0,450,-250,0,0,-30,0,151,-168,-34,-69,121,124,122,124,121,123,43,44,44,46,44,45,2,0,0,44,2,12,0,0,0,0,0,0
20.327,,608,-9.23076923076923,-80.61538461538461,42.81318681318681,82.76923076923077,7.076923076923077,2.637528259231349,2147,878,3009,2955,2133,1484,-50,0,500,-450,0,0,-27,0,88,-208,-34,-69,121,124,122,124,121,123,43,44,44,46,44,45,1,0,1,51,3,11,0,0,0,0,0,0
20.3604,,609,-9.23076923076923,-80.61538461538461,45.27472527472528,81.18681318681318,7.076923076923077,2.637528259231349,2146,878,3029,2936,2133,1484,0,0,500,-600,0,0,-27,0,128,-222,-34,-69,121,123,122,124,121,123,43,44,44,46,44,45,1,0,0,42,2,11,0,0,0,0,0,0
20.3938,,610,-9.23076923076923,-80.61538461538461,47.91208791208791,80.04395604395604,7.076923076923077,2.637528259231349,2146,878,3049,2914,2133,1484,0,0,600,-650,0,0,-27,0,149,-202,-34,-69,121,124,122,124,121,123,43,44,44,46,44,45,1,0,0,22,2,11,0,0,0,0,0,0
20.4272,,611,-9.23076923076923,-80.61538461538461,50.54945054945055,79.07692307692308,7.076923076923077,2.637528259231349,2146,878,3073,2892,2133,1484,0,0,650,-600,0,0,-27,0,167,-155,-34,-69,121,124,122,124,121,123,43,44,44,46,44,45,1,0,0,23,3,11,0,0,0,0,0,0
20.4606,,612,-9.23076923076923,-80.61538461538461,53.0989010989011,78.54945054945055,7.076923076923077,2.637528259231349,2146,878,3099,2875,2133,1484,0,0,700,-500,0,0,-27,0,263,-243,-34,-69,121,124,122,124,121,123,43,44,44,46,44,45,1,0,0,26,3,11,0,0,0,0,0,0
20.4939,,613,-9.31868131868132,-80.61538461538461,55.56043956043956,78.02197802197803,7.076923076923077,2.637528259231349,2146,878,3127,2859,2133,1484,0,0,800,-500,0,0,-27,0,176,-97,-34,-69,121,124,122,125,121,123,43,44,43,46,44,45,1,0,0,22,3,10,0,0,0,0,0,0
20.5273,,614,-9.582417582417582,-80.61538461538461,57.934065934065934,77.4065934065934,7.076923076923077,2.637528259231349,2146,878,3154,2847,2133,1484,0,0,850,-400,0,0,-30,0,200,-160,-34,-69,121,124,122,125,121,123,43,44,44,46,44,45,2,0,0,13,3,11,0,0,0,0,0,0
20.5607,,615,-9.67032967032967,-80.61538461538461,59.34065934065934,77.05494505494505,7.076923076923077,2.637528259231349,2145,878,3184,2836,2133,1484,-50,0,900,-300,0,0,-38,0,185,-57,-34,-69,121,124,122,125,121,123,43,44,44,46,44,45,5,0,0,12,3,10,0,0,0,0,0,0
20.5941,,616,-10.197802197802197,-80.52747252747253,59.956043956043956,77.05494505494505,7.076923076923077,2.637528259231349,2145,878,3214,2828,2133,1484,0,0,900,-300,0,0,-41,0,128,-138,-34,-69,121,124,122,125,121,123,43,44,43,46,44,45,4,0,0,6,3,10,0,0,0,0,0,0
20.6276,,617,-11.076923076923077,-80.43956043956044,60.30769230769231,77.05494505494505,7.076923076923077,2.637528259231349,2143,879,3240,2821,2133,1484,0,50,850,-200,0,0,-67,0,26,-101,-34,-69,121,124,122,125,121,123,43,44,44,46,44,45,6,0,0,10,2,11,0,0,0,0,0,0
20.661,,618,-12.219780219780219,-80.43956043956044,61.362637362637365,77.05494505494505,7.164835164835165,2.637528259231349,2139,880,3260,2818,2133,1484,-150,0,700,-150,0,0,-94,0,-41,-86,-34,-69,121,124,122,125,121,123,43,44,44,46,44,45,6,0,6,6,2,11,0,0,0,0,0,0
20.6944,,619,-13.538461538461538,-80.43956043956044,63.120879120879124,77.05494505494505,7.516483516483516,2.637528259231349,2132,883,3271,2816,2133,1484,-150,150,350,-50,0,0,-112,0,91,-76,-30,-69,121,124,122,125,121,123,43,44,43,46,44,45,16,0,2,10,1,11,0,0,0,0,0,0
20.7279,,620,-14.76923076923077,-80.43956043956044,65.23076923076923,77.05494505494505,7.6923076923076925,2.637528259231349,2123,880,3282,2815,2133,1484,-300,0,250,-50,0,0,-155,0,124,-72,0,-69,121,124,122,125,121,123,43,44,44,46,44,45,10,0,0,11,1,12,0,0,0,0,0,0
20.7613,,621,-15.736263736263735,-80.43956043956044,67.51648351648352,77.05494505494505,7.6923076923076925,2.637528259231349,2112,879,3295,2813,2133,1484,-300,-50,400,-50,0,0,-159,23,71,-69,23,-69,121,124,122,125,121,123,43,44,43,46,44,45,8,0,0,7,0,11,0,0,0,0,0,0
20.7948,,622,-16.263736263736263,-80.43956043956044,69.27472527472527,76.96703296703296,7.6923076923076925,2.637528259231349,2099,879,3313,2811,2132,1484,-350,0,500,-50,-50,0,-145,23,96,-62,27,-69,121,124,122,125,121,123,43,44,44,46,44,45,2,0,0,5,3,11,0,0,0,0,0,0
20.8282,,623,-16.35164835164835,-80.43956043956044,70.5934065934066,76.96703296703296,7.78021978021978,2.637528259231349,2089,879,3335,2811,2132,1484,-300,0,600,-50,0,0,-111,23,113,-62,27,-69,121,124,122,125,121,123,43,44,44,46,44,45,3,0,0,8,1,11,0,0,0,0,0,0
20.8616,,624,-16.35164835164835,-80.43956043956044,72.0,76.96703296703296,7.78021978021978,2.637528259231349,2081,880,3357,2809,2132,1484,-250,50,700,-50,0,0,-90,0,79,-55,30,-69,121,124,122,125,121,124,43,44,43,46,44,45,3,0,0,6,1,11,0,0,0,0,0,0
20.895,,625,-16.263736263736263,-80.52747252747253,73.4065934065934,76.96703296703296,7.78021978021978,2.637528259231349,2075,880,3378,2809,2132,1484,-200,0,650,0,0,0,-69,0,139,-55,30,-69,121,124,122,125,121,124,43,44,43,46,44,45,0,0,0,6,2,11,0,0,0,0,0,0
20.9284,,626,-16.175824175824175,-80.52747252747253,74.72527472527473,76.96703296703296,7.604395604395604,2.637528259231349,2072,880,3398,2809,2132,1484,-50,0,600,0,0,0,-51,0,31,-55,30,-69,121,124,122,125,121,124,43,44,44,46,44,45,3,0,0,5,2,11,0,0,0,0,0,0
20.9618,,627,-16.087912087912088,-80.52747252747253,76.21978021978022,76.96703296703296,7.604395604395604,2.637528259231349,2070,880,3417,2809,2132,1484,-100,0,600,0,0,0,-37,0,-24,-55,23,-69,121,124,122,125,121,123,43,44,44,46,44,45,2,0,0,7,0,10,0,0,0,0,0,0
20.9952,,628,-16.0,-80.52747252747253,77.36263736263736,76.96703296703296,7.252747252747253,2.637528259231349,2069,880,3432,2809,2132,1484,-50,0,500,0,0,0,-30,0,124,-55,23,-69,121,124,122,125,121,123,43,44,44,46,44,45,2,0,0,7,0,11,0,0,0,0,0,0
21.0287,,629,-15.56043956043956,-80.52747252747253,77.62637362637362,76.96703296703296,7.252747252747253,2.637528259231349,2068,880,3448,2809,2132,1484,-50,0,500,0,0,0,-23,0,108,-55,-26,-69,122,124,122,125,121,123,43,44,44,46,44,45,2,0,0,7,0,11,0,0,0,0,0,0
21.0621,,630,-15.56043956043956,-80.52747252747253,77.8021978021978,76.96703296703296,7.252747252747253,2.637528259231349,2068,880,3459,2809,2132,1484,0,0,400,0,0,0,34,0,48,-55,-23,-69,122,124,122,125,121,123,43,44,44,46,44,45,1,0,0,6,1,12,0,0,0,0,0,0
21.0955,,631,-15.56043956043956,-80.52747252747253,78.41758241758242,77.05494505494505,7.164835164835165,2.637528259231349,2068,883,3466,2809,2132,1484,0,50,250,0,0,0,27,-27,-90,-55,-23,-69,121,124,122,125,121,123,43,44,44,46,44,45,1,5,0,7,0,11,0,0,0,0,0,0
21.1289,,632,-15.736263736263735,-80.52747252747253,79.73626373626374,77.05494505494505,7.428571428571429,2.637528259231349,2068,881,3472,2809,2132,1484,0,0,150,0,0,0,27,-23,57,-51,-27,-69,121,124,122,125,121,123,43,44,44,46,44,45,1,1,0,5,1,11,0,0,0,0,0,0
21.1623,,633,-15.736263736263735,-80.52747252747253,81.31868131868131,77.05494505494505,7.604395604395604,2.637528259231349,2068,880,3478,2809,2132,1484,0,-50,200,0,0,0,0,0,92,-51,0,-69,121,124,122,125,121,124,43,44,44,46,44,45,0,0,0,5,0,11,0,0,0,0,0,0
21.1957,,634,-16.087912087912088,-80.52747252747253,82.81318681318682,77.05494505494505,7.6923076923076925,2.637528259231349,2068,880,3488,2809,2132,1484,0,0,250,0,0,0,0,0,123,-51,23,-69,121,124,122,125,121,123,43,44,44,46,44,45,0,0,0,5,1,11,0,0,0,0,0,0
21.2291,,635,-16.087912087912088,-80.52747252747253,84.13186813186813,77.05494505494505,7.6923076923076925,2.637528259231349,2068,880,3502,2805,2128,1484,0,0,400,0,0,0,-27,0,131,-51,27,-69,121,124,122,125,121,123,43,44,44,46,44,45,1,0,1,3,9,11,0,0,0,0,0,0
21.2625,,636,-16.087912087912088,-80.52747252747253,85.27472527472527,77.05494505494505,7.6923076923076925,2.637528259231349,2068,879,3515,2799,2126,1484,0,0,400,-300,-250,0,-27,0,130,0,48,-69,121,124,122,125,121,123,43,44,44,46,44,45,1,0,0,0,7,11,0,0,0,0,0,0
21.2959,,637,-16.087912087912088,-80.52747252747253,86.06593406593407,77.05494505494505,7.6923076923076925,2.637528259231349,2068,879,3522,2797,2126,1484,0,0,300,-100,0,0,-27,0,75,23,48,-69,121,124,122,125,121,123,43,44,44,46,44,45,1,0,7,0,5,11,0,0,0,0,0,0
21.3293,,638,-15.912087912087912,-80.52747252747253,86.76923076923077,77.05494505494505,7.6923076923076925,2.637528259231349,2068,878,3527,2796,2127,1484,0,-50,150,0,0,0,-27,23,163,27,48,-69,121,124,122,124,121,123,43,44,44,46,44,45,1,0,15,0,3,11,0,0,0,0,0,0
21.3627,,639,-15.56043956043956,-80.52747252747253,87.73626373626374,77.05494505494505,7.6923076923076925,2.637528259231349,2068,878,3531,2796,2127,1484,0,0,100,0,50,0,0,23,174,27,44,-69,121,123,122,124,121,123,43,44,44,46,44,45,0,0,45,0,4,12,0,0,0,0,0,0
21.3962,,640,-15.56043956043956,-80.52747252747253,88.61538461538461,77.05494505494505,7.6923076923076925,2.637528259231349,2068,878,3539,2796,2127,1484,0,0,200,0,0,0,27,23,99,27,44,-69,121,123,122,124,121,123,43,44,44,46,44,45,2,0,48,0,4,11,0,0,0,0,0,0
21.4297,,641,-15.56043956043956,-80.52747252747253,89.75824175824175,77.14285714285714,7.6923076923076925,2.637528259231349,2068,878,3546,2796,2127,1484,0,0,200,0,0,0,27,23,208,27,44,-69,121,123,122,124,121,123,43,44,43,46,44,45,1,0,48,0,4,11,0,0,0,0,0,0
21.463,,642,-15.56043956043956,-80.52747252747253,89.84615384615384,77.14285714285714,7.78021978021978,2.637528259231349,2068,878,3552,2795,2127,1484,0,0,150,-50,0,0,27,23,236,34,44,-69,121,123,121,124,121,123,43,44,44,46,44,45,2,0,38,2,4,11,0,0,0,0,0,0
21.4964,,643,-15.56043956043956,-80.52747252747253,89.84615384615384,77.14285714285714,7.78021978021978,2.7128862094951014,2068,877,3555,2794,2127,1484,0,-50,150,0,0,0,27,27,196,37,48,-69,121,123,121,124,120,123,43,44,44,46,44,45,1,1,65,2,5,11,0,0,0,0,0,0
21.5298,,644,-15.56043956043956,-80.52747252747253,89.84615384615384,77.14285714285714,7.78021978021978,2.7128862094951014,2068,877,3556,2794,2127,1484,0,0,0,0,0,0,27,27,192,37,48,-65,121,123,121,124,120,123,43,44,43,46,44,45,0,0,81,2,4,10,0,0,0,0,0,0
21.5633,,645,-15.56043956043956,-80.52747252747253,89.84615384615384,77.14285714285714,7.78021978021978,2.7128862094951014,2068,877,3556,2794,2127,1484,0,0,0,0,0,0,27,27,192,37,48,-65,121,123,121,124,120,123,43,44,44,46,44,45,0,0,82,2,6,10,0,0,0,0,0,0
21.5967,,646,-15.56043956043956,-80.52747252747253,89.84615384615384,77.14285714285714,7.78021978021978,2.7128862094951014,2068,877,3556,2794,2127,1484,0,0,0,0,0,0,27,27,192,37,48,-65,121,123,121,124,120,123,43,44,44,46,44,45,0,1,84,3,4,10,0,0,0,0,0,0
21.6301,,647,-15.56043956043956,-80.52747252747253,89.84615384615384,77.14285714285714,7.78021978021978,2.7128862094951014,2068,877,3556,2794,2127,1484,0,0,0,0,0,0,27,27,192,37,48,-65,121,123,121,124,120,123,43,44,44,46,44,45,1,0,84,2,4,11,0,0,0,0,0,0
21.6636,,648,-15.56043956043956,-80.52747252747253,89.84615384615384,77.14285714285714,7.78021978021978,2.7128862094951014,2068,877,3556,2794,2127,1484,0,0,0,0,0,0,27,27,192,37,48,-65,121,123,121,124,120,123,43,44,44,46,44,45,0,0,84,2,5,11,0,0,0,0,0,0
