t,marker,frame_idx,goal_pos.shoulder_pan,goal_pos.shoulder_lift,goal_pos.elbow_flex,goal_pos.wrist_flex,goal_pos.wrist_roll,goal_pos.gripper,pos.shoulder_pan,pos.shoulder_lift,pos.elbow_flex,pos.wrist_flex,pos.wrist_roll,pos.gripper,vel.shoulder_pan,vel.shoulder_lift,vel.elbow_flex,vel.wrist_flex,vel.wrist_roll,vel.gripper,load.shoulder_pan,load.shoulder_lift,load.elbow_flex,load.wrist_flex,load.wrist_roll,load.gripper,volt.shoulder_pan,volt.shoulder_lift,volt.elbow_flex,volt.wrist_flex,volt.wrist_roll,volt.gripper,temp.shoulder_pan,temp.shoulder_lift,temp.elbow_flex,temp.wrist_flex,temp.wrist_roll,temp.gripper,curr.shoulder_pan,curr.shoulder_lift,curr.elbow_flex,curr.wrist_flex,curr.wrist_roll,curr.gripper
0.0,,0,-4.65934065934066,-80.35164835164835,91.42857142857143,71.51648351648352,3.2967032967032965,21.175584024114542,2105,868,3615,2716,2168,1669,0,0,0,0,0,0,0,0,0,0,0,0,121,123,121,124,120,123,39,40,40,41,40,40,0,0,0,0,0,0
0.0335,,1,-4.65934065934066,-80.35164835164835,91.42857142857143,71.51648351648352,3.2967032967032965,21.175584024114542,2105,868,3615,2716,2168,1669,0,0,0,0,0,0,135,88,72,80,-80,80,120,122,120,123,119,122,39,40,40,41,40,40,10,8,4,9,6,7
0.067,,2,-4.65934065934066,-80.35164835164835,91.42857142857143,71.51648351648352,3.2967032967032965,21.175584024114542,2112,869,3619,2716,2162,1674,50,50,50,0,0,0,269,62,41,86,-191,279,118,121,119,121,118,120,39,40,40,41,40,40,64,9,0,19,38,35
0.1005,,3,-4.65934065934066,-80.35164835164835,91.42857142857143,71.51648351648352,3.2967032967032965,21.175584024114542,2132,869,3622,2716,2141,1695,550,0,100,0,-600,600,282,62,27,86,-173,187,119,121,119,122,118,121,39,40,40,41,39,40,29,9,0,18,29,15
0.134,,4,-4.65934065934066,-80.35164835164835,91.42857142857143,71.51648351648352,3.2967032967032965,21.175584024114542,2152,869,3625,2716,2124,1714,650,0,100,0,-700,650,90,62,0,86,-76,171,119,122,120,122,119,121,39,40,40,41,40,40,4,8,0,18,4,4
0.1675,,5,-4.65934065934066,-80.35164835164835,91.42857142857143,71.51648351648352,3.2967032967032965,21.175584024114542,2166,869,3626,2716,2113,1725,500,0,100,0,-400,350,122,62,-23,86,-118,125,120,122,120,123,119,122,39,40,40,41,40,40,3,8,0,18,3,8
0.2009,,6,-4.65934065934066,-80.35164835164835,91.42857142857143,71.51648351648352,3.2967032967032965,21.175584024114542,2175,869,3627,2716,2106,1733,300,0,0,0,-250,250,97,62,-27,86,-97,104,120,122,120,123,120,122,39,40,40,41,40,40,2,9,0,18,5,10
0.2342,,7,-4.65934065934066,-80.35164835164835,91.42857142857143,71.51648351648352,3.2967032967032965,21.175584024114542,2180,869,3627,2716,2102,1738,150,0,0,0,-100,150,-45,62,-27,86,-79,83,120,122,121,123,120,122,39,40,40,41,40,40,3,8,0,17,7,9
0.2677,,8,-4.65934065934066,-80.35164835164835,91.42857142857143,71.51648351648352,3.2967032967032965,21.175584024114542,2183,869,3627,2716,2099,1741,100,0,0,0,-100,100,62,62,-27,86,-69,69,120,122,121,123,120,122,39,40,40,41,40,40,2,9,0,18,1,7
0.3011,,9,-4.65934065934066,-80.35164835164835,91.42857142857143,71.51648351648352,3.2967032967032965,21.175584024114542,2186,869,3627,2716,2097,1743,100,0,0,0,-50,100,51,62,-27,86,-58,62,120,122,121,123,120,122,39,40,40,41,40,40,3,8,0,17,4,4
0.3345,,10,-4.65934065934066,-80.35164835164835,91.42857142857143,71.51648351648352,3.2967032967032965,21.175584024114542,2187,869,3627,2716,2095,1745,50,0,0,0,-50,50,44,62,-27,86,-51,55,120,123,121,123,120,122,39,40,40,41,40,40,4,9,0,18,4,5
0.3679,,11,-4.65934065934066,-80.35164835164835,91.42857142857143,71.51648351648352,3.2967032967032965,21.175584024114542,2189,869,3627,2716,2095,1747,50,0,0,0,-50,50,41,62,-27,86,-51,51,120,123,121,123,120,122,39,40,40,41,40,40,3,9,0,17,4,4
0.4013,,12,-4.65934065934066,-80.35164835164835,91.42857142857143,71.51648351648352,3.2967032967032965,21.175584024114542,2189,869,3627,2716,2095,1747,0,0,0,0,0,0,37,62,-27,86,-51,48,120,123,121,123,120,122,39,40,40,41,40,40,4,9,0,18,4,4
0.4347,,13,-4.65934065934066,-80.35164835164835,91.42857142857143,71.51648351648352,3.2967032967032965,21.175584024114542,2189,869,3627,2716,2095,1747,0,0,0,0,0,0,37,62,-27,86,-51,48,120,123,121,123,120,122,39,40,40,41,39,40,3,9,0,19,4,4
0.4682,,14,-4.65934065934066,-80.35164835164835,91.42857142857143,71.51648351648352,3.2967032967032965,21.175584024114542,2189,869,3627,2716,2095,1747,0,0,0,0,0,0,37,62,-27,86,-51,48,120,122,121,123,120,122,39,40,40,41,40,40,4,9,0,18,4,4
0.5016,,15,-4.65934065934066,-80.35164835164835,91.42857142857143,71.51648351648352,3.2967032967032965,21.175584024114542,2189,869,3627,2716,2095,1747,0,0,0,0,0,0,37,62,-27,86,-51,48,120,122,121,123,120,122,39,40,40,41,40,40,3,8,0,18,4,4
0.535,,16,-4.65934065934066,-80.35164835164835,91.42857142857143,71.51648351648352,3.2967032967032965,21.175584024114542,2189,869,3627,2716,2095,1747,0,0,0,0,0,0,37,62,-27,86,-51,48,120,122,121,123,120,122,39,40,40,41,40,40,3,9,0,18,4,4
0.5685,,17,-4.65934065934066,-80.35164835164835,91.42857142857143,71.51648351648352,3.2967032967032965,21.175584024114542,2189,869,3627,2716,2095,1747,0,0,0,0,0,0,37,62,-27,86,-51,48,120,122,121,123,120,122,39,40,40,41,40,40,3,8,0,18,4,4
0.602,,18,-4.65934065934066,-80.35164835164835,91.42857142857143,71.51648351648352,3.2967032967032965,21.175584024114542,2189,869,3627,2716,2095,1747,0,0,0,0,0,0,37,62,-27,86,-51,48,120,122,121,123,120,122,39,40,40,41,40,40,4,8,0,18,4,4
0.6355,,19,-4.65934065934066,-80.35164835164835,91.42857142857143,71.51648351648352,3.2967032967032965,21.175584024114542,2189,869,3627,2716,2095,1747,0,0,0,0,0,0,37,62,-27,86,-51,48,120,122,121,123,120,122,39,40,40,41,40,40,3,8,0,18,4,4
0.6689,,20,-4.65934065934066,-80.35164835164835,91.42857142857143,71.51648351648352,3.2967032967032965,21.175584024114542,2189,869,3627,2716,2095,1747,0,0,0,0,0,0,37,62,-27,86,-51,48,120,122,121,123,120,122,39,40,40,41,40,40,4,9,0,17,5,4
0.7023,,21,-4.65934065934066,-80.35164835164835,91.42857142857143,71.51648351648352,3.2967032967032965,21.175584024114542,2189,869,3627,2716,2095,1747,0,0,0,0,0,0,37,62,-27,86,-51,48,120,122,121,123,120,122,39,40,40,41,40,40,4,9,0,18,4,4
0.7358,,22,-4.65934065934066,-80.35164835164835,91.42857142857143,71.51648351648352,3.2967032967032965,21.175584024114542,2189,869,3627,2716,2095,1747,0,0,0,0,0,0,37,62,-27,86,-51,48,120,122,120,123,120,122,39,40,40,41,40,40,3,9,0,18,4,4
0.7692,,23,-4.65934065934066,-80.35164835164835,91.42857142857143,71.51648351648352,3.2967032967032965,21.175584024114542,2189,869,3627,2716,2095,1747,0,0,0,0,0,0,37,62,-27,86,-51,48,120,122,120,123,120,122,39,40,40,41,40,40,3,9,0,18,4,4
0.8027,,24,-4.65934065934066,-80.35164835164835,91.42857142857143,71.51648351648352,3.2967032967032965,21.175584024114542,2189,869,3627,2716,2095,1747,0,0,0,0,0,0,37,62,-27,86,-51,48,120,122,120,123,120,122,39,40,40,41,40,40,4,9,0,17,4,4
0.8363,,25,-4.65934065934066,-80.35164835164835,91.42857142857143,71.51648351648352,3.2967032967032965,21.175584024114542,2189,869,3627,2716,2095,1747,0,0,0,0,0,0,37,62,-27,86,-51,48,120,122,120,123,120,122,39,40,40,41,40,40,4,9,0,18,5,4
0.8698,,26,-4.65934065934066,-80.35164835164835,91.42857142857143,71.51648351648352,3.2967032967032965,21.175584024114542,2189,869,3627,2716,2095,1747,0,0,0,0,0,0,37,62,-27,86,-51,48,120,122,120,123,120,122,39,40,40,41,40,40,3,9,0,17,4,4
0.9032,,27,-4.65934065934066,-80.35164835164835,91.42857142857143,71.51648351648352,3.2967032967032965,21.175584024114542,2189,869,3627,2716,2095,1747,0,0,0,0,0,0,37,62,-27,86,-51,48,120,122,120,123,120,122,39,40,40,41,40,40,4,9,0,18,4,4
0.9367,,28,-4.65934065934066,-80.35164835164835,91.42857142857143,71.51648351648352,3.2967032967032965,21.175584024114542,2189,869,3627,2716,2095,1747,0,0,0,0,0,0,37,62,-27,86,-51,48,120,122,120,123,120,122,39,40,40,41,40,40,3,9,0,18,5,4
0.9701,,29,-4.65934065934066,-80.35164835164835,91.42857142857143,71.51648351648352,3.3846153846153846,21.175584024114542,2189,869,3627,2716,2095,1747,0,0,0,0,0,0,37,62,-27,86,-51,48,120,122,121,123,120,122,39,40,40,41,40,40,4,9,0,18,4,4
1.0036,,30,-4.747252747252747,-80.35164835164835,91.42857142857143,71.51648351648352,3.6483516483516483,21.175584024114542,2189,869,3627,2716,2095,1747,0,0,0,0,0,0,37,62,-27,86,-48,48,120,122,121,123,120,122,39,40,40,41,39,40,3,9,0,18,4,4
1.037,,31,-5.010989010989011,-80.35164835164835,91.42857142857143,71.51648351648352,3.7362637362637363,21.175584024114542,2189,869,3627,2716,2095,1747,0,0,0,0,0,0,34,62,-27,86,-37,48,120,122,121,123,120,122,39,40,40,41,40,40,3,9,0,18,2,4
1.0705,,32,-5.010989010989011,-80.35164835164835,91.42857142857143,71.51648351648352,3.7362637362637363,21.175584024114542,2189,869,3627,2716,2095,1747,0,0,0,0,0,0,23,62,-27,86,-34,48,120,122,121,123,120,122,39,40,40,41,40,40,0,9,0,18,0,4
1.104,,33,-5.0989010989010985,-80.35164835164835,91.42857142857143,71.51648351648352,3.7362637362637363,21.175584024114542,2189,869,3627,2716,2095,1747,0,0,0,0,0,0,23,62,-27,86,-34,48,120,122,121,123,120,122,39,40,40,41,40,40,0,9,0,18,1,4
1.1375,,34,-5.0989010989010985,-80.35164835164835,91.42857142857143,71.51648351648352,3.7362637362637363,21.175584024114542,2189,869,3627,2716,2095,1747,0,0,0,0,0,0,0,62,-27,86,-34,48,120,123,121,123,120,122,39,40,40,41,40,40,0,9,0,18,1,4
1.171,,35,-5.0989010989010985,-80.35164835164835,91.42857142857143,71.51648351648352,3.7362637362637363,21.175584024114542,2189,869,3627,2716,2095,1747,0,0,0,0,0,0,0,62,-27,86,-34,48,120,123,121,123,120,122,39,40,40,41,40,40,0,8,0,17,1,4
1.2045,,36,-5.0989010989010985,-80.35164835164835,91.42857142857143,71.42857142857143,3.4725274725274726,21.175584024114542,2189,869,3627,2716,2095,1747,0,0,0,0,0,0,0,62,-27,86,-34,48,120,123,121,123,120,122,39,40,40,41,40,40,0,9,0,18,1,4
1.2379,,37,-5.0989010989010985,-80.35164835164835,91.42857142857143,71.42857142857143,3.4725274725274726,21.175584024114542,2189,869,3627,2716,2095,1747,0,0,0,0,0,0,0,62,-27,83,-44,48,120,123,121,123,120,122,39,40,40,41,40,40,0,8,0,17,4,4
1.2714,,38,-5.0989010989010985,-80.35164835164835,91.42857142857143,71.42857142857143,3.3846153846153846,21.175584024114542,2189,869,3627,2716,2095,1747,0,0,0,0,0,0,0,62,-27,83,-44,48,120,123,121,123,120,122,39,40,40,41,40,40,0,9,0,17,4,4
1.3048,,39,-5.0989010989010985,-80.35164835164835,91.42857142857143,71.42857142857143,3.6483516483516483,21.175584024114542,2189,869,3627,2716,2095,1747,0,0,0,0,0,0,0,62,-27,83,-48,48,120,123,121,123,120,122,39,40,40,41,39,40,0,9,0,17,4,4
1.3383,,40,-5.186813186813187,-80.35164835164835,91.42857142857143,71.42857142857143,3.6483516483516483,21.175584024114542,2189,869,3627,2716,2095,1747,0,0,0,0,0,0,0,62,-27,83,-37,48,120,123,121,123,120,122,39,40,40,42,40,40,0,9,0,17,2,4
1.3717,,41,-5.186813186813187,-80.35164835164835,91.42857142857143,71.42857142857143,3.7362637362637363,21.175584024114542,2189,869,3627,2716,2095,1747,0,0,0,0,0,0,0,62,-27,83,-37,48,120,123,121,123,120,122,39,40,40,41,39,40,0,8,0,17,1,4
1.4051,,42,-5.186813186813187,-80.35164835164835,91.42857142857143,71.42857142857143,3.8241758241758244,21.10022607385079,2189,869,3627,2716,2095,1747,0,0,0,0,0,0,0,62,-27,83,-34,48,120,123,121,123,120,122,39,40,40,41,40,40,0,8,0,17,0,4
1.4386,,43,-5.186813186813187,-80.35164835164835,91.42857142857143,71.42857142857143,3.8241758241758244,21.4016578749058,2189,869,3627,2716,2095,1747,0,0,0,0,0,0,0,62,-27,83,-30,44,120,123,121,123,120,122,39,40,40,41,40,40,0,8,0,16,0,4
1.4722,,44,-5.538461538461538,-80.35164835164835,91.51648351648352,71.25274725274726,3.8241758241758244,21.77844762622457,2189,869,3627,2716,2095,1747,0,0,0,0,0,0,0,62,-27,83,-30,73,120,123,121,123,120,122,39,40,40,41,40,40,0,9,0,16,0,10
1.5057,,45,-6.153846153846154,-80.35164835164835,91.51648351648352,71.25274725274726,3.8241758241758244,21.92916352675207,2189,869,3627,2716,2095,1748,0,0,0,0,0,0,-31,62,-23,76,-30,87,120,122,121,123,120,122,39,40,40,41,40,40,1,9,0,13,0,13
1.5392,,46,-6.769230769230769,-80.35164835164835,91.42857142857143,71.16483516483517,3.8241758241758244,22.004521477015825,2189,869,3627,2716,2095,1752,0,0,0,0,0,50,-67,62,-23,76,-30,76,120,122,121,123,120,122,39,40,40,41,39,40,9,8,0,12,0,9
1.5727,,47,-6.769230769230769,-80.35164835164835,91.16483516483517,71.16483516483517,3.912087912087912,22.15523737754333,2187,869,3627,2716,2095,1755,0,0,0,0,0,150,-83,62,-27,72,-30,65,120,122,121,123,120,122,39,40,40,41,40,40,5,9,0,11,0,5
1.6062,,48,-6.329670329670329,-80.43956043956044,90.98901098901099,71.16483516483517,4.0,23.134890730972117,2181,869,3627,2716,2095,1758,-150,0,0,0,0,50,-51,62,-37,72,-27,62,120,122,121,123,120,122,39,40,40,41,40,40,1,9,3,11,0,6
1.6396,,49,-6.153846153846154,-80.43956043956044,90.28571428571429,71.16483516483517,4.615384615384615,24.943481537302187,2178,869,3627,2716,2095,1761,-100,0,0,0,0,50,16,58,-44,72,-23,127,120,122,120,123,120,122,39,40,40,41,40,40,2,7,4,12,0,20
1.6731,,50,-6.065934065934066,-80.43956043956044,89.67032967032966,71.34065934065934,5.670329670329671,27.279577995478522,2178,869,3627,2716,2095,1770,-50,0,0,0,0,200,0,58,-91,72,49,202,120,122,120,123,119,122,39,40,40,41,40,40,0,7,14,11,2,30
1.7065,,51,-5.802197802197802,-80.17582417582418,88.79120879120879,71.42857142857143,7.076923076923077,29.389600602863602,2178,869,3627,2716,2096,1784,0,0,0,0,0,400,0,58,-104,79,99,277,120,122,120,123,119,121,39,40,40,41,40,40,0,7,22,15,8,38
1.7399,,52,-5.802197802197802,-79.64835164835165,87.38461538461539,71.51648351648352,8.483516483516484,30.6706857573474,2178,869,3627,2716,2100,1805,0,0,0,0,100,550,30,69,-149,83,140,233,119,122,120,122,119,121,39,40,40,41,40,40,2,11,44,17,18,63
1.7732,,53,-5.802197802197802,-79.56043956043956,85.97802197802197,71.6043956043956,9.802197802197803,31.047475508666167,2179,869,3627,2716,2109,1827,50,0,0,0,300,700,27,108,-216,86,177,333,119,121,119,122,118,121,39,40,40,41,40,40,1,21,75,18,13,36
1.8066,,54,-5.802197802197802,-79.47252747252747,84.3956043956044,71.6043956043956,10.76923076923077,30.972117558402413,2179,871,3621,2716,2121,1850,0,50,-100,0,300,700,27,86,-257,90,101,168,119,121,119,122,118,121,39,40,40,41,39,40,0,17,91,22,20,26
1.84,,55,-5.714285714285714,-79.2967032967033,82.72527472527473,71.6043956043956,11.56043956043956,30.972117558402413,2179,874,3611,2718,2135,1866,0,100,-300,0,400,550,27,83,-201,86,169,86,119,121,119,122,118,121,39,40,40,41,40,40,1,6,82,10,8,8
1.8734,,56,-5.714285714285714,-78.24175824175825,80.96703296703296,71.6043956043956,12.175824175824175,30.972117558402413,2179,878,3599,2720,2149,1877,0,100,-350,100,450,400,30,76,-221,79,141,129,119,121,120,122,119,121,39,40,40,41,40,40,2,7,100,7,2,7
1.9068,,57,-5.714285714285714,-76.3956043956044,79.03296703296704,71.6043956043956,12.527472527472527,30.89675960813866,2179,882,3587,2724,2164,1885,0,100,-350,100,650,300,30,122,-244,62,-23,97,119,121,119,122,119,121,39,40,40,41,40,40,2,16,113,7,6,2
1.9402,,58,-5.714285714285714,-74.28571428571429,76.65934065934066,71.6043956043956,12.615384615384615,30.89675960813866,2179,891,3573,2729,2172,1889,0,250,-450,100,250,150,30,179,-376,48,97,79,119,121,119,122,118,121,39,40,40,41,40,40,1,23,150,2,4,7
1.9736,,59,-5.802197802197802,-71.73626373626374,73.93406593406593,71.51648351648352,12.615384615384615,30.89675960813866,2179,904,3557,2732,2177,1892,0,400,-450,100,200,100,30,222,-414,37,69,65,119,121,119,122,118,121,39,40,40,41,40,40,1,25,162,0,1,6
2.007,,60,-5.802197802197802,-69.01098901098901,71.12087912087912,71.51648351648352,12.615384615384615,30.89675960813866,2179,922,3540,2734,2181,1895,0,500,-500,50,100,50,27,171,-370,27,55,58,119,121,119,122,118,120,39,40,40,41,40,40,0,22,189,0,1,5
2.0404,,61,-5.8901098901098905,-66.1978021978022,67.86813186813187,71.51648351648352,12.615384615384615,30.89675960813866,2179,943,3517,2734,2184,1896,0,550,-600,0,100,0,27,203,-399,23,44,51,119,121,119,122,118,120,39,40,40,41,40,40,0,29,163,0,1,4
2.0738,,62,-5.8901098901098905,-62.857142857142854,64.35164835164835,71.42857142857143,12.615384615384615,30.89675960813866,2179,966,3492,2736,2185,1897,0,750,-750,50,50,0,23,228,-433,0,37,48,119,121,119,122,118,121,39,40,40,41,40,40,0,31,154,0,1,4
2.1072,,63,-5.8901098901098905,-59.07692307692308,61.0989010989011,71.42857142857143,12.615384615384615,30.89675960813866,2179,992,3465,2736,2187,1897,0,700,-800,0,50,0,23,277,-487,0,30,48,119,121,119,122,118,121,39,40,40,41,40,40,0,43,176,0,0,4
2.1406,,64,-5.978021978021978,-54.857142857142854,57.84615384615385,71.42857142857143,12.615384615384615,30.89675960813866,2179,1024,3433,2736,2187,1897,0,900,-900,0,0,0,23,312,-508,0,30,48,119,121,119,122,118,121,39,40,40,41,40,40,1,33,211,0,0,4
2.174,,65,-5.978021978021978,-50.72527472527472,55.032967032967036,71.42857142857143,12.527472527472527,30.89675960813866,2178,1060,3399,2736,2188,1897,0,1000,-1000,0,50,0,0,341,-516,0,27,48,119,121,119,122,118,120,39,40,40,41,40,40,2,35,188,0,0,4
2.2074,,66,-6.065934065934066,-46.59340659340659,52.65934065934066,71.42857142857143,12.527472527472527,30.89675960813866,2178,1097,3367,2736,2188,1897,-50,1050,-1000,0,0,0,23,375,-510,0,23,48,119,121,119,122,118,121,39,40,40,41,40,40,0,40,202,0,0,4
2.2408,,67,-6.153846153846154,-42.989010989010985,50.54945054945055,71.42857142857143,12.527472527472527,30.89675960813866,2178,1133,3331,2736,2188,1897,0,1150,-1050,0,0,0,0,420,-514,0,23,48,119,121,119,122,118,121,39,40,40,41,40,40,0,26,175,0,0,4
2.2742,,68,-6.241758241758242,-39.91208791208791,48.35164835164835,71.42857142857143,12.527472527472527,30.89675960813866,2178,1174,3297,2736,2188,1897,0,1150,-1000,0,0,0,0,430,-474,0,23,48,119,121,119,122,118,121,39,40,40,41,40,40,0,38,162,0,0,4
2.3076,,69,-6.329670329670329,-36.83516483516483,45.89010989010989,71.51648351648352,12.43956043956044,30.89675960813866,2178,1217,3265,2736,2188,1897,0,1250,-950,0,0,0,0,413,-444,0,23,48,119,121,119,122,118,121,39,40,40,41,40,40,0,19,137,0,0,4
2.3409,,70,-6.5054945054945055,-33.84615384615385,43.51648351648352,71.6923076923077,12.351648351648352,30.89675960813866,2178,1256,3237,2736,2188,1897,0,1150,-850,0,0,0,-23,389,-426,0,0,48,119,121,119,122,118,121,39,40,40,41,40,40,0,24,172,0,0,4
2.3743,,71,-6.5054945054945055,-30.857142857142858,41.05494505494506,71.6923076923077,12.263736263736265,30.89675960813866,2178,1296,3207,2736,2188,1897,0,1200,-850,0,0,0,-30,362,-412,23,0,48,119,121,119,122,118,121,39,40,40,41,40,40,2,10,138,1,0,4
2.4077,,72,-6.5054945054945055,-27.692307692307693,38.68131868131868,71.78021978021978,12.263736263736265,30.89675960813866,2178,1337,3178,2736,2188,1897,0,1200,-850,0,0,0,-30,368,-435,23,0,48,119,121,119,122,118,121,39,40,40,41,40,40,1,5,126,0,0,4
2.4411,,73,-6.681318681318682,-24.615384615384617,36.747252747252745,71.78021978021978,12.263736263736265,30.89675960813866,2178,1376,3153,2736,2188,1897,0,1200,-800,0,0,0,-30,345,-427,27,0,48,119,121,119,122,118,121,39,40,40,41,40,40,1,1,147,0,0,4
2.4745,,74,-6.681318681318682,-21.53846153846154,34.9010989010989,71.78021978021978,12.263736263736265,30.89675960813866,2178,1416,3126,2736,2188,1897,0,1200,-750,0,0,0,-37,234,-409,27,0,48,119,121,119,122,118,121,39,40,40,41,40,40,3,0,173,0,0,4
2.5079,,75,-6.857142857142857,-18.813186813186814,33.142857142857146,71.78021978021978,12.263736263736265,30.89675960813866,2178,1455,3099,2736,2188,1897,0,1150,-800,0,0,0,-37,304,-468,27,0,48,119,121,119,122,118,121,39,40,40,41,40,40,2,0,120,0,0,5
2.5413,,76,-7.208791208791209,-16.0,31.560439560439562,71.78021978021978,12.263736263736265,30.89675960813866,2177,1493,3075,2736,2188,1897,-50,1100,-800,0,0,0,-41,273,-387,27,0,48,119,121,119,122,118,121,39,40,40,41,40,40,4,0,154,0,0,4
2.5747,,77,-7.648351648351649,-13.538461538461538,30.153846153846153,71.78021978021978,12.263736263736265,30.89675960813866,2176,1529,3051,2736,2188,1897,-50,1150,-700,0,0,0,-55,283,-359,27,0,48,119,121,119,122,118,121,39,40,40,41,40,40,3,0,152,0,0,5
2.6081,,78,-7.912087912087912,-11.604395604395604,28.747252747252748,71.78021978021978,12.087912087912088,30.89675960813866,2172,1567,3029,2736,2188,1897,-50,1100,-700,0,0,0,53,247,-330,27,0,48,119,121,119,122,118,121,39,40,40,41,40,40,0,0,133,0,0,4
2.6415,,79,-8.087912087912088,-9.846153846153847,27.252747252747252,71.78021978021978,11.912087912087912,30.89675960813866,2166,1604,3008,2736,2188,1897,-250,1100,-600,0,0,0,-48,187,-391,27,-27,48,119,122,120,122,119,121,39,40,40,41,40,40,1,0,128,1,0,5
2.6749,,80,-8.43956043956044,-8.175824175824175,25.582417582417584,71.78021978021978,11.912087912087912,30.89675960813866,2162,1635,2990,2736,2188,1897,-100,950,-550,0,0,0,-37,132,-291,27,-34,48,120,122,120,122,119,121,39,40,40,41,40,40,1,0,145,0,2,4
2.7083,,81,-8.703296703296703,-6.417582417582418,23.736263736263737,71.78021978021978,11.912087912087912,30.89675960813866,2159,1665,2972,2736,2188,1897,-100,950,-550,0,0,0,-52,124,-405,27,-34,48,120,122,120,123,119,121,39,40,40,41,40,40,2,0,145,1,0,4
2.7417,,82,-8.703296703296703,-4.483516483516484,21.802197802197803,71.86813186813187,11.824175824175825,30.89675960813866,2156,1692,2954,2736,2188,1897,-50,750,-500,0,0,0,-44,92,-413,27,-34,48,120,122,120,123,119,122,39,40,40,41,40,40,2,0,147,0,1,5
2.7751,,83,-8.791208791208792,-2.4615384615384617,19.86813186813187,71.86813186813187,11.824175824175825,30.89675960813866,2153,1716,2935,2736,2188,1897,-150,800,-550,0,0,0,-30,74,-331,30,-37,48,120,122,120,123,119,122,39,40,40,41,40,40,0,0,144,1,2,4
2.8085,,84,-8.791208791208792,-0.43956043956043955,17.846153846153847,71.86813186813187,11.824175824175825,30.89675960813866,2150,1740,2915,2736,2188,1897,-150,700,-550,0,0,0,-23,64,-419,30,-37,48,120,122,120,122,119,121,39,40,40,41,40,40,0,0,154,0,1,4
2.8419,,85,-8.791208791208792,1.4065934065934067,15.736263736263735,71.95604395604396,11.824175824175825,30.89675960813866,2148,1763,2894,2737,2188,1897,-100,700,-650,0,0,0,0,56,-422,27,-37,48,120,122,120,122,119,121,39,40,40,41,40,40,0,0,142,0,1,4
2.8754,,86,-8.791208791208792,3.2527472527472527,13.802197802197803,71.95604395604396,11.824175824175825,30.89675960813866,2148,1788,2872,2738,2188,1897,0,700,-650,0,0,0,0,71,-365,30,-37,48,120,122,120,122,119,121,39,40,40,41,40,40,0,0,142,0,1,4
2.9088,,87,-8.791208791208792,4.835164835164835,12.131868131868131,72.04395604395604,11.824175824175825,30.89675960813866,2148,1810,2851,2739,2188,1897,0,750,-650,50,0,0,0,142,-448,27,-37,48,119,122,120,122,119,121,39,40,40,41,40,40,0,0,133,0,1,4
2.9423,,88,-8.791208791208792,6.153846153846154,10.197802197802197,72.48351648351648,11.824175824175825,30.89675960813866,2148,1833,2829,2739,2188,1897,0,650,-700,0,0,0,0,31,-429,27,-37,48,119,122,120,122,119,121,39,40,40,41,40,40,0,0,149,0,0,4
2.9757,,89,-8.791208791208792,7.56043956043956,8.175824175824175,73.01098901098901,11.736263736263735,30.89675960813866,2148,1855,2807,2739,2188,1897,0,600,-600,0,0,0,0,-36,-426,44,-37,48,119,122,120,122,119,121,39,40,40,41,40,40,0,0,158,4,1,4
3.0092,,90,-8.791208791208792,8.87912087912088,6.241758241758242,73.62637362637362,10.857142857142858,30.89675960813866,2148,1870,2787,2742,2188,1897,0,550,-650,50,0,0,0,106,-368,75,-41,48,119,121,120,122,119,121,39,40,40,41,40,40,0,0,149,6,2,4
3.0426,,91,-8.791208791208792,10.197802197802197,4.21978021978022,74.15384615384616,9.626373626373626,30.89675960813866,2148,1885,2766,2747,2188,1897,0,450,-600,150,0,0,0,-19,-370,86,-100,48,119,121,120,122,119,121,39,40,40,42,40,40,0,0,171,3,13,4
3.0761,,92,-8.791208791208792,11.340659340659341,2.5494505494505493,74.32967032967034,8.835164835164836,30.89675960813866,2148,1899,2744,2752,2183,1897,0,450,-650,150,-50,0,0,97,-366,77,-136,48,119,121,119,122,118,121,39,40,40,41,40,40,0,0,157,2,21,4
3.1095,,93,-8.87912087912088,12.131868131868131,1.5824175824175823,74.32967032967034,8.571428571428571,30.89675960813866,2148,1913,2722,2757,2175,1897,0,450,-700,150,-200,0,0,84,-436,55,-123,48,119,121,119,122,118,121,39,40,40,41,40,40,0,0,126,2,5,4
3.1429,,94,-9.142857142857142,12.659340659340659,1.2307692307692308,74.32967032967034,8.395604395604396,30.89675960813866,2148,1926,2702,2761,2167,1897,0,400,-600,150,-250,0,0,-66,-294,41,-93,48,119,121,119,122,119,121,39,40,40,41,40,40,0,0,125,0,1,4
3.1763,,95,-10.021978021978022,13.010989010989011,1.2307692307692308,74.32967032967034,7.956043956043956,30.89675960813866,2147,1937,2684,2763,2162,1897,0,300,-550,100,-150,0,-31,-64,-254,34,-90,48,119,122,120,122,119,121,39,40,40,41,40,40,1,0,99,2,4,5
3.2097,,96,-11.164835164835164,13.098901098901099,1.2307692307692308,74.41758241758242,6.989010989010989,30.89675960813866,2144,1948,2672,2765,2157,1897,-100,350,-350,50,-150,0,-81,-18,-287,27,-94,48,119,121,120,122,119,121,39,40,40,41,40,40,2,40,79,1,9,4
3.2432,,97,-12.395604395604396,13.626373626373626,1.2307692307692308,74.5934065934066,5.758241758241758,30.89675960813866,2139,1953,2663,2766,2152,1897,-150,200,-300,50,-100,0,-105,-41,-252,27,-130,48,119,121,120,122,119,121,39,40,40,41,40,40,9,12,83,1,12,4
3.2766,,98,-13.45054945054945,13.978021978021978,1.2307692307692308,74.5934065934066,4.7032967032967035,30.89675960813866,2131,1956,2659,2768,2143,1897,-250,100,-100,50,-250,0,-124,-31,-231,30,-145,48,119,121,120,122,119,121,39,40,40,42,40,40,2,4,95,1,20,4
3.31,,99,-14.505494505494505,14.505494505494505,1.2307692307692308,74.5934065934066,3.912087912087912,30.89675960813866,2121,1960,2655,2769,2133,1897,-250,100,-100,50,-300,0,-124,-34,-217,27,-140,48,119,121,120,122,119,121,39,40,40,41,40,40,4,1,92,1,11,4
3.3433,,100,-15.472527472527473,15.032967032967033,1.2307692307692308,74.5934065934066,3.032967032967033,30.89675960813866,2110,1964,2651,2770,2122,1897,-300,50,-150,50,-350,0,-150,28,-206,23,-67,48,119,121,120,122,119,121,39,40,40,41,40,40,6,1,60,0,10,4
3.3767,,101,-16.087912087912088,15.736263736263735,1.2307692307692308,74.5934065934066,2.241758241758242,30.89675960813866,2100,1970,2646,2770,2111,1897,-350,200,-100,50,-300,0,-141,23,-189,0,-150,48,119,122,120,122,119,121,39,40,40,41,40,40,2,5,63,0,6,4
3.4101,,102,-16.439560439560438,16.52747252747253,1.2307692307692308,74.5934065934066,1.978021978021978,30.89675960813866,2089,1977,2643,2770,2101,1897,-350,200,-100,0,-350,0,-114,-167,-178,0,-132,48,119,122,120,122,119,121,39,40,40,41,40,40,3,1,44,0,5,4
3.4435,,103,-16.439560439560438,17.318681318681318,1.2307692307692308,74.5934065934066,1.978021978021978,30.89675960813866,2080,1985,2642,2770,2092,1897,-300,200,0,0,-300,0,-86,0,-171,0,-97,48,119,121,120,122,119,121,39,40,40,41,40,40,0,0,61,0,1,4
3.4769,,104,-16.087912087912088,18.197802197802197,1.3186813186813187,74.5934065934066,1.978021978021978,30.89675960813866,2073,1994,2641,2770,2087,1897,-200,250,-50,0,-150,0,-65,0,-167,0,-79,48,119,121,120,122,119,121,39,40,40,41,40,40,1,0,63,0,3,4
3.5103,,105,-15.824175824175825,18.9010989010989,1.3186813186813187,74.5934065934066,1.978021978021978,30.89675960813866,2069,2004,2641,2770,2083,1897,-100,300,0,0,-100,0,-30,0,-164,0,55,48,119,121,120,122,119,121,39,40,40,41,39,40,0,2,61,0,1,4
3.5437,,106,-15.56043956043956,19.692307692307693,1.3186813186813187,74.5934065934066,1.978021978021978,30.89675960813866,2068,2013,2641,2770,2080,1897,-50,250,0,0,-100,0,0,0,-164,0,-51,48,119,121,120,122,119,121,39,40,40,41,40,40,0,0,60,0,3,4
3.5771,,107,-15.472527472527473,20.307692307692307,1.3186813186813187,74.5934065934066,2.241758241758242,30.89675960813866,2068,2021,2641,2770,2078,1897,0,250,0,0,-100,0,27,-88,-164,0,-44,48,119,121,120,122,119,121,39,40,40,42,40,40,0,0,59,0,1,4
3.6105,,108,-15.384615384615385,20.747252747252748,1.3186813186813187,74.50549450549451,2.5934065934065935,31.047475508666167,2068,2030,2641,2770,2076,1897,0,250,0,0,-50,0,30,-23,-164,0,-27,48,119,121,120,122,119,121,39,40,40,41,40,40,2,0,60,0,0,4
3.6439,,109,-15.384615384615385,21.0989010989011,1.2307692307692308,74.41758241758242,2.769230769230769,31.047475508666167,2068,2036,2641,2770,2076,1897,0,200,0,0,0,0,34,21,-164,0,0,58,119,121,120,122,119,121,39,40,40,41,40,40,3,1,61,0,0,9
3.6773,,110,-15.296703296703297,21.36263736263736,1.1428571428571428,74.24175824175825,2.769230769230769,31.047475508666167,2068,2042,2641,2770,2076,1897,0,150,0,0,0,0,34,-32,-167,0,27,58,119,121,120,122,119,121,39,40,40,41,40,40,2,5,64,0,0,9
3.7107,,111,-15.032967032967033,21.626373626373628,1.054945054945055,74.15384615384616,2.769230769230769,31.122833458929914,2068,2046,2641,2769,2076,1897,0,150,0,0,0,0,37,-37,-171,-23,27,58,119,121,120,122,119,121,39,40,40,41,40,40,3,4,67,0,0,7
3.7441,,112,-14.593406593406593,21.89010989010989,0.7032967032967034,74.15384615384616,2.769230769230769,31.122833458929914,2068,2048,2641,2769,2076,1897,0,100,0,0,0,0,48,-37,-174,-27,27,62,119,121,119,122,119,121,39,40,40,41,40,40,5,3,69,0,0,9
3.7775,,113,-14.32967032967033,21.978021978021978,0.43956043956043955,74.06593406593407,2.769230769230769,31.122833458929914,2068,2049,2641,2769,2076,1897,0,50,0,0,0,0,65,-30,-198,-27,27,62,119,121,119,122,119,121,39,40,40,41,40,40,10,4,81,0,0,9
3.8109,,114,-13.538461538461538,22.417582417582416,0.17582417582417584,73.97802197802197,2.769230769230769,31.122833458929914,2070,2050,2641,2769,2076,1897,50,0,0,0,0,0,-48,-30,-199,-30,27,62,119,121,119,122,118,121,39,40,40,41,40,40,7,1,90,2,0,10
3.8443,,115,-12.923076923076923,23.032967032967033,-0.7032967032967034,73.97802197802197,2.769230769230769,31.122833458929914,2073,2052,2640,2769,2076,1897,50,0,0,0,0,0,114,0,-210,-34,27,62,119,121,119,122,118,121,39,40,40,41,40,40,19,0,90,2,0,10
3.8776,,116,-12.307692307692308,23.912087912087912,-1.4945054945054945,73.97802197802197,2.857142857142857,31.122833458929914,2077,2060,2635,2769,2076,1897,150,200,-150,0,0,0,107,-124,-246,-34,27,62,119,121,119,122,118,121,39,40,40,41,40,40,14,0,75,2,0,9
3.911,,117,-11.516483516483516,24.967032967032967,-2.3736263736263736,74.06593406593407,3.5604395604395602,31.122833458929914,2082,2068,2628,2769,2077,1897,100,250,-200,0,0,0,117,0,-237,-34,27,62,119,121,119,122,118,121,39,40,40,41,40,40,28,0,89,2,1,9
3.9444,,118,-11.076923076923077,25.934065934065934,-3.1648351648351647,74.06593406593407,4.8791208791208796,31.122833458929914,2087,2079,2621,2769,2078,1897,150,300,-250,0,0,0,152,141,-273,-30,77,62,119,121,119,122,118,121,39,40,40,41,40,40,30,4,97,1,6,9
3.9778,,119,-10.989010989010989,26.98901098901099,-3.78021978021978,74.06593406593407,5.670329670329671,31.122833458929914,2093,2092,2613,2769,2083,1897,200,350,-250,0,150,0,41,0,-270,-30,120,62,119,121,119,122,118,121,39,40,40,41,40,40,17,1,75,2,10,9
4.0112,,120,-10.901098901098901,27.86813186813187,-4.395604395604396,74.06593406593407,5.846153846153846,31.122833458929914,2098,2101,2604,2769,2091,1897,200,400,-250,-50,200,0,104,0,-168,-115,112,62,119,121,119,122,118,121,39,40,40,41,40,40,17,3,79,1,8,9
4.0446,,121,-10.901098901098901,28.571428571428573,-5.0989010989010985,74.15384615384616,5.406593406593407,31.047475508666167,2102,2112,2594,2769,2098,1897,100,350,-300,0,300,0,93,34,-238,-30,76,62,119,121,120,122,119,121,39,40,40,41,40,40,17,0,64,0,2,9
4.0779,,122,-10.989010989010989,28.923076923076923,-5.450549450549451,74.24175824175825,5.318681318681318,31.047475508666167,2105,2121,2583,2769,2101,1897,50,250,-350,0,150,0,83,0,-225,-27,44,58,119,121,120,122,119,121,39,40,40,41,40,40,13,0,70,1,2,7
4.1114,,123,-11.252747252747254,28.923076923076923,-5.626373626373627,74.24175824175825,5.230769230769231,31.047475508666167,2107,2128,2573,2769,2104,1899,0,200,-300,0,100,50,76,-17,-119,-23,34,51,119,122,120,122,119,121,39,40,40,41,40,40,11,3,46,0,1,4
4.1448,,124,-11.428571428571429,28.923076923076923,-5.714285714285714,74.24175824175825,5.230769230769231,31.047475508666167,2107,2130,2566,2769,2105,1900,50,100,-250,0,50,0,62,-30,-181,-23,23,-69,119,122,120,122,119,121,39,40,40,41,40,40,8,2,35,0,0,2
4.1781,,125,-11.516483516483516,28.923076923076923,-5.714285714285714,74.15384615384616,5.142857142857143,30.972117558402413,2107,2130,2562,2769,2105,1901,0,0,-100,0,0,50,55,-34,-171,-23,23,44,119,121,119,122,119,121,39,40,40,41,40,40,7,2,28,0,0,4
4.2115,,126,-11.692307692307692,28.923076923076923,-5.714285714285714,74.15384615384616,5.142857142857143,30.89675960813866,2107,2130,2562,2769,2105,1901,0,0,-50,0,0,0,51,-34,-167,-27,0,41,119,121,119,122,118,121,39,40,40,41,40,40,5,2,57,1,0,3
4.245,,127,-11.692307692307692,28.923076923076923,-5.714285714285714,74.15384615384616,5.142857142857143,30.89675960813866,2107,2130,2562,2769,2105,1901,0,0,0,0,0,0,44,-34,-167,-27,0,34,119,121,119,122,118,120,39,40,40,41,40,40,3,3,60,0,0,2
4.2784,,128,-11.516483516483516,28.923076923076923,-5.714285714285714,74.15384615384616,5.142857142857143,30.89675960813866,2107,2130,2562,2769,2105,1901,0,0,0,0,0,0,44,-34,-167,-27,0,34,119,121,119,122,118,121,39,40,40,41,40,40,4,3,61,0,0,2
4.3117,,129,-11.252747252747254,29.01098901098901,-5.714285714285714,74.15384615384616,5.142857142857143,30.89675960813866,2107,2130,2562,2769,2105,1901,0,0,0,0,0,0,51,-34,-167,-27,0,34,119,121,119,121,118,120,39,40,40,41,40,40,6,2,62,0,0,2
4.3452,,130,-11.076923076923077,29.01098901098901,-5.714285714285714,74.24175824175825,5.142857142857143,30.89675960813866,2107,2130,2562,2769,2105,1901,0,0,0,0,0,0,62,-30,-167,-27,0,34,119,121,119,122,118,120,39,40,40,41,40,40,10,1,62,1,0,2
4.3786,,131,-10.989010989010989,29.01098901098901,-5.626373626373627,74.24175824175825,5.142857142857143,30.89675960813866,2107,2130,2562,2769,2105,1901,0,0,0,0,0,0,69,-30,-167,-23,0,34,119,121,119,122,118,121,39,40,40,41,40,40,12,1,62,0,0,1
4.4121,,132,-10.989010989010989,29.01098901098901,-5.626373626373627,74.24175824175825,5.142857142857143,30.821401657874908,2107,2130,2562,2769,2105,1901,0,0,0,0,0,0,72,-30,-164,-23,0,34,119,121,119,122,118,121,39,41,40,42,40,40,16,1,58,0,0,1
4.4455,,133,-10.989010989010989,29.01098901098901,-5.626373626373627,74.32967032967034,5.142857142857143,30.21853805576488,2107,2130,2562,2769,2105,1901,0,0,0,0,0,0,72,-30,-164,-23,0,30,119,121,119,122,118,121,39,40,40,41,40,40,12,1,57,0,0,0
4.4789,,134,-11.164835164835164,29.01098901098901,-5.538461538461538,74.41758241758242,5.142857142857143,26.90278824415976,2107,2130,2562,2769,2105,1901,0,0,0,0,0,0,72,-30,-164,0,0,-51,119,121,120,122,119,121,39,40,40,41,40,40,13,2,58,0,0,2
4.5124,,135,-11.252747252747254,29.01098901098901,-5.538461538461538,74.41758241758242,5.142857142857143,19.9698568198945,2107,2130,2562,2769,2105,1901,0,0,0,0,0,0,65,-30,-160,0,0,-154,120,122,120,123,119,121,39,40,40,41,40,40,10,2,56,0,0,27
4.5458,,136,-11.252747252747254,29.01098901098901,-5.626373626373627,74.32967032967034,4.967032967032967,8.289374529012811,2107,2130,2562,2769,2105,1891,0,0,0,0,0,-150,62,-30,-160,0,0,-363,119,122,120,122,119,121,39,40,40,41,40,40,9,1,57,0,0,58
4.5792,,137,-11.164835164835164,29.01098901098901,-5.626373626373627,74.32967032967034,4.263736263736264,0.0,2107,2130,2562,2769,2105,1865,0,0,0,0,0,-700,62,-30,-164,0,0,-442,119,121,119,121,118,120,39,40,40,41,40,40,10,1,58,0,0,100
4.6127,,138,-11.164835164835164,29.0989010989011,-5.538461538461538,74.41758241758242,4.0,3.6925395629238884,2107,2130,2561,2766,2104,1825,0,0,0,0,0,-1050,65,-30,-164,0,-62,-500,118,120,119,121,118,120,39,40,40,41,40,40,10,1,57,11,3,97
4.6461,,139,-11.252747252747254,29.0989010989011,-5.450549450549451,74.50549450549451,3.8241758241758244,3.4664657121326297,2107,2130,2561,2763,2104,1779,0,0,-50,-50,0,-1300,65,-27,-157,37,-55,-500,118,120,119,121,118,120,39,40,40,41,40,40,10,0,52,3,5,76
4.6794,,140,-11.252747252747254,29.0989010989011,-5.362637362637362,74.50549450549451,3.5604395604395602,1.6578749058025624,2107,2130,2561,2763,2104,1735,0,0,0,0,0,-1450,62,-27,-153,41,-62,-500,119,121,119,122,118,120,39,40,40,41,40,40,9,1,50,4,8,72
4.7129,,141,-11.252747252747254,29.274725274725274,-5.362637362637362,74.50549450549451,3.5604395604395602,2.3360964581763377,2107,2130,2561,2763,2104,1686,0,0,0,0,0,-1400,62,-27,-150,41,-73,-500,119,121,119,122,118,121,39,40,40,41,40,40,9,0,49,3,12,66
4.7464,,142,-11.340659340659341,29.274725274725274,-5.450549450549451,74.50549450549451,3.5604395604395602,2.4868123587038435,2107,2131,2561,2762,2102,1656,0,0,0,-50,-50,-1200,62,0,-150,44,-65,-500,119,121,119,122,118,120,39,40,40,41,40,40,9,0,49,4,5,124
4.7798,,143,-11.516483516483516,29.274725274725274,-5.538461538461538,74.50549450549451,3.5604395604395602,2.4868123587038435,2107,2131,2561,2763,2100,1648,0,0,0,50,-50,-350,58,-23,-153,41,-62,-500,118,121,119,121,117,119,39,40,40,41,40,40,8,0,51,3,3,451
4.8133,,144,-11.692307692307692,29.274725274725274,-5.538461538461538,74.50549450549451,3.5604395604395602,2.4868123587038435,2107,2131,2561,2764,2099,1648,0,0,0,0,-50,-50,51,-23,-157,37,-55,-500,118,120,118,121,117,119,39,40,40,41,40,40,5,0,54,1,4,481
4.8467,,145,-11.692307692307692,29.36263736263736,-5.538461538461538,74.50549450549451,3.5604395604395602,2.4868123587038435,2107,2131,2560,2765,2098,1648,0,0,-50,50,-50,0,44,-23,-153,34,-51,-500,118,120,118,120,117,119,39,41,40,41,40,40,3,0,51,1,4,482
4.8801,,146,-11.692307692307692,29.36263736263736,-5.538461538461538,74.41758241758242,3.5604395604395602,2.4868123587038435,2107,2132,2560,2765,2098,1648,0,50,0,0,0,0,44,-23,-153,34,-51,-500,118,120,118,120,116,118,39,40,40,41,40,40,4,1,49,1,4,481
4.9135,,147,-11.692307692307692,29.45054945054945,-5.538461538461538,74.41758241758242,3.5604395604395602,2.4868123587038435,2107,2132,2560,2765,2098,1648,0,0,0,0,0,0,44,-23,-153,30,-51,-500,117,119,117,119,116,117,39,40,40,42,40,40,4,0,50,1,4,477
4.9469,,148,-11.516483516483516,29.626373626373628,-5.538461538461538,74.41758241758242,3.5604395604395602,2.4868123587038435,2107,2133,2560,2765,2098,1648,0,0,0,0,0,0,44,-23,-153,30,-51,-500,117,119,117,119,115,117,39,41,40,41,40,40,4,0,50,2,4,478
4.9803,,149,-11.340659340659341,29.978021978021978,-5.538461538461538,74.41758241758242,3.5604395604395602,2.4868123587038435,2107,2133,2560,2765,2098,1648,0,0,0,0,0,0,51,0,-153,30,-51,-500,117,119,117,119,115,117,39,40,40,41,40,40,6,0,49,1,4,476
5.0137,,150,-11.252747252747254,30.153846153846153,-5.538461538461538,74.41758241758242,3.5604395604395602,2.4868123587038435,2107,2137,2560,2765,2098,1648,0,100,0,0,0,0,58,0,-153,30,-51,-500,117,119,117,119,115,117,39,40,40,41,40,40,8,0,46,1,4,477
5.0471,,151,-11.164835164835164,30.24175824175824,-5.450549450549451,74.41758241758242,3.5604395604395602,2.4868123587038435,2107,2141,2559,2765,2098,1648,0,100,-50,0,0,0,62,0,-150,30,-51,-500,117,119,117,119,115,117,39,40,40,41,40,40,8,0,48,0,4,477
5.0805,,152,-11.076923076923077,30.24175824175824,-5.450549450549451,74.41758241758242,3.5604395604395602,2.4868123587038435,2107,2142,2555,2768,2098,1648,0,50,-100,100,0,0,65,-23,-136,23,-51,-500,117,119,117,119,115,117,39,40,40,41,40,40,10,0,28,0,4,475
5.1139,,153,-11.076923076923077,30.24175824175824,-5.450549450549451,74.41758241758242,3.6483516483516483,2.4868123587038435,2107,2143,2552,2771,2098,1648,0,0,-100,50,0,0,69,-27,-122,0,-51,-500,117,119,117,119,115,117,39,40,40,41,40,40,11,1,24,11,4,475
5.1472,,154,-11.076923076923077,30.24175824175824,-5.450549450549451,74.41758241758242,3.6483516483516483,2.4868123587038435,2107,2143,2549,2772,2098,1648,0,0,-50,50,0,0,69,-27,-115,-27,-48,-500,117,119,117,119,115,117,39,41,40,42,40,40,10,0,24,3,4,475
5.1806,,155,-11.076923076923077,30.24175824175824,-5.450549450549451,74.41758241758242,3.7362637362637363,2.4868123587038435,2107,2143,2548,2773,2099,1648,0,0,0,50,0,0,69,-27,-111,-30,-48,-500,117,119,117,119,115,117,39,40,40,41,40,40,10,0,18,1,4,476
5.2141,,156,-11.164835164835164,30.24175824175824,-5.450549450549451,74.41758241758242,3.7362637362637363,2.4868123587038435,2107,2143,2548,2773,2099,1648,0,0,0,0,0,0,69,-27,-108,-30,-48,-500,117,119,117,119,115,117,39,40,40,42,40,40,10,0,24,1,4,474
5.2474,,157,-11.252747252747254,30.24175824175824,-5.450549450549451,74.41758241758242,3.7362637362637363,2.4868123587038435,2107,2143,2548,2773,2099,1648,0,0,0,0,0,0,65,-27,-108,-30,-48,-500,117,119,117,119,115,117,39,40,40,41,40,40,10,0,25,1,3,473
5.2808,,158,-11.252747252747254,30.24175824175824,-5.450549450549451,74.41758241758242,3.7362637362637363,2.4868123587038435,2107,2143,2548,2773,2099,1648,0,0,0,0,0,0,62,-27,-108,-30,-48,-500,117,119,117,119,115,117,39,40,40,41,40,40,8,0,25,1,4,474
5.3142,,159,-11.340659340659341,30.24175824175824,-5.450549450549451,74.41758241758242,3.8241758241758244,2.4868123587038435,2107,2143,2548,2773,2099,1648,0,0,0,0,0,0,62,-27,-108,-30,-48,-500,117,119,117,119,115,117,39,40,40,41,40,40,8,0,25,1,4,475
5.3476,,160,-11.340659340659341,30.24175824175824,-5.450549450549451,74.41758241758242,3.8241758241758244,2.4868123587038435,2107,2143,2548,2773,2099,1648,0,0,0,0,0,0,58,-27,-108,-30,-44,-500,117,119,117,119,115,117,39,40,40,42,40,40,7,0,25,1,3,475
5.381,,161,-11.340659340659341,30.24175824175824,-5.362637362637362,74.41758241758242,3.8241758241758244,2.4868123587038435,2107,2143,2548,2773,2099,1648,0,0,0,0,0,0,58,-27,-108,-30,-44,-500,117,119,117,119,116,118,39,40,40,41,40,40,8,0,25,1,3,475
5.4144,,162,-11.340659340659341,30.24175824175824,-5.362637362637362,74.50549450549451,3.8241758241758244,2.4868123587038435,2107,2143,2548,2773,2099,1648,0,0,0,0,0,0,58,-27,-104,-30,-44,-500,117,119,117,119,116,118,39,40,40,41,40,40,8,0,24,2,4,471
5.4478,,163,-11.340659340659341,30.24175824175824,-5.362637362637362,74.50549450549451,3.7362637362637363,2.4868123587038435,2107,2143,2548,2773,2099,1648,0,0,0,0,0,0,58,-27,-104,-27,-44,-500,117,119,117,119,115,117,39,40,40,41,40,40,8,0,24,0,3,471
5.4812,,164,-11.340659340659341,30.24175824175824,-5.362637362637362,74.50549450549451,3.6483516483516483,2.4868123587038435,2107,2143,2548,2773,2099,1648,0,0,0,0,0,0,58,-27,-104,-27,-48,-500,117,119,117,119,115,117,39,40,40,41,40,40,8,0,23,1,3,473
5.5146,,165,-11.340659340659341,30.24175824175824,-5.362637362637362,74.50549450549451,3.6483516483516483,2.4868123587038435,2107,2143,2548,2773,2099,1648,0,0,0,0,0,0,58,-27,-104,-27,-51,-500,117,119,117,119,115,117,39,40,40,42,40,40,8,0,24,1,4,473
5.548,,166,-11.428571428571429,30.24175824175824,-5.362637362637362,74.50549450549451,3.6483516483516483,2.4868123587038435,2107,2143,2548,2773,2099,1648,0,0,0,0,0,0,58,-27,-104,-27,-51,-500,117,119,117,119,116,117,39,40,40,41,40,40,8,0,24,0,4,471
5.5814,,167,-11.428571428571429,30.24175824175824,-5.362637362637362,74.50549450549451,3.6483516483516483,2.4868123587038435,2107,2143,2548,2773,2099,1648,0,0,0,0,0,0,55,-27,-104,-27,-51,-500,117,119,117,119,115,117,39,40,40,41,40,40,6,0,24,0,4,470
5.6147,,168,-11.516483516483516,30.24175824175824,-5.362637362637362,74.50549450549451,3.6483516483516483,2.4868123587038435,2107,2143,2548,2773,2099,1648,0,0,0,0,0,0,55,-27,-104,-27,-51,-500,117,119,117,119,115,117,39,41,40,42,40,40,7,0,24,0,4,469
5.6482,,169,-11.604395604395604,30.24175824175824,-5.362637362637362,74.50549450549451,3.6483516483516483,2.4868123587038435,2107,2143,2548,2773,2099,1648,0,0,0,0,0,0,51,-27,-104,-27,-51,-500,117,119,116,119,115,117,39,40,40,41,40,40,5,0,24,0,4,468
5.6815,,170,-11.604395604395604,30.24175824175824,-5.362637362637362,74.50549450549451,3.6483516483516483,2.4868123587038435,2107,2143,2548,2773,2099,1648,0,0,0,0,0,0,48,-27,-104,-27,-51,-500,116,118,116,118,115,117,39,40,40,41,40,40,4,0,24,1,4,468
5.7149,,171,-11.604395604395604,30.24175824175824,-5.362637362637362,74.50549450549451,3.6483516483516483,2.4868123587038435,2107,2143,2548,2773,2099,1648,0,0,0,0,0,0,48,-27,-104,-27,-51,-500,117,119,116,119,115,117,39,40,40,41,40,40,4,0,24,0,4,472
5.7483,,172,-11.604395604395604,30.24175824175824,-5.362637362637362,74.50549450549451,3.6483516483516483,2.4868123587038435,2107,2143,2548,2773,2099,1648,0,0,0,0,0,0,48,-27,-104,-27,-51,-500,117,119,117,119,116,118,39,40,40,42,40,40,4,0,24,0,4,473
5.7817,,173,-11.604395604395604,30.24175824175824,-5.362637362637362,74.50549450549451,3.6483516483516483,2.4868123587038435,2107,2143,2548,2773,2099,1648,0,0,0,0,0,0,48,-27,-104,-27,-51,-500,118,119,117,120,116,118,39,40,40,41,40,40,4,0,24,0,4,473
5.8151,,174,-11.604395604395604,30.24175824175824,-5.274725274725275,74.50549450549451,3.6483516483516483,2.4868123587038435,2107,2143,2548,2773,2099,1648,0,0,0,0,0,0,48,-27,-104,-27,-51,-500,118,120,117,120,116,118,39,40,40,41,40,40,4,0,24,0,4,473
5.8485,,175,-11.604395604395604,30.32967032967033,-5.274725274725275,74.50549450549451,3.6483516483516483,2.4868123587038435,2107,2143,2548,2773,2099,1648,0,0,0,0,0,0,48,-27,-101,-27,-51,-500,118,120,118,120,116,118,39,41,40,41,40,40,4,0,23,1,5,473
5.8819,,176,-11.604395604395604,30.417582417582416,-5.274725274725275,74.50549450549451,3.6483516483516483,2.4868123587038435,2107,2143,2548,2773,2099,1648,0,0,0,0,0,0,48,-23,-101,-27,-51,-500,118,120,118,120,116,118,39,40,40,42,40,40,4,0,23,1,4,472
5.9153,,177,-11.604395604395604,30.76923076923077,-5.362637362637362,74.50549450549451,3.6483516483516483,2.4868123587038435,2107,2143,2548,2773,2099,1648,0,0,0,0,0,0,48,0,-101,-27,-51,-500,118,120,118,120,116,118,39,40,40,41,40,40,4,0,23,1,4,472
5.9487,,178,-11.692307692307692,31.032967032967033,-5.362637362637362,74.50549450549451,3.6483516483516483,2.4868123587038435,2107,2144,2548,2773,2099,1648,0,0,0,0,0,0,48,34,-104,-27,-51,-500,118,120,118,120,116,118,39,40,40,41,40,40,4,0,24,1,4,471
5.982,,179,-11.692307692307692,31.384615384615383,-5.362637362637362,74.50549450549451,3.6483516483516483,2.4868123587038435,2107,2146,2548,2773,2099,1648,0,50,0,0,0,0,44,27,-104,-27,-51,-500,118,120,118,120,116,118,39,40,40,41,40,40,4,0,24,1,4,471
6.0154,,180,-11.692307692307692,31.736263736263737,-5.362637362637362,74.50549450549451,3.7362637362637363,2.4868123587038435,2107,2150,2547,2773,2099,1648,0,100,0,0,0,0,44,30,-101,-27,-51,-500,118,120,118,120,116,118,39,40,40,42,40,40,4,0,23,1,4,470
6.0488,,181,-11.692307692307692,31.824175824175825,-5.362637362637362,74.41758241758242,3.7362637362637363,2.4868123587038435,2107,2152,2547,2773,2099,1648,0,50,0,0,0,0,44,34,-101,-27,-48,-500,118,120,118,120,116,118,39,41,40,42,40,40,4,0,23,0,4,469
6.0822,,182,-11.692307692307692,31.824175824175825,-5.362637362637362,74.41758241758242,3.7362637362637363,2.4868123587038435,2107,2155,2547,2773,2099,1648,0,100,0,0,0,0,44,27,-101,-30,-48,-500,117,119,117,119,116,118,39,40,40,42,40,40,4,0,23,2,4,466
6.1156,,183,-11.692307692307692,31.824175824175825,-5.362637362637362,74.41758241758242,3.7362637362637363,2.4868123587038435,2107,2156,2546,2773,2099,1648,0,50,-50,0,0,0,44,23,-97,-30,-48,-500,117,119,117,119,116,117,39,40,40,41,40,40,4,0,20,1,4,467
6.149,,184,-11.692307692307692,31.824175824175825,-5.450549450549451,74.41758241758242,3.7362637362637363,2.4868123587038435,2107,2156,2546,2773,2099,1648,0,0,0,0,0,0,44,23,-97,-30,-48,-500,117,119,117,119,116,118,39,40,40,41,40,40,4,0,20,1,4,467
6.1823,grasp,185,-11.692307692307692,31.824175824175825,-5.450549450549451,74.41758241758242,3.7362637362637363,2.4868123587038435,2107,2156,2546,2773,2099,1648,0,0,0,0,0,0,44,23,-101,-30,-48,-500,117,119,117,119,116,118,39,40,40,41,40,40,4,0,21,1,4,468
6.2157,,186,-11.692307692307692,31.824175824175825,-5.450549450549451,74.41758241758242,3.7362637362637363,2.4868123587038435,2107,2156,2545,2773,2099,1648,0,0,0,0,0,0,44,23,-101,-30,-48,-500,117,119,117,120,116,118,39,41,40,42,40,40,4,0,19,1,4,468
6.2491,,187,-11.692307692307692,31.824175824175825,-5.450549450549451,74.41758241758242,3.8241758241758244,2.4868123587038435,2107,2157,2544,2773,2099,1648,0,0,-50,0,0,0,44,23,-97,-30,-48,-500,118,119,117,120,116,118,39,40,40,41,40,40,4,0,21,1,4,467
6.2825,,188,-11.692307692307692,31.824175824175825,-5.450549450549451,74.41758241758242,3.8241758241758244,2.4868123587038435,2107,2157,2543,2774,2100,1648,0,0,0,50,50,0,44,0,-90,-34,-48,-500,118,119,117,120,116,118,39,40,40,42,40,40,4,0,17,1,4,467
6.3159,,189,-11.692307692307692,31.824175824175825,-5.450549450549451,74.41758241758242,3.912087912087912,2.4868123587038435,2107,2157,2543,2774,2100,1648,0,0,-50,0,0,0,44,0,-90,-34,-48,-500,118,119,117,120,116,118,39,40,40,42,40,40,4,0,17,2,4,468
6.3493,,190,-11.692307692307692,31.824175824175825,-5.450549450549451,74.41758241758242,3.912087912087912,2.4868123587038435,2107,2157,2543,2774,2100,1648,0,0,0,0,0,0,44,0,-90,-34,-44,-500,118,119,117,120,116,118,39,40,40,42,40,40,4,0,17,2,3,466
6.3827,,191,-11.692307692307692,31.824175824175825,-5.450549450549451,74.41758241758242,3.912087912087912,2.4868123587038435,2107,2157,2543,2774,2100,1648,0,0,0,0,0,0,44,0,-90,-34,-44,-500,117,119,117,119,116,118,39,40,40,42,40,40,4,0,18,2,3,466
6.4161,,192,-11.692307692307692,31.736263736263737,-5.450549450549451,74.41758241758242,3.912087912087912,2.4868123587038435,2107,2157,2543,2774,2100,1648,0,0,0,0,0,0,44,0,-90,-34,-44,-500,117,119,117,119,116,118,39,40,40,42,40,40,4,0,18,2,4,466
6.4495,,193,-11.692307692307692,31.560439560439562,-5.450549450549451,74.50549450549451,3.912087912087912,2.4868123587038435,2107,2157,2543,2774,2100,1648,0,0,0,0,0,0,44,0,-90,-34,-44,-500,117,119,117,119,116,118,39,40,40,41,40,40,4,0,17,2,3,465
6.4829,,194,-11.692307692307692,31.12087912087912,-5.450549450549451,74.50549450549451,3.912087912087912,2.4868123587038435,2107,2157,2543,2774,2100,1648,0,0,0,0,0,0,44,-23,-90,-30,-44,-500,117,119,117,119,116,118,39,40,40,42,40,40,4,1,17,1,3,466
6.5163,,195,-11.604395604395604,30.76923076923077,-5.538461538461538,74.50549450549451,4.0,2.4868123587038435,2107,2157,2543,2774,2100,1649,0,0,0,0,0,0,44,-41,-90,-30,-44,-100,118,120,118,120,116,118,39,40,40,42,40,40,4,4,18,1,3,150
6.5496,,196,-11.516483516483516,30.065934065934066,-5.538461538461538,74.50549450549451,4.175824175824176,2.4868123587038435,2107,2157,2543,2774,2100,1654,0,0,0,0,0,100,48,-55,-93,-30,-41,-100,119,121,119,121,118,120,39,40,40,41,40,40,5,6,20,1,2,70
6.583,,197,-11.340659340659341,29.0989010989011,-5.538461538461538,74.50549450549451,4.263736263736264,2.4868123587038435,2107,2157,2543,2774,2100,1657,0,0,0,0,0,100,51,-104,-93,-30,-34,-100,119,121,120,122,119,121,39,40,40,41,40,40,5,19,20,1,1,44
6.6164,,198,-11.076923076923077,28.21978021978022,-5.538461538461538,74.50549450549451,4.351648351648351,2.4868123587038435,2107,2156,2543,2774,2100,1658,0,0,0,0,0,50,58,-144,-93,-30,-30,-100,120,122,120,122,119,121,39,40,41,42,40,40,8,41,21,1,0,27
6.6498,,199,-10.989010989010989,26.98901098901099,-5.538461538461538,74.50549450549451,4.527472527472527,2.4868123587038435,2107,2153,2543,2774,2100,1658,0,-100,0,0,0,0,69,-73,-93,-30,-27,-100,120,122,120,122,119,121,39,40,40,42,40,40,12,38,19,1,0,24
6.6832,,200,-10.901098901098901,25.582417582417584,-5.538461538461538,74.5934065934066,5.142857142857143,2.4868123587038435,2107,2148,2543,2774,2100,1658,0,-100,0,0,0,0,72,-200,-93,-30,0,-100,120,122,120,122,119,121,39,41,40,41,40,40,13,40,20,0,0,24
6.7166,,201,-10.901098901098901,24.263736263736263,-5.538461538461538,74.85714285714286,5.846153846153846,2.4868123587038435,2107,2143,2544,2774,2100,1658,0,-150,50,0,0,0,76,-247,-97,-27,57,-100,119,121,120,122,119,121,39,41,40,42,40,40,15,83,21,0,2,24
6.75,,202,-10.901098901098901,22.857142857142858,-5.538461538461538,75.64835164835165,6.373626373626373,2.4868123587038435,2107,2138,2545,2774,2103,1658,0,-150,0,0,100,0,76,-281,-97,0,78,-100,119,121,119,122,118,121,39,41,40,42,40,40,14,99,22,0,4,24
6.7833,,203,-10.901098901098901,21.186813186813186,-5.538461538461538,75.82417582417582,6.637362637362638,2.4868123587038435,2107,2133,2545,2774,2107,1658,0,-150,50,0,100,0,76,-316,-101,67,70,-100,118,121,119,121,118,120,39,41,40,41,40,40,14,147,22,6,2,24
6.8167,,204,-10.901098901098901,19.428571428571427,-5.538461538461538,76.0,6.725274725274725,2.4868123587038435,2108,2127,2545,2777,2112,1658,50,-150,0,100,150,0,72,-359,-101,44,58,-100,118,120,118,121,118,120,39,41,41,42,40,40,12,192,23,2,2,23
6.8501,,205,-10.901098901098901,17.75824175824176,-5.538461538461538,76.43956043956044,6.813186813186813,2.4868123587038435,2108,2118,2546,2780,2116,1658,0,-250,50,100,150,0,72,-311,-104,41,44,-100,118,120,118,121,117,120,39,40,40,42,40,40,12,214,24,2,1,23
6.8835,,206,-10.901098901098901,15.912087912087912,-5.538461538461538,76.61538461538461,6.813186813186813,2.4868123587038435,2108,2106,2546,2783,2118,1658,0,-300,0,100,50,0,72,-441,-104,-58,41,-100,118,120,118,121,117,119,39,40,40,42,40,40,12,256,23,2,0,24
6.9169,,207,-10.901098901098901,13.978021978021978,-5.538461538461538,76.61538461538461,6.9010989010989015,2.4868123587038435,2108,2092,2546,2787,2120,1658,0,-400,0,100,50,0,72,-374,-104,44,34,-100,118,120,118,120,117,119,39,41,40,41,40,40,12,216,24,2,0,24
6.9503,,208,-10.901098901098901,12.307692307692308,-5.538461538461538,76.79120879120879,6.9010989010989015,2.4868123587038435,2108,2075,2546,2789,2122,1658,0,-450,0,100,50,0,72,-388,-104,34,30,-100,117,119,118,120,117,119,39,40,40,42,40,40,13,213,24,0,0,24
6.9837,,209,-10.901098901098901,10.725274725274724,-5.626373626373627,77.58241758241758,7.164835164835165,2.4868123587038435,2108,2056,2546,2792,2123,1658,0,-500,0,50,50,0,72,-470,-104,-87,27,-100,117,119,118,120,117,119,39,40,40,42,40,40,12,198,24,0,0,24
7.0171,,210,-10.901098901098901,9.23076923076923,-5.626373626373627,78.37362637362638,8.131868131868131,2.4868123587038435,2108,2038,2546,2794,2125,1658,0,-550,0,50,50,0,72,-402,-108,82,33,-100,117,119,118,120,117,119,39,41,40,41,40,40,12,204,25,5,0,24
7.0505,,211,-10.901098901098901,7.912087912087912,-5.626373626373627,79.25274725274726,9.010989010989011,2.4868123587038435,2108,2018,2546,2800,2128,1658,0,-600,0,150,100,0,72,-387,-108,91,87,-100,117,119,117,120,117,119,39,41,40,41,40,40,11,182,25,9,6,23
7.0839,,212,-10.901098901098901,6.945054945054945,-5.626373626373627,80.21978021978022,9.362637362637363,2.4868123587038435,2108,1998,2546,2806,2134,1658,0,-600,0,150,150,0,72,-364,-108,18,91,-100,117,119,118,120,117,119,39,41,40,42,40,40,11,186,26,9,4,24
7.1173,,213,-10.813186813186814,5.714285714285714,-5.626373626373627,80.83516483516483,9.626373626373626,2.4868123587038435,2108,1979,2546,2813,2140,1658,0,-550,0,200,200,0,72,-407,-108,114,69,-100,117,119,118,120,117,119,39,41,40,42,40,40,12,158,25,7,2,23
7.1506,,214,-10.285714285714286,4.483516483516484,-5.626373626373627,81.45054945054945,9.802197802197803,2.4868123587038435,2108,1963,2546,2823,2145,1658,0,-550,0,300,200,0,76,-311,-108,86,58,-100,118,120,118,120,117,119,39,40,40,42,40,40,13,148,25,3,3,24
7.184,,215,-9.142857142857142,3.340659340659341,-5.626373626373627,81.89010989010988,9.978021978021978,2.4868123587038435,2108,1946,2546,2830,2149,1658,0,-450,0,200,100,0,113,-412,-108,108,55,-100,118,120,118,121,117,119,39,41,40,42,40,40,23,167,26,5,0,23
7.2174,,216,-8.351648351648352,2.197802197802198,-5.626373626373627,82.15384615384616,10.505494505494505,2.4868123587038435,2110,1931,2546,2837,2153,1658,50,-450,0,250,150,0,166,-395,-108,-30,48,-100,118,120,118,121,117,120,39,41,40,42,40,40,39,159,26,3,0,24
7.2508,,217,-7.56043956043956,1.2307692307692308,-5.626373626373627,82.41758241758242,11.032967032967033,2.4868123587038435,2115,1916,2546,2843,2156,1658,100,-450,0,250,100,0,77,-383,-108,65,61,-100,118,120,118,121,117,120,39,40,40,42,40,40,30,148,25,0,2,24
7.2842,,218,-6.5054945054945055,0.6153846153846154,-5.626373626373627,82.94505494505495,11.384615384615385,2.4868123587038435,2122,1901,2546,2849,2161,1658,200,-500,0,150,150,0,87,-268,-108,58,61,-100,118,120,118,121,117,120,39,41,40,42,40,40,42,119,26,0,2,24
7.3176,,219,-5.450549450549451,0.0,-5.626373626373627,83.47252747252747,11.56043956043956,2.4868123587038435,2131,1886,2546,2853,2165,1658,250,-400,0,150,100,0,99,-312,-108,87,58,-100,118,120,118,121,117,120,39,41,40,42,40,40,35,124,26,2,2,24
7.3509,,220,-4.65934065934066,-0.7032967032967034,-5.626373626373627,83.91208791208791,11.736263736263735,2.4868123587038435,2141,1875,2546,2859,2170,1658,350,-350,0,150,100,0,124,-238,-108,82,51,-100,118,120,119,121,118,120,39,40,40,42,40,40,35,145,26,3,1,24
7.3843,,221,-3.956043956043956,-1.2307692307692308,-5.626373626373627,84.43956043956044,11.736263736263735,2.4868123587038435,2152,1864,2546,2864,2173,1658,300,-300,0,200,100,0,105,-311,-108,71,48,-100,118,120,119,121,118,120,39,41,40,42,40,40,40,125,26,0,1,24
7.4177,,222,-3.1648351648351647,-1.8461538461538463,-5.626373626373627,85.05494505494505,11.736263736263735,2.4868123587038435,2162,1855,2546,2870,2176,1658,300,-300,0,150,100,0,94,-281,-108,70,34,-100,118,120,119,121,118,120,39,41,40,42,40,40,29,89,26,4,0,24
7.4511,,223,-2.5494505494505493,-2.4615384615384617,-5.626373626373627,85.49450549450549,11.736263736263735,2.4868123587038435,2172,1847,2546,2875,2178,1658,300,-300,0,150,100,0,167,-275,-108,72,27,-100,118,120,119,121,118,120,39,41,40,42,40,40,30,94,26,7,0,24
7.4845,,224,-2.197802197802198,-2.989010989010989,-5.626373626373627,85.93406593406593,11.736263736263735,2.4868123587038435,2182,1838,2546,2881,2179,1658,300,-250,0,150,100,0,89,-292,-108,85,23,-100,118,120,119,121,118,120,39,41,40,41,40,40,26,97,27,4,0,24
7.5179,,225,-1.5824175824175823,-3.5164835164835164,-5.626373626373627,86.37362637362638,11.736263736263735,2.4868123587038435,2190,1830,2546,2887,2179,1658,250,-250,0,150,0,0,58,-276,-108,76,23,-100,118,121,119,121,118,120,39,40,40,42,40,40,24,86,26,5,0,24
7.5513,,226,-0.7912087912087912,-4.131868131868132,-5.626373626373627,86.46153846153847,11.736263736263735,2.4868123587038435,2197,1823,2546,2892,2179,1658,250,-200,0,150,0,0,64,-264,-108,69,23,-100,118,121,119,121,118,120,39,40,40,42,40,40,26,106,26,4,0,23
7.5847,,227,-0.26373626373626374,-5.010989010989011,-5.626373626373627,86.72527472527473,11.736263736263735,2.4868123587038435,2204,1815,2546,2897,2179,1658,200,-250,0,200,0,0,157,-259,-108,-69,23,-100,118,120,119,121,118,120,39,41,40,42,40,40,17,78,26,1,0,23
7.6181,,228,0.43956043956043955,-5.8901098901098905,-5.626373626373627,86.72527472527473,11.736263736263735,2.4868123587038435,2211,1808,2546,2901,2179,1658,250,-200,0,150,0,0,136,-274,-108,44,23,-100,118,120,118,121,118,120,39,41,40,42,40,40,23,114,26,3,0,24
7.6515,,229,1.054945054945055,-6.769230769230769,-5.538461538461538,86.81318681318682,11.736263736263735,2.4868123587038435,2218,1799,2546,2904,2180,1658,200,-250,0,100,0,0,167,-294,-108,37,23,-100,118,120,118,121,117,120,39,41,41,42,40,40,33,129,25,1,0,24
7.6849,,230,1.4065934065934067,-7.2967032967032965,-5.450549450549451,87.42857142857143,11.736263736263735,2.4868123587038435,2225,1791,2546,2906,2180,1658,250,-250,0,50,50,0,156,-299,-104,30,0,-100,118,120,118,121,118,120,39,41,40,42,40,40,25,104,24,0,0,24
7.7182,,231,1.5824175824175823,-7.648351648351649,-5.538461538461538,88.3076923076923,11.736263736263735,2.4868123587038435,2233,1782,2546,2910,2180,1658,200,-250,0,50,0,0,44,-262,-101,55,0,-100,118,120,119,121,118,120,39,41,40,41,40,40,23,87,22,3,0,24
7.7516,,232,1.5824175824175823,-8.351648351648352,-5.538461538461538,88.92307692307692,11.736263736263735,2.4868123587038435,2239,1773,2546,2914,2180,1658,200,-300,0,100,0,0,115,-245,-104,-39,0,-100,118,121,119,121,118,120,39,41,40,42,40,40,12,85,25,7,0,24
7.785,,233,1.6703296703296704,-8.967032967032967,-5.538461538461538,89.53846153846153,11.736263736263735,2.4868123587038435,2243,1766,2546,2920,2180,1658,150,-250,0,200,0,0,101,-278,-104,87,0,-100,118,121,119,121,118,120,39,41,40,42,40,40,12,107,24,5,0,24
7.8184,,234,2.197802197802198,-9.67032967032967,-5.538461538461538,89.89010989010988,11.736263736263735,2.4868123587038435,2246,1758,2546,2926,2180,1658,100,-250,0,150,0,0,90,-262,-104,93,0,-100,118,120,119,121,118,120,39,40,40,42,40,40,15,77,24,1,0,24
7.8518,,235,3.340659340659341,-10.373626373626374,-5.538461538461538,89.89010989010988,11.736263736263735,2.4868123587038435,2249,1751,2546,2932,2180,1658,50,-200,0,150,0,0,114,-266,-104,65,0,-100,118,120,119,121,118,120,39,41,40,42,40,40,7,103,24,0,0,24
7.8852,,236,4.483516483516484,-10.901098901098901,-5.538461538461538,89.89010989010988,11.736263736263735,2.4868123587038435,2253,1742,2546,2936,2180,1658,50,-250,0,150,0,0,160,-170,-104,48,0,-100,118,120,118,121,117,120,39,41,40,42,40,40,28,100,24,0,0,24
7.9186,,237,5.538461538461538,-10.989010989010989,-5.538461538461538,89.89010989010988,11.912087912087912,2.4868123587038435,2259,1734,2546,2939,2180,1658,150,-250,0,50,0,0,175,-235,-104,37,0,-100,118,120,119,121,118,120,39,41,40,42,40,40,46,108,24,1,0,24
7.952,,238,6.857142857142857,-10.989010989010989,-5.538461538461538,90.06593406593407,12.527472527472527,2.4868123587038435,2267,1726,2546,2942,2180,1658,250,-250,0,100,0,0,207,-220,-104,30,27,-100,118,120,119,121,118,120,39,41,40,42,40,40,30,79,24,0,1,24
7.9854,,239,8.527472527472527,-10.989010989010989,-5.450549450549451,90.94505494505495,13.494505494505495,2.4868123587038435,2278,1720,2546,2944,2180,1658,300,-150,0,0,0,0,137,-196,-104,30,67,-100,118,120,119,121,118,120,39,40,40,42,40,40,38,49,24,1,5,23
8.0188,,240,9.934065934065934,-10.989010989010989,-5.450549450549451,91.47252747252747,14.373626373626374,2.4868123587038435,2290,1716,2546,2947,2184,1658,350,-150,0,50,100,0,243,-174,-101,75,101,-100,118,120,119,121,118,120,39,41,40,42,40,40,33,58,22,4,3,24
8.0522,,241,11.340659340659341,-11.076923076923077,-5.450549450549451,91.56043956043956,14.813186813186814,2.4868123587038435,2304,1713,2546,2952,2192,1658,450,-100,0,150,200,0,157,-164,-101,58,97,-100,118,120,118,121,117,120,39,41,40,42,40,40,25,60,23,1,5,24
8.0856,,242,13.186813186813186,-11.516483516483516,-5.450549450549451,91.56043956043956,15.164835164835164,2.4868123587038435,2320,1711,2546,2956,2199,1658,450,-50,0,150,250,0,239,-160,-101,48,76,-100,118,120,118,121,118,120,39,41,40,42,40,40,49,62,23,1,4,23
8.119,,243,15.12087912087912,-11.692307692307692,-5.362637362637362,91.56043956043956,15.956043956043956,2.4868123587038435,2335,1711,2546,2959,2205,1658,450,0,0,100,200,0,282,-189,-101,37,79,-100,118,120,118,121,117,120,39,41,40,42,40,40,44,75,22,1,1,23
8.1524,,244,16.439560439560438,-11.692307692307692,-5.362637362637362,91.56043956043956,16.571428571428573,2.4868123587038435,2352,1710,2546,2961,2211,1658,550,-50,0,100,150,0,208,-181,-97,27,107,-100,118,120,118,121,117,120,39,41,40,41,40,40,43,76,22,0,0,22
8.1857,,245,17.75824175824176,-11.692307692307692,-5.0989010989010985,91.56043956043956,16.923076923076923,2.4868123587038435,2371,1710,2546,2963,2218,1658,550,0,0,50,200,0,274,-181,-97,0,86,-100,118,120,118,121,117,120,39,41,41,42,40,40,42,74,21,0,1,22
8.2191,,246,19.34065934065934,-11.692307692307692,-5.010989010989011,91.56043956043956,17.0989010989011,2.4868123587038435,2388,1710,2546,2964,2225,1658,500,0,0,50,200,0,170,-181,-86,0,-48,-100,118,120,118,121,117,120,39,41,40,42,40,40,36,75,17,0,2,23
8.2525,,247,20.747252747252748,-11.604395604395604,-5.010989010989011,91.56043956043956,17.36263736263736,2.4868123587038435,2406,1710,2546,2964,2230,1658,500,0,0,0,150,0,198,-181,-83,0,-55,-100,118,120,119,121,118,120,39,41,40,42,40,40,26,75,16,0,0,23
8.286,,248,22.065934065934066,-11.604395604395604,-5.010989010989011,91.56043956043956,17.45054945054945,2.4868123587038435,2423,1710,2546,2964,2235,1658,550,0,0,0,150,0,186,-178,-83,0,58,-100,118,120,119,121,118,120,39,41,41,42,40,40,27,73,15,0,1,23
8.3195,,249,23.296703296703296,-11.604395604395604,-5.010989010989011,91.56043956043956,17.45054945054945,2.4868123587038435,2441,1710,2546,2964,2239,1658,500,0,0,0,100,0,173,-178,-83,0,44,-100,118,120,119,121,118,120,39,41,40,42,40,40,24,73,16,0,1,24
8.3529,,250,24.615384615384617,-11.604395604395604,-5.010989010989011,91.56043956043956,17.45054945054945,2.4868123587038435,2456,1710,2546,2964,2241,1658,500,0,0,0,100,0,156,-178,-83,0,34,-100,118,120,119,121,118,120,39,41,40,42,40,40,36,73,16,0,0,24
8.3863,,251,26.021978021978022,-11.604395604395604,-5.010989010989011,91.56043956043956,17.45054945054945,2.4868123587038435,2472,1710,2546,2964,2243,1658,450,0,0,0,50,0,236,-178,-83,0,27,-100,118,120,119,121,118,120,39,41,40,42,40,40,31,73,16,0,0,24
8.4198,,252,27.252747252747252,-11.428571428571429,-5.010989010989011,91.56043956043956,17.45054945054945,2.4868123587038435,2487,1710,2546,2964,2245,1658,450,0,0,0,50,0,261,-178,-83,0,23,-100,118,120,119,121,118,120,39,40,40,42,40,40,34,72,16,0,0,24
8.4532,,253,28.65934065934066,-11.252747252747254,-4.923076923076923,91.56043956043956,17.45054945054945,2.4868123587038435,2503,1710,2546,2964,2245,1658,500,0,0,0,50,0,163,-171,-83,0,0,-100,118,120,119,121,118,120,39,41,40,42,40,40,30,66,16,0,0,24
8.4867,,254,29.978021978021978,-11.076923076923077,-4.923076923076923,91.56043956043956,17.45054945054945,2.4868123587038435,2517,1710,2546,2964,2245,1658,450,0,0,0,0,0,164,-164,-79,0,0,-100,118,120,118,121,118,120,39,41,40,42,40,40,35,61,13,0,0,24
8.5202,,255,31.47252747252747,-10.989010989010989,-4.923076923076923,91.56043956043956,17.45054945054945,2.4868123587038435,2533,1710,2546,2964,2245,1658,450,0,0,0,0,0,153,-157,-79,0,0,-100,118,120,118,121,117,120,39,41,40,42,40,40,31,56,14,0,0,24
8.5536,,256,32.879120879120876,-10.989010989010989,-4.923076923076923,91.56043956043956,17.45054945054945,2.4868123587038435,2549,1710,2546,2964,2245,1658,450,0,0,0,0,0,243,-153,-79,0,0,-100,118,120,118,121,117,120,39,41,40,41,40,40,33,54,14,0,0,23
8.587,,257,34.10989010989011,-10.989010989010989,-4.923076923076923,91.56043956043956,17.45054945054945,2.4868123587038435,2563,1710,2546,2964,2245,1658,450,0,0,0,0,0,179,-153,-79,0,0,-100,118,120,118,121,117,120,39,41,40,42,40,40,35,54,14,0,0,23
8.6204,,258,35.34065934065934,-10.989010989010989,-4.923076923076923,91.56043956043956,17.45054945054945,2.4868123587038435,2579,1710,2546,2964,2245,1658,450,0,0,0,0,0,166,-153,-79,0,0,-100,118,120,118,121,117,119,39,41,41,42,40,40,32,55,14,0,0,24
8.6538,,259,36.65934065934066,-10.989010989010989,-4.835164835164835,91.56043956043956,17.45054945054945,2.4868123587038435,2595,1710,2546,2964,2245,1658,450,0,0,0,0,0,243,-153,-79,0,0,-100,118,120,118,120,117,119,39,40,41,42,40,40,31,54,14,0,0,23
8.6872,,260,37.714285714285715,-10.989010989010989,-4.835164835164835,91.56043956043956,17.45054945054945,2.4868123587038435,2610,1710,2546,2964,2245,1658,500,0,0,0,0,0,149,-153,-76,0,0,-100,117,119,117,120,117,119,39,41,41,42,40,40,27,54,12,0,0,23
8.7206,,261,38.68131868131868,-10.989010989010989,-4.835164835164835,91.56043956043956,17.45054945054945,2.4868123587038435,2624,1710,2546,2964,2245,1658,450,0,0,0,0,0,156,-153,-76,0,0,-100,117,119,117,120,116,118,39,41,41,42,40,40,39,54,11,0,0,23
8.754,,262,39.73626373626374,-10.989010989010989,-4.835164835164835,91.56043956043956,17.45054945054945,2.4868123587038435,2639,1710,2546,2964,2245,1658,400,0,0,0,0,0,225,-153,-76,0,0,-100,117,119,117,120,116,119,39,41,40,42,40,40,21,55,12,0,0,23
8.7873,,263,40.79120879120879,-10.989010989010989,-4.747252747252747,91.56043956043956,17.45054945054945,2.4868123587038435,2652,1710,2546,2964,2245,1658,400,0,0,0,0,0,128,-153,-76,0,0,-100,118,120,118,120,117,119,39,41,40,42,40,40,34,55,12,0,0,24
8.8207,,264,41.582417582417584,-10.989010989010989,-4.747252747252747,91.56043956043956,17.45054945054945,2.4868123587038435,2664,1710,2546,2964,2245,1658,350,0,0,0,0,0,207,-153,-72,0,0,-100,118,120,118,121,117,120,39,41,41,42,40,40,33,55,11,0,0,23
8.8542,,265,42.46153846153846,-10.989010989010989,-4.747252747252747,91.56043956043956,17.45054945054945,2.4868123587038435,2677,1710,2546,2964,2245,1658,400,0,0,0,0,0,90,-153,-72,0,0,-100,118,120,118,121,117,119,39,41,40,42,40,40,33,55,11,0,0,24
8.8875,,266,43.51648351648352,-10.989010989010989,-4.747252747252747,91.56043956043956,17.36263736263736,2.4868123587038435,2689,1710,2546,2964,2245,1658,300,0,0,0,0,0,118,-153,-72,0,0,-100,118,120,118,120,117,119,39,41,41,42,40,40,32,55,11,0,0,24
8.9209,,267,44.48351648351648,-10.989010989010989,-4.747252747252747,91.56043956043956,17.36263736263736,2.4868123587038435,2699,1710,2546,2964,2245,1658,350,0,0,0,0,0,115,-153,-72,0,0,-100,118,120,118,121,117,120,39,40,40,42,40,40,26,55,11,0,0,24
8.9543,,268,45.53846153846154,-11.076923076923077,-4.747252747252747,91.56043956043956,17.36263736263736,2.4868123587038435,2711,1710,2546,2964,2245,1658,300,0,0,0,0,0,107,-153,-72,0,0,-100,118,120,118,121,117,120,39,41,40,42,40,40,24,54,11,0,0,23
8.9877,,269,46.59340659340659,-11.076923076923077,-4.747252747252747,91.56043956043956,17.36263736263736,2.4868123587038435,2722,1710,2546,2964,2245,1658,350,0,0,0,0,0,109,-157,-72,0,0,-100,118,120,118,121,117,119,39,41,40,42,40,40,38,58,11,0,0,23
9.0211,,270,47.73626373626374,-11.076923076923077,-4.747252747252747,91.56043956043956,17.36263736263736,2.4868123587038435,2734,1710,2546,2964,2245,1658,350,0,0,0,0,0,186,-157,-72,0,0,-100,118,120,118,121,117,119,39,40,40,42,40,40,30,57,11,0,0,24
9.0545,,271,48.61538461538461,-11.076923076923077,-4.747252747252747,91.56043956043956,17.36263736263736,2.4868123587038435,2745,1710,2546,2964,2245,1658,350,0,0,0,0,0,129,-157,-72,0,0,-100,118,120,118,121,117,120,39,41,40,42,40,40,36,57,11,0,0,24
9.0879,,272,49.582417582417584,-11.076923076923077,-4.747252747252747,91.56043956043956,17.36263736263736,2.4868123587038435,2757,1710,2546,2964,2245,1658,350,0,0,0,0,0,198,-157,-72,0,0,-100,118,120,118,121,117,120,39,41,41,42,40,40,18,57,10,0,0,23
9.1213,,273,50.10989010989011,-10.989010989010989,-4.747252747252747,91.56043956043956,17.36263736263736,2.4868123587038435,2768,1710,2546,2964,2245,1658,350,0,0,0,0,0,197,-157,-72,0,0,-100,118,120,118,121,117,120,39,41,41,42,40,40,23,57,11,0,0,24
9.1547,,274,50.1978021978022,-10.989010989010989,-4.747252747252747,91.56043956043956,17.36263736263736,2.4868123587038435,2779,1710,2546,2964,2245,1658,300,0,0,0,0,0,157,-153,-72,0,0,-100,118,120,119,121,118,120,39,41,41,42,40,40,22,54,11,0,0,24
9.1881,,275,50.1978021978022,-10.989010989010989,-4.747252747252747,91.56043956043956,17.36263736263736,2.4868123587038435,2788,1710,2546,2964,2245,1658,350,0,0,0,0,0,136,-153,-72,0,0,-100,118,120,118,121,118,120,39,41,40,42,40,40,10,55,11,0,0,24
9.2215,,276,50.10989010989011,-10.989010989010989,-4.747252747252747,91.56043956043956,17.0989010989011,2.4868123587038435,2795,1710,2546,2964,2245,1658,250,0,0,0,0,0,104,-153,-72,0,0,-100,118,120,118,121,117,120,39,41,41,42,40,40,10,55,11,0,0,23
9.2549,,277,49.75824175824176,-10.989010989010989,-4.747252747252747,91.56043956043956,16.747252747252748,2.4868123587038435,2800,1710,2546,2964,2245,1658,150,0,0,0,0,0,83,-153,-72,0,-27,-100,118,120,118,121,117,120,39,41,41,42,40,40,9,54,10,0,0,23
9.2883,,278,49.31868131868132,-10.989010989010989,-4.747252747252747,91.56043956043956,16.571428571428573,2.4868123587038435,2801,1710,2546,2964,2245,1658,100,0,0,0,0,0,62,-153,-72,0,-41,-100,117,119,118,120,117,119,39,41,40,42,40,40,8,53,11,0,3,23
9.3216,,279,48.527472527472526,-10.989010989010989,-4.747252747252747,91.56043956043956,16.395604395604394,2.4868123587038435,2802,1710,2546,2964,2245,1658,50,0,0,0,0,0,41,-153,-72,0,-48,-100,117,119,118,120,117,119,39,41,41,42,40,40,3,54,11,0,5,24
9.3551,,280,47.20879120879121,-10.989010989010989,-4.747252747252747,91.56043956043956,16.395604395604394,2.4868123587038435,2802,1710,2546,2964,2245,1658,0,0,0,0,0,0,0,-153,-72,0,-55,-100,117,119,117,120,116,118,39,41,40,42,40,40,1,54,11,0,5,24
9.3884,,281,45.62637362637363,-10.989010989010989,-4.747252747252747,91.56043956043956,16.395604395604394,2.4868123587038435,2800,1710,2546,2964,2245,1658,-50,0,0,0,0,0,-98,-153,-72,0,-55,-100,117,119,117,120,116,119,39,41,41,42,40,40,3,54,11,0,4,23
9.4218,,282,43.956043956043956,-10.989010989010989,-4.747252747252747,91.56043956043956,16.395604395604394,2.4868123587038435,2796,1710,2546,2964,2245,1658,-100,0,0,0,0,0,-147,-153,-72,0,-55,-100,117,119,117,120,116,119,39,41,41,42,40,40,17,54,11,0,5,24
9.4552,,283,42.285714285714285,-11.252747252747254,-4.747252747252747,91.56043956043956,16.395604395604394,2.4868123587038435,2786,1710,2546,2964,2245,1658,-300,0,0,0,0,0,-178,-153,-72,0,-55,-100,117,119,118,120,117,119,39,41,41,41,40,40,10,54,11,0,4,23
9.4886,,284,40.43956043956044,-11.604395604395604,-4.747252747252747,91.56043956043956,16.395604395604394,2.4868123587038435,2774,1710,2546,2964,2244,1658,-350,0,0,0,0,0,-131,-167,-72,0,-55,-100,117,120,118,120,117,119,39,41,41,42,40,40,26,63,11,0,2,23
9.522,,285,38.505494505494504,-11.780219780219781,-4.835164835164835,91.56043956043956,16.307692307692307,2.4868123587038435,2759,1710,2546,2964,2244,1658,-400,0,0,0,0,0,-240,-181,-72,0,-51,-100,117,120,118,120,117,119,39,41,41,42,40,40,32,74,11,0,4,23
9.5554,,286,36.395604395604394,-12.219780219780219,-4.835164835164835,91.56043956043956,15.604395604395604,2.4868123587038435,2743,1710,2546,2964,2243,1658,-450,0,0,0,0,0,-258,-185,-76,0,-55,-100,117,119,117,120,116,119,39,41,41,42,40,40,29,78,12,0,3,23
9.5888,,287,34.37362637362637,-12.483516483516484,-4.835164835164835,91.56043956043956,14.725274725274724,2.4868123587038435,2726,1710,2546,2964,2242,1658,-550,0,0,0,-50,0,-275,-203,-76,0,-87,-100,117,119,117,119,116,118,39,41,41,42,40,40,22,92,12,0,11,24
9.6222,,288,32.26373626373626,-12.483516483516484,-4.835164835164835,91.56043956043956,13.758241758241759,2.4868123587038435,2706,1710,2546,2964,2237,1658,-550,0,0,0,-150,0,-282,-213,-76,0,-106,-100,117,119,117,120,116,119,39,41,41,42,40,40,38,101,12,0,13,23
9.6556,,289,29.978021978021978,-12.483516483516484,-4.835164835164835,91.56043956043956,13.054945054945055,2.4868123587038435,2684,1710,2546,2964,2229,1658,-650,0,0,0,-250,0,-224,-213,-76,0,-138,-100,117,119,117,120,116,119,39,41,41,42,40,40,33,102,12,0,10,24
9.6889,,290,27.34065934065934,-12.483516483516484,-4.835164835164835,91.56043956043956,12.351648351648352,2.4868123587038435,2662,1708,2546,2964,2220,1658,-650,0,0,0,-250,0,-231,-210,-76,0,-35,-100,117,119,117,120,116,119,39,41,41,42,40,40,38,108,12,0,9,23
9.7223,,291,24.87912087912088,-12.483516483516484,-4.835164835164835,91.56043956043956,11.648351648351648,2.4868123587038435,2639,1705,2546,2964,2213,1658,-700,-50,0,0,-250,0,-248,-199,-76,0,-122,-100,117,119,117,120,116,119,39,41,41,42,40,40,32,89,12,0,4,23
9.7557,,292,22.417582417582416,-12.483516483516484,-4.835164835164835,91.56043956043956,10.857142857142858,2.4868123587038435,2613,1702,2546,2964,2204,1658,-750,-100,0,0,-200,0,-342,-185,-76,0,-110,-100,117,119,118,120,117,119,39,41,40,42,40,40,27,76,13,0,11,24
9.7891,,293,19.692307692307693,-12.571428571428571,-4.835164835164835,91.56043956043956,10.241758241758241,2.4868123587038435,2586,1698,2546,2964,2197,1658,-750,-150,0,0,-250,0,-254,-171,-76,0,-54,-100,117,120,118,120,117,119,39,41,40,42,40,40,29,53,12,0,14,24
9.8225,,294,16.967032967032967,-12.571428571428571,-4.835164835164835,91.56043956043956,9.714285714285714,2.4868123587038435,2560,1696,2546,2964,2188,1658,-850,-100,0,0,-250,0,-374,-171,-76,0,-120,-100,117,119,117,119,116,118,39,41,40,41,40,40,29,53,12,0,12,23
9.8559,,295,14.153846153846153,-12.571428571428571,-4.835164835164835,91.56043956043956,9.362637362637363,2.4868123587038435,2532,1694,2546,2964,2180,1658,-800,-50,0,0,-250,0,-379,-76,-76,0,-111,-100,116,118,116,119,116,118,39,41,40,42,40,40,22,56,11,0,5,23
9.8893,,296,11.340659340659341,-12.571428571428571,-4.835164835164835,91.56043956043956,9.098901098901099,2.4868123587038435,2502,1693,2546,2964,2174,1658,-850,-50,0,0,-200,0,-299,-157,-76,0,-90,-100,116,118,117,119,116,118,39,41,40,42,40,40,25,55,12,0,4,24
9.9227,,297,8.703296703296703,-12.571428571428571,-4.835164835164835,91.56043956043956,8.747252747252746,2.4868123587038435,2474,1693,2546,2964,2168,1658,-900,0,0,0,-150,0,-301,-157,-76,0,-76,-100,117,119,117,120,116,118,39,41,41,42,40,40,30,55,12,0,6,24
9.9561,,298,5.802197802197802,-12.571428571428571,-4.835164835164835,91.56043956043956,8.395604395604396,2.4868123587038435,2442,1693,2546,2964,2163,1658,-900,0,0,0,-150,0,-321,-157,-76,0,-87,-100,117,119,117,120,116,119,39,41,40,42,40,40,27,57,13,0,7,24
9.9895,,299,2.989010989010989,-12.571428571428571,-4.835164835164835,91.56043956043956,8.395604395604396,2.4868123587038435,2411,1693,2546,2964,2159,1658,-900,0,0,0,-150,0,-319,-157,-76,0,-77,-100,117,119,117,120,117,119,39,41,40,42,40,40,27,57,12,0,7,23
10.023,,300,0.3516483516483517,-12.571428571428571,-4.835164835164835,91.56043956043956,8.395604395604396,2.4868123587038435,2381,1693,2546,2964,2155,1658,-950,0,0,0,-100,0,-318,-157,-76,0,-62,-100,117,119,117,120,116,119,39,41,40,42,40,40,22,57,12,0,4,24
10.0564,,301,-1.7582417582417582,-12.571428571428571,-4.835164835164835,91.56043956043956,8.395604395604396,2.4868123587038435,2349,1693,2546,2964,2153,1658,-950,0,0,0,-50,0,-308,-157,-76,0,-51,-100,117,119,117,120,116,119,39,41,41,42,40,40,19,57,13,0,2,24
10.0899,,302,-3.5164835164835164,-12.219780219780219,-4.923076923076923,91.47252747252747,8.307692307692308,2.4868123587038435,2317,1693,2546,2964,2151,1658,-950,0,0,0,-100,0,-275,-157,-76,0,-44,-100,117,119,118,120,117,119,39,41,41,42,40,40,16,57,13,0,3,24
10.1233,,303,-4.571428571428571,-11.780219780219781,-4.923076923076923,91.2967032967033,8.219780219780219,2.4868123587038435,2285,1693,2546,2964,2150,1658,-900,0,0,0,-50,0,-264,-137,-79,0,-44,-100,118,120,118,120,117,119,39,41,41,42,40,40,17,46,14,0,3,24
10.1567,,304,-5.186813186813187,-11.340659340659341,-4.923076923076923,91.03296703296704,8.219780219780219,2.4868123587038435,2259,1693,2546,2964,2148,1658,-900,0,0,0,0,0,-192,-118,-79,-27,-44,-100,117,120,118,120,117,119,39,41,41,42,40,40,3,32,14,0,1,24
10.1901,,305,-5.450549450549451,-10.373626373626374,-5.274725274725275,90.5934065934066,8.219780219780219,2.4868123587038435,2235,1693,2546,2964,2148,1658,-750,0,0,0,-50,0,-108,-106,-79,-37,-41,-100,117,120,118,120,117,119,39,41,41,42,40,40,0,26,15,2,3,23
10.2234,,306,-5.450549450549451,-9.142857142857142,-5.538461538461538,89.89010989010988,8.307692307692308,2.4868123587038435,2217,1693,2546,2964,2147,1658,-600,0,0,0,-50,0,-44,-50,-93,-55,-37,-100,117,120,118,120,117,119,39,41,41,42,40,40,0,9,21,8,1,24
10.2568,,307,-5.362637362637362,-7.912087912087912,-5.538461538461538,88.3956043956044,8.571428571428571,2.4868123587038435,2205,1693,2546,2963,2146,1658,-400,0,0,0,0,0,-93,39,-107,-105,-30,-100,117,119,118,120,117,119,39,41,40,42,40,40,0,2,25,18,0,23
10.2903,,308,-4.835164835164835,-6.417582417582418,-5.538461538461538,86.63736263736264,8.923076923076923,2.4868123587038435,2199,1699,2546,2959,2146,1658,-150,200,0,-150,0,0,-62,73,-104,-155,0,-100,117,119,117,120,117,119,39,41,41,42,40,40,1,1,24,24,0,24
10.3238,,309,-4.571428571428571,-4.747252747252747,-5.626373626373627,84.79120879120879,9.098901098901099,2.4868123587038435,2196,1707,2546,2949,2146,1658,-150,250,0,-200,0,0,-16,106,-104,-198,27,-100,117,119,117,120,116,119,39,41,41,42,40,40,1,0,23,34,1,23
10.3572,,310,-4.483516483516484,-3.4285714285714284,-5.626373626373627,82.85714285714286,9.186813186813186,2.4868123587038435,2196,1720,2546,2937,2146,1658,0,350,0,-350,0,0,0,41,-108,-137,34,-100,117,119,117,120,116,119,39,41,41,42,40,40,0,0,26,35,1,23
10.3906,,311,-4.395604395604396,-2.197802197802198,-5.626373626373627,81.01098901098901,9.186813186813186,2.4868123587038435,2196,1736,2546,2922,2147,1658,0,450,0,-400,50,0,0,28,-108,-158,34,-100,117,119,118,120,117,119,39,41,40,42,40,40,0,0,26,38,2,23
10.424,,312,-4.395604395604396,-1.3186813186813187,-5.714285714285714,79.25274725274726,9.274725274725276,2.4868123587038435,2196,1754,2546,2903,2147,1658,0,500,0,-500,0,0,23,38,-108,-187,34,-100,117,119,118,120,117,119,39,41,41,42,40,40,0,0,25,28,1,23
10.4574,,313,-4.395604395604396,-0.43956043956043955,-5.714285714285714,77.49450549450549,9.274725274725276,2.4868123587038435,2196,1771,2546,2885,2147,1658,0,500,0,-550,0,0,23,-34,-111,-187,37,-100,117,119,117,120,116,119,39,41,41,42,40,40,1,0,28,23,1,23
10.4908,,314,-4.395604395604396,0.3516483516483517,-5.714285714285714,75.47252747252747,9.274725274725276,2.4868123587038435,2196,1784,2547,2866,2147,1658,0,400,0,-550,0,0,23,-49,-115,-271,37,-100,117,119,117,120,116,118,39,41,40,42,40,40,0,2,28,27,1,23
10.5242,,315,-3.78021978021978,1.1428571428571428,-5.714285714285714,73.36263736263736,9.274725274725276,2.4868123587038435,2196,1796,2547,2846,2147,1658,0,350,0,-600,0,0,23,-75,-115,-194,37,-100,117,119,117,120,117,119,39,41,40,42,40,40,0,0,30,35,1,24
10.5576,,316,-2.6373626373626373,2.021978021978022,-5.714285714285714,71.16483516483517,9.274725274725276,2.4868123587038435,2196,1806,2547,2826,2147,1658,0,250,0,-600,0,0,51,42,-115,-223,37,-100,117,119,118,120,117,119,39,41,40,42,40,40,7,0,29,30,1,24
10.591,,317,-1.4945054945054945,2.901098901098901,-5.714285714285714,69.05494505494505,9.274725274725276,2.4868123587038435,2196,1815,2547,2804,2147,1658,0,300,0,-650,0,0,120,62,-115,-231,37,-100,117,119,118,120,117,119,39,41,41,42,40,40,22,0,30,38,2,24
10.6243,,318,-0.08791208791208792,3.78021978021978,-5.714285714285714,67.03296703296704,9.274725274725276,2.4868123587038435,2200,1825,2547,2781,2147,1658,50,300,0,-650,0,0,66,57,-115,-232,37,-100,117,119,118,120,117,119,39,41,41,42,40,40,31,1,30,37,2,24
10.6578,,319,1.7582417582417582,4.395604395604396,-5.714285714285714,65.36263736263736,9.274725274725276,2.4868123587038435,2206,1836,2547,2757,2147,1658,200,350,0,-650,0,0,189,-70,-115,-226,37,-100,117,119,117,120,117,119,39,41,41,42,40,40,27,0,29,42,1,23
10.6911,,320,3.6043956043956045,5.0989010989010985,-5.714285714285714,64.3076923076923,9.274725274725276,2.4868123587038435,2216,1847,2547,2736,2147,1658,250,300,0,-750,0,0,229,0,-115,-202,37,-100,117,119,118,120,117,119,39,41,41,42,40,40,45,0,30,32,2,24
10.7245,,321,5.274725274725275,5.802197802197802,-5.802197802197802,63.604395604395606,9.274725274725276,2.4868123587038435,2226,1857,2547,2716,2147,1658,300,350,0,-600,0,0,278,-78,-115,-195,37,-100,117,119,118,120,117,119,39,41,41,42,40,40,59,5,30,32,1,23
10.7579,,322,7.1208791208791204,6.329670329670329,-5.802197802197802,63.07692307692308,9.274725274725276,2.4868123587038435,2240,1866,2547,2698,2147,1658,400,250,0,-550,0,0,212,30,-118,-142,37,-100,117,119,117,120,116,119,39,41,40,42,40,40,58,8,30,17,1,23
10.7913,,323,8.967032967032967,6.945054945054945,-5.802197802197802,62.72527472527472,9.274725274725276,2.4868123587038435,2255,1873,2547,2684,2147,1658,400,250,0,-500,0,0,229,-22,-118,-102,37,-100,116,119,117,120,116,118,39,41,40,42,40,40,63,7,31,9,1,23
10.8247,,324,10.637362637362637,7.2967032967032965,-5.802197802197802,62.285714285714285,9.274725274725276,2.4868123587038435,2273,1880,2547,2673,2147,1658,500,200,0,-350,0,0,236,-21,-118,-150,37,-100,116,119,117,119,116,118,39,41,41,42,40,40,62,6,30,11,1,23
10.8581,,325,12.483516483516484,7.384615384615385,-5.802197802197802,61.75824175824176,9.274725274725276,2.4868123587038435,2292,1885,2547,2664,2147,1658,600,200,0,-250,0,0,226,-37,-118,-132,37,-100,117,119,117,120,116,119,39,41,41,42,40,40,47,4,30,20,0,24
10.8915,,326,14.32967032967033,7.648351648351649,-5.802197802197802,61.05494505494506,9.274725274725276,2.4868123587038435,2313,1889,2547,2656,2147,1658,550,50,0,-250,0,0,254,-44,-118,-147,37,-100,117,119,118,120,117,119,39,41,41,42,40,40,47,4,30,26,2,23
10.9249,,327,16.0,7.648351648351649,-5.802197802197802,60.175824175824175,9.274725274725276,2.4868123587038435,2332,1890,2547,2649,2147,1658,600,50,0,-200,0,0,250,-41,-118,-65,37,-100,117,119,118,120,117,119,39,41,40,42,40,40,58,4,30,25,2,23
10.9583,,328,17.494505494505493,7.736263736263736,-5.802197802197802,59.38461538461539,9.274725274725276,2.4868123587038435,2354,1892,2547,2641,2147,1658,650,0,0,-200,0,0,324,-44,-118,-73,37,-100,117,120,118,120,117,119,39,41,41,42,40,40,47,8,31,29,2,24
10.9917,,329,18.98901098901099,7.736263736263736,-5.802197802197802,58.417582417582416,9.274725274725276,2.4868123587038435,2374,1892,2547,2632,2147,1658,600,50,0,-250,0,0,303,-44,-118,-61,37,-100,117,120,118,120,117,119,39,41,41,42,40,40,44,4,30,23,2,23
11.0251,,330,20.21978021978022,7.824175824175824,-5.802197802197802,57.62637362637363,9.274725274725276,2.4868123587038435,2394,1893,2547,2625,2147,1658,600,0,0,-250,0,0,198,-48,-118,-97,37,-100,117,120,118,120,117,119,39,41,41,42,40,40,40,6,30,32,2,24
11.0585,,331,21.01098901098901,8.263736263736265,-5.802197802197802,57.27472527472528,9.362637362637363,2.4114544084400906,2412,1893,2547,2615,2147,1658,550,0,0,-300,0,0,291,-44,-118,-173,37,-100,117,120,118,120,117,119,39,41,41,42,40,40,28,4,31,27,1,24
11.0919,,332,21.45054945054945,8.527472527472527,-5.802197802197802,57.27472527472528,9.626373626373626,2.4114544084400906,2430,1894,2547,2607,2147,1658,550,0,0,-250,0,0,156,-21,-118,-51,41,-100,117,120,118,120,117,119,39,41,41,42,40,40,29,14,31,19,2,24
11.1253,,333,21.45054945054945,8.615384615384615,-5.626373626373627,57.53846153846154,10.153846153846153,2.4114544084400906,2445,1898,2547,2600,2150,1658,450,100,0,-250,50,0,189,-30,-118,-111,44,-100,118,120,118,120,117,119,39,41,41,42,40,40,20,6,31,5,1,24
11.1587,,334,21.36263736263736,8.967032967032967,-5.450549450549451,57.8021978021978,10.241758241758241,2.4114544084400906,2456,1900,2547,2596,2154,1658,350,50,0,-150,100,0,143,-37,-111,34,-69,-100,118,120,118,120,117,119,39,41,41,42,40,40,16,4,28,7,2,23
11.1922,,335,20.923076923076923,8.967032967032967,-5.186813186813187,57.97802197802198,10.241758241758241,2.4114544084400906,2464,1903,2547,2595,2157,1658,200,100,0,-50,100,0,118,-23,-104,-69,44,-100,118,120,118,120,117,119,39,41,40,42,40,40,3,2,24,8,0,24
11.2256,,336,20.571428571428573,8.703296703296703,-5.186813186813187,59.120879120879124,10.241758241758241,2.4114544084400906,2468,1906,2547,2595,2160,1658,200,100,0,0,50,0,-45,-44,-93,-62,34,-100,117,120,118,120,117,119,39,41,41,42,40,40,3,6,18,9,0,24
11.259,,337,19.86813186813187,8.263736263736265,-5.274725274725275,60.61538461538461,10.065934065934066,2.4114544084400906,2469,1907,2547,2595,2161,1658,50,0,0,0,50,0,62,-58,-93,41,27,-100,117,120,118,120,117,119,39,41,40,42,40,40,7,9,19,3,0,24
11.2923,,338,18.373626373626372,7.736263736263736,-5.274725274725275,62.1978021978022,10.065934065934066,2.4114544084400906,2469,1907,2547,2598,2162,1658,0,0,0,0,50,0,22,-76,-97,92,0,-100,117,120,118,120,117,119,39,41,41,42,40,40,1,13,22,4,0,24
11.3257,,339,16.703296703296704,6.945054945054945,-5.274725274725275,64.04395604395604,10.241758241758241,2.4114544084400906,2469,1907,2547,2606,2162,1658,0,0,0,200,0,0,-84,-97,-97,38,0,-100,117,120,118,120,117,119,39,41,41,42,40,40,8,24,22,6,0,23
11.3592,,340,15.12087912087912,6.065934065934066,-5.274725274725275,65.71428571428571,10.153846153846153,2.4114544084400906,2467,1907,2547,2615,2162,1658,0,0,0,300,0,0,-152,-152,-97,180,23,-100,117,120,118,120,117,119,39,41,40,42,40,40,22,42,21,16,1,24
11.3926,,341,13.274725274725276,5.0989010989010985,-5.186813186813187,67.20879120879121,9.978021978021978,2.4114544084400906,2457,1907,2547,2629,2162,1658,-200,0,0,300,0,0,-180,-182,-97,198,0,-100,117,120,118,120,117,119,39,41,41,42,40,40,10,67,21,8,0,23
11.4259,,342,11.076923076923077,3.956043956043956,-5.186813186813187,68.52747252747253,9.978021978021978,2.4114544084400906,2444,1907,2547,2645,2162,1658,-300,0,0,450,0,0,-124,-223,-93,110,0,-100,117,120,118,120,117,119,39,41,41,42,40,40,15,94,18,7,0,24
11.4593,,343,8.703296703296703,2.901098901098901,-5.186813186813187,69.75824175824175,9.978021978021978,2.4114544084400906,2430,1907,2547,2661,2162,1658,-400,0,0,450,0,0,-247,-266,-93,184,0,-100,117,119,117,120,116,119,39,41,41,42,40,40,29,135,20,10,0,24
11.4927,,344,6.329670329670329,1.7582417582417582,-5.186813186813187,70.81318681318682,9.978021978021978,2.4114544084400906,2416,1906,2547,2676,2162,1658,-500,-50,0,450,0,0,-298,-228,-93,116,0,-100,116,118,117,119,116,118,39,41,41,42,40,40,45,164,18,8,0,23
11.5261,,345,3.6923076923076925,0.6153846153846154,-5.186813186813187,71.51648351648352,9.89010989010989,2.4114544084400906,2397,1901,2547,2691,2162,1658,-500,-100,0,450,0,0,-332,-347,-93,183,0,-100,116,118,116,119,115,118,39,41,41,42,40,40,59,178,18,3,0,24
11.5595,,346,0.8791208791208791,-0.3516483516483517,-5.186813186813187,71.95604395604396,9.89010989010989,2.4114544084400906,2375,1892,2547,2705,2162,1658,-650,-200,0,400,0,0,-272,-361,-93,57,-23,-100,116,118,116,119,115,118,39,41,40,42,40,40,61,175,17,1,0,23
11.5929,,347,-1.934065934065934,-1.1428571428571428,-5.186813186813187,72.3076923076923,9.89010989010989,2.4114544084400906,2350,1883,2547,2716,2162,1658,-700,-250,0,400,0,0,-374,-356,-93,108,-23,-100,116,118,116,119,115,117,39,41,41,42,40,40,50,174,18,0,0,24
11.6263,,348,-4.571428571428571,-1.7582417582417582,-5.186813186813187,72.65934065934066,9.89010989010989,2.4114544084400906,2321,1871,2547,2725,2162,1658,-800,-300,0,300,0,0,-294,-335,-93,86,-23,-100,116,118,117,119,116,118,39,41,41,42,40,40,43,150,19,2,0,23
11.6597,,349,-7.472527472527473,-2.021978021978022,-5.186813186813187,72.74725274725274,9.978021978021978,2.4114544084400906,2290,1859,2547,2733,2162,1658,-900,-350,0,200,0,0,-315,-257,-93,88,-23,-100,118,120,118,121,117,120,39,41,41,42,40,40,48,125,20,3,0,24
11.6931,,350,-10.285714285714286,-2.021978021978022,-5.186813186813187,72.83516483516483,9.978021978021978,2.4114544084400906,2260,1849,2547,2738,2162,1658,-900,-350,0,200,0,0,-315,-291,-93,62,0,-100,119,121,119,122,118,121,39,41,41,42,40,40,24,98,19,1,0,24
11.7265,,351,-12.835164835164836,-2.021978021978022,-5.186813186813187,73.0989010989011,9.978021978021978,2.4114544084400906,2228,1840,2547,2742,2162,1658,-950,-250,0,100,0,0,-312,-255,-93,48,0,-100,119,121,119,122,119,121,39,41,41,42,40,40,22,103,20,2,0,24
11.76,,352,-15.56043956043956,-1.7582417582417582,-5.0989010989010985,73.0989010989011,9.978021978021978,2.4114544084400906,2195,1833,2547,2746,2162,1658,-950,-250,0,100,0,0,-295,-231,-93,44,0,-100,120,122,120,123,119,121,39,41,41,42,40,40,14,76,20,1,0,24
11.7935,,353,-18.197802197802197,-1.4065934065934067,-5.0989010989010985,73.0989010989011,10.065934065934066,2.4114544084400906,2162,1829,2547,2749,2162,1658,-950,-100,0,100,0,0,-281,-203,-90,34,0,-100,120,122,120,123,119,122,39,41,41,42,40,40,21,77,19,0,0,23
11.827,,354,-20.747252747252748,-1.2307692307692308,-5.0989010989010985,73.0989010989011,10.241758241758241,2.4114544084400906,2131,1828,2547,2751,2162,1658,-950,-100,0,50,0,0,-299,-180,-90,27,0,-100,120,122,120,123,119,122,39,41,41,42,40,40,16,76,19,0,0,24
11.8604,,355,-23.296703296703296,-1.054945054945055,-5.0989010989010985,73.0989010989011,10.417582417582418,2.4114544084400906,2100,1828,2547,2753,2162,1658,-900,0,0,100,0,0,-373,-178,-90,0,23,-100,120,122,121,123,120,122,39,41,41,42,40,40,26,73,17,1,0,24
11.8939,,356,-26.10989010989011,-0.8791208791208791,-5.0989010989010985,73.0989010989011,10.68131868131868,2.4114544084400906,2069,1828,2547,2753,2162,1658,-900,0,0,0,0,0,-276,-171,-90,0,30,-100,120,122,121,123,120,122,39,41,41,42,40,40,12,68,17,0,0,24
11.9273,,357,-28.483516483516482,-0.17582417582417584,-5.0989010989010985,73.0989010989011,11.56043956043956,2.4114544084400906,2040,1828,2547,2753,2162,1658,-900,0,0,0,0,0,-276,-164,-90,0,41,-100,120,122,121,123,120,122,39,41,41,42,40,40,24,63,17,0,3,24
11.9608,,358,-30.681318681318682,0.5274725274725275,-5.0989010989010985,73.0989010989011,12.703296703296703,2.4114544084400906,2012,1828,2547,2753,2162,1658,-900,0,0,0,0,0,-292,-113,-90,0,101,-100,120,123,121,123,120,122,39,41,41,42,40,40,28,42,18,0,12,24
11.9943,,359,-32.7032967032967,1.4065934065934067,-5.0989010989010985,73.0989010989011,13.406593406593407,2.4114544084400906,1983,1828,2547,2753,2169,1658,-850,0,0,0,150,0,-280,-90,-90,0,44,-100,120,123,121,123,120,122,39,41,41,42,40,40,17,24,17,0,12,24
12.0277,,360,-34.285714285714285,2.7252747252747254,-5.186813186813187,73.0989010989011,13.758241758241759,2.4114544084400906,1954,1828,2547,2753,2178,1658,-850,0,0,0,250,0,-254,-50,-90,0,112,-100,121,123,121,124,120,122,39,41,41,42,40,40,13,11,17,0,7,24
12.0612,,361,-35.604395604395606,4.043956043956044,-5.186813186813187,73.0989010989011,13.758241758241759,2.4114544084400906,1925,1829,2547,2753,2185,1658,-850,0,0,0,200,0,-210,36,-93,0,86,-100,121,123,121,124,120,122,39,41,41,42,40,40,3,6,21,0,2,24
12.0946,,362,-37.010989010989015,5.362637362637362,-5.186813186813187,73.0989010989011,13.846153846153847,2.4114544084400906,1900,1836,2546,2753,2190,1658,-800,200,0,0,150,0,-240,57,-90,0,65,-100,121,123,121,124,120,123,39,41,40,42,40,40,3,2,21,0,1,24
12.128,,363,-38.417582417582416,6.769230769230769,-5.274725274725275,73.01098901098901,13.934065934065934,2.4114544084400906,1878,1846,2546,2753,2194,1658,-700,300,-50,0,150,0,-162,-25,-90,0,58,-100,121,123,121,124,120,123,39,41,41,42,40,40,5,0,18,0,1,24
12.1615,,364,-39.56043956043956,8.43956043956044,-5.274725274725275,73.01098901098901,14.725274725274724,2.4114544084400906,1858,1860,2546,2753,2197,1658,-650,350,0,0,100,0,-225,17,-93,0,51,-100,121,123,121,124,120,123,39,41,41,42,40,40,7,0,20,0,1,24
12.1949,,365,-40.879120879120876,9.934065934065934,-5.274725274725275,73.01098901098901,16.307692307692307,2.4114544084400906,1840,1874,2546,2753,2201,1658,-550,450,0,0,100,0,-195,117,-93,0,88,-100,121,123,121,124,120,123,39,41,41,42,40,40,2,0,19,0,7,24
12.2283,,366,-42.02197802197802,11.164835164835164,-5.274725274725275,72.92307692307692,17.978021978021978,2.4114544084400906,1826,1893,2546,2753,2207,1658,-500,550,0,0,100,0,-108,-18,-93,0,137,-100,121,123,121,124,120,123,39,41,41,42,40,40,3,0,20,0,14,24
12.2617,,367,-42.81318681318681,12.307692307692308,-5.450549450549451,72.74725274725274,19.032967032967033,2.4114544084400906,1812,1911,2546,2753,2217,1658,-350,550,0,0,300,0,-182,-42,-93,0,162,-100,121,123,121,124,120,123,39,41,41,42,40,40,10,0,20,0,20,24
12.2951,,368,-43.42857142857143,13.098901098901099,-5.538461538461538,72.57142857142857,19.824175824175825,2.4114544084400906,1799,1927,2546,2753,2230,1658,-400,450,0,0,400,0,-182,90,-101,-27,173,-100,121,123,121,124,120,123,39,41,41,42,40,40,9,0,24,0,15,24
12.3285,,369,-43.78021978021978,13.626373626373626,-5.714285714285714,72.04395604395604,20.263736263736263,2.4114544084400906,1788,1939,2546,2752,2243,1658,-350,400,0,0,400,0,-160,58,-104,-30,148,-100,121,123,121,124,120,123,39,41,41,42,40,40,14,5,24,0,7,24
12.3619,,370,-43.78021978021978,13.802197802197803,-5.714285714285714,70.81318681318682,20.439560439560438,2.4114544084400906,1779,1950,2546,2752,2253,1658,-300,350,0,0,350,0,-125,30,-111,-56,108,-100,121,123,121,124,120,123,39,41,41,42,40,40,9,1,29,7,2,24
12.3953,,371,-43.69230769230769,13.89010989010989,-5.714285714285714,69.05494505494505,20.263736263736263,2.4114544084400906,1772,1960,2546,2751,2261,1658,-250,300,0,-50,200,0,-93,-37,-111,-121,-34,-100,121,123,121,124,120,122,39,41,41,42,40,40,7,11,29,19,1,24
12.4286,,372,-43.42857142857143,13.89010989010989,-5.714285714285714,67.20879120879121,19.912087912087912,2.4114544084400906,1767,1964,2547,2743,2265,1658,-150,200,0,-100,200,0,41,-48,-115,-92,65,-100,121,123,121,124,120,122,39,41,40,42,40,40,6,10,29,36,0,24
12.462,,373,-43.252747252747255,13.89010989010989,-5.714285714285714,65.27472527472527,19.64835164835165,2.4114544084400906,1764,1966,2547,2731,2268,1658,-100,50,0,-300,100,0,-55,-58,-115,-212,34,-100,121,123,121,123,120,122,39,41,41,42,40,40,4,10,30,27,0,24
12.4954,,374,-43.16483516483517,13.89010989010989,-5.714285714285714,63.42857142857143,19.560439560439562,2.4114544084400906,1764,1966,2547,2717,2269,1658,-50,50,0,-400,100,0,-44,-58,-115,-237,23,-100,120,123,121,123,120,122,39,41,41,42,40,40,4,9,30,29,0,24
12.5288,,375,-43.252747252747255,13.89010989010989,-5.714285714285714,61.75824175824176,18.76923076923077,2.4114544084400906,1764,1966,2547,2700,2269,1658,0,0,0,-500,0,0,-41,-58,-115,-158,0,-100,120,123,121,123,120,122,39,41,41,42,40,40,4,9,30,24,0,24
12.5623,,376,-43.42857142857143,13.89010989010989,-5.714285714285714,59.824175824175825,17.36263736263736,2.4114544084400906,1763,1966,2547,2681,2269,1658,-50,0,0,-550,0,0,-41,-58,-115,-240,-56,-100,120,123,121,123,120,122,39,41,41,42,40,40,4,8,30,26,4,24
12.5957,,377,-43.51648351648352,13.89010989010989,-5.714285714285714,57.714285714285715,16.395604395604394,2.4114544084400906,1763,1966,2547,2663,2266,1658,0,0,0,-500,-50,0,-48,-58,-115,-275,-124,-100,120,123,121,123,120,122,39,41,41,42,40,40,5,10,30,33,15,24
12.629,,378,-43.51648351648352,14.065934065934066,-5.714285714285714,55.69230769230769,15.604395604395604,2.4114544084400906,1763,1966,2547,2644,2258,1658,0,0,0,-600,-200,0,-51,-58,-115,-200,-127,-100,120,123,121,123,120,122,39,41,41,42,40,40,7,11,30,29,15,24
12.6624,,379,-43.34065934065934,14.153846153846153,-5.714285714285714,53.582417582417584,15.252747252747254,2.4114544084400906,1763,1966,2547,2623,2250,1658,0,0,0,-600,-200,0,-51,-51,-115,-205,-122,-100,120,122,121,123,120,122,39,41,41,42,40,40,5,10,31,33,12,24
12.6958,,380,-43.16483516483517,14.241758241758241,-5.714285714285714,51.64835164835165,14.901098901098901,2.4114544084400906,1762,1966,2547,2602,2242,1658,-50,0,0,-600,-250,0,-41,-48,-115,-212,27,-100,120,123,121,123,120,122,39,41,41,42,40,40,4,8,30,20,5,24
12.7292,,381,-42.9010989010989,14.241758241758241,-5.714285714285714,50.32967032967033,14.901098901098901,2.4114544084400906,1761,1966,2547,2580,2235,1658,0,0,0,-650,-200,0,-30,-44,-115,-231,-83,-100,120,123,121,123,120,122,39,41,41,42,40,40,2,7,30,25,5,24
12.7626,,382,-42.81318681318681,14.065934065934066,-5.802197802197802,49.362637362637365,14.901098901098901,2.4114544084400906,1761,1966,2547,2558,2231,1658,0,0,0,-700,-150,0,0,-44,-115,-196,-69,-100,120,123,121,123,120,122,39,41,41,42,40,40,1,7,30,23,4,24
12.7959,,383,-42.81318681318681,13.714285714285714,-5.802197802197802,49.18681318681319,14.901098901098901,2.4114544084400906,1761,1966,2547,2538,2228,1658,0,0,0,-600,-100,0,0,-51,-118,-237,-58,-100,120,123,121,123,120,122,39,41,41,42,40,40,0,9,32,23,3,24
12.8293,,384,-42.46153846153846,13.362637362637363,-5.802197802197802,49.18681318681319,14.901098901098901,2.4114544084400906,1761,1966,2547,2523,2226,1658,0,0,0,-550,-100,0,0,-65,-118,-79,-48,-100,121,123,121,123,120,122,39,41,41,42,40,40,0,12,32,4,2,24
12.8627,,385,-41.67032967032967,13.186813186813186,-5.802197802197802,49.27472527472528,14.813186813186814,2.4114544084400906,1761,1966,2547,2513,2225,1658,0,0,0,-300,-50,0,30,-79,-118,-125,-44,-100,121,123,121,124,120,122,39,41,41,42,40,40,2,17,32,9,3,24
12.8961,,386,-40.43956043956044,12.571428571428571,-5.802197802197802,49.27472527472528,14.197802197802197,2.4114544084400906,1761,1966,2547,2506,2223,1658,0,0,0,-200,-50,0,86,-86,-118,-104,-44,-100,120,123,121,123,120,122,39,41,41,42,40,40,10,19,31,1,1,24
12.9295,,387,-38.32967032967033,12.043956043956044,-5.802197802197802,49.27472527472528,13.494505494505495,2.4114544084400906,1763,1966,2547,2502,2222,1658,50,0,0,-150,0,0,134,-128,-118,-86,-81,-100,120,123,121,123,120,122,39,41,41,42,40,40,17,31,32,11,12,24
12.9629,,388,-35.69230769230769,11.868131868131869,-5.802197802197802,49.362637362637365,12.43956043956044,2.4114544084400906,1771,1966,2547,2500,2218,1658,250,0,0,-50,-100,0,106,-140,-118,-76,-94,-100,120,122,121,123,120,122,39,41,41,42,40,40,28,45,31,12,12,24
12.9963,,389,-33.142857142857146,11.076923076923077,-5.802197802197802,49.362637362637365,11.032967032967033,2.4114544084400906,1784,1966,2547,2499,2213,1658,350,0,0,0,-150,0,253,-139,-118,-69,-125,-100,120,122,120,123,120,122,39,41,41,42,40,40,51,47,31,9,13,24
13.0297,,390,-29.978021978021978,10.54945054945055,-5.802197802197802,49.45054945054945,9.714285714285714,2.4114544084400906,1799,1966,2547,2499,2204,1658,400,0,0,0,-200,0,211,-183,-118,-69,-148,-100,120,122,120,123,119,121,39,41,41,42,40,40,53,70,31,10,25,24
13.0631,,391,-26.725274725274726,10.373626373626374,-5.714285714285714,49.62637362637363,8.571428571428571,2.4114544084400906,1816,1966,2547,2499,2194,1658,450,0,0,0,-300,0,369,-202,-118,-65,-179,-100,120,122,120,122,119,121,39,41,41,42,40,40,84,90,31,10,10,24
13.0965,,392,-23.736263736263737,10.197802197802197,-5.626373626373627,49.89010989010989,7.78021978021978,2.4114544084400906,1836,1966,2547,2499,2181,1658,550,0,0,0,-350,0,341,-199,-115,-58,-91,-100,119,121,120,122,119,121,39,41,41,42,40,40,106,92,30,7,13,23
13.1299,,393,-20.835164835164836,9.582417582417582,-5.450549450549451,50.065934065934066,7.428571428571429,2.4114544084400906,1861,1966,2547,2499,2169,1658,650,0,0,0,-350,0,375,-206,-111,-48,-66,-100,119,121,119,122,118,121,39,41,41,42,40,40,119,96,28,4,7,24
13.1633,,394,-18.373626373626372,8.791208791208792,-5.186813186813187,50.505494505494504,7.428571428571429,2.4114544084400906,1891,1966,2547,2499,2160,1658,800,0,0,0,-300,0,387,-236,-104,-41,-30,-100,119,121,119,121,118,120,39,41,41,42,40,40,105,117,23,3,7,24
13.1967,,395,-16.703296703296704,8.0,-5.362637362637362,52.26373626373626,7.428571428571429,2.4114544084400906,1921,1966,2547,2499,2153,1658,1000,0,0,0,-200,0,399,-287,-93,21,-97,-100,118,121,119,121,118,120,39,41,41,42,40,40,79,146,19,1,7,24
13.2301,,396,-15.736263736263735,6.681318681318682,-5.362637362637362,54.54945054945055,7.516483516483516,2.4114544084400906,1955,1966,2547,2499,2149,1658,1000,0,0,0,-150,0,352,-312,-101,90,-79,-100,118,120,118,121,117,120,39,41,41,42,40,40,51,184,23,9,6,24
13.2634,,397,-15.56043956043956,4.835164835164835,-5.186813186813187,57.18681318681319,7.78021978021978,2.4114544084400906,1986,1965,2547,2507,2146,1658,950,0,0,200,-100,0,262,-373,-101,88,-62,-100,118,120,118,121,117,119,39,41,41,42,40,40,26,232,22,18,6,23
13.2968,,398,-15.56043956043956,3.1648351648351647,-5.186813186813187,60.08791208791209,7.868131868131868,2.4114544084400906,2009,1957,2547,2522,2145,1658,750,-250,0,450,-50,0,157,-334,-93,140,-48,-100,118,120,118,121,117,119,39,41,41,42,40,40,8,245,19,17,3,23
13.3302,,399,-15.648351648351648,1.4065934065934067,-5.274725274725275,62.9010989010989,7.956043956043956,2.4114544084400906,2026,1946,2547,2542,2145,1658,600,-300,0,500,0,0,90,-356,-93,182,-44,-100,118,120,118,120,117,119,39,41,41,42,40,40,2,285,18,24,3,23
13.3636,,400,-15.648351648351648,-0.43956043956043955,-5.186813186813187,65.0989010989011,7.956043956043956,2.4114544084400906,2040,1931,2547,2566,2145,1658,400,-400,0,700,0,0,51,-394,-97,229,-41,-100,118,120,118,120,117,119,39,41,41,42,40,40,6,235,21,21,2,24
13.397,,401,-15.472527472527473,-1.7582417582417582,-5.0989010989010985,67.03296703296704,8.043956043956044,2.4114544084400906,2052,1914,2547,2591,2145,1658,450,-450,0,700,0,0,86,-405,-93,231,-41,-100,118,120,118,120,117,119,39,41,41,42,40,40,3,253,18,10,2,24
13.4303,,402,-15.472527472527473,-2.901098901098901,-5.010989010989011,69.58241758241758,8.219780219780219,2.4114544084400906,2058,1893,2547,2616,2145,1658,250,-600,0,800,0,0,69,-376,-90,212,-37,-100,118,120,118,120,117,119,39,41,41,42,40,40,4,171,17,4,1,23
13.4637,,403,-15.472527472527473,-3.956043956043956,-5.010989010989011,72.21978021978022,9.362637362637363,2.4114544084400906,2060,1873,2547,2641,2145,1658,100,-600,0,750,0,0,58,-428,-86,222,-30,-100,118,120,118,121,117,119,39,41,41,42,40,40,2,167,16,4,0,24
13.4971,,404,-15.648351648351648,-5.450549450549451,-4.923076923076923,74.68131868131869,10.593406593406593,2.4868123587038435,2060,1854,2547,2666,2145,1658,0,-550,0,750,0,0,58,-306,-86,255,66,-100,118,120,118,120,117,119,39,41,41,42,40,40,3,175,16,9,5,23
13.5305,,405,-16.263736263736263,-7.208791208791209,-4.923076923076923,76.87912087912088,12.0,2.4868123587038435,2060,1836,2547,2693,2149,1658,0,-550,0,800,150,0,51,-335,-83,344,115,-100,118,120,118,120,117,119,39,41,41,42,40,40,5,169,15,10,12,24
13.5639,,406,-16.703296703296704,-9.23076923076923,-4.923076923076923,78.72527472527473,13.406593406593407,2.4868123587038435,2060,1817,2547,2721,2157,1658,0,-550,0,850,250,0,-20,-335,-83,246,143,-100,118,120,118,121,117,119,39,41,41,42,40,40,1,156,15,5,6,24
13.5973,,407,-17.75824175824176,-11.252747252747254,-4.923076923076923,80.3076923076923,14.637362637362637,2.4868123587038435,2060,1798,2547,2747,2168,1658,0,-550,0,850,300,0,-23,-345,-83,303,71,-100,118,120,118,121,117,119,39,41,41,42,40,40,1,189,16,8,12,23
13.6307,,408,-18.46153846153846,-13.098901098901099,-4.835164835164835,82.15384615384616,15.956043956043956,2.4868123587038435,2061,1779,2547,2775,2180,1658,0,-550,0,800,400,0,-90,-437,-83,257,69,-100,118,120,118,121,117,119,39,41,41,42,40,40,10,201,16,3,5,23
13.6641,,409,-19.164835164835164,-14.32967032967033,-4.835164835164835,84.61538461538461,17.36263736263736,2.4868123587038435,2058,1757,2547,2798,2193,1658,0,-650,0,700,350,0,-110,-458,-79,190,187,-100,118,120,118,121,117,119,39,41,41,42,40,40,12,157,14,10,12,24
13.6975,,410,-20.395604395604394,-15.296703296703297,-4.835164835164835,87.51648351648352,18.505494505494507,2.4868123587038435,2052,1736,2547,2820,2207,1658,-200,-650,0,650,400,0,-119,-335,-79,201,190,-100,118,120,118,121,117,119,39,41,41,42,40,40,6,138,14,18,6,24
13.7309,,411,-21.714285714285715,-16.0,-4.835164835164835,89.89010989010988,19.47252747252747,2.4868123587038435,2045,1716,2547,2844,2220,1658,-200,-650,0,700,400,0,-147,-376,-79,228,93,-100,118,120,118,121,117,120,39,41,41,42,40,40,19,93,14,12,3,24
13.7642,,412,-22.76923076923077,-16.791208791208792,-4.835164835164835,92.35164835164835,20.0,2.4868123587038435,2034,1697,2547,2871,2234,1658,-300,-550,0,750,400,0,-72,-233,-79,313,72,-100,118,120,118,121,117,120,39,41,41,42,40,40,18,79,13,13,10,24
13.7976,,413,-23.824175824175825,-17.406593406593405,-4.835164835164835,94.28571428571429,20.263736263736263,2.4868123587038435,2020,1680,2547,2898,2247,1658,-400,-450,0,800,400,0,-142,-295,-79,226,118,-100,118,120,118,121,117,120,39,41,41,42,40,40,9,82,14,17,4,24
13.831,,414,-24.87912087912088,-18.021978021978022,-4.835164835164835,95.6043956043956,20.35164835164835,2.4868123587038435,2007,1667,2547,2923,2256,1658,-350,-450,0,800,300,0,-160,-198,-79,236,104,-100,118,120,118,121,117,120,39,41,41,42,40,40,6,87,14,8,3,24
13.8644,,415,-25.846153846153847,-18.373626373626372,-4.835164835164835,96.83516483516483,20.35164835164835,2.4868123587038435,1995,1655,2547,2949,2262,1658,-400,-350,0,750,200,0,-154,-263,-79,276,79,-100,118,120,118,121,117,120,39,41,41,42,40,40,3,63,15,7,3,24
13.8978,,416,-26.63736263736264,-18.813186813186814,-4.571428571428571,97.53846153846153,20.35164835164835,2.4868123587038435,1984,1644,2547,2972,2267,1658,-300,-350,0,650,150,0,-58,-224,-79,149,62,-100,118,120,118,121,117,120,39,41,41,42,40,40,8,59,13,4,2,24
13.9312,,417,-27.516483516483518,-19.516483516483518,-3.6923076923076925,97.71428571428571,20.35164835164835,2.4868123587038435,1975,1635,2547,2990,2270,1658,-350,-250,0,650,150,0,-44,-206,-69,80,48,-100,118,120,118,121,117,120,39,41,41,42,40,40,6,40,10,2,1,23
13.9646,,418,-28.571428571428573,-20.571428571428573,-2.3736263736263736,97.71428571428571,20.52747252747253,2.4868123587038435,1965,1627,2547,3005,2272,1658,-300,-200,0,500,100,0,-73,-151,24,132,41,-100,118,120,119,121,118,120,39,41,41,42,40,40,10,57,3,0,1,24
13.998,,419,-30.153846153846153,-21.36263736263736,-0.08791208791208792,97.71428571428571,21.054945054945055,2.4868123587038435,1954,1618,2550,3014,2274,1658,-300,-300,50,300,50,0,-159,-249,74,93,44,-100,118,120,118,121,118,120,39,41,41,42,40,40,6,57,0,0,2,24
14.0314,,420,-32.0,-22.153846153846153,2.8131868131868134,97.71428571428571,21.494505494505493,2.4868123587038435,1942,1608,2559,3018,2277,1658,-350,-250,200,150,50,0,-95,-229,133,72,63,-100,118,120,118,121,117,120,39,41,41,42,40,40,18,45,1,2,4,24
14.0647,,421,-33.40659340659341,-22.945054945054945,5.8901098901098905,97.71428571428571,21.67032967032967,2.4868123587038435,1929,1598,2574,3021,2280,1658,-400,-250,350,50,100,0,-120,-141,195,-55,62,-100,118,120,118,121,117,120,39,41,41,42,40,40,9,51,3,0,3,24
14.0981,,422,-34.285714285714285,-23.560439560439562,9.23076923076923,97.62637362637362,21.75824175824176,2.4868123587038435,1913,1588,2595,3024,2283,1658,-450,-300,550,100,150,0,-198,-208,155,51,55,-100,118,120,118,121,117,120,39,41,41,42,40,40,14,62,1,3,4,24
14.1315,,423,-34.72527472527472,-24.175824175824175,12.483516483516484,97.45054945054945,21.934065934065934,2.4868123587038435,1897,1578,2620,3025,2286,1658,-450,-300,750,50,100,0,-107,-222,212,44,51,-100,118,120,118,121,117,120,39,41,41,42,40,40,13,57,0,4,2,24
14.1649,,424,-34.81318681318681,-24.967032967032967,14.857142857142858,97.36263736263736,22.021978021978022,2.4868123587038435,1882,1570,2648,3026,2289,1658,-500,-250,800,50,50,0,-137,-123,241,34,48,-100,118,120,118,121,117,120,39,41,41,42,40,40,2,58,0,1,2,24
14.1983,,425,-34.9010989010989,-25.67032967032967,17.142857142857142,97.36263736263736,22.021978021978022,2.4868123587038435,1870,1561,2680,3026,2290,1658,-350,-250,1000,0,50,0,-86,-125,314,30,44,-100,118,120,118,121,118,120,39,41,41,42,40,40,0,61,0,0,2,24
14.2317,,426,-34.989010989010985,-26.46153846153846,19.164835164835164,97.36263736263736,22.197802197802197,2.4868123587038435,1864,1553,2714,3026,2291,1658,-250,-250,1000,0,50,0,-65,-110,194,30,41,-100,118,120,118,121,118,120,39,41,41,42,40,40,1,60,0,1,2,24
14.2651,,427,-35.604395604395606,-27.34065934065934,21.0989010989011,97.36263736263736,23.076923076923077,2.4868123587038435,1862,1545,2748,3026,2292,1658,-150,-250,950,0,0,0,-58,-202,151,30,-73,-100,118,120,118,121,118,120,39,41,41,42,40,40,3,48,0,0,1,23
14.2985,,428,-36.30769230769231,-28.307692307692307,22.857142857142858,97.36263736263736,24.307692307692307,2.4868123587038435,1859,1536,2778,3026,2295,1658,-50,-250,1000,0,100,0,-98,-228,148,30,96,-100,118,120,119,121,118,120,39,41,41,42,40,40,8,49,0,1,9,24
14.3319,,429,-36.83516483516483,-29.0989010989011,24.791208791208792,97.36263736263736,25.186813186813186,2.4868123587038435,1854,1527,2806,3026,2299,1658,-150,-250,900,0,100,0,-19,-146,110,30,132,-100,118,120,119,121,118,120,39,41,41,42,40,40,11,62,0,0,5,24
14.3653,,430,-37.62637362637363,-29.36263736263736,26.813186813186814,97.36263736263736,25.802197802197803,2.4868123587038435,1848,1518,2832,3026,2308,1658,-150,-300,800,0,200,0,-87,-216,88,30,38,-100,118,120,119,121,118,120,39,41,41,42,40,40,5,40,0,1,8,24
14.3987,,431,-38.68131868131868,-29.36263736263736,28.65934065934066,97.36263736263736,26.32967032967033,2.4868123587038435,1842,1509,2855,3026,2315,1658,-200,-250,700,0,250,0,-107,-181,166,30,108,-100,118,120,118,121,117,120,39,41,41,42,40,40,10,50,0,0,9,24
14.4321,,432,-39.824175824175825,-29.626373626373628,30.417582417582416,97.27472527472527,27.032967032967033,2.4868123587038435,1834,1501,2878,3026,2324,1658,-250,-200,700,0,250,0,-143,-160,95,30,124,-100,118,120,118,121,117,120,39,41,41,42,40,40,10,31,0,0,3,24
14.4655,,433,-41.05494505494506,-29.714285714285715,32.175824175824175,97.27472527472527,27.824175824175825,2.4868123587038435,1825,1495,2901,3026,2331,1658,-250,-200,650,0,200,0,-156,-61,81,27,126,-100,118,120,118,121,117,120,39,41,41,42,40,40,11,29,0,0,3,24
14.4989,,434,-42.9010989010989,-29.802197802197803,33.31868131868132,97.27472527472527,28.52747252747253,2.4868123587038435,1815,1491,2921,3026,2339,1658,-300,-150,650,0,250,0,-166,-132,71,27,126,-100,117,120,118,120,117,119,39,41,41,42,40,40,8,30,0,0,4,24
14.5323,,435,-44.65934065934066,-29.802197802197803,33.84615384615385,97.27472527472527,28.791208791208792,2.4868123587038435,1804,1488,2942,3026,2347,1658,-300,-100,650,0,250,0,-201,-125,30,27,28,-100,118,120,118,121,117,120,39,41,41,42,40,40,14,34,0,0,7,23
14.5656,,436,-46.417582417582416,-29.802197802197803,33.67032967032967,97.27472527472527,28.967032967032967,2.4868123587038435,1790,1485,2960,3026,2356,1658,-400,-50,550,0,250,0,-131,-115,51,27,83,-100,118,120,119,121,118,120,39,41,41,42,40,40,38,31,0,0,3,24
14.599,,437,-48.175824175824175,-29.978021978021978,33.40659340659341,97.27472527472527,29.23076923076923,2.4868123587038435,1775,1485,2968,3026,2360,1658,-450,0,300,0,150,0,-166,-115,0,27,-41,-100,118,121,119,121,118,120,39,41,41,42,40,40,25,33,0,1,3,23
14.6324,,438,-49.75824175824176,-30.153846153846153,33.40659340659341,97.27472527472527,29.318681318681318,2.4868123587038435,1758,1484,2972,3026,2366,1658,-450,0,150,0,100,0,-261,-122,-41,27,72,-100,118,120,119,121,118,120,39,41,41,42,40,40,42,28,24,0,4,24
14.6658,,439,-51.07692307692308,-30.153846153846153,33.40659340659341,97.27472527472527,30.10989010989011,2.4868123587038435,1741,1483,2972,3026,2369,1658,-500,-50,0,0,100,0,-171,-122,-44,27,62,-100,118,121,119,121,118,120,39,41,41,42,40,40,23,34,6,0,3,24
14.6992,,440,-52.21978021978022,-30.153846153846153,33.40659340659341,97.27472527472527,31.076923076923077,2.4868123587038435,1723,1483,2972,3026,2372,1658,-500,0,0,0,100,0,-240,-122,-44,27,93,-100,118,120,119,121,118,120,39,41,41,42,40,40,25,35,4,0,4,24
14.7326,,441,-53.362637362637365,-30.153846153846153,33.31868131868132,97.27472527472527,32.21978021978022,2.4868123587038435,1709,1483,2972,3026,2378,1658,-450,0,0,0,150,0,-253,-122,-44,27,128,-100,118,121,119,121,118,120,39,41,41,42,40,40,29,36,3,0,13,24
14.7659,,442,-54.505494505494504,-30.153846153846153,33.23076923076923,97.18681318681318,32.92307692307692,2.4868123587038435,1694,1483,2972,3026,2386,1658,-450,0,0,0,200,0,-241,-122,-48,27,62,-100,118,120,119,121,118,120,39,41,41,42,40,40,33,36,4,0,16,24
14.7993,,443,-55.56043956043956,-29.978021978021978,32.967032967032964,97.01098901098901,33.714285714285715,2.4868123587038435,1680,1483,2972,3026,2396,1658,-350,0,0,0,250,0,-231,-122,-51,23,38,-100,118,120,119,121,118,120,39,41,41,42,40,40,39,36,4,0,9,24
14.8327,,444,-56.26373626373626,-29.53846153846154,32.175824175824175,96.83516483516483,34.68131868131868,2.4868123587038435,1667,1483,2972,3026,2404,1658,-450,0,0,0,250,0,-132,-115,-62,0,131,-100,118,120,118,121,117,120,39,41,41,42,40,40,24,31,9,0,13,24
14.8661,,445,-56.43956043956044,-29.186813186813186,30.857142857142858,96.13186813186813,35.20879120879121,2.4868123587038435,1655,1483,2972,3025,2413,1658,-400,0,0,-50,250,0,-182,-97,-105,0,131,-100,118,120,118,121,117,120,39,41,41,42,40,40,38,21,22,0,9,24
14.8995,,446,-56.43956043956044,-29.01098901098901,29.626373626373628,94.9010989010989,35.2967032967033,2.4868123587038435,1644,1483,2972,3025,2423,1658,-300,0,0,0,250,0,-76,-76,-173,-69,39,-100,118,120,118,121,117,120,39,41,41,42,40,40,22,15,49,5,8,24
14.9329,,447,-56.35164835164835,-28.395604395604394,28.21978021978022,93.67032967032966,35.38461538461539,2.4868123587038435,1637,1483,2971,3022,2430,1658,-250,0,-50,-50,250,0,-132,-76,-216,-113,90,-100,118,120,118,121,117,120,39,41,41,42,40,40,14,12,86,11,1,24
14.9663,,448,-56.26373626373626,-27.34065934065934,26.813186813186814,92.61538461538461,35.38461538461539,2.4868123587038435,1633,1483,2968,3016,2435,1658,-150,0,-50,-150,150,0,-108,-40,-266,-139,72,-100,118,120,118,121,117,119,39,41,41,42,40,40,17,5,90,17,3,23
14.9997,,449,-56.26373626373626,-25.582417582417584,25.406593406593405,91.47252747252747,35.38461538461539,2.4868123587038435,1630,1483,2960,3004,2438,1658,-100,0,-250,-350,50,0,-97,0,-202,-133,62,-100,118,120,118,121,117,119,39,41,41,42,40,40,11,1,106,6,2,24
15.0331,,450,-56.26373626373626,-23.032967032967033,24.087912087912088,90.24175824175825,35.38461538461539,2.4868123587038435,1629,1489,2947,2994,2440,1658,-50,150,-350,-350,50,0,-90,-20,-211,-162,51,-100,118,120,118,121,117,120,39,41,41,42,40,40,15,6,101,4,2,24
15.0665,,451,-56.175824175824175,-20.13186813186813,22.681318681318682,89.01098901098901,35.38461538461539,2.4868123587038435,1627,1499,2934,2983,2442,1658,-50,250,-400,-250,50,0,-86,174,-323,-86,44,-100,118,120,118,121,117,119,39,41,41,42,40,40,8,10,97,18,1,23
15.0999,,452,-56.08791208791209,-17.318681318681318,21.0989010989011,87.6043956043956,35.2967032967033,2.4868123587038435,1626,1515,2919,2970,2444,1658,0,450,-450,-350,50,0,-79,233,-327,-173,41,-100,118,120,118,121,117,119,39,41,41,42,40,40,13,11,106,9,1,23
15.1333,,453,-56.0,-14.153846153846153,19.34065934065934,85.93406593406593,34.76923076923077,2.4868123587038435,1625,1537,2904,2958,2445,1658,-50,550,-450,-450,50,0,-69,271,-333,-181,30,-100,118,120,118,121,117,119,39,41,41,42,40,40,11,4,81,9,0,24
15.1666,,454,-55.91208791208791,-11.252747252747254,17.406593406593405,84.08791208791209,34.24175824175824,2.4868123587038435,1625,1561,2889,2943,2445,1658,0,700,-500,-350,0,0,-65,214,-343,-195,-23,-100,118,120,118,121,117,119,39,41,41,42,40,40,10,10,109,9,0,24
15.2,,455,-55.824175824175825,-8.87912087912088,15.384615384615385,82.85714285714286,33.8021978021978,2.4868123587038435,1625,1591,2872,2927,2445,1658,0,900,-500,-450,0,0,-62,246,-380,-232,-61,-100,118,120,118,121,117,119,39,41,41,42,40,40,9,7,132,17,4,24
15.2334,,456,-55.73626373626374,-6.593406593406593,13.274725274725276,81.8021978021978,33.362637362637365,2.4868123587038435,1625,1623,2854,2911,2443,1658,0,950,-550,-500,-100,0,-58,235,-395,-216,-62,-100,118,120,118,121,117,120,39,41,41,42,40,40,8,1,104,16,1,24
15.2668,,457,-55.64835164835165,-4.65934065934066,11.076923076923077,81.18681318681318,32.83516483516483,2.4868123587038435,1625,1655,2834,2894,2439,1658,0,950,-550,-500,-100,0,-55,207,-405,-101,-65,-100,118,120,118,121,117,120,39,41,41,42,40,40,7,0,93,4,2,24
15.3002,,458,-54.94505494505494,-2.901098901098901,8.703296703296703,81.0989010989011,32.21978021978022,2.4868123587038435,1625,1689,2813,2880,2435,1658,0,1000,-650,-400,-100,0,-51,159,-328,-140,49,-100,118,120,118,121,117,119,39,41,41,42,40,40,6,0,94,3,3,24
15.3336,,459,-53.45054945054945,-1.4065934065934067,6.593406593406593,81.0989010989011,31.692307692307693,2.4868123587038435,1625,1720,2791,2869,2430,1658,0,900,-650,-350,-150,0,17,195,-342,-111,-77,-100,118,120,118,121,117,119,39,41,41,42,40,40,2,0,141,1,9,24
15.367,,460,-51.51648351648352,0.08791208791208792,4.747252747252747,81.0989010989011,31.164835164835164,2.4868123587038435,1626,1748,2770,2862,2426,1658,0,900,-650,-250,-100,0,91,99,-368,37,-98,-100,118,120,118,121,117,119,39,41,41,42,40,40,0,0,148,0,8,23
15.4003,,461,-48.967032967032964,1.3186813186813187,3.076923076923077,81.0989010989011,30.63736263736264,2.4868123587038435,1631,1774,2746,2857,2421,1658,150,800,-700,-150,-100,0,156,56,-441,-62,-97,-100,118,120,118,121,117,119,39,41,41,42,40,40,19,0,137,3,10,23
15.4337,,462,-45.53846153846154,2.2857142857142856,1.4945054945054945,81.0989010989011,29.934065934065934,2.4868123587038435,1643,1797,2723,2854,2415,1658,250,750,-700,-150,-200,0,217,-20,-334,-48,-91,-100,118,120,118,120,117,119,39,41,41,42,40,40,21,0,109,2,5,24
15.4671,,463,-41.84615384615385,3.5164835164835164,0.0,81.0989010989011,29.406593406593405,2.4868123587038435,1658,1813,2702,2852,2409,1658,300,550,-650,-50,-150,0,296,63,-317,-41,17,-100,118,120,118,120,117,119,39,41,41,42,40,40,37,0,116,1,3,24
15.5005,,464,-38.32967032967033,4.65934065934066,-1.3186813186813187,81.0989010989011,28.52747252747253,2.4868123587038435,1678,1825,2684,2850,2402,1658,600,400,-600,-50,-200,0,281,94,-331,-34,-22,-100,118,120,118,120,117,119,39,41,41,42,40,40,56,0,124,0,7,24
15.5339,,465,-34.285714285714285,5.802197802197802,-2.6373626373626373,81.0989010989011,27.384615384615383,2.4868123587038435,1703,1838,2664,2849,2396,1658,750,350,-600,-50,-200,0,340,92,-309,-30,-128,-100,118,120,118,120,117,119,39,41,41,42,40,40,65,0,103,2,10,24
15.5673,,466,-30.153846153846153,6.945054945054945,-3.956043956043956,81.0989010989011,26.065934065934066,2.4868123587038435,1730,1850,2644,2848,2387,1658,750,400,-600,0,-250,0,401,91,-286,-30,-55,-100,117,119,118,120,117,119,39,41,41,42,40,40,83,0,87,0,13,24
15.6007,,467,-26.46153846153846,8.175824175824175,-5.362637362637362,81.0989010989011,24.747252747252748,2.4868123587038435,1759,1862,2628,2848,2378,1658,900,350,-550,0,-300,0,454,-32,-355,-27,-161,-100,117,119,117,120,116,119,39,41,41,42,40,40,127,0,101,0,7,24
15.6341,,468,-22.593406593406595,9.23076923076923,-6.593406593406593,81.0989010989011,23.34065934065934,2.4868123587038435,1795,1875,2611,2848,2367,1658,1050,350,-500,0,-350,0,478,83,-262,-27,-84,-100,117,119,117,120,116,119,39,41,41,42,40,40,145,0,94,0,20,24
15.6675,,469,-18.813186813186814,10.10989010989011,-7.56043956043956,81.0989010989011,22.373626373626372,2.4868123587038435,1836,1890,2595,2848,2353,1658,1150,450,-450,0,-350,0,513,97,-362,-27,-201,-100,118,120,118,120,117,119,39,41,41,42,40,40,128,0,109,0,13,24
15.7009,,470,-15.296703296703297,10.54945054945055,-8.263736263736265,81.0989010989011,21.67032967032967,2.4868123587038435,1877,1903,2581,2848,2340,1658,1350,400,-450,0,-400,0,422,74,-339,-27,-94,-100,118,121,119,121,118,120,39,41,41,42,40,40,104,0,109,0,4,24
15.7343,,471,-12.131868131868131,10.54945054945055,-8.615384615384615,81.0989010989011,21.23076923076923,2.4868123587038435,1921,1915,2567,2848,2328,1658,1300,400,-400,0,-450,0,496,27,-219,-27,-66,-100,119,121,119,122,118,121,39,41,41,42,40,40,83,2,90,0,7,24
15.7677,,472,-8.967032967032967,10.54945054945055,-8.703296703296703,81.01098901098901,21.23076923076923,2.4868123587038435,1965,1924,2557,2848,2317,1658,1300,350,-350,0,-350,0,472,-129,-181,-27,-118,-100,119,121,120,122,119,121,39,41,41,42,40,40,57,16,81,0,3,24
15.8011,,473,-5.802197802197802,10.54945054945055,-8.87912087912088,81.01098901098901,21.23076923076923,2.4868123587038435,2005,1927,2549,2848,2309,1658,1250,100,-250,0,-250,0,391,-55,-164,-30,-97,-100,120,122,120,122,119,121,39,41,41,42,40,40,64,21,86,1,2,24
15.8344,,474,-2.901098901098901,10.54945054945055,-8.87912087912088,81.01098901098901,21.23076923076923,2.4868123587038435,2046,1928,2543,2848,2305,1658,1200,50,-200,0,-100,0,370,-58,-234,-30,-76,-100,120,122,120,123,119,121,39,41,41,42,40,40,54,11,78,1,5,24
15.8678,,475,0.17582417582417584,10.54945054945055,-8.87912087912088,81.01098901098901,21.054945054945055,2.4868123587038435,2087,1928,2539,2848,2302,1658,1200,0,-100,0,-150,0,427,-58,-217,-30,-62,-100,120,122,120,123,119,122,39,41,41,42,40,40,55,9,84,1,4,24
15.9012,,476,3.4285714285714284,10.54945054945055,-8.87912087912088,81.01098901098901,20.52747252747253,2.4868123587038435,2125,1928,2537,2848,2299,1658,1100,0,-50,0,-100,0,412,-58,-206,-30,-58,-100,120,122,120,123,119,122,39,41,41,42,40,40,39,9,88,1,4,24
15.9346,,477,6.241758241758242,10.461538461538462,-8.87912087912088,81.01098901098901,19.912087912087912,2.4868123587038435,2160,1928,2535,2848,2296,1658,1100,0,-50,0,-50,0,402,-58,-199,-30,-69,-100,120,122,120,123,119,122,39,41,41,42,40,40,66,8,84,1,5,24
15.968,,478,9.142857142857142,10.285714285714286,-8.87912087912088,81.01098901098901,19.560439560439562,2.4868123587038435,2196,1928,2535,2848,2292,1658,1050,0,-50,0,-150,0,418,-62,-199,-30,-106,-100,120,122,120,123,119,122,39,41,41,42,40,40,71,9,88,1,4,24
16.0014,,479,12.131868131868131,10.10989010989011,-8.87912087912088,81.01098901098901,19.208791208791208,2.4868123587038435,2232,1928,2535,2848,2287,1658,1050,0,0,0,-150,0,405,-69,-199,-30,-80,-100,120,122,120,123,119,121,39,41,41,42,40,40,67,12,88,2,9,24
16.0348,,480,14.857142857142858,9.934065934065934,-8.87912087912088,81.01098901098901,18.593406593406595,2.4868123587038435,2265,1928,2535,2848,2283,1658,1050,0,0,0,-100,0,397,-76,-199,-30,-79,-100,120,122,120,123,119,121,39,41,41,42,40,40,64,13,88,1,7,24
16.0682,,481,17.142857142857142,9.758241758241759,-8.87912087912088,81.01098901098901,17.714285714285715,2.4868123587038435,2299,1928,2535,2848,2279,1658,1000,0,0,0,-100,0,381,-83,-199,-30,-94,-100,120,122,120,122,119,121,39,41,41,42,40,40,47,16,88,1,11,24
16.1016,,482,19.604395604395606,9.582417582417582,-8.87912087912088,81.01098901098901,17.01098901098901,2.4868123587038435,2332,1928,2535,2848,2273,1658,950,0,0,0,-150,0,352,-90,-199,-30,-29,-100,120,122,120,122,119,121,39,41,41,42,40,40,55,19,89,1,9,24
16.135,,483,21.978021978021978,9.494505494505495,-8.87912087912088,81.01098901098901,16.571428571428573,2.4868123587038435,2363,1928,2535,2849,2266,1658,950,0,0,50,-200,0,365,-97,-199,-118,-43,-100,120,122,120,122,119,121,39,41,41,42,40,40,53,22,88,2,17,24
16.1684,,484,24.087912087912088,9.494505494505495,-8.87912087912088,81.01098901098901,16.043956043956044,2.4868123587038435,2394,1928,2535,2849,2259,1658,950,0,0,0,-200,0,343,-101,-199,-34,-109,-100,119,122,120,122,119,121,39,41,41,42,40,40,49,22,88,2,7,25
16.2018,,485,26.373626373626372,9.23076923076923,-8.87912087912088,81.0989010989011,15.340659340659341,2.4868123587038435,2425,1928,2535,2849,2253,1658,900,0,0,0,-150,0,317,-101,-199,-34,-107,-100,120,122,120,122,119,121,39,41,41,42,40,40,52,22,88,2,8,24
16.2352,,486,28.65934065934066,8.703296703296703,-8.791208791208792,81.18681318681318,14.725274725274724,2.4868123587038435,2453,1928,2535,2849,2247,1658,850,0,0,0,-200,0,300,-111,-199,-30,-114,-100,120,122,120,122,119,121,39,41,41,42,40,40,47,28,88,0,15,24
16.2686,,487,30.76923076923077,8.263736263736265,-8.791208791208792,81.27472527472527,14.373626373626374,2.4868123587038435,2479,1928,2535,2849,2239,1658,800,0,0,0,-200,0,404,-150,-196,-27,-128,-100,119,122,120,122,119,121,39,41,41,42,40,40,53,43,85,1,6,24
16.302,,488,32.967032967032964,7.736263736263736,-8.791208791208792,81.36263736263736,14.021978021978022,2.4868123587038435,2506,1928,2535,2849,2233,1658,750,0,0,0,-200,0,305,-159,-196,-23,-104,-100,119,122,120,122,119,121,39,41,41,42,40,40,38,55,85,0,7,24
16.3354,,489,34.9010989010989,6.945054945054945,-8.615384615384615,81.53846153846153,13.934065934065934,2.4868123587038435,2533,1928,2535,2849,2227,1658,800,0,0,0,-200,0,296,-179,-196,0,-93,-100,119,121,120,122,119,121,39,41,41,42,40,40,61,71,85,0,2,24
16.3688,,490,37.010989010989015,6.153846153846154,-8.527472527472527,81.62637362637362,13.494505494505495,2.4868123587038435,2557,1928,2535,2849,2224,1658,800,0,0,0,-150,0,363,-219,-189,0,-79,-100,119,121,120,122,119,121,39,41,41,42,40,40,41,98,79,0,8,24
16.4022,,491,38.94505494505494,5.274725274725275,-8.527472527472527,81.71428571428571,12.967032967032967,2.4868123587038435,2582,1928,2535,2849,2220,1658,750,0,0,0,-100,0,268,-240,-185,23,-83,-100,119,121,119,122,118,121,39,41,41,42,40,40,38,123,76,0,6,24
16.4356,,492,40.79120879120879,4.395604395604396,-8.43956043956044,81.71428571428571,12.351648351648352,2.4868123587038435,2607,1928,2535,2849,2216,1658,750,0,0,0,-100,0,369,-295,-185,27,-24,-100,119,121,119,122,118,120,39,41,41,42,40,40,40,154,77,0,12,24
16.469,,493,42.637362637362635,3.5164835164835164,-8.263736263736265,81.8021978021978,11.736263736263735,2.4868123587038435,2629,1925,2535,2850,2211,1658,700,0,0,0,-150,0,268,-320,-181,27,-120,-100,118,120,118,121,117,120,39,41,41,42,40,40,36,156,73,0,10,23
16.5024,,494,44.21978021978022,2.8131868131868134,-8.263736263736265,82.24175824175825,11.472527472527473,2.4868123587038435,2652,1919,2535,2850,2206,1658,700,-150,0,50,-200,0,254,-245,-174,27,-118,-100,118,120,118,120,117,119,39,41,41,42,40,40,39,150,68,0,9,23
16.5357,,495,45.62637362637363,2.197802197802198,-8.263736263736265,83.38461538461539,11.384615384615385,2.4868123587038435,2674,1910,2535,2850,2200,1658,650,-250,0,0,-150,0,318,-315,-174,44,-97,-100,118,120,118,120,117,119,39,41,41,42,40,40,24,156,67,3,2,23
16.5691,,496,46.505494505494504,1.5824175824175823,-8.263736263736265,84.79120879120879,11.384615384615385,2.4868123587038435,2696,1900,2535,2854,2196,1658,650,-300,0,50,-150,0,288,-211,-174,101,-86,-100,118,120,118,120,117,119,39,41,41,42,40,40,35,160,67,11,11,24
16.6025,,497,46.857142857142854,0.8791208791208791,-8.263736263736265,86.54945054945055,11.384615384615385,2.4868123587038435,2715,1891,2535,2863,2194,1658,600,-300,0,200,-50,0,275,-228,-174,137,-76,-100,118,120,118,120,117,119,39,41,41,42,40,40,26,123,67,15,10,24
16.6359,,498,47.472527472527474,-0.08791208791208792,-8.263736263736265,88.04395604395604,11.296703296703297,2.4868123587038435,2732,1881,2535,2874,2192,1658,550,-300,0,300,-100,0,114,-220,-174,170,-69,-100,117,120,118,120,117,119,39,41,41,42,40,40,12,122,68,11,7,24
16.6693,,499,48.0,-1.4945054945054945,-8.263736263736265,89.36263736263736,11.208791208791208,2.4868123587038435,2746,1872,2535,2887,2191,1658,450,-250,0,350,-100,0,180,-313,-174,177,-69,-100,117,120,118,120,117,119,39,41,41,42,40,40,14,112,67,6,9,24
16.7027,,500,48.35164835164835,-3.2527472527472527,-8.175824175824175,90.50549450549451,11.208791208791208,2.4868123587038435,2757,1863,2535,2902,2189,1658,350,-250,0,450,-50,0,150,-338,-174,168,-65,-100,118,120,118,120,117,119,39,41,41,42,40,40,21,148,68,9,8,24
16.7361,,501,48.61538461538461,-5.186813186813187,-8.175824175824175,91.56043956043956,11.208791208791208,2.4868123587038435,2765,1851,2535,2917,2188,1658,250,-400,0,450,-50,0,62,-296,-171,97,-65,-100,118,120,118,121,117,120,39,41,41,42,40,40,20,143,66,6,5,24
16.7695,,502,48.61538461538461,-7.56043956043956,-8.175824175824175,92.35164835164835,11.208791208791208,2.4868123587038435,2773,1836,2535,2931,2188,1658,200,-500,0,400,0,0,37,-320,-171,168,-62,-100,118,120,118,121,117,120,39,41,41,42,40,40,19,146,65,5,7,23
16.8029,,503,48.61538461538461,-10.285714285714286,-8.175824175824175,92.96703296703296,11.208791208791208,2.4868123587038435,2778,1819,2535,2944,2188,1658,200,-500,0,400,0,0,101,-351,-171,54,-62,-100,118,120,118,121,118,120,39,41,41,42,40,40,11,151,66,4,8,24
16.8363,,504,48.61538461538461,-13.274725274725276,-8.175824175824175,93.49450549450549,11.296703296703297,2.4868123587038435,2782,1798,2535,2955,2187,1658,100,-600,0,350,-50,0,-34,-467,-171,113,-58,-100,118,120,118,121,118,120,39,41,41,42,40,40,7,159,66,1,7,24
16.8697,,505,48.61538461538461,-16.087912087912088,-8.175824175824175,93.58241758241758,11.384615384615385,2.4868123587038435,2785,1773,2535,2965,2187,1658,100,-700,0,300,0,0,72,-410,-171,-27,-55,-100,118,120,118,121,117,120,39,41,41,42,40,40,9,182,65,2,5,23
16.9031,,506,48.61538461538461,-19.164835164835164,-8.175824175824175,93.67032967032966,11.472527472527473,2.4868123587038435,2787,1746,2535,2971,2187,1658,50,-750,0,250,0,0,69,-446,-171,76,-51,-100,117,120,118,120,117,119,39,41,41,42,40,40,6,181,65,2,4,24
16.9365,,507,48.61538461538461,-21.978021978021978,-8.175824175824175,94.10989010989012,11.824175824175825,2.4868123587038435,2788,1718,2535,2976,2186,1658,50,-850,0,150,0,0,62,-461,-171,62,-44,-100,117,119,117,120,117,119,39,41,41,42,40,40,9,156,65,1,3,24
16.9699,,508,48.61538461538461,-24.087912087912088,-8.175824175824175,94.72527472527473,11.912087912087912,2.4868123587038435,2789,1686,2535,2981,2186,1658,50,-900,0,150,-50,0,58,-463,-171,62,-30,-100,117,119,117,120,117,119,39,41,41,42,40,40,7,151,65,2,0,24
17.0033,,509,48.61538461538461,-25.934065934065934,-8.175824175824175,95.6043956043956,11.912087912087912,2.4868123587038435,2789,1653,2535,2986,2186,1658,0,-950,0,150,0,0,58,-430,-171,-46,-27,-100,118,120,118,120,117,119,39,41,41,42,40,40,8,135,66,4,0,24
17.0367,,510,48.61538461538461,-27.252747252747252,-8.175824175824175,96.3076923076923,11.912087912087912,2.4868123587038435,2789,1621,2535,2992,2186,1658,0,-1000,0,150,0,0,58,-418,-171,112,-27,-100,118,120,118,121,118,120,39,41,41,42,40,40,8,118,66,9,0,24
17.0701,,511,48.61538461538461,-28.13186813186813,-8.087912087912088,96.57142857142857,11.912087912087912,2.4868123587038435,2789,1591,2534,3000,2186,1658,0,-900,0,250,0,0,58,-439,-167,105,-27,-100,118,121,119,121,118,120,39,41,41,42,40,40,8,91,64,4,0,24
17.1035,,512,48.61538461538461,-29.01098901098901,-8.087912087912088,96.57142857142857,11.736263736263735,2.4868123587038435,2789,1563,2534,3007,2186,1658,0,-850,0,200,0,0,58,-272,-164,72,-27,-100,119,121,119,122,118,121,39,41,41,42,40,40,9,59,60,2,0,24
17.1369,,513,48.61538461538461,-29.89010989010989,-8.087912087912088,96.57142857142857,11.648351648351648,2.4868123587038435,2789,1541,2534,3011,2186,1658,0,-650,0,150,0,0,58,-304,-164,-66,-34,-100,119,121,119,122,118,121,39,41,41,42,40,40,8,31,60,1,0,24
17.1703,,514,48.61538461538461,-30.945054945054945,-8.087912087912088,96.65934065934066,11.56043956043956,2.4868123587038435,2789,1520,2534,3015,2186,1658,0,-650,0,100,0,0,58,-254,-164,-80,-37,-100,119,121,119,122,119,121,39,41,41,42,40,40,8,30,60,1,2,24
17.2036,,515,48.61538461538461,-32.35164835164835,-8.0,96.65934065934066,11.472527472527473,2.4868123587038435,2789,1503,2534,3017,2186,1658,0,-550,0,100,0,0,58,-183,-164,-83,-41,-100,119,121,119,122,119,121,39,41,41,42,40,40,8,25,61,0,2,24
17.237,,516,48.61538461538461,-34.02197802197802,-7.912087912087912,96.65934065934066,11.472527472527473,2.4868123587038435,2789,1487,2534,3019,2186,1658,0,-450,0,50,0,0,58,-179,-160,27,-44,-100,119,121,119,122,119,121,39,41,41,42,40,40,8,29,58,0,3,24
17.2704,,517,48.61538461538461,-36.043956043956044,-7.56043956043956,96.65934065934066,11.472527472527473,2.4868123587038435,2789,1473,2534,3020,2186,1658,0,-450,0,50,0,0,58,-190,-157,23,-44,-100,119,121,119,122,118,121,39,41,41,42,40,40,9,47,56,0,3,24
17.3038,,518,48.61538461538461,-38.15384615384615,-6.593406593406593,96.57142857142857,11.472527472527473,2.4868123587038435,2789,1456,2534,3021,2186,1658,0,-450,0,0,0,0,58,-212,-143,0,-44,-100,119,121,119,122,118,121,39,41,41,42,40,40,9,51,45,0,3,23
17.3372,,519,48.61538461538461,-40.175824175824175,-5.010989010989011,96.48351648351648,11.472527472527473,2.4868123587038435,2789,1438,2534,3022,2186,1658,0,-550,0,50,0,0,58,-313,-88,0,-44,-100,119,121,119,122,118,121,39,41,41,42,40,40,8,55,26,0,3,24
17.3706,,520,48.61538461538461,-42.02197802197802,-2.989010989010989,96.3076923076923,11.472527472527473,2.4868123587038435,2789,1418,2534,3022,2186,1658,0,-650,0,0,0,0,58,-256,18,-23,-44,-100,119,121,120,122,119,121,39,41,41,42,40,40,8,56,6,0,4,23
17.404,,521,48.61538461538461,-42.81318681318681,-0.5274725274725275,96.13186813186813,11.384615384615385,2.4868123587038435,2789,1395,2538,3022,2186,1658,0,-650,50,0,0,0,58,-247,-28,-30,-44,-100,119,122,120,122,119,121,39,41,41,42,40,40,8,47,2,1,3,24
17.4373,,522,48.43956043956044,-42.72527472527472,2.2857142857142856,96.04395604395604,11.208791208791208,2.4868123587038435,2789,1372,2548,3022,2186,1658,0,-700,300,0,0,0,58,-174,155,-37,-48,-100,119,121,120,122,119,121,39,41,41,42,40,40,8,26,2,2,4,24
17.4707,,523,48.26373626373626,-42.37362637362637,5.186813186813187,95.42857142857143,11.208791208791208,2.4868123587038435,2789,1354,2564,3022,2186,1658,0,-650,400,0,0,0,51,-174,207,-41,-55,-100,119,122,120,122,119,121,39,41,41,42,40,40,6,7,9,3,6,24
17.5042,,524,48.175824175824175,-41.934065934065934,8.615384615384615,93.23076923076923,11.12087912087912,2.4868123587038435,2789,1340,2585,3022,2186,1658,0,-450,600,0,0,0,44,-118,174,-85,-55,-100,119,121,120,122,119,121,39,41,41,42,40,40,4,1,7,11,5,24
17.5376,,525,48.26373626373626,-41.84615384615385,11.956043956043956,90.50549450549451,11.12087912087912,2.4868123587038435,2789,1328,2610,3022,2186,1658,0,-450,700,0,0,0,41,-42,218,-147,-58,-100,119,121,119,122,118,121,39,41,41,42,40,40,4,1,9,32,7,23
17.5711,,526,48.26373626373626,-41.75824175824176,14.76923076923077,87.78021978021978,11.12087912087912,2.4868123587038435,2789,1324,2638,3013,2186,1658,0,-100,800,-100,0,0,44,-30,253,-175,-58,-100,119,121,119,122,118,121,39,41,41,42,40,40,4,0,7,65,6,24
17.6045,,527,48.26373626373626,-41.67032967032967,16.967032967032967,85.05494505494505,11.12087912087912,2.4868123587038435,2789,1321,2667,2996,2186,1658,0,-100,850,-450,0,0,44,0,262,-312,-58,-100,118,121,119,121,118,120,39,41,41,42,40,40,4,0,3,71,6,24
17.6379,,528,48.26373626373626,-41.582417582417584,18.813186813186814,82.5934065934066,11.12087912087912,2.4868123587038435,2789,1321,2700,2974,2186,1658,0,0,950,-650,0,0,44,0,233,-341,-58,-100,118,120,119,121,118,120,39,41,41,42,40,40,4,0,1,50,7,23
17.6713,,529,47.91208791208791,-41.582417582417584,19.956043956043956,80.83516483516483,11.12087912087912,2.4868123587038435,2789,1327,2733,2951,2186,1658,0,200,950,-750,0,0,44,0,222,-375,-58,-100,118,120,119,121,118,120,39,41,41,42,40,40,4,0,0,54,7,24
17.7047,,530,47.472527472527474,-41.142857142857146,20.483516483516482,79.51648351648352,11.12087912087912,2.4868123587038435,2789,1331,2765,2925,2186,1658,0,300,1000,-750,0,0,29,-44,141,-268,-58,-100,118,120,119,121,118,120,39,41,41,42,40,40,2,3,0,53,7,23
17.7381,,531,46.857142857142854,-40.0,20.571428571428573,78.28571428571429,11.12087912087912,2.4868123587038435,2789,1331,2793,2900,2186,1658,0,0,850,-750,0,0,0,-25,115,-310,-58,-100,118,120,119,121,118,120,39,41,41,42,40,40,0,1,0,28,6,24
17.7715,,532,45.18681318681319,-38.59340659340659,20.395604395604394,77.31868131868131,11.12087912087912,2.4868123587038435,2788,1335,2811,2878,2186,1658,0,50,750,-650,0,0,-52,64,-73,-270,-58,-100,118,120,118,121,117,120,39,41,41,42,40,40,5,0,9,30,7,23
17.8049,,533,42.54945054945055,-36.747252747252745,20.395604395604394,76.43956043956044,11.12087912087912,2.4868123587038435,2786,1343,2820,2860,2186,1658,-50,200,350,-600,0,0,-102,18,0,-179,-58,-100,118,120,118,121,117,120,39,41,41,42,40,40,10,1,34,27,7,24
17.8383,,534,39.38461538461539,-34.37362637362637,20.395604395604394,76.08791208791209,11.12087912087912,2.4868123587038435,2779,1354,2823,2844,2186,1658,-150,300,100,-500,0,0,-213,141,-41,-235,-58,-100,118,120,118,121,117,120,39,41,41,42,40,40,35,0,12,29,6,24
17.8717,,535,36.21978021978022,-31.824175824175825,20.21978021978022,76.0,11.12087912087912,2.4868123587038435,2764,1366,2823,2830,2186,1658,-350,350,0,-450,0,0,-286,189,-41,-171,-58,-100,118,120,118,121,117,120,39,41,41,42,40,40,38,3,3,10,6,23
17.9051,,536,32.879120879120876,-29.45054945054945,20.21978021978022,76.0,11.12087912087912,2.4868123587038435,2743,1382,2823,2820,2186,1658,-550,450,0,-300,0,0,-252,235,-48,-136,-58,-100,117,120,118,120,117,119,39,41,41,42,40,40,44,15,4,11,7,23
17.9385,,537,29.36263736263736,-27.692307692307693,20.21978021978022,76.0,11.12087912087912,2.4868123587038435,2719,1400,2822,2812,2186,1658,-700,500,-50,-200,0,0,-291,173,-44,-108,-58,-100,117,119,118,120,117,119,39,41,41,42,40,40,65,25,2,13,7,24
17.9719,,538,26.021978021978022,-26.46153846153846,20.21978021978022,76.0,11.12087912087912,2.4868123587038435,2689,1422,2822,2808,2186,1658,-900,650,0,-150,0,0,-342,190,-44,-93,-58,-100,117,119,117,120,116,119,39,41,41,42,40,40,52,13,4,8,7,23
18.0053,,539,22.76923076923077,-25.582417582417584,20.21978021978022,75.91208791208791,11.12087912087912,2.4868123587038435,2656,1446,2822,2804,2186,1658,-900,650,0,-100,0,0,-364,152,-44,-79,-58,-100,117,119,117,120,116,118,39,41,41,42,40,40,42,3,3,10,7,23
18.0387,,540,18.725274725274726,-25.318681318681318,20.21978021978022,75.91208791208791,11.208791208791208,2.4868123587038435,2623,1468,2823,2801,2186,1658,-1000,700,0,-100,0,0,-373,88,-44,-72,-58,-100,117,119,117,120,116,118,39,41,41,42,40,40,40,0,6,8,6,23
18.0721,,541,15.208791208791208,-24.967032967032967,20.21978021978022,75.91208791208791,11.208791208791208,2.4868123587038435,2588,1492,2823,2799,2186,1658,-1050,750,50,-50,0,0,-395,-37,-48,-62,-55,-100,117,119,117,119,116,118,39,41,41,42,40,40,50,0,4,8,4,24
18.1055,,542,11.692307692307692,-24.967032967032967,20.307692307692307,75.91208791208791,11.472527472527473,2.4868123587038435,2551,1505,2823,2798,2186,1658,-1050,500,0,0,0,0,-406,-76,-48,-58,-55,-100,117,119,117,120,116,119,39,41,41,42,40,40,49,3,4,6,5,23
18.1389,,543,7.648351648351649,-24.967032967032967,20.307692307692307,75.91208791208791,12.0,2.4868123587038435,2512,1513,2823,2797,2186,1658,-1150,250,0,-50,0,0,-436,0,-44,-55,-44,-100,118,120,118,121,117,119,39,41,41,42,40,40,61,0,4,7,3,24
18.1723,,544,3.868131868131868,-24.967032967032967,20.307692307692307,75.91208791208791,12.175824175824175,2.4868123587038435,2474,1517,2823,2797,2186,1658,-1150,250,0,0,0,0,-447,-34,-44,-55,19,-100,118,120,118,121,117,120,39,41,41,42,40,40,48,3,3,7,0,24
18.2057,,545,0.26373626373626374,-24.967032967032967,20.21978021978022,75.91208791208791,12.263736263736265,2.4868123587038435,2431,1517,2823,2797,2186,1658,-1250,0,0,0,0,0,-443,-34,-44,-55,0,-100,118,120,119,121,118,120,39,41,41,42,40,40,47,1,3,6,0,23
18.2391,,546,-3.4285714285714284,-24.967032967032967,20.21978021978022,76.0,12.703296703296703,2.4868123587038435,2387,1517,2823,2797,2186,1658,-1250,0,0,0,0,0,-434,-34,-48,-55,0,-100,118,121,119,121,118,120,39,41,41,42,40,40,30,1,4,6,0,24
18.2725,,547,-6.945054945054945,-24.967032967032967,20.21978021978022,76.08791208791209,13.758241758241759,2.4868123587038435,2347,1517,2823,2797,2186,1658,-1300,0,0,0,0,0,-455,-34,-48,-51,50,-100,118,121,119,121,118,120,39,41,41,42,40,40,26,2,4,5,3,24
18.3059,,548,-10.373626373626374,-24.967032967032967,20.395604395604394,76.26373626373626,14.725274725274724,2.4868123587038435,2304,1517,2823,2797,2186,1658,-1250,0,0,0,0,0,-444,-34,-48,-48,105,-100,118,121,119,121,118,120,39,41,41,42,40,40,40,1,4,5,15,23
18.3393,,549,-13.45054945054945,-24.967032967032967,20.571428571428573,76.43956043956044,15.516483516483516,2.4868123587038435,2261,1517,2823,2797,2193,1658,-1250,0,0,0,200,0,-431,-34,-41,-41,118,-100,118,121,119,121,118,120,39,41,41,42,40,40,15,1,2,4,7,24
18.3727,,550,-16.0,-24.967032967032967,20.65934065934066,76.52747252747253,16.21978021978022,2.4868123587038435,2221,1517,2823,2797,2201,1658,-1250,0,0,0,250,0,-406,-34,-34,-34,111,-100,118,121,119,121,118,120,39,41,41,42,40,40,28,2,1,1,1,23
18.4061,,551,-18.021978021978022,-25.054945054945055,20.65934065934066,76.61538461538461,16.65934065934066,2.4868123587038435,2181,1517,2823,2797,2209,1658,-1200,0,0,0,200,0,-365,-34,-30,-30,103,-100,118,121,119,121,118,120,39,41,41,42,40,40,21,1,0,1,3,24
18.4395,,552,-19.604395604395606,-25.494505494505493,20.65934065934066,76.61538461538461,17.01098901098901,2.4868123587038435,2141,1517,2823,2797,2217,1658,-1200,0,0,0,250,0,-258,-37,-30,-27,20,-100,119,121,119,122,118,120,39,41,41,42,40,40,4,2,0,0,6,23
18.4729,,553,-20.395604395604394,-26.021978021978022,20.483516483516482,76.61538461538461,17.01098901098901,2.4868123587038435,2108,1517,2823,2797,2223,1658,-1150,0,0,0,200,0,-271,-62,-30,-27,84,-100,119,121,119,122,118,121,39,41,41,42,40,40,1,8,0,0,4,24
18.5063,,554,-20.571428571428573,-26.98901098901099,20.21978021978022,76.61538461538461,17.0989010989011,2.4868123587038435,2078,1517,2823,2797,2228,1658,-900,0,0,0,200,0,-174,-83,-37,-27,65,-100,119,121,119,122,118,120,39,41,41,42,40,40,0,16,1,0,2,24
18.5397,,555,-20.571428571428573,-28.307692307692307,20.13186813186813,76.35164835164835,17.0989010989011,2.4868123587038435,2054,1517,2823,2797,2232,1658,-750,0,0,0,100,0,-164,-135,-48,-27,55,-100,118,120,119,121,118,120,39,41,41,42,40,40,0,33,4,0,1,23
18.5731,,556,-20.571428571428573,-29.978021978021978,20.043956043956044,76.26373626373626,17.45054945054945,2.4868123587038435,2036,1517,2823,2797,2234,1658,-550,0,0,0,100,0,-97,-185,-51,-40,44,-100,118,120,118,121,117,119,39,41,41,42,40,40,0,65,5,2,0,24
18.6065,,557,-20.21978021978022,-31.736263736263737,20.043956043956044,76.26373626373626,17.89010989010989,2.4868123587038435,2028,1513,2823,2797,2237,1658,-350,-50,0,0,50,0,-72,-254,-55,-41,57,-100,118,120,118,121,117,120,39,41,41,42,40,40,1,85,5,3,3,24
18.6399,,558,-19.86813186813187,-33.582417582417584,19.956043956043956,76.17582417582418,18.153846153846153,2.4868123587038435,2024,1504,2823,2797,2240,1658,-150,-250,0,0,100,0,-41,-208,-55,-41,64,-100,118,120,118,121,117,120,39,41,41,42,40,40,0,116,5,4,3,23
18.6733,,559,-19.516483516483518,-35.956043956043956,19.86813186813187,76.08791208791209,18.153846153846153,2.4868123587038435,2024,1491,2823,2797,2244,1658,-50,-300,0,0,100,0,-23,-236,-58,-44,51,-100,118,120,118,121,117,120,39,41,41,42,40,40,0,87,7,4,1,23
18.7067,,560,-19.34065934065934,-38.68131868131868,19.86813186813187,76.0,18.153846153846153,2.4868123587038435,2024,1475,2823,2797,2247,1658,0,-450,0,0,100,0,23,-356,-62,-48,41,-100,118,120,118,121,117,120,39,41,41,42,40,40,1,99,8,4,1,24
18.7401,,561,-19.076923076923077,-41.05494505494506,19.78021978021978,76.0,18.153846153846153,2.4868123587038435,2024,1455,2823,2797,2248,1658,0,-600,0,0,50,0,30,-407,-62,-51,37,-100,118,120,118,121,117,120,39,41,41,42,40,40,2,99,8,5,1,23
18.7735,,562,-18.98901098901099,-43.252747252747255,19.692307692307693,75.91208791208791,18.153846153846153,2.4868123587038435,2024,1431,2823,2797,2250,1658,0,-700,0,0,50,0,41,-338,-65,-51,34,-100,118,120,118,121,117,120,39,41,41,42,40,40,4,95,9,5,0,22
18.8069,,563,-18.98901098901099,-45.010989010989015,19.164835164835164,75.91208791208791,18.153846153846153,2.4868123587038435,2024,1407,2823,2797,2251,1658,0,-700,0,0,50,0,44,-334,-69,-55,27,-100,118,120,118,121,118,120,39,41,41,42,40,40,4,108,10,7,0,23
18.8402,,564,-18.98901098901099,-45.97802197802198,17.846153846153847,76.0,18.153846153846153,2.4868123587038435,2024,1380,2823,2797,2251,1658,0,-750,0,0,0,0,44,-391,-93,-55,27,-100,118,120,118,121,118,120,39,41,41,42,40,40,4,68,19,5,0,24
18.8736,,565,-18.46153846153846,-46.15384615384615,15.912087912087912,76.0,18.065934065934066,2.4868123587038435,2023,1355,2823,2797,2251,1658,-50,-750,0,0,0,0,48,-230,-167,-51,27,-100,118,121,119,121,118,120,39,41,41,42,40,40,4,67,39,5,0,24
18.9071,,566,-17.494505494505493,-46.15384615384615,13.714285714285714,76.08791208791209,17.89010989010989,2.4868123587038435,2023,1333,2822,2797,2251,1658,0,-700,0,0,0,0,84,-259,-158,-51,23,-100,118,120,119,121,118,120,39,41,41,42,40,40,12,22,95,4,0,24
18.9405,,567,-16.52747252747253,-45.53846153846154,11.604395604395604,76.08791208791209,17.802197802197803,2.4868123587038435,2026,1319,2817,2797,2251,1658,50,-500,-100,0,0,0,125,-107,-320,-48,0,-100,118,120,119,121,118,120,39,41,41,42,40,40,18,12,99,4,0,24
18.9739,,568,-15.296703296703297,-44.92307692307692,9.758241758241759,76.08791208791209,17.714285714285715,2.4868123587038435,2033,1309,2806,2797,2251,1658,150,-400,-250,0,0,0,131,-118,-367,-48,0,-100,118,120,119,121,118,120,39,41,41,42,40,40,16,7,127,5,0,24
19.0073,,569,-14.153846153846153,-43.252747252747255,8.263736263736265,76.08791208791209,17.626373626373628,2.4868123587038435,2041,1304,2790,2797,2251,1658,200,-200,-400,0,0,0,157,-81,-383,-48,-23,-100,118,120,118,121,118,120,39,41,41,42,40,40,25,3,144,4,0,24
19.0407,,570,-12.747252747252746,-41.05494505494506,7.2967032967032965,76.26373626373626,17.626373626373628,2.4868123587038435,2050,1303,2773,2797,2251,1658,300,-50,-500,0,0,0,186,17,-314,-48,-27,-100,118,120,119,121,118,120,39,41,41,42,40,40,20,2,134,4,0,24
19.0741,,571,-11.076923076923077,-38.857142857142854,6.945054945054945,76.35164835164835,17.626373626373628,2.4868123587038435,2061,1308,2755,2797,2251,1658,300,150,-550,0,0,0,201,37,-279,-41,-27,-100,118,121,119,121,118,120,39,41,41,42,40,40,29,12,105,4,0,24
19.1075,,572,-8.967032967032967,-36.48351648351648,6.857142857142857,76.35164835164835,17.53846153846154,2.4868123587038435,2074,1318,2740,2797,2251,1658,350,250,-500,0,0,0,222,180,-209,-37,-27,-100,118,121,119,121,118,120,39,41,41,42,40,40,27,10,87,2,0,24
19.1409,,573,-6.857142857142857,-33.934065934065934,6.681318681318682,76.35164835164835,17.36263736263736,2.4868123587038435,2089,1331,2728,2797,2251,1658,450,400,-350,0,0,0,251,137,-167,-37,-30,-100,118,120,119,121,118,120,39,41,41,42,40,40,29,17,83,3,1,24
19.1743,,574,-5.010989010989011,-31.47252747252747,6.153846153846154,76.35164835164835,16.835164835164836,2.4868123587038435,2106,1349,2719,2797,2251,1658,500,550,-250,0,0,0,183,173,-227,-37,-37,-100,118,120,119,121,118,120,39,41,41,42,40,40,36,23,75,2,1,24
19.2077,,575,-3.076923076923077,-29.0989010989011,5.362637362637362,76.43956043956044,14.989010989010989,2.4868123587038435,2125,1371,2712,2797,2251,1658,550,600,-200,0,0,0,211,301,-159,-37,-75,-100,118,120,118,121,117,120,39,41,41,42,40,40,34,13,83,2,8,24
19.2411,,576,-0.7912087912087912,-26.725274725274726,4.3076923076923075,76.43956043956044,12.791208791208792,2.4868123587038435,2145,1396,2706,2797,2249,1658,550,700,-150,0,0,0,219,223,-259,-34,-135,-100,118,120,118,121,117,120,39,41,41,42,40,40,35,12,78,1,25,24
19.2745,,577,1.4065934065934067,-24.263736263736263,3.1648351648351647,76.43956043956044,10.32967032967033,2.4868123587038435,2164,1421,2700,2797,2240,1658,600,800,-200,0,-150,0,232,221,-277,-34,-127,-100,118,120,118,121,117,120,39,41,41,42,40,40,48,10,108,1,40,23
19.3079,,578,3.5164835164835164,-22.065934065934066,2.021978021978022,76.43956043956044,8.483516483516484,2.4868123587038435,2186,1449,2692,2797,2224,1658,600,800,-200,0,-400,0,240,215,-291,-34,-257,-100,118,120,118,121,117,120,39,41,41,42,40,40,46,1,82,0,39,24
19.3413,,579,5.010989010989011,-19.692307692307693,1.054945054945055,76.43956043956044,7.252747252747253,2.4114544084400906,2208,1480,2684,2797,2205,1658,650,900,-200,0,-550,0,328,190,-217,-34,-260,-100,118,120,118,121,117,120,39,41,41,42,40,40,43,0,140,1,24,23
19.3748,,580,5.978021978021978,-16.967032967032967,0.5274725274725275,76.52747252747253,6.637362637362638,2.4114544084400906,2230,1510,2676,2797,2187,1658,700,950,-250,0,-550,0,243,201,-331,-34,-259,-100,118,120,118,121,117,120,39,41,41,42,40,40,44,0,136,1,27,24
19.4083,,581,6.5054945054945055,-14.417582417582418,0.5274725274725275,76.61538461538461,6.549450549450549,2.4114544084400906,2252,1542,2665,2797,2169,1658,700,950,-300,0,-550,0,277,193,-207,-30,-111,-100,118,121,119,121,118,120,39,41,41,42,40,40,26,0,82,1,12,24
19.4417,,582,7.2967032967032965,-12.131868131868131,0.6153846153846154,76.79120879120879,6.549450549450549,2.4114544084400906,2270,1573,2657,2797,2156,1658,550,900,-250,0,-400,0,213,181,-255,-27,-143,-100,119,121,119,121,118,120,39,41,41,42,40,40,18,0,78,0,3,23
19.4751,,583,8.175824175824175,-9.494505494505495,0.5274725274725275,77.49450549450549,6.373626373626373,2.260738507912585,2285,1604,2651,2798,2147,1658,450,900,-200,50,-250,0,198,244,-227,-23,-108,-100,119,121,119,122,118,121,39,41,41,42,40,40,18,0,91,13,3,23
19.5085,,584,9.142857142857142,-6.857142857142857,0.43956043956043955,78.54945054945055,5.846153846153846,2.260738507912585,2297,1633,2647,2798,2140,1658,400,900,-150,0,-250,0,209,178,-220,59,-97,-100,119,121,119,122,118,121,39,41,41,42,40,40,16,0,80,4,1,24
19.5419,,585,10.021978021978022,-4.747252747252747,0.5274725274725275,79.16483516483517,5.230769230769231,2.260738507912585,2309,1664,2644,2801,2135,1658,350,950,-100,50,-150,0,116,170,-213,98,-111,-100,119,121,119,122,118,121,39,41,41,42,40,40,30,0,92,7,8,24
19.5753,,586,10.725274725274724,-2.4615384615384617,0.5274725274725275,80.13186813186813,5.054945054945055,2.260738507912585,2320,1695,2644,2808,2130,1658,350,900,-50,150,-200,0,102,144,-206,77,-113,-100,119,121,119,122,118,121,39,41,41,42,40,40,32,0,90,3,13,24
19.6087,,587,11.252747252747254,-0.6153846153846154,0.5274725274725275,81.0989010989011,4.967032967032967,2.260738507912585,2330,1724,2644,2814,2124,1658,300,900,0,200,-150,0,171,123,-206,110,-86,-100,119,121,119,122,118,120,39,41,41,42,40,40,20,0,92,5,6,24
19.6421,,588,11.516483516483516,0.3516483516483517,0.7032967032967034,81.8021978021978,5.054945054945055,2.260738507912585,2340,1753,2644,2824,2121,1658,300,900,0,250,-150,0,146,84,-206,104,-76,-100,119,121,119,122,118,120,39,41,41,42,40,40,21,0,92,2,9,24
19.6755,,589,11.340659340659341,0.5274725274725275,0.8791208791208791,82.85714285714286,5.318681318681318,2.260738507912585,2348,1782,2644,2833,2118,1658,250,800,0,250,-100,0,48,49,-199,115,-65,-100,119,121,119,122,118,121,39,41,41,42,40,40,20,0,87,6,6,24
19.7089,,590,10.637362637362637,0.5274725274725275,0.967032967032967,84.43956043956044,5.582417582417582,2.3360964581763377,2354,1800,2644,2841,2117,1658,200,500,0,250,-50,0,101,37,-192,133,-48,-100,119,121,119,122,118,121,39,41,41,42,40,40,13,1,81,4,4,24
19.7423,,591,9.406593406593407,0.17582417582417584,0.967032967032967,86.37362637362638,5.758241758241758,2.3360964581763377,2356,1811,2644,2852,2117,1658,100,400,0,300,0,0,47,-129,-189,158,-37,-100,119,121,119,122,118,121,39,41,41,42,40,40,5,19,78,4,1,24
19.7757,,592,7.208791208791209,-0.3516483516483517,0.967032967032967,87.95604395604396,6.637362637362638,2.3360964581763377,2357,1813,2644,2865,2116,1658,0,100,0,350,0,0,-47,-69,-189,102,-27,-100,119,121,119,122,118,121,39,41,41,42,40,40,2,18,79,7,0,24
19.8091,,593,4.923076923076923,-0.6153846153846154,0.967032967032967,89.36263736263736,8.131868131868131,2.4114544084400906,2356,1812,2643,2879,2115,1658,0,0,-50,450,0,0,-134,-86,-185,131,70,-100,119,121,119,122,118,120,39,41,41,42,40,40,17,25,76,9,5,24
19.8425,,594,2.197802197802198,-0.8791208791208791,0.967032967032967,90.94505494505495,9.802197802197803,2.4114544084400906,2346,1811,2642,2896,2118,1658,-200,-50,-50,450,0,0,-202,-97,-181,126,43,-100,119,121,119,121,118,120,39,41,41,42,40,40,25,24,73,11,13,23
19.8759,,595,-0.967032967032967,-0.967032967032967,0.967032967032967,91.91208791208791,11.384615384615385,2.4114544084400906,2332,1811,2642,2912,2127,1658,-350,-50,0,500,200,0,-172,-104,-181,126,78,-100,119,121,119,121,118,120,39,41,41,42,40,40,24,27,74,9,20,24
19.9093,,596,-3.868131868131868,-1.054945054945055,0.967032967032967,92.43956043956044,12.967032967032967,2.4114544084400906,2313,1812,2642,2926,2140,1658,-500,0,0,500,350,0,-229,-111,-181,181,182,-100,118,120,119,121,118,120,39,41,41,42,40,40,37,29,73,3,12,24
19.9427,,597,-6.681318681318682,-1.4065934065934067,0.967032967032967,92.7032967032967,14.725274725274724,2.4114544084400906,2293,1812,2642,2939,2153,1658,-600,0,0,350,400,0,-356,-115,-181,54,103,-100,118,120,119,121,118,120,39,41,41,42,40,40,38,34,73,8,20,24
19.9761,,598,-9.23076923076923,-1.5824175824175823,1.054945054945055,92.7032967032967,16.13186813186813,2.4114544084400906,2267,1812,2642,2951,2169,1658,-750,0,0,350,400,0,-311,-136,-181,122,226,-100,118,120,118,121,118,120,39,41,41,42,40,40,66,42,72,5,17,23
20.0095,,599,-11.956043956043956,-1.6703296703296704,1.054945054945055,92.7032967032967,17.36263736263736,2.4114544084400906,2237,1812,2642,2958,2185,1658,-900,0,0,200,500,0,-314,-136,-178,90,133,-100,118,120,118,121,117,120,39,41,41,42,40,40,37,45,71,1,8,24
20.0429,,600,-14.857142857142858,-1.6703296703296704,1.054945054945055,92.7032967032967,19.032967032967033,2.4114544084400906,2206,1812,2642,2962,2201,1658,-950,0,0,150,450,0,-302,-139,-178,69,204,-100,118,120,118,121,117,120,39,41,41,42,40,40,24,46,69,4,13,24
20.0763,,601,-17.75824175824176,-1.6703296703296704,1.1428571428571428,92.7032967032967,20.87912087912088,2.4114544084400906,2174,1812,2642,2966,2216,1658,-900,0,0,100,450,0,-299,-139,-178,58,130,-100,118,120,118,121,117,119,39,41,41,42,40,40,15,45,70,2,11,24
20.1097,,602,-20.835164835164836,-1.6703296703296704,1.1428571428571428,92.7032967032967,22.63736263736264,2.4114544084400906,2143,1812,2642,2968,2234,1658,-950,0,0,50,500,0,-301,-139,-174,48,224,-100,118,120,118,121,117,119,39,41,41,42,40,40,18,45,66,2,12,24
20.1431,,603,-23.912087912087912,-1.6703296703296704,1.1428571428571428,92.7032967032967,24.13186813186813,2.4114544084400906,2113,1812,2642,2970,2252,1658,-850,0,0,50,550,0,-337,-139,-174,-76,251,-100,118,120,118,120,117,119,39,41,41,42,40,40,17,45,68,1,20,23
20.1765,,604,-26.63736263736264,-1.6703296703296704,1.1428571428571428,92.7032967032967,25.45054945054945,2.4114544084400906,2083,1812,2642,2971,2270,1658,-950,0,0,50,550,0,-343,-139,-174,41,155,-100,118,120,118,120,117,119,39,41,41,42,40,40,44,45,67,2,7,24
20.2099,,605,-29.53846153846154,-1.6703296703296704,1.1428571428571428,92.79120879120879,26.681318681318682,2.4114544084400906,2049,1812,2642,2971,2288,1658,-950,0,0,50,500,0,-337,-139,-174,37,137,-100,117,119,118,120,117,119,39,41,41,42,40,40,33,45,67,2,5,23
20.2433,,606,-32.26373626373626,-1.4945054945054945,1.2307692307692308,92.79120879120879,27.824175824175825,2.4114544084400906,2015,1812,2642,2971,2302,1658,-1000,0,0,0,500,0,-324,-139,-174,41,214,-100,117,119,117,120,116,119,39,41,41,42,40,40,27,45,67,3,15,23
20.2767,,607,-34.54945054945055,-1.1428571428571428,1.2307692307692308,92.79120879120879,28.791208791208792,2.4114544084400906,1982,1812,2642,2971,2317,1658,-1050,0,0,0,500,0,-340,-132,-171,41,225,-100,117,119,117,120,116,119,39,41,41,42,40,40,29,40,64,4,13,23
20.3101,,608,-36.48351648351648,-0.7912087912087912,1.2307692307692308,92.79120879120879,29.75824175824176,2.4114544084400906,1949,1812,2642,2971,2333,1658,-1000,0,0,0,450,0,-317,-115,-171,41,115,-100,117,120,118,120,117,119,39,41,41,42,40,40,18,31,65,3,4,23
20.3434,,609,-38.417582417582416,-0.6153846153846154,1.2307692307692308,92.79120879120879,30.63736263736264,2.4114544084400906,1916,1812,2642,2971,2347,1658,-950,0,0,0,400,0,-275,-104,-171,41,184,-100,118,120,118,120,117,119,39,41,41,42,40,40,10,24,64,4,9,24
20.3768,,610,-40.26373626373626,-0.26373626373626374,1.2307692307692308,92.79120879120879,31.252747252747252,2.4114544084400906,1888,1812,2642,2971,2360,1658,-900,0,0,0,400,0,-236,-97,-171,41,76,-100,118,120,118,121,117,119,39,41,41,42,40,40,4,22,65,3,7,23
20.4102,,611,-41.934065934065934,0.17582417582417584,1.3186813186813187,93.05494505494505,31.86813186813187,2.4114544084400906,1860,1812,2642,2971,2372,1658,-800,0,0,0,400,0,-291,-83,-171,41,40,-100,118,120,118,121,117,119,39,41,41,42,40,40,15,15,65,3,10,24
20.4436,,612,-43.69230769230769,0.5274725274725275,1.3186813186813187,94.02197802197803,32.57142857142857,2.4114544084400906,1835,1812,2642,2971,2382,1658,-750,0,0,0,300,0,-212,-53,-167,51,144,-100,118,120,118,121,117,119,39,41,41,42,40,40,10,9,62,6,3,24
20.4771,,613,-45.45054945054945,1.054945054945055,1.3186813186813187,95.16483516483517,33.362637362637365,2.4114544084400906,1815,1812,2642,2972,2391,1658,-650,0,0,0,300,0,-201,-50,-167,114,137,-100,118,120,118,120,117,119,39,41,41,42,40,40,12,7,61,7,8,24
20.5105,,614,-46.76923076923077,1.4945054945054945,1.3186813186813187,96.13186813186813,34.065934065934066,2.4114544084400906,1796,1812,2642,2979,2401,1658,-550,0,0,150,250,0,-197,-23,-167,47,129,-100,118,120,118,120,117,119,39,41,41,42,40,40,21,3,61,19,2,24
20.5439,,615,-47.73626373626374,1.7582417582417582,1.3186813186813187,96.48351648351648,34.24175824175824,2.4114544084400906,1775,1814,2642,2988,2409,1658,-600,50,0,250,250,0,-167,0,-167,131,32,-100,118,120,118,120,117,119,39,41,41,42,40,40,15,0,62,10,4,23
20.5773,,616,-47.91208791208791,1.7582417582417582,1.3186813186813187,96.57142857142857,34.32967032967033,2.4114544084400906,1757,1819,2642,2996,2417,1658,-550,150,0,250,250,0,-210,-27,-167,116,86,-100,117,120,118,120,117,119,39,41,41,42,40,40,24,1,61,3,3,24
20.6107,,617,-47.73626373626374,1.7582417582417582,1.3186813186813187,96.48351648351648,34.32967032967033,2.4114544084400906,1743,1822,2642,3001,2421,1658,-400,50,0,150,150,0,-171,-37,-167,90,79,-100,117,120,118,120,117,119,39,41,41,42,40,40,11,4,63,5,1,23
20.6441,,618,-47.120879120879124,1.7582417582417582,1.054945054945055,96.21978021978022,33.97802197802198,2.4114544084400906,1734,1823,2642,3005,2425,1658,-350,50,0,100,150,0,-122,-41,-167,72,-55,-100,117,120,118,120,117,119,39,41,41,42,40,40,13,5,62,4,1,24
20.6775,,619,-45.89010989010989,1.7582417582417582,0.967032967032967,96.13186813186813,33.714285714285715,2.4114544084400906,1728,1823,2642,3007,2427,1658,-200,0,0,100,50,0,-61,-41,-178,51,41,-100,117,120,118,120,117,119,39,41,41,42,40,40,5,3,71,3,1,24
20.7109,,620,-43.78021978021978,1.7582417582417582,0.8791208791208791,95.95604395604396,33.45054945054945,2.4114544084400906,1726,1823,2642,3007,2427,1658,-100,0,0,0,0,0,40,-41,-181,48,30,-100,117,120,118,120,117,119,39,41,41,42,40,40,3,3,73,3,0,24
20.7443,,621,-41.494505494505496,1.7582417582417582,0.7032967032967034,95.86813186813187,33.18681318681319,2.4868123587038435,1729,1823,2642,3007,2427,1658,50,0,0,0,0,0,122,-41,-185,41,0,-100,117,120,118,120,117,119,39,41,41,42,40,40,2,4,74,3,0,23
20.7777,,622,-38.94505494505494,1.7582417582417582,0.5274725274725275,95.34065934065934,31.956043956043956,2.4868123587038435,1736,1823,2642,3007,2427,1658,250,0,0,0,0,0,188,-41,-192,37,-23,-100,117,119,118,120,117,119,39,41,41,42,40,40,25,3,80,2,1,24
20.8111,,623,-35.42857142857143,1.5824175824175823,0.5274725274725275,93.93406593406593,29.75824175824176,2.4868123587038435,1748,1823,2642,3007,2427,1658,200,0,0,0,0,0,167,-41,-199,0,-99,-100,117,119,118,120,117,119,39,41,41,42,40,40,38,3,86,0,12,24
20.8445,,624,-31.736263736263737,1.4065934065934067,0.5274725274725275,92.08791208791209,26.417582417582416,2.4868123587038435,1765,1823,2642,3007,2421,1658,550,0,0,0,-100,0,232,-48,-199,-99,-170,-100,117,119,117,120,117,119,39,41,41,42,40,40,34,4,84,13,10,23
20.8779,,625,-27.78021978021978,1.3186813186813187,0.5274725274725275,90.06593406593407,22.813186813186814,2.4868123587038435,1788,1823,2642,3003,2408,1658,650,0,0,-50,-350,0,298,-55,-199,-157,-252,-100,117,119,117,120,117,119,39,41,41,42,40,40,53,7,85,27,27,24
20.9113,,626,-24.175824175824175,1.2307692307692308,0.5274725274725275,88.3956043956044,19.736263736263737,2.4868123587038435,1813,1823,2642,2990,2389,1658,750,0,0,-450,-550,0,368,-58,-199,-123,-334,-100,117,120,118,120,117,119,39,41,41,42,40,40,79,7,85,12,31,23
20.9447,,627,-20.835164835164836,1.1428571428571428,0.5274725274725275,87.25274725274726,16.747252747252748,2.4868123587038435,1842,1823,2642,2973,2366,1658,850,0,0,-450,-700,0,416,-62,-199,-215,-291,-100,118,120,118,121,117,119,39,41,41,42,40,40,97,8,84,19,36,23
20.9781,,628,-18.10989010989011,1.054945054945055,0.5274725274725275,86.54945054945055,14.10989010989011,2.4868123587038435,1876,1823,2642,2956,2337,1658,1000,0,0,-550,-850,0,434,-65,-199,-102,-312,-100,118,120,118,121,117,120,39,41,41,42,40,40,107,9,85,6,33,24
21.0115,,629,-15.648351648351648,0.8791208791208791,0.5274725274725275,86.1978021978022,11.648351648351648,2.4868123587038435,1914,1823,2642,2941,2306,1658,1050,0,0,-450,-850,0,418,-69,-199,-141,-396,-100,118,121,119,121,118,120,39,41,41,42,40,40,71,11,86,2,30,23
21.0449,,630,-13.186813186813186,0.7032967032967034,0.5274725274725275,85.84615384615384,9.098901098901099,2.4868123587038435,1950,1823,2642,2930,2276,1658,1150,0,0,-350,-900,0,328,-76,-199,-133,-323,-100,119,121,119,122,118,120,39,41,41,42,40,40,55,14,87,1,30,23
21.0783,,631,-10.637362637362637,0.6153846153846154,0.5274725274725275,85.31868131868131,6.725274725274725,2.4868123587038435,1987,1823,2642,2923,2245,1658,1150,0,0,-200,-900,0,376,-83,-199,-111,-312,-100,119,121,119,122,118,121,39,41,41,42,40,40,41,16,87,3,18,24
21.1116,,632,-7.824175824175824,0.6153846153846154,0.5274725274725275,84.87912087912088,4.615384615384615,2.4868123587038435,2022,1823,2642,2915,2213,1658,1050,0,0,-200,-950,0,349,-86,-199,-21,-290,-100,119,121,119,122,118,121,39,41,41,42,40,40,31,17,87,6,28,23
21.145,,633,-4.835164835164835,0.6153846153846154,0.5274725274725275,84.35164835164835,3.208791208791209,2.4868123587038435,2054,1823,2642,2908,2185,1658,950,0,0,-250,-900,0,342,-86,-199,-90,-268,-100,119,121,119,122,118,121,39,41,41,42,40,40,38,18,87,4,14,24
21.1784,,634,-2.021978021978022,0.6153846153846154,0.5274725274725275,83.91208791208791,2.065934065934066,2.4868123587038435,2084,1823,2642,2902,2157,1658,950,0,0,-150,-850,0,342,-86,-199,-86,-213,-100,119,121,119,122,118,121,39,41,41,42,40,40,43,17,86,8,12,24
21.2118,,635,1.3186813186813187,0.6153846153846154,0.43956043956043955,83.56043956043956,1.098901098901099,2.4868123587038435,2115,1823,2642,2896,2133,1658,900,0,0,-150,-700,0,367,-86,-199,-101,-199,-100,119,121,119,122,118,121,39,41,41,42,40,40,56,17,86,6,7,24
21.2452,,636,4.571428571428571,0.6153846153846154,0.43956043956043955,83.38461538461539,0.04395604395604396,2.4868123587038435,2147,1823,2642,2891,2113,1658,950,0,0,-200,-650,0,382,-86,-203,-84,-241,-100,119,121,119,122,118,120,39,41,41,42,40,40,62,18,89,2,11,24
21.2786,,637,7.648351648351649,0.6153846153846154,0.43956043956043955,83.12087912087912,-0.8351648351648352,2.4868123587038435,2177,1823,2642,2887,2097,1658,950,0,0,-100,-500,0,392,-86,-203,-72,-133,-100,119,121,119,121,118,120,39,41,41,42,40,40,67,18,89,5,10,24
21.312,,638,10.54945054945055,0.6153846153846154,0.43956043956043955,82.85714285714286,-1.2747252747252746,2.4868123587038435,2211,1823,2642,2883,2081,1658,950,0,0,-100,-450,0,401,-86,-203,-69,-97,-100,118,120,119,121,118,120,39,41,41,42,40,40,61,17,89,5,13,24
21.3454,,639,13.714285714285714,0.6153846153846154,0.43956043956043955,82.15384615384616,-1.3626373626373627,2.4868123587038435,2245,1823,2642,2880,2069,1658,1000,0,0,-100,-400,0,392,-86,-203,-69,-143,-100,118,120,119,121,118,120,39,41,41,42,40,40,72,17,89,7,7,23
21.3788,,640,16.703296703296704,0.6153846153846154,0.43956043956043955,81.53846153846153,-1.3626373626373627,2.4868123587038435,2278,1823,2642,2876,2060,1658,1050,0,0,-150,-300,0,417,-86,-203,-106,-122,-100,118,120,119,121,118,120,39,41,41,42,40,40,70,18,88,9,3,24
21.4122,,641,19.78021978021978,0.6153846153846154,0.43956043956043955,80.65934065934066,-1.978021978021978,2.4868123587038435,2312,1823,2642,2871,2053,1658,1000,0,0,-100,-250,0,415,-86,-203,-106,-93,-100,118,120,119,121,118,120,39,41,41,42,40,40,71,18,89,3,7,24
21.4456,,642,23.208791208791208,0.6153846153846154,0.43956043956043955,79.95604395604396,-3.032967032967033,2.4868123587038435,2348,1823,2642,2865,2048,1658,1050,0,0,-150,-150,0,407,-86,-203,-127,-112,-100,118,120,119,121,118,120,39,41,41,42,40,40,70,18,89,12,15,24
21.4789,,643,26.54945054945055,0.7032967032967034,0.43956043956043955,79.51648351648352,-4.175824175824176,2.4868123587038435,2383,1823,2642,2857,2042,1658,1000,0,0,-200,-150,0,414,-86,-203,-108,-142,-100,118,120,119,121,118,120,39,41,41,42,40,40,87,17,89,14,23,24
21.5123,,644,29.36263736263736,0.967032967032967,0.43956043956043955,79.25274725274726,-5.142857142857143,2.4868123587038435,2417,1823,2642,2850,2033,1658,1050,0,0,-200,-250,0,443,-83,-203,-32,-171,-100,118,120,119,121,118,120,39,41,41,42,40,40,92,16,88,7,21,24
21.5457,,645,32.26373626373626,1.3186813186813187,0.5274725274725275,78.98901098901099,-5.406593406593407,2.4868123587038435,2454,1823,2642,2844,2023,1658,1100,0,0,-200,-300,0,431,-72,-203,-93,-167,-100,118,120,119,121,118,120,39,41,41,42,40,40,84,11,89,1,22,24
21.5791,,646,34.72527472527472,1.5824175824175823,0.5274725274725275,78.9010989010989,-5.582417582417582,2.4868123587038435,2490,1823,2642,2840,2014,1658,1050,0,0,-150,-300,0,419,-58,-199,-86,-122,-100,118,120,118,121,117,120,39,41,41,42,40,40,78,7,85,6,8,24
21.6125,,647,36.83516483516483,1.5824175824175823,0.6153846153846154,78.9010989010989,-5.582417582417582,2.4868123587038435,2523,1823,2642,2836,2007,1658,1050,0,0,-100,-250,0,389,-48,-199,45,-101,-100,118,120,118,121,117,120,39,41,41,42,40,40,48,4,85,4,8,24
21.6459,,648,38.417582417582416,1.5824175824175823,0.6153846153846154,78.9010989010989,-5.670329670329671,2.4868123587038435,2558,1823,2642,2834,2003,1658,1050,0,0,-100,-150,0,345,-48,-196,-65,-83,-100,118,120,118,121,117,120,39,41,41,42,40,40,56,4,82,6,9,23
21.6793,,649,39.64835164835165,1.4065934065934067,0.6153846153846154,78.98901098901099,-5.670329670329671,2.4868123587038435,2590,1823,2642,2833,2001,1658,950,0,0,-50,-100,0,328,-48,-196,-62,-79,-100,118,120,118,121,117,120,39,41,41,42,40,40,51,4,83,5,9,23
21.7127,,650,40.527472527472526,1.1428571428571428,0.7032967032967034,79.16483516483517,-5.4945054945054945,2.4868123587038435,2617,1823,2642,2832,1998,1658,900,0,0,-50,-50,0,265,-55,-196,-55,-72,-100,118,120,118,121,117,120,39,41,41,42,40,40,18,5,84,6,8,23
21.7461,,651,40.7032967032967,0.8791208791208791,0.967032967032967,79.34065934065934,-5.142857142857143,2.4868123587038435,2642,1823,2643,2832,1998,1658,750,0,50,0,-50,0,280,-65,-196,-48,-62,-100,118,120,118,121,117,120,39,41,41,42,40,40,18,9,82,5,7,24
21.7795,,652,40.79120879120879,0.7032967032967034,1.054945054945055,79.6043956043956,-4.8791208791208796,2.4868123587038435,2661,1823,2643,2832,1998,1658,600,0,0,0,0,0,111,-76,-185,-41,-48,-100,118,120,118,121,118,120,39,41,41,42,40,40,7,13,74,3,4,24
21.8128,,653,40.79120879120879,0.5274725274725275,1.054945054945055,80.3956043956044,-4.791208791208791,2.4868123587038435,2674,1823,2643,2832,1998,1658,450,0,0,0,0,0,164,-83,-181,-30,-35,-100,118,120,119,121,118,120,39,41,41,42,40,40,5,16,72,2,1,24
21.8462,,654,40.527472527472526,0.08791208791208792,1.1428571428571428,81.62637362637362,-4.7032967032967035,2.4868123587038435,2684,1823,2643,2832,1998,1658,300,0,0,0,0,0,37,-90,-181,56,-34,-100,118,120,118,121,118,120,39,41,41,42,40,40,9,19,72,2,1,24
21.8796,,655,40.175824175824175,-0.7912087912087912,1.2307692307692308,82.94505494505495,-4.7032967032967035,2.4868123587038435,2689,1823,2643,2836,1998,1658,150,0,0,100,0,0,90,-113,-178,100,-30,-100,118,120,118,121,117,120,39,41,41,42,40,40,8,28,70,4,0,24
21.913,,656,40.0,-2.021978021978022,1.3186813186813187,84.26373626373626,-4.615384615384615,2.4868123587038435,2691,1823,2643,2843,1998,1658,150,0,0,150,0,0,65,-162,-174,123,-30,-100,118,120,118,121,117,120,39,41,41,42,40,40,6,50,66,2,0,24
21.9464,,657,39.73626373626374,-3.868131868131868,1.3186813186813187,85.58241758241758,-4.263736263736264,2.4868123587038435,2691,1823,2643,2853,1997,1658,0,0,0,250,-50,0,58,-210,-171,49,-23,-100,118,120,118,120,117,119,39,41,41,42,40,40,7,78,64,16,0,23
21.9798,,658,38.76923076923077,-5.8901098901098905,1.3186813186813187,86.63736263736264,-2.681318681318681,2.4868123587038435,2691,1823,2643,2865,1997,1658,0,0,0,350,0,0,47,-290,-171,165,30,-100,117,120,118,120,117,119,39,41,41,42,40,40,4,138,64,4,0,23
22.0132,,659,37.27472527472528,-8.351648351648352,1.4065934065934067,87.42857142857143,-0.3956043956043956,2.4868123587038435,2691,1816,2643,2876,1997,1658,0,-200,0,400,0,0,-48,-359,-171,73,104,-100,117,119,118,120,117,119,39,41,41,42,40,40,1,154,64,10,14,23
22.0466,,660,35.86813186813187,-11.164835164835164,1.7582417582417582,88.21978021978022,2.065934065934066,2.4868123587038435,2690,1805,2643,2888,2004,1658,0,-250,0,400,50,0,-105,-330,-167,137,187,-100,117,119,117,120,117,119,39,41,41,42,40,40,9,198,61,3,19,23
22.0799,,661,34.1978021978022,-14.593406593406593,2.989010989010989,88.48351648351648,3.912087912087912,2.4868123587038435,2684,1787,2643,2899,2018,1658,-100,-500,0,350,400,0,-52,-378,-153,42,233,-100,117,119,118,120,117,119,39,41,41,42,40,40,15,174,51,1,28,24
22.1133,,662,32.527472527472526,-18.9010989010989,4.835164835164835,88.48351648351648,5.4945054945054945,2.4868123587038435,2674,1764,2643,2908,2038,1658,-300,-700,0,300,550,0,-85,-424,-82,101,150,-100,117,119,118,120,117,119,39,41,41,42,40,40,27,193,30,2,20,23
22.1467,,663,30.945054945054945,-23.47252747252747,7.032967032967033,88.48351648351648,6.989010989010989,2.4868123587038435,2663,1737,2643,2914,2056,1658,-300,-800,0,200,600,0,-212,-495,29,72,166,-100,118,120,118,120,117,119,39,41,41,42,40,40,21,260,6,1,12,24
22.1801,,664,29.274725274725274,-28.043956043956044,9.494505494505495,88.48351648351648,8.395604395604396,2.4868123587038435,2650,1703,2649,2917,2075,1658,-350,-1000,150,100,500,0,-141,-553,102,62,154,-100,118,120,118,120,117,119,39,41,41,42,40,40,31,218,1,1,13,23
22.2135,,665,27.428571428571427,-32.43956043956044,12.219780219780219,88.48351648351648,9.45054945054945,2.4868123587038435,2635,1664,2662,2922,2094,1658,-400,-1050,250,150,600,0,-155,-592,70,44,223,-100,118,120,118,121,117,119,39,41,41,42,40,40,32,203,5,0,9,24
22.2469,,666,25.494505494505493,-36.65934065934066,14.857142857142858,88.3956043956044,10.32967032967033,2.4868123587038435,2618,1622,2679,2924,2110,1658,-450,-1250,450,100,500,0,-165,-610,200,34,192,-100,118,120,118,121,117,120,39,41,41,42,40,40,40,235,1,0,12,23
22.2803,,667,23.47252747252747,-40.527472527472526,17.494505494505493,88.3956043956044,11.12087912087912,2.4868123587038435,2598,1574,2701,2925,2126,1658,-600,-1350,650,50,500,0,-278,-640,157,27,109,-100,118,120,118,121,117,120,39,41,41,42,40,40,21,183,0,1,9,23
22.3137,,668,20.747252747252748,-43.78021978021978,19.956043956043956,88.3956043956044,12.0,2.4868123587038435,2576,1524,2727,2926,2140,1658,-650,-1450,700,50,400,0,-190,-628,173,23,170,-100,118,120,118,121,117,120,39,41,41,42,40,40,20,176,0,0,6,24
22.3471,,669,17.67032967032967,-46.857142857142854,22.153846153846153,88.3956043956044,13.23076923076923,2.4868123587038435,2554,1474,2755,2927,2152,1658,-650,-1500,800,0,400,0,-215,-505,174,0,154,-100,118,120,119,121,118,120,39,41,41,42,40,40,19,107,0,0,4,24
22.3805,,670,14.593406593406593,-49.23076923076923,24.0,88.3956043956044,14.54945054945055,2.4868123587038435,2532,1428,2783,2928,2164,1658,-700,-1450,900,50,350,0,-251,-542,152,0,161,-100,118,121,119,121,118,120,39,41,41,42,40,40,25,99,0,0,3,24
22.4139,,671,11.340659340659341,-50.9010989010989,25.406593406593405,88.57142857142857,15.692307692307692,2.4114544084400906,2505,1380,2812,2928,2178,1658,-800,-1400,850,0,400,0,-278,-471,115,0,162,-100,119,121,119,122,118,120,39,41,41,42,40,40,27,69,0,0,18,24
22.4472,,672,7.824175824175824,-52.13186813186813,26.9010989010989,88.65934065934066,16.571428571428573,2.4114544084400906,2475,1338,2840,2928,2191,1658,-850,-1350,850,0,400,0,-319,-429,106,23,181,-100,119,121,119,122,118,121,39,41,41,42,40,40,28,33,0,0,8,24
22.4806,,673,4.395604395604396,-53.18681318681319,28.13186813186813,88.65934065934066,17.53846153846154,2.4114544084400906,2443,1302,2863,2928,2203,1658,-950,-1150,750,0,350,0,-336,-332,70,27,158,-100,119,121,120,122,119,121,39,41,41,42,40,40,30,18,0,0,4,24
22.514,,674,1.4065934065934067,-53.62637362637363,29.36263736263736,88.65934065934066,18.505494505494507,2.4114544084400906,2407,1271,2885,2928,2215,1658,-1050,-1050,700,0,400,0,-344,-334,30,27,67,-100,119,121,120,122,119,121,39,41,41,42,40,40,31,13,0,0,7,23
22.5474,,675,-1.7582417582417582,-53.714285714285715,30.505494505494507,88.74725274725274,19.384615384615383,2.4114544084400906,2372,1246,2903,2928,2227,1658,-1000,-800,550,0,350,0,-341,-149,95,27,141,-100,119,121,120,122,119,121,39,41,41,42,40,40,26,5,0,0,4,24
22.5808,,676,-4.747252747252747,-53.714285714285715,31.560439560439562,88.74725274725274,20.263736263736263,2.4114544084400906,2339,1229,2916,2928,2238,1658,-1050,-550,450,0,350,0,-365,-192,112,30,156,-100,119,122,120,122,119,121,39,41,41,42,40,40,27,6,0,1,2,24
22.6142,,677,-7.56043956043956,-53.53846153846154,32.79120879120879,88.74725274725274,20.967032967032967,2.4114544084400906,2303,1217,2928,2929,2250,1658,-1050,-350,350,50,350,0,-359,-51,18,27,146,-100,119,122,120,122,119,121,39,41,41,42,40,40,26,6,0,0,1,24
22.6476,,678,-10.461538461538462,-53.0989010989011,33.934065934065934,88.74725274725274,21.75824175824176,2.4114544084400906,2268,1209,2940,2931,2260,1658,-1050,-300,350,50,300,0,-348,-97,111,0,126,-100,119,122,120,122,119,121,39,41,41,42,40,40,24,6,0,0,5,24
22.681,,679,-13.626373626373626,-52.92307692307692,35.604395604395606,88.74725274725274,22.54945054945055,2.4114544084400906,2232,1205,2953,2931,2269,1658,-1050,-150,400,0,300,0,-333,-65,102,0,127,-100,119,122,120,122,119,121,39,41,41,42,40,40,23,1,0,0,2,24
22.7143,,680,-16.791208791208792,-52.747252747252745,37.45054945054945,88.65934065934066,23.956043956043956,2.4114544084400906,2199,1204,2967,2931,2279,1658,-1000,-50,400,0,300,0,-329,-51,122,0,113,-100,119,122,120,122,119,121,39,41,41,42,40,40,24,3,0,0,4,24
22.7477,,681,-20.043956043956044,-52.13186813186813,39.472527472527474,88.65934065934066,25.53846153846154,2.4114544084400906,2165,1204,2983,2931,2288,1658,-1000,0,400,0,250,0,-357,-44,159,0,151,-100,119,122,120,122,119,121,39,41,41,42,40,40,25,4,0,0,15,24
22.7811,,682,-22.945054945054945,-50.989010989010985,41.494505494505496,88.65934065934066,26.945054945054945,2.4114544084400906,2129,1205,3002,2931,2301,1658,-1050,0,600,0,350,0,-272,28,85,0,187,-100,119,122,120,122,119,121,39,41,41,42,40,40,24,1,0,0,15,24
22.8145,,683,-25.23076923076923,-49.582417582417584,42.9010989010989,88.57142857142857,28.263736263736263,2.4114544084400906,2096,1205,3022,2931,2312,1658,-1050,50,550,0,400,0,-351,80,177,0,195,-100,119,122,120,122,119,121,39,41,41,42,40,40,25,8,0,0,9,24
22.8479,,684,-26.98901098901099,-47.91208791208791,43.956043956043956,88.48351648351648,29.406593406593405,2.4114544084400906,2060,1211,3043,2931,2326,1658,-1050,100,650,0,400,0,-316,116,148,0,192,-100,119,122,120,122,119,121,39,41,41,42,40,40,14,7,0,0,10,24
22.8813,,685,-28.571428571428573,-45.8021978021978,44.21978021978022,88.48351648351648,30.54945054945055,2.4114544084400906,2025,1221,3065,2930,2341,1658,-1050,250,600,0,450,0,-255,149,97,-23,89,-100,119,122,120,122,119,121,39,41,41,42,40,40,5,10,0,0,19,24
22.9147,,686,-29.802197802197803,-43.604395604395606,44.21978021978022,88.3956043956044,31.692307692307693,2.4114544084400906,1996,1234,3079,2930,2355,1658,-900,400,450,0,500,0,-240,115,55,0,108,-100,119,122,120,123,119,121,39,41,41,42,40,40,10,4,0,0,7,26
22.9484,,687,-30.417582417582416,-41.31868131868132,44.13186813186813,88.21978021978022,32.92307692307692,2.4114544084400906,1971,1251,3087,2929,2369,1658,-800,450,300,0,350,0,-190,144,0,0,186,-100,119,122,120,122,119,121,39,41,41,42,40,40,5,5,3,0,8,25
22.9818,,688,-30.857142857142858,-39.120879120879124,43.86813186813187,88.04395604395604,34.065934065934066,2.4114544084400906,1951,1271,3092,2929,2383,1658,-650,600,200,0,400,0,-114,162,-37,-27,183,-100,119,122,120,122,119,121,39,41,41,42,40,40,1,6,4,0,9,24
23.0151,,689,-30.945054945054945,-36.747252747252745,43.604395604395606,87.95604395604396,35.2967032967033,2.4114544084400906,1933,1293,3092,2928,2396,1658,-500,650,0,0,350,0,-150,169,-48,-34,88,-100,119,122,120,122,119,121,39,41,41,42,40,40,0,2,5,2,4,24
23.0485,,690,-31.032967032967033,-34.285714285714285,43.42857142857143,87.86813186813187,36.79120879120879,2.4114544084400906,1920,1315,3092,2926,2409,1658,-500,700,0,-100,400,0,-30,287,-61,-27,201,-100,119,122,120,122,119,121,39,41,41,42,40,40,0,2,8,1,8,24
23.0819,,691,-31.032967032967033,-31.912087912087912,43.252747252747255,87.86813186813187,38.37362637362637,2.4114544084400906,1910,1339,3092,2926,2423,1658,-350,750,0,0,350,0,-76,211,-65,-30,208,-100,119,122,120,122,119,121,39,41,41,42,40,40,2,9,9,0,15,23
23.1153,,692,-31.032967032967033,-29.0989010989011,43.07692307692308,87.86813186813187,39.78021978021978,2.4114544084400906,1907,1365,3092,2926,2438,1658,-250,700,0,0,450,0,-58,214,-72,-30,215,-100,119,122,120,122,119,121,39,41,41,42,40,40,3,10,11,0,20,24
23.1487,,693,-31.032967032967033,-26.373626373626372,42.72527472527472,87.86813186813187,40.92307692307692,2.4114544084400906,1906,1391,3092,2926,2454,1658,-50,800,0,0,450,0,-55,311,-79,-30,123,-100,119,122,120,122,119,121,39,41,41,42,40,40,3,7,14,1,11,23
23.1822,,694,-31.032967032967033,-23.384615384615383,41.67032967032967,88.04395604395604,41.53846153846154,2.4114544084400906,1903,1419,3092,2925,2470,1658,-100,850,0,0,500,0,73,316,-93,90,97,-100,119,121,120,122,119,121,39,41,41,42,40,40,4,3,21,0,8,24
23.2156,,695,-31.12087912087912,-20.483516483516482,40.26373626373626,88.21978021978022,41.714285714285715,2.4114544084400906,1901,1449,3092,2924,2484,1658,-50,900,0,0,450,0,-41,264,-161,0,172,-100,119,121,120,122,119,121,39,41,41,42,40,40,3,2,41,0,2,23
23.249,,696,-31.296703296703296,-17.582417582417584,38.32967032967033,88.3956043956044,41.714285714285715,2.4114544084400906,1899,1480,3091,2924,2495,1658,-50,950,-50,-50,350,0,-37,272,-214,23,118,-100,119,121,119,122,119,121,39,41,41,42,40,40,2,0,78,0,4,24
23.2825,,697,-31.47252747252747,-14.945054945054945,36.48351648351648,88.48351648351648,41.714285714285715,2.4114544084400906,1898,1511,3087,2924,2502,1658,0,950,-100,0,200,0,-37,271,-282,30,90,-100,119,121,119,122,118,121,39,41,41,42,40,40,1,0,94,1,2,24
23.3159,,698,-32.26373626373626,-12.659340659340659,34.54945054945055,88.57142857142857,41.53846153846154,2.4114544084400906,1896,1544,3076,2924,2507,1658,-50,1000,-300,0,150,0,-37,251,-317,34,-48,-100,119,121,119,122,118,121,39,41,41,42,40,40,3,0,101,1,1,24
23.3493,,699,-32.967032967032964,-10.461538461538462,32.61538461538461,88.57142857142857,41.0989010989011,2.4114544084400906,1894,1579,3061,2923,2510,1658,-50,1050,-400,-50,100,0,-72,219,-252,41,51,-100,119,121,119,122,118,121,39,41,41,42,40,40,11,0,93,3,2,24
23.3827,,700,-33.67032967032967,-8.615384615384615,30.681318681318682,88.57142857142857,40.65934065934066,2.4114544084400906,1890,1611,3044,2923,2511,1658,-100,1000,-500,0,100,0,20,220,-373,41,19,-100,119,121,119,122,118,121,39,41,41,42,40,40,10,0,108,3,1,24
23.4162,,701,-33.934065934065934,-7.032967032967033,28.65934065934066,88.57142857142857,39.69230769230769,2.4114544084400906,1885,1644,3025,2923,2511,1658,-150,1000,-550,0,0,0,-107,173,-381,41,0,-100,119,121,119,122,119,121,39,41,41,42,40,40,12,0,106,4,0,24
23.4496,,702,-33.934065934065934,-5.626373626373627,26.197802197802197,88.57142857142857,38.285714285714285,2.4114544084400906,1878,1674,3004,2923,2511,1658,-150,900,-600,0,0,0,-76,119,-300,41,-80,-100,119,121,119,122,118,121,39,41,41,42,40,40,5,0,84,4,8,24
23.483,,703,-33.84615384615385,-3.868131868131868,23.296703296703296,88.57142857142857,36.7032967032967,2.4114544084400906,1872,1701,2983,2923,2506,1658,-200,850,-600,0,-100,0,-55,157,-405,41,-119,-100,119,121,119,122,118,121,39,41,41,42,40,40,4,0,120,3,8,24
23.5164,,704,-33.494505494505496,-2.021978021978022,20.483516483516482,88.65934065934066,34.94505494505494,2.4114544084400906,1869,1723,2961,2923,2497,1658,-150,700,-700,0,-250,0,-37,88,-367,41,-81,-100,119,121,119,122,118,121,39,41,41,42,40,40,1,0,116,4,19,24
23.5499,,705,-33.23076923076923,-0.26373626373626374,17.406593406593405,88.65934065934066,33.27472527472528,2.4114544084400906,1868,1745,2935,2923,2485,1658,0,650,-800,0,-400,0,-16,163,-389,44,-110,-100,119,121,119,122,118,121,39,41,41,42,40,40,1,0,144,4,19,24
23.5833,,706,-33.05494505494506,1.934065934065934,14.153846153846153,88.65934065934066,31.516483516483518,2.4114544084400906,1868,1768,2907,2923,2470,1658,0,700,-800,0,-400,0,23,148,-410,44,-123,-100,119,121,119,122,118,120,39,41,41,42,40,40,1,0,112,3,15,24
23.6167,,707,-32.79120879120879,4.395604395604396,11.164835164835164,88.65934065934066,29.494505494505493,2.4114544084400906,1869,1789,2879,2923,2454,1658,50,700,-850,0,-500,0,27,64,-431,44,-218,-100,119,121,119,122,118,120,39,41,41,42,40,40,1,0,128,4,18,24
23.6501,,708,-32.0,6.681318681318682,7.736263736263736,88.57142857142857,27.384615384615383,2.4114544084400906,1869,1813,2847,2923,2438,1658,0,650,-900,0,-500,0,37,78,-436,44,-151,-100,119,121,119,122,118,120,39,41,41,42,40,40,3,0,137,4,26,23
23.6835,,709,-31.12087912087912,9.31868131868132,4.043956043956044,88.48351648351648,25.0989010989011,2.4114544084400906,1869,1838,2814,2923,2419,1658,0,700,-950,0,-500,0,93,190,-473,41,-189,-100,119,121,119,122,118,120,39,41,41,42,40,40,12,0,123,3,15,24
23.7169,,710,-29.89010989010989,11.868131868131869,0.5274725274725275,88.48351648351648,22.813186813186814,2.4114544084400906,1873,1864,2782,2923,2399,1658,100,750,-1000,0,-600,0,116,112,-493,37,-291,-100,119,121,119,121,118,120,39,41,41,42,40,40,12,0,158,2,15,24
23.7502,,711,-28.571428571428573,14.065934065934066,-3.076923076923077,88.48351648351648,21.054945054945055,2.4114544084400906,1878,1890,2746,2923,2378,1658,150,800,-1000,0,-650,0,149,114,-506,37,-218,-100,119,121,119,121,118,120,39,41,41,42,40,40,24,0,155,2,27,24
23.7836,,712,-27.164835164835164,15.912087912087912,-6.241758241758242,88.48351648351648,19.560439560439562,2.4114544084400906,1886,1918,2709,2923,2355,1658,250,850,-1100,0,-700,0,171,99,-516,37,-288,-100,118,121,119,121,118,120,39,41,41,42,40,40,14,0,164,2,12,24
23.817,,713,-25.494505494505493,17.406593406593405,-8.967032967032967,88.3076923076923,18.593406593406595,2.4114544084400906,1896,1946,2671,2923,2332,1658,250,800,-1100,0,-700,0,190,65,-514,37,-170,-100,118,121,119,121,118,120,39,41,41,42,40,40,39,0,158,1,7,24
23.8504,,714,-23.736263736263737,18.54945054945055,-11.164835164835164,88.21978021978022,17.714285714285715,2.4114544084400906,1907,1972,2635,2923,2312,1658,350,800,-1100,0,-600,0,237,60,-519,30,-245,-100,119,121,119,121,118,120,39,41,41,42,40,40,40,0,166,0,6,24
23.8838,,715,-21.626373626373628,19.604395604395606,-13.538461538461538,88.04395604395604,16.923076923076923,2.4114544084400906,1921,1997,2600,2923,2295,1658,350,750,-1100,0,-550,0,169,-26,-484,27,-211,-100,119,121,119,121,118,120,39,41,41,42,40,40,52,0,142,0,6,24
23.9172,,716,-19.252747252747252,20.65934065934066,-16.0,88.04395604395604,16.307692307692307,2.4114544084400906,1936,2013,2568,2923,2280,1658,450,500,-950,0,-450,0,198,-55,-457,0,-91,-100,119,121,119,121,118,120,39,41,41,42,40,40,37,1,182,0,8,24
23.9506,,717,-16.791208791208792,21.802197802197803,-18.63736263736264,88.04395604395604,15.604395604395604,2.4114544084400906,1952,2026,2539,2923,2268,1658,450,400,-950,0,-400,0,229,53,-444,0,-59,-100,118,121,119,121,118,120,39,41,41,42,40,40,61,0,191,0,8,24
23.9839,,718,-14.32967032967033,23.12087912087912,-21.626373626373628,88.04395604395604,14.725274725274724,2.4114544084400906,1972,2037,2508,2923,2254,1658,550,400,-850,0,-300,0,272,-40,-552,0,-76,-100,118,120,119,121,118,120,39,41,41,42,40,40,58,0,163,0,7,24
24.0173,,719,-11.516483516483516,24.52747252747253,-24.703296703296704,88.04395604395604,13.67032967032967,2.4114544084400906,1994,2050,2477,2923,2246,1658,650,400,-900,0,-250,0,293,87,-466,0,-157,-100,118,120,119,121,118,120,39,41,41,42,40,40,72,0,137,0,8,23
24.0507,,720,-8.791208791208792,25.846153846153847,-27.428571428571427,88.04395604395604,12.351648351648352,2.4114544084400906,2017,2063,2447,2925,2236,1658,700,350,-900,50,-300,0,316,-27,-474,0,-73,-100,118,120,119,121,118,120,39,41,41,42,40,40,80,0,158,0,14,24
24.0841,,721,-6.241758241758242,27.252747252747252,-30.065934065934066,88.04395604395604,11.032967032967033,2.4114544084400906,2043,2079,2416,2926,2225,1658,750,450,-950,50,-350,0,332,83,-469,-23,-172,-100,118,120,118,121,117,120,39,41,41,42,40,40,74,0,197,0,13,24
24.1175,,722,-3.5164835164835164,28.571428571428573,-32.43956043956044,88.04395604395604,9.626373626373626,2.4114544084400906,2070,2094,2384,2927,2212,1658,800,450,-900,50,-350,0,338,79,-461,-27,-176,-100,118,120,118,121,117,120,39,41,41,42,40,40,103,0,212,0,26,23
24.1509,,723,-0.8791208791208791,29.978021978021978,-34.46153846153846,87.95604395604396,8.307692307692308,2.4114544084400906,2098,2111,2354,2927,2200,1658,850,450,-950,0,-400,0,368,98,-474,-27,-208,-100,118,120,118,121,117,120,39,41,41,42,40,40,80,0,173,0,19,24
24.1843,,724,1.4065934065934067,31.12087912087912,-35.956043956043956,87.95604395604396,6.813186813186813,2.4114544084400906,2126,2126,2324,2927,2186,1658,850,500,-900,0,-400,0,369,94,-444,-30,-117,-100,118,120,118,121,117,120,39,41,41,42,40,40,90,0,179,0,27,24
24.2177,,725,3.868131868131868,32.0,-37.010989010989015,87.95604395604396,5.230769230769231,2.4114544084400906,2156,2141,2296,2928,2171,1658,900,450,-850,50,-400,0,352,78,-396,-34,-214,-100,118,120,118,121,117,120,39,41,41,42,40,40,79,0,155,1,19,24
24.2511,,726,5.978021978021978,32.61538461538461,-37.45054945054945,87.95604395604396,4.0,2.4114544084400906,2185,2155,2271,2928,2156,1658,900,400,-800,0,-450,0,342,-70,-420,-34,-131,-100,118,120,118,121,117,120,39,41,41,42,40,40,66,0,103,1,24,24
24.2845,,727,7.648351648351649,33.05494505494506,-37.45054945054945,87.95604395604396,3.2967032967032965,2.4114544084400906,2213,2167,2252,2928,2141,1658,850,400,-650,0,-450,0,437,-67,-293,-34,-229,-100,118,120,118,121,118,120,39,41,41,42,40,40,65,9,112,2,19,24
24.3178,,728,9.142857142857142,33.142857142857146,-37.45054945054945,87.95604395604396,3.208791208791209,2.4114544084400906,2242,2178,2237,2928,2125,1658,800,350,-450,0,-450,0,314,-106,-305,-34,-188,-100,118,120,119,121,118,120,39,41,41,42,40,40,43,5,79,1,14,23
24.3512,,729,10.54945054945055,33.582417582417584,-37.45054945054945,87.95604395604396,3.208791208791209,2.4114544084400906,2268,2184,2227,2928,2114,1658,850,250,-350,0,-400,0,270,-51,-266,-34,-44,-100,118,120,119,121,118,120,39,41,41,42,40,40,50,28,72,2,6,24
24.3846,,730,12.219780219780219,33.75824175824176,-37.45054945054945,87.95604395604396,3.032967032967033,2.4114544084400906,2292,2187,2222,2928,2107,1658,750,100,-150,0,-250,0,317,-48,-245,-34,-101,-100,118,120,119,121,118,120,39,41,41,42,40,40,31,10,87,1,3,24
24.418,,731,13.802197802197803,33.934065934065934,-37.53846153846154,87.86813186813187,2.9450549450549453,2.4114544084400906,2314,2191,2218,2929,2102,1658,650,100,-150,0,-150,0,212,-140,-227,-37,-86,-100,118,121,119,121,118,120,39,41,41,42,40,40,30,22,102,1,3,23
24.4514,,732,15.472527472527473,34.54945054945055,-37.53846153846154,87.07692307692308,2.9450549450549453,2.4114544084400906,2335,2192,2215,2929,2098,1658,600,50,-100,0,-100,0,226,-51,-135,-41,-79,-100,118,121,119,121,118,120,39,41,41,42,40,40,35,9,90,3,8,23
24.4848,,733,17.054945054945055,34.989010989010985,-37.53846153846154,86.1978021978022,3.4725274725274726,2.4114544084400906,2354,2194,2213,2929,2096,1658,600,50,-50,0,-50,0,307,18,-213,-94,-69,-100,118,120,119,121,118,120,39,41,41,42,40,40,33,2,88,14,8,24
24.5182,,734,18.725274725274726,35.34065934065934,-37.45054945054945,85.75824175824175,3.7362637362637363,2.4114544084400906,2372,2198,2213,2926,2095,1658,550,150,0,-50,0,0,298,-114,-213,-116,-38,-100,118,120,119,121,118,120,39,41,41,42,40,40,51,7,97,13,3,23
24.5516,,735,20.043956043956044,35.86813186813187,-37.45054945054945,85.23076923076923,3.8241758241758244,2.4114544084400906,2390,2204,2213,2920,2095,1658,550,150,0,-200,0,0,298,-122,-210,-93,-34,-100,118,120,118,121,118,120,39,41,41,42,40,40,50,9,95,12,1,23
24.585,,736,20.835164835164836,36.21978021978022,-37.45054945054945,85.14285714285714,3.912087912087912,2.4114544084400906,2408,2211,2213,2915,2095,1658,550,150,0,-100,0,0,276,-37,-210,-122,-30,-100,118,120,118,121,117,120,39,41,41,42,40,40,53,7,95,16,0,24
24.6184,,737,21.274725274725274,36.30769230769231,-37.45054945054945,85.14285714285714,4.175824175824176,2.4114544084400906,2424,2217,2213,2910,2094,1658,450,200,0,-150,-50,0,265,-37,-210,-86,-23,-100,118,120,118,121,117,120,39,41,41,42,40,40,30,22,96,2,0,23
24.6517,,738,21.45054945054945,36.30769230769231,-37.362637362637365,85.14285714285714,4.8791208791208796,2.4114544084400906,2439,2222,2213,2907,2094,1658,500,200,0,-100,0,0,211,-58,-210,-76,0,-100,118,120,118,121,117,120,39,41,41,42,40,40,33,15,96,8,0,24
24.6851,,739,21.45054945054945,36.30769230769231,-37.362637362637365,85.14285714285714,5.230769230769231,2.4114544084400906,2451,2224,2213,2905,2095,1658,400,100,0,-100,0,0,164,-69,-206,-65,57,-100,118,120,118,121,117,120,39,41,41,42,40,40,27,14,91,6,4,24
24.7186,,740,21.274725274725274,36.043956043956044,-37.362637362637365,85.14285714285714,5.406593406593407,2.4114544084400906,2460,2224,2213,2903,2099,1658,250,0,0,-50,100,0,132,-69,-206,59,44,-100,118,120,118,121,117,120,39,41,41,42,40,40,20,15,92,6,2,24
24.7521,,741,20.747252747252748,35.69230769230769,-37.362637362637365,85.23076923076923,5.406593406593407,2.4114544084400906,2465,2224,2213,2903,2103,1658,150,0,0,0,100,0,111,-80,-206,-58,-76,-100,118,120,118,121,117,120,39,41,41,42,40,40,10,17,92,6,1,23
24.7855,,742,20.13186813186813,35.42857142857143,-37.362637362637365,85.31868131868131,5.4945054945054945,2.4114544084400906,2467,2225,2213,2903,2105,1658,100,0,0,0,100,0,62,-97,-206,-55,30,-100,118,120,118,121,117,120,39,41,41,42,40,40,9,40,92,6,0,23
24.8189,,743,18.813186813186814,35.252747252747255,-37.362637362637365,85.4065934065934,5.4945054945054945,2.4114544084400906,2467,2225,2213,2903,2107,1658,0,0,0,0,100,0,39,-108,-206,-51,27,-100,118,120,118,121,117,120,39,41,41,42,40,40,4,34,93,4,0,24
24.8523,,744,17.582417582417584,35.07692307692308,-37.362637362637365,85.49450549450549,5.4945054945054945,2.4114544084400906,2467,2225,2213,2903,2108,1658,0,0,0,0,0,0,0,-115,-206,-48,23,-100,118,120,118,121,117,120,39,41,41,42,40,40,6,36,92,4,0,23
24.8856,,745,16.175824175824175,34.81318681318681,-37.27472527472528,85.58241758241758,5.4945054945054945,2.4114544084400906,2466,2225,2213,2903,2108,1658,0,0,0,0,0,0,-96,-122,-206,-44,23,-100,118,120,118,121,117,120,39,41,41,42,40,40,10,42,92,3,0,24
24.919,,746,14.593406593406593,34.72527472527472,-37.27472527472528,85.58241758241758,5.4945054945054945,2.4114544084400906,2459,2225,2213,2902,2108,1658,-200,0,0,0,0,0,-148,-132,-203,-41,23,-100,118,120,118,121,117,120,39,41,41,42,40,40,8,55,89,1,0,23
24.9524,,747,13.010989010989011,34.54945054945055,-37.27472527472528,85.58241758241758,5.4945054945054945,2.4114544084400906,2450,2225,2213,2902,2108,1658,-250,0,0,-50,0,0,-177,-136,-203,-37,23,-100,118,120,118,121,117,119,39,41,41,42,40,40,7,59,89,2,0,24
24.9859,,748,11.164835164835164,34.46153846153846,-37.27472527472528,85.58241758241758,5.4945054945054945,2.4114544084400906,2437,2225,2213,2902,2108,1658,-350,0,0,0,0,0,-193,-143,-203,-37,23,-100,118,120,118,121,117,119,39,41,41,42,40,40,17,63,88,1,0,24
25.0193,,749,9.142857142857142,34.46153846153846,-37.362637362637365,85.67032967032966,5.4945054945054945,2.4114544084400906,2424,2225,2212,2902,2108,1658,-400,0,-50,0,0,0,-133,-146,-199,-37,23,-100,118,120,118,120,117,119,39,41,41,42,40,40,28,67,82,1,0,23
25.0526,,750,7.1208791208791204,34.46153846153846,-37.362637362637365,85.67032967032966,5.4945054945054945,2.4114544084400906,2411,2225,2211,2902,2108,1658,-400,0,0,0,0,0,-266,-146,-199,-34,23,-100,118,120,118,121,117,119,39,41,41,42,40,40,44,67,86,0,0,23
25.086,,751,5.362637362637362,34.46153846153846,-37.362637362637365,85.67032967032966,5.4945054945054945,2.4114544084400906,2395,2225,2211,2902,2108,1658,-450,0,0,0,0,0,-292,-146,-199,-34,23,-100,118,120,118,121,117,119,39,41,41,42,40,40,48,67,87,1,0,24
25.1194,,752,3.5164835164835164,34.46153846153846,-37.362637362637365,85.67032967032966,5.4945054945054945,2.4114544084400906,2376,2225,2211,2902,2108,1658,-550,0,0,0,0,0,-296,-146,-199,-34,23,-100,118,120,118,121,117,119,39,41,41,42,40,40,37,62,85,1,0,23
25.1528,,753,2.021978021978022,34.46153846153846,-37.362637362637365,85.67032967032966,5.4945054945054945,2.4114544084400906,2355,2225,2211,2902,2108,1658,-600,0,0,0,0,0,-204,-146,-199,-34,23,-100,118,120,118,121,117,120,39,41,41,42,40,40,33,60,87,1,0,24
25.1862,,754,0.6153846153846154,34.46153846153846,-37.362637362637365,85.67032967032966,5.4945054945054945,2.4114544084400906,2333,2225,2211,2902,2108,1658,-700,0,0,0,0,0,-174,-146,-199,-34,23,-100,118,120,118,121,117,120,39,41,41,42,40,41,25,60,86,1,0,23
25.2196,,755,-0.7912087912087912,34.46153846153846,-37.362637362637365,85.67032967032966,5.4945054945054945,2.4114544084400906,2310,2225,2211,2902,2108,1658,-700,0,0,0,0,0,-265,-146,-199,-34,23,-100,118,120,118,121,117,120,39,41,41,42,40,41,5,59,87,1,0,23
25.2531,,756,-2.197802197802198,34.46153846153846,-37.362637362637365,85.67032967032966,5.4945054945054945,2.4114544084400906,2289,2225,2211,2902,2108,1658,-650,0,0,0,0,0,-151,-146,-199,-34,23,-100,118,120,118,121,117,120,39,41,41,42,40,40,4,60,86,2,0,24
25.2865,,757,-3.5164835164835164,34.46153846153846,-37.362637362637365,85.67032967032966,5.4945054945054945,2.4114544084400906,2271,2225,2211,2902,2107,1658,-600,0,0,0,-50,0,-220,-146,-199,-34,27,-100,118,120,118,121,117,120,39,41,41,42,40,41,4,60,87,1,0,24
25.3199,,758,-4.835164835164835,34.46153846153846,-37.362637362637365,85.67032967032966,5.406593406593407,2.4114544084400906,2252,2225,2211,2902,2107,1658,-550,0,0,0,0,0,-199,-146,-199,-34,27,-100,118,120,118,121,117,120,39,41,41,42,40,40,4,59,87,1,0,24
25.3533,,759,-6.241758241758242,34.46153846153846,-37.362637362637365,85.67032967032966,5.318681318681318,2.4114544084400906,2236,2225,2211,2902,2107,1658,-500,0,0,0,0,0,-102,-146,-199,-34,23,-100,118,120,118,121,117,120,39,41,41,42,40,40,4,60,87,1,0,24
25.3867,,760,-7.736263736263736,34.46153846153846,-37.27472527472528,85.67032967032966,5.318681318681318,2.4114544084400906,2221,2225,2211,2902,2107,1658,-450,0,0,0,0,0,-127,-146,-199,-34,0,-100,118,120,118,121,117,120,39,41,41,42,40,41,6,59,86,2,0,24
25.4201,,761,-9.23076923076923,34.46153846153846,-37.27472527472528,85.67032967032966,5.406593406593407,2.4114544084400906,2206,2225,2211,2902,2107,1658,-450,0,0,0,0,0,-218,-146,-196,-34,0,-100,118,120,118,121,117,120,39,41,41,42,40,40,12,59,84,2,0,24
25.4535,,762,-10.637362637362637,34.46153846153846,-37.27472527472528,85.67032967032966,5.406593406593407,2.4114544084400906,2191,2225,2211,2902,2107,1658,-450,0,0,0,0,0,-132,-146,-196,-34,23,-100,118,120,118,121,117,120,39,41,41,42,40,40,13,60,83,2,0,24
25.487,,763,-12.043956043956044,34.46153846153846,-37.18681318681319,85.67032967032966,5.406593406593407,2.4114544084400906,2175,2225,2211,2902,2107,1658,-450,0,0,0,0,0,-125,-146,-196,-34,23,-100,118,120,118,121,117,120,39,41,41,42,40,40,13,60,84,1,0,23
25.5204,,764,-13.362637362637363,34.46153846153846,-37.18681318681319,85.67032967032966,5.406593406593407,2.4114544084400906,2159,2225,2211,2902,2107,1658,-500,0,0,0,0,0,-145,-146,-192,-34,23,-100,118,120,118,121,117,120,39,41,41,42,40,40,11,59,80,2,0,24
25.5538,,765,-14.76923076923077,34.46153846153846,-37.18681318681319,85.67032967032966,5.4945054945054945,2.4114544084400906,2141,2225,2211,2902,2107,1658,-500,0,0,0,0,0,-218,-146,-192,-34,23,-100,118,120,118,121,117,120,39,41,41,42,40,40,15,60,80,1,0,23
25.5872,,766,-16.087912087912088,34.46153846153846,-37.18681318681319,85.67032967032966,5.4945054945054945,2.4114544084400906,2124,2225,2211,2902,2107,1658,-500,0,0,0,0,0,-122,-146,-192,-34,27,-100,118,120,118,121,117,120,39,41,41,42,40,40,7,60,81,1,0,24
25.6206,,767,-17.318681318681318,34.46153846153846,-37.18681318681319,85.67032967032966,5.4945054945054945,2.4114544084400906,2108,2225,2211,2902,2107,1658,-500,0,0,0,0,0,-108,-146,-192,-34,27,-100,118,120,118,121,117,120,39,41,41,42,40,40,4,60,81,1,0,23
25.6541,,768,-18.54945054945055,34.46153846153846,-37.18681318681319,85.67032967032966,5.4945054945054945,2.4114544084400906,2091,2225,2211,2902,2107,1658,-500,0,0,0,0,0,-177,-146,-192,-34,27,-100,118,120,118,121,117,120,39,41,41,42,40,41,4,59,80,1,1,23
25.6875,,769,-19.956043956043956,34.46153846153846,-37.18681318681319,85.67032967032966,5.4945054945054945,2.4114544084400906,2075,2225,2211,2902,2107,1658,-450,0,0,0,0,0,-197,-146,-192,-34,27,-100,118,120,118,121,117,120,39,41,41,42,40,40,7,59,80,1,0,24
25.7209,,770,-21.186813186813186,34.46153846153846,-37.18681318681319,85.67032967032966,5.4945054945054945,2.4114544084400906,2060,2225,2211,2902,2107,1658,-450,0,0,0,0,0,-109,-146,-192,-34,27,-100,118,120,118,121,117,120,39,41,41,42,40,40,16,60,81,0,0,24
25.7543,,771,-22.505494505494507,34.46153846153846,-37.18681318681319,85.67032967032966,5.4945054945054945,2.4114544084400906,2047,2225,2211,2902,2107,1658,-400,0,0,0,0,0,-100,-146,-192,-34,27,-100,118,120,118,121,117,120,39,41,41,42,40,40,6,59,81,0,0,24
25.7876,,772,-23.912087912087912,34.46153846153846,-37.18681318681319,85.67032967032966,5.582417582417582,2.4114544084400906,2033,2225,2211,2902,2107,1658,-400,0,0,0,0,0,-101,-146,-192,-34,27,-100,118,120,118,121,117,120,39,41,41,42,40,40,3,59,81,1,0,24
25.821,,773,-25.406593406593405,34.46153846153846,-37.18681318681319,85.67032967032966,5.582417582417582,2.4114544084400906,2019,2225,2211,2902,2107,1658,-400,0,0,0,0,0,-187,-146,-192,-34,30,-100,118,120,118,121,117,120,39,41,41,42,40,41,6,60,80,1,1,24
25.8544,,774,-26.63736263736264,34.46153846153846,-37.18681318681319,85.67032967032966,5.670329670329671,2.4114544084400906,2004,2225,2211,2902,2107,1658,-400,0,0,0,0,0,-131,-146,-192,-34,30,-100,118,120,118,121,117,120,39,41,41,42,40,40,21,60,80,0,1,23
25.8878,,775,-27.86813186813187,34.46153846153846,-37.18681318681319,85.67032967032966,6.021978021978022,2.4114544084400906,1989,2225,2211,2902,2107,1658,-500,0,0,0,0,0,-205,-146,-192,-34,34,-100,118,120,118,121,117,120,39,41,41,42,40,40,12,60,80,1,0,24
25.9212,,776,-29.0989010989011,34.46153846153846,-37.18681318681319,85.67032967032966,6.637362637362638,2.4114544084400906,1973,2225,2211,2902,2107,1658,-450,0,0,0,0,0,-109,-146,-192,-34,48,-100,118,120,118,121,117,120,39,41,41,42,40,41,8,61,80,1,4,24
25.9546,,777,-30.505494505494507,34.46153846153846,-37.18681318681319,85.67032967032966,7.076923076923077,2.4114544084400906,1957,2225,2211,2902,2108,1658,-450,0,0,0,50,0,-179,-146,-192,-34,74,-100,118,120,118,121,117,120,39,41,41,42,40,40,12,60,80,1,8,24
25.988,,778,-31.824175824175825,34.46153846153846,-37.18681318681319,85.67032967032966,7.164835164835165,2.4114544084400906,1941,2225,2211,2902,2113,1658,-500,0,0,0,100,0,-117,-146,-192,-34,85,-100,118,120,118,121,117,120,39,41,41,42,40,40,8,60,80,1,6,24
26.0215,,779,-33.23076923076923,34.54945054945055,-37.18681318681319,85.67032967032966,7.164835164835165,2.4114544084400906,1925,2225,2211,2902,2117,1658,-500,0,0,0,150,0,-108,-146,-192,-34,62,-100,118,120,118,121,117,120,39,41,41,42,40,40,11,60,80,1,2,24
26.0549,,780,-34.72527472527472,34.637362637362635,-37.18681318681319,85.67032967032966,7.164835164835165,2.4114544084400906,1910,2225,2211,2902,2120,1658,-450,0,0,0,100,0,-108,-143,-192,-34,48,-100,118,120,118,121,117,120,39,41,41,42,40,40,7,57,82,1,1,24
26.0883,,781,-36.043956043956044,34.637362637362635,-37.18681318681319,85.67032967032966,7.252747252747253,2.4114544084400906,1896,2225,2211,2902,2123,1658,-450,0,0,0,50,0,-199,-139,-192,-34,41,-100,118,120,118,121,117,120,39,41,41,42,40,40,11,54,81,1,1,24
26.1217,,782,-37.53846153846154,34.637362637362635,-37.18681318681319,85.67032967032966,7.252747252747253,2.4114544084400906,1882,2225,2211,2902,2124,1658,-400,0,0,0,50,0,-193,-139,-192,-34,37,-100,118,120,118,121,117,120,39,41,41,42,40,41,10,54,81,1,1,24
26.1551,,783,-38.94505494505494,34.637362637362635,-37.18681318681319,85.67032967032966,7.252747252747253,2.4114544084400906,1867,2225,2211,2902,2125,1658,-450,0,0,0,0,0,-138,-139,-192,-34,34,-100,118,120,118,121,117,119,39,41,41,42,40,41,11,54,79,1,1,24
26.1885,,784,-40.26373626373626,34.72527472527472,-37.18681318681319,85.67032967032966,7.604395604395604,2.4114544084400906,1853,2225,2211,2902,2125,1658,-450,0,0,0,0,0,-221,-139,-192,-34,34,-100,118,120,118,121,117,119,39,41,41,42,40,40,23,54,79,0,0,23
26.2219,,785,-41.582417582417584,34.9010989010989,-37.18681318681319,85.67032967032966,8.483516483516484,2.4114544084400906,1837,2225,2211,2901,2125,1658,-450,0,0,0,0,0,-127,-136,-192,-30,48,-100,118,120,118,121,117,119,39,41,41,42,40,40,15,51,80,0,3,24
26.2553,,786,-42.9010989010989,35.16483516483517,-37.18681318681319,85.67032967032966,9.274725274725276,2.4114544084400906,1821,2225,2211,2901,2129,1658,-450,0,0,0,100,0,-202,-129,-192,-30,85,-100,118,120,118,121,117,119,39,41,41,42,40,41,13,43,80,0,8,23
26.2887,,787,-44.30769230769231,35.34065934065934,-37.0989010989011,85.67032967032966,9.626373626373626,2.4114544084400906,1807,2225,2211,2901,2135,1658,-450,0,0,0,100,0,-226,-115,-192,-30,111,-100,118,120,118,121,117,119,39,41,41,42,40,40,20,36,80,1,6,23
26.3221,,788,-45.53846153846154,35.42857142857143,-37.0989010989011,85.67032967032966,9.714285714285714,2.4114544084400906,1792,2225,2211,2901,2141,1658,-450,0,0,0,150,0,-225,-111,-189,-30,82,-100,118,120,118,121,117,119,39,41,41,42,40,40,23,33,77,1,6,24
26.3555,,789,-46.857142857142854,35.42857142857143,-37.0989010989011,85.67032967032966,9.978021978021978,2.4114544084400906,1777,2225,2211,2901,2145,1658,-400,0,0,0,150,0,-131,-108,-189,-30,-55,-100,118,120,118,121,117,120,39,41,41,42,40,41,23,32,78,0,3,24
26.3889,,790,-47.91208791208791,35.42857142857143,-37.0989010989011,85.67032967032966,10.76923076923077,2.4114544084400906,1763,2225,2211,2901,2149,1658,-450,0,0,0,150,0,-215,-108,-189,-30,58,-100,118,120,118,121,117,120,39,41,41,42,40,41,23,33,78,1,3,24
26.4223,,791,-48.879120879120876,35.42857142857143,-37.0989010989011,85.67032967032966,11.824175824175825,2.4114544084400906,1749,2225,2211,2901,2154,1658,-400,0,0,0,100,0,-195,-108,-189,-30,-33,-100,118,120,118,121,117,120,39,41,41,42,40,40,30,33,77,0,9,24
26.4557,,792,-49.40659340659341,35.42857142857143,-37.010989010989015,85.75824175824175,12.351648351648352,2.4114544084400906,1737,2225,2211,2901,2160,1658,-350,0,0,0,200,0,-212,-108,-189,-30,130,-100,118,120,118,121,117,120,39,41,41,42,40,41,24,35,78,0,6,23
26.4891,,793,-49.582417582417584,35.42857142857143,-37.010989010989015,85.75824175824175,12.43956043956044,2.4114544084400906,1725,2225,2211,2901,2168,1658,-350,0,0,0,200,0,-170,-108,-185,-27,98,-100,118,120,118,121,117,120,39,41,41,42,40,41,15,36,75,1,3,24
26.5224,,794,-49.494505494505496,35.51648351648352,-37.010989010989015,85.67032967032966,12.527472527472527,2.4114544084400906,1716,2225,2211,2901,2174,1658,-300,0,0,0,250,0,-132,-108,-185,-27,72,-100,118,120,118,121,117,120,39,41,41,42,40,41,10,35,75,0,3,24
26.5558,,795,-49.05494505494506,35.78021978021978,-37.0989010989011,85.67032967032966,12.527472527472527,2.4114544084400906,1709,2225,2211,2901,2178,1658,-200,0,0,0,100,0,16,-104,-185,-30,58,-100,118,120,118,121,117,120,39,41,41,42,40,41,9,33,75,0,2,24
26.5892,,796,-48.35164835164835,36.043956043956044,-37.27472527472528,85.67032967032966,12.527472527472527,2.4114544084400906,1705,2225,2211,2901,2181,1658,-200,0,0,0,100,0,-69,-93,-189,-30,48,-100,118,120,118,121,117,120,39,41,41,42,40,41,5,26,78,1,3,24
26.6227,,797,-46.76923076923077,36.13186813186813,-37.27472527472528,85.67032967032966,12.527472527472527,2.4114544084400906,1704,2225,2211,2901,2183,1658,-50,0,0,0,50,0,-16,-83,-196,-30,-76,-100,118,120,118,121,117,120,39,41,41,42,40,41,3,19,84,0,1,23
26.6561,,798,-45.362637362637365,36.13186813186813,-37.18681318681319,85.67032967032966,12.527472527472527,2.4114544084400906,1705,2225,2211,2901,2185,1658,0,0,0,0,50,0,85,-79,-196,-30,37,-100,118,120,118,121,117,120,39,41,41,42,40,40,7,16,83,0,0,23
26.6895,,799,-43.51648351648352,36.21978021978022,-37.18681318681319,85.67032967032966,12.527472527472527,2.4114544084400906,1710,2225,2211,2901,2186,1658,100,0,0,0,50,0,121,-79,-192,-30,30,-100,118,120,119,121,118,120,39,41,41,42,40,41,9,16,80,0,0,23
26.7229,,800,-41.23076923076923,36.21978021978022,-37.18681318681319,85.67032967032966,12.527472527472527,2.4114544084400906,1716,2225,2211,2901,2187,1658,150,0,0,0,50,0,88,-76,-192,-30,27,-100,118,121,119,121,118,120,39,41,41,42,40,41,21,14,81,1,0,24
26.7562,,801,-39.20879120879121,36.21978021978022,-37.18681318681319,85.58241758241758,12.527472527472527,2.4114544084400906,1728,2225,2211,2901,2187,1658,350,0,0,0,0,0,236,-76,-192,-30,27,-100,119,121,119,121,118,120,39,41,41,42,40,41,26,14,80,1,0,24
26.7896,,802,-36.83516483516483,36.21978021978022,-37.18681318681319,85.58241758241758,12.527472527472527,2.4114544084400906,1743,2225,2211,2901,2187,1658,450,0,0,0,0,0,264,-76,-192,-34,27,-100,119,121,119,122,118,120,39,41,41,42,40,41,35,14,80,1,0,23
26.823,,803,-34.46153846153846,36.21978021978022,-37.0989010989011,85.58241758241758,12.527472527472527,2.4114544084400906,1760,2225,2211,2901,2188,1658,450,0,0,0,50,0,299,-76,-192,-34,23,-100,119,121,119,122,118,120,39,41,41,42,40,41,59,14,81,1,0,24
26.8564,,804,-32.35164835164835,36.30769230769231,-37.0989010989011,85.58241758241758,12.527472527472527,2.4114544084400906,1777,2225,2211,2901,2188,1658,550,0,0,0,0,0,328,-76,-189,-34,23,-100,119,121,119,122,118,120,39,41,41,42,40,41,65,14,78,1,0,24
26.8898,,805,-30.065934065934066,36.30769230769231,-37.0989010989011,85.58241758241758,12.527472527472527,2.4114544084400906,1796,2225,2211,2901,2188,1658,550,0,0,0,0,0,342,-72,-189,-34,23,-100,119,121,119,122,118,120,39,41,41,42,40,41,60,12,78,1,0,24
26.9232,,806,-28.043956043956044,36.30769230769231,-37.0989010989011,85.58241758241758,12.527472527472527,2.4114544084400906,1816,2225,2211,2901,2188,1658,550,0,0,0,0,0,297,-72,-189,-34,23,-100,119,121,119,122,118,120,39,41,41,42,40,41,86,13,77,1,0,24
26.9566,,807,-26.021978021978022,36.30769230769231,-37.0989010989011,85.58241758241758,12.527472527472527,2.4114544084400906,1837,2225,2211,2901,2188,1658,650,0,0,0,0,0,299,-72,-189,-34,23,-100,119,121,119,122,118,120,39,41,41,42,40,41,71,12,79,1,0,24
26.99,,808,-24.087912087912088,36.30769230769231,-37.0989010989011,85.58241758241758,12.527472527472527,2.4114544084400906,1863,2225,2211,2901,2188,1658,700,0,0,0,0,0,286,-72,-189,-34,23,-100,119,121,119,122,118,120,39,41,41,42,40,41,84,12,79,1,0,24
27.0234,,809,-22.24175824175824,36.30769230769231,-37.0989010989011,85.58241758241758,12.527472527472527,2.4114544084400906,1888,2225,2211,2901,2188,1658,750,0,0,0,0,0,268,-72,-189,-34,23,-100,119,121,119,122,118,120,39,41,41,42,40,41,50,13,78,1,0,24
27.0568,,810,-20.483516483516482,36.30769230769231,-37.0989010989011,85.58241758241758,12.527472527472527,2.4114544084400906,1912,2225,2211,2901,2188,1658,700,0,0,0,0,0,278,-72,-189,-34,23,-100,119,121,119,122,118,121,39,41,41,42,40,41,58,13,78,1,0,24
27.0902,,811,-18.813186813186814,36.30769230769231,-37.0989010989011,85.58241758241758,12.527472527472527,2.4114544084400906,1937,2225,2211,2901,2188,1658,750,0,0,0,0,0,257,-72,-189,-34,23,-100,119,121,119,122,118,121,39,41,41,42,40,40,47,13,79,1,0,23
27.1236,,812,-17.054945054945055,36.30769230769231,-37.0989010989011,85.58241758241758,12.527472527472527,2.4114544084400906,1959,2225,2211,2901,2189,1658,650,0,0,0,50,0,236,-72,-189,-34,0,-100,119,121,119,122,118,121,39,41,41,42,40,41,45,14,78,1,0,23
27.157,,813,-15.296703296703297,36.30769230769231,-37.0989010989011,85.67032967032966,12.527472527472527,2.4114544084400906,1981,2225,2211,2901,2189,1658,650,0,0,0,0,0,225,-72,-189,-34,0,-100,119,121,119,122,118,120,39,41,41,42,40,41,45,13,78,1,0,23
27.1904,,814,-13.538461538461538,36.30769230769231,-37.0989010989011,85.67032967032966,12.527472527472527,2.4114544084400906,2000,2225,2211,2901,2189,1658,600,0,0,0,0,0,305,-72,-189,-30,0,-100,119,121,119,122,118,120,39,41,41,42,40,41,60,12,78,0,0,23
27.2237,,815,-11.516483516483516,36.30769230769231,-37.0989010989011,85.67032967032966,12.43956043956044,2.4114544084400906,2020,2225,2211,2901,2189,1658,600,0,0,0,0,0,328,-72,-189,-30,0,-100,119,121,119,122,118,120,39,41,41,42,40,41,34,13,78,1,0,24
27.2571,,816,-9.494505494505495,36.30769230769231,-37.010989010989015,85.67032967032966,12.43956043956044,2.4114544084400906,2040,2225,2211,2901,2189,1658,600,0,0,0,0,0,335,-72,-189,-30,0,-100,119,121,119,122,118,120,39,41,41,42,40,41,65,14,78,0,0,23
27.2905,,817,-7.2967032967032965,36.30769230769231,-37.010989010989015,85.75824175824175,12.43956043956044,2.4114544084400906,2059,2225,2211,2901,2189,1658,600,0,0,0,0,0,254,-72,-185,-30,0,-100,119,121,119,122,118,120,39,41,41,42,40,41,66,13,75,0,0,23
27.3239,,818,-5.010989010989011,36.30769230769231,-37.010989010989015,85.75824175824175,12.43956043956044,2.4114544084400906,2081,2225,2211,2901,2189,1658,650,0,0,0,0,0,261,-72,-185,-27,0,-100,119,121,119,122,118,120,39,41,41,42,40,41,64,13,75,0,0,23
27.3574,,819,-2.6373626373626373,36.30769230769231,-37.010989010989015,85.75824175824175,12.43956043956044,2.4114544084400906,2103,2225,2211,2901,2189,1658,650,0,0,0,0,0,356,-72,-185,-27,0,-100,119,121,119,121,118,120,39,41,41,42,40,41,60,13,75,0,0,24
27.3908,,820,-0.26373626373626374,36.30769230769231,-37.010989010989015,85.75824175824175,12.43956043956044,2.4114544084400906,2124,2225,2211,2901,2189,1658,650,0,0,0,0,0,306,-72,-185,-27,0,-100,119,121,119,121,118,120,39,41,41,42,40,41,64,14,75,0,0,23
27.4242,,821,2.10989010989011,36.30769230769231,-37.010989010989015,85.75824175824175,12.43956043956044,2.4114544084400906,2148,2225,2211,2901,2189,1658,700,0,0,0,0,0,400,-72,-185,-27,0,-100,119,121,119,121,118,120,39,41,41,42,40,41,68,13,75,0,0,23
27.4576,,822,4.483516483516484,36.30769230769231,-36.92307692307692,85.75824175824175,12.43956043956044,2.4114544084400906,2173,2225,2211,2901,2189,1658,700,0,0,0,0,0,316,-72,-185,-27,0,-100,119,121,119,121,118,120,39,41,41,42,40,41,78,13,75,0,0,23
27.4909,,823,6.857142857142857,36.30769230769231,-36.92307692307692,85.75824175824175,12.43956043956044,2.4114544084400906,2199,2225,2211,2901,2189,1658,750,0,0,0,0,0,317,-72,-181,-27,0,-100,118,121,119,121,118,120,39,41,41,42,40,41,72,13,72,0,0,24
27.5243,,824,9.142857142857142,36.30769230769231,-36.92307692307692,85.75824175824175,12.527472527472527,2.4114544084400906,2224,2225,2211,2901,2189,1658,750,0,0,0,0,0,343,-72,-181,-27,0,-100,119,121,119,121,118,120,39,41,41,42,40,41,70,13,72,0,0,24
27.5577,,825,11.252747252747254,36.30769230769231,-36.92307692307692,85.75824175824175,12.527472527472527,2.4114544084400906,2251,2225,2211,2901,2189,1658,800,0,0,0,0,0,336,-72,-181,-27,0,-100,119,121,119,122,118,120,39,41,41,42,40,41,91,13,72,0,0,24
27.5911,,826,13.362637362637363,36.30769230769231,-36.92307692307692,85.75824175824175,12.527472527472527,2.4114544084400906,2278,2225,2211,2901,2189,1658,800,0,0,0,0,0,409,-72,-181,-27,0,-100,119,121,119,122,118,120,39,41,41,42,40,41,70,13,72,0,0,24
27.6245,,827,15.296703296703297,36.30769230769231,-36.92307692307692,85.75824175824175,12.527472527472527,2.4114544084400906,2303,2225,2211,2901,2189,1658,800,0,0,0,0,0,307,-72,-181,-27,0,-100,119,121,119,122,118,121,39,41,41,42,40,41,55,13,72,0,0,24
27.658,,828,16.967032967032967,36.30769230769231,-36.92307692307692,85.75824175824175,12.527472527472527,2.4114544084400906,2330,2225,2211,2901,2189,1658,800,0,0,0,0,0,281,-72,-181,-27,0,-100,119,121,119,122,118,121,39,41,41,42,40,41,59,13,72,0,0,24
27.6914,,829,18.725274725274726,36.30769230769231,-36.92307692307692,85.75824175824175,12.527472527472527,2.4114544084400906,2356,2225,2211,2901,2189,1658,800,0,0,0,0,0,286,-72,-181,-27,0,-100,119,121,119,122,118,121,39,41,41,42,40,41,44,13,73,0,0,24
27.7248,,830,20.395604395604394,36.30769230769231,-36.92307692307692,85.67032967032966,12.527472527472527,2.4114544084400906,2379,2225,2211,2901,2189,1658,700,0,0,0,0,0,349,-72,-181,-27,0,-100,119,121,119,122,118,121,39,41,41,42,40,41,42,13,72,0,0,24
27.7582,,831,21.802197802197803,36.30769230769231,-36.92307692307692,85.67032967032966,12.527472527472527,2.4114544084400906,2403,2225,2211,2901,2189,1658,650,0,0,0,0,0,327,-72,-181,-30,0,-100,119,121,119,122,118,121,39,41,41,42,40,41,31,13,73,0,0,23
27.7916,,832,23.208791208791208,36.30769230769231,-36.92307692307692,85.67032967032966,12.527472527472527,2.4114544084400906,2424,2225,2211,2901,2189,1658,700,0,0,0,0,0,299,-72,-181,-30,0,-100,119,121,119,122,118,121,39,41,41,42,40,41,29,13,72,1,0,24
27.825,,833,24.703296703296704,36.30769230769231,-36.92307692307692,85.67032967032966,12.527472527472527,2.4114544084400906,2444,2225,2211,2901,2189,1658,600,0,0,0,0,0,278,-72,-181,-30,0,-100,119,121,119,122,118,121,39,41,41,42,40,41,30,13,72,1,0,24
27.8584,,834,26.10989010989011,36.30769230769231,-36.92307692307692,85.67032967032966,12.527472527472527,2.4114544084400906,2461,2225,2211,2901,2189,1658,550,0,0,0,0,0,300,-72,-181,-30,0,-100,119,121,119,122,118,121,39,41,41,42,40,41,51,13,72,1,0,24
27.8918,,835,27.516483516483518,36.30769230769231,-36.92307692307692,85.67032967032966,12.527472527472527,2.4114544084400906,2478,2225,2211,2901,2189,1658,550,0,0,0,0,0,203,-72,-181,-30,0,-100,119,121,119,122,118,121,39,41,41,42,40,41,39,13,72,0,0,24
27.9252,,836,29.0989010989011,36.30769230769231,-36.92307692307692,85.67032967032966,12.527472527472527,2.4114544084400906,2495,2225,2211,2902,2189,1658,500,0,0,0,0,0,282,-72,-181,-34,0,-100,119,121,119,122,118,120,39,41,41,42,40,41,55,13,73,1,0,24
27.9586,,837,30.593406593406595,36.30769230769231,-36.92307692307692,85.67032967032966,12.43956043956044,2.4114544084400906,2510,2225,2211,2902,2189,1658,500,0,0,0,0,0,198,-72,-181,-34,0,-100,119,121,119,121,118,120,39,41,41,42,40,41,55,12,74,2,0,24
27.992,,838,31.912087912087912,36.30769230769231,-36.92307692307692,85.67032967032966,12.43956043956044,2.4114544084400906,2527,2225,2211,2902,2189,1658,500,0,0,0,0,0,307,-72,-181,-34,0,-100,119,121,119,121,118,120,39,41,41,42,40,41,64,13,72,1,0,23
28.0254,,839,33.31868131868132,36.30769230769231,-36.92307692307692,85.67032967032966,12.43956043956044,2.4114544084400906,2543,2225,2211,2902,2190,1658,500,0,0,0,50,0,210,-72,-181,-34,0,-100,118,121,119,121,118,120,39,41,41,42,40,41,56,13,72,1,0,24
28.0587,,840,34.637362637362635,36.30769230769231,-36.92307692307692,85.67032967032966,12.43956043956044,2.4114544084400906,2559,2225,2211,2902,2190,1658,450,0,0,0,0,0,291,-72,-181,-34,0,-100,118,121,119,121,118,120,39,41,41,42,40,41,49,13,72,1,0,24
28.0921,,841,35.86813186813187,36.30769230769231,-36.92307692307692,85.67032967032966,12.43956043956044,2.4114544084400906,2575,2225,2211,2902,2190,1658,500,0,0,0,0,0,191,-72,-181,-34,0,-100,118,121,119,121,118,120,39,41,41,42,40,41,42,13,72,1,0,23
28.1255,,842,36.92307692307692,36.30769230769231,-36.92307692307692,85.75824175824175,12.43956043956044,2.4114544084400906,2592,2225,2211,2902,2190,1658,450,0,0,0,0,0,262,-72,-181,-34,0,-100,118,121,119,121,118,120,39,41,41,42,40,41,48,13,72,1,0,24
28.1589,,843,37.97802197802198,36.30769230769231,-36.92307692307692,85.75824175824175,12.43956043956044,2.4114544084400906,2607,2225,2211,2902,2190,1658,450,0,0,0,0,0,272,-72,-181,-30,0,-100,118,120,119,121,118,120,39,41,41,42,40,41,49,13,73,0,0,24
28.1923,,844,38.94505494505494,36.30769230769231,-36.92307692307692,85.75824175824175,12.43956043956044,2.4114544084400906,2622,2225,2211,2902,2190,1658,450,0,0,0,0,0,258,-72,-181,-30,0,-100,118,120,119,121,118,120,39,41,41,42,40,41,44,13,72,0,0,24
28.2257,,845,39.73626373626374,36.30769230769231,-36.92307692307692,85.84615384615384,12.43956043956044,2.4114544084400906,2636,2225,2211,2902,2190,1658,450,0,0,0,0,0,149,-72,-181,-30,0,-100,118,120,119,121,118,120,39,41,41,42,40,41,28,13,73,0,0,24
28.2591,,846,40.61538461538461,36.21978021978022,-36.83516483516483,85.93406593406593,12.43956043956044,2.4114544084400906,2649,2225,2211,2902,2190,1658,400,0,0,0,0,0,122,-72,-181,-27,0,-100,118,121,119,121,118,120,39,41,41,42,40,41,26,13,73,1,0,24
28.2925,,847,41.31868131868132,36.043956043956044,-36.747252747252745,86.37362637362638,12.43956043956044,2.4114544084400906,2660,2225,2211,2902,2190,1658,350,0,0,0,0,0,232,-76,-178,-23,0,-100,119,121,119,122,118,120,39,41,41,42,40,41,27,15,70,0,0,24
28.3259,,848,41.84615384615385,35.604395604395606,-36.747252747252745,87.42857142857143,12.351648351648352,2.4114544084400906,2671,2225,2211,2902,2190,1658,350,0,0,0,0,0,207,-83,-174,36,0,-100,119,121,119,122,118,121,39,41,41,42,40,41,36,19,68,0,0,24
28.3593,,849,42.1978021978022,35.252747252747255,-36.747252747252745,88.57142857142857,12.263736263736265,2.4114544084400906,2681,2225,2211,2904,2190,1658,300,0,0,50,0,0,185,-106,-174,90,-23,-100,119,121,119,122,118,121,39,41,41,42,40,41,26,28,69,8,0,24
28.3927,,850,42.1978021978022,34.54945054945055,-36.747252747252745,89.89010989010988,12.175824175824175,2.4868123587038435,2690,2225,2211,2911,2190,1658,250,0,0,100,0,0,153,-115,-174,104,-27,-100,119,121,119,122,118,121,39,41,41,42,40,41,19,35,68,10,0,24
28.4261,,851,42.1978021978022,33.75824175824176,-36.747252747252745,91.20879120879121,11.824175824175825,2.4868123587038435,2697,2225,2211,2920,2190,1658,250,0,0,250,0,0,125,-151,-174,128,-30,-100,119,121,119,122,118,121,39,41,41,42,40,41,17,59,68,4,0,23
28.4595,,852,42.1978021978022,32.967032967032964,-36.747252747252745,92.35164835164835,11.736263736263735,2.4868123587038435,2703,2225,2211,2931,2190,1658,150,0,0,300,0,0,111,-197,-174,158,-52,-100,119,121,119,122,118,121,39,41,41,42,40,41,9,87,68,3,4,24
28.4929,,853,42.10989010989011,31.824175824175825,-36.747252747252745,93.49450549450549,11.648351648351648,2.4868123587038435,2706,2225,2211,2942,2189,1658,100,0,0,350,0,0,93,-224,-174,71,-48,-100,119,121,119,122,118,121,39,41,41,42,40,41,15,112,68,9,4,23
28.5263,,854,42.10989010989011,30.593406593406595,-36.747252747252745,94.37362637362638,11.648351648351648,2.4868123587038435,2708,2225,2211,2954,2189,1658,100,0,0,350,-50,0,83,-276,-174,157,-48,-100,119,121,119,122,118,121,39,41,41,42,40,41,15,138,67,6,4,24
28.5597,,855,42.10989010989011,29.274725274725274,-36.747252747252745,94.98901098901099,11.648351648351648,2.4868123587038435,2710,2224,2211,2966,2189,1658,50,-50,0,350,0,0,76,-317,-174,134,-48,-100,119,121,119,121,118,120,39,41,41,42,40,41,12,215,67,2,5,23
28.5931,,856,42.10989010989011,27.86813186813187,-36.747252747252745,95.6043956043956,11.648351648351648,2.4868123587038435,2710,2220,2211,2976,2188,1658,0,-100,0,300,-50,0,76,-355,-174,141,-44,-100,118,120,118,121,117,120,39,41,41,42,40,41,14,186,68,4,4,24
28.6265,,857,42.10989010989011,26.63736263736264,-36.747252747252745,96.21978021978022,11.56043956043956,2.4868123587038435,2710,2213,2211,2985,2188,1658,0,-200,0,250,0,0,76,-317,-174,43,-44,-100,118,120,118,121,117,119,39,41,41,42,40,41,14,230,67,6,3,23
28.6599,,858,42.10989010989011,25.75824175824176,-36.747252747252745,96.65934065934066,11.56043956043956,2.4868123587038435,2710,2204,2211,2994,2188,1658,0,-250,0,250,0,0,76,-416,-174,118,-48,-100,118,120,118,120,117,119,39,41,41,42,40,41,13,217,67,5,4,24
28.6933,,859,42.10989010989011,25.054945054945055,-36.65934065934066,97.18681318681318,11.56043956043956,2.4868123587038435,2710,2192,2211,3003,2188,1658,0,-350,0,300,0,0,76,-312,-174,86,-48,-100,117,120,118,120,117,119,39,41,41,42,40,41,13,202,67,5,4,24
28.7267,,860,42.1978021978022,24.439560439560438,-36.57142857142857,97.62637362637362,11.56043956043956,2.4868123587038435,2710,2180,2211,3010,2188,1658,0,-350,0,250,0,0,76,-374,-171,84,-48,-100,117,119,118,120,117,119,39,41,41,42,40,41,14,172,63,10,4,23
28.7601,,861,42.46153846153846,23.736263736263737,-36.21978021978022,98.15384615384616,11.56043956043956,2.4868123587038435,2710,2169,2211,3016,2188,1658,0,-350,0,200,0,0,79,-295,-167,95,-48,-100,117,119,117,120,116,119,39,41,41,42,40,41,16,183,62,6,4,24
28.7935,,862,42.54945054945055,22.593406593406595,-35.252747252747255,98.41758241758242,11.56043956043956,2.4868123587038435,2710,2159,2211,3020,2188,1658,0,-250,0,100,0,0,90,-370,-150,98,-48,-100,117,119,117,120,116,119,39,41,41,42,40,41,19,200,50,7,4,24
28.8269,,863,42.54945054945055,20.747252747252748,-33.31868131868132,98.41758241758242,11.56043956043956,2.4868123587038435,2711,2149,2211,3026,2188,1658,0,-300,0,150,0,0,90,-385,-92,79,-48,-100,117,119,117,120,116,119,39,41,41,42,40,41,17,173,26,1,4,23
28.8603,,864,42.54945054945055,18.63736263736264,-30.945054945054945,98.41758241758242,11.56043956043956,2.4868123587038435,2712,2139,2211,3029,2189,1658,0,-300,0,100,50,0,86,-423,22,62,-51,-100,117,119,117,120,116,118,39,41,41,42,40,41,18,189,5,3,5,23
28.8937,,865,42.37362637362637,16.263736263736263,-28.21978021978022,98.41758241758242,11.56043956043956,2.4868123587038435,2712,2125,2217,3031,2189,1658,0,-450,150,100,0,0,86,-370,96,55,-51,-100,117,119,117,120,116,118,39,41,41,42,40,41,17,260,5,1,4,24
28.9271,,866,41.934065934065934,13.45054945054945,-25.318681318681318,98.41758241758242,11.56043956043956,2.4868123587038435,2712,2106,2230,3033,2188,1658,0,-500,300,50,0,0,79,-415,169,51,-51,-100,117,119,117,119,116,118,39,41,41,42,40,41,15,239,2,4,4,23
28.9605,,867,41.67032967032967,10.637362637362637,-22.76923076923077,98.32967032967034,11.56043956043956,2.4868123587038435,2712,2085,2248,3033,2188,1658,0,-600,500,0,0,0,55,-532,133,48,-48,-100,117,119,117,119,116,118,39,41,41,42,40,41,8,210,0,4,4,23
28.9939,,868,41.494505494505496,8.087912087912088,-20.395604395604394,98.24175824175825,11.56043956043956,2.4868123587038435,2712,2060,2272,3033,2188,1658,0,-700,650,0,0,0,51,-556,156,44,-48,-100,116,119,117,119,116,118,39,41,41,42,40,41,5,230,0,3,4,24
29.0273,,869,41.40659340659341,5.538461538461538,-18.373626373626372,98.24175824175825,11.56043956043956,2.4868123587038435,2713,2033,2299,3033,2187,1658,0,-750,750,0,-50,0,41,-563,240,41,-44,-100,116,119,117,119,116,118,39,41,41,42,40,41,4,197,0,2,4,23
29.0607,,870,41.40659340659341,3.340659340659341,-16.87912087912088,98.24175824175825,11.56043956043956,2.4868123587038435,2713,2006,2326,3033,2187,1658,0,-850,850,0,0,0,37,-498,163,41,-44,-100,116,119,117,119,116,118,39,41,41,42,40,41,3,211,0,3,3,23
29.0941,,871,41.40659340659341,1.4065934065934067,-15.56043956043956,98.24175824175825,11.648351648351648,2.4868123587038435,2713,1977,2353,3033,2187,1658,0,-850,800,0,0,0,37,-484,120,41,-44,-100,116,119,117,119,116,118,39,41,41,42,40,41,3,220,0,3,3,23
29.1275,,872,41.40659340659341,-0.08791208791208792,-14.505494505494505,98.24175824175825,11.736263736263735,2.4868123587038435,2713,1947,2379,3033,2187,1658,0,-900,800,0,0,0,37,-455,156,41,-41,-100,116,118,117,119,116,118,39,41,41,42,40,41,2,184,0,3,2,24
29.161,,873,41.40659340659341,-1.6703296703296704,-13.362637362637363,98.24175824175825,11.912087912087912,2.4868123587038435,2713,1919,2402,3033,2187,1658,0,-850,650,0,0,0,37,-406,18,41,-37,-100,116,118,117,119,116,118,39,41,41,42,40,41,3,147,0,3,2,24
29.1944,,874,41.40659340659341,-3.5164835164835164,-12.395604395604396,98.32967032967034,12.0,2.4868123587038435,2713,1895,2416,3034,2187,1658,0,-700,450,50,0,0,37,-374,-25,37,-30,-100,116,119,117,119,116,118,39,41,41,42,40,41,3,167,0,1,1,23
29.2278,,875,41.40659340659341,-5.274725274725275,-11.076923076923077,98.32967032967034,12.175824175824175,2.4114544084400906,2713,1872,2429,3034,2187,1658,0,-750,400,0,0,0,37,-391,17,41,-27,-100,116,118,117,119,116,118,39,41,41,42,40,41,3,166,0,2,0,23
29.2612,,876,41.40659340659341,-7.2967032967032965,-9.846153846153847,98.32967032967034,12.263736263736265,2.4114544084400906,2713,1848,2440,3034,2187,1658,0,-700,350,0,0,0,37,-374,116,41,0,-100,116,118,117,119,116,118,39,41,41,42,40,41,3,161,0,2,0,23
29.2946,,877,41.40659340659341,-9.406593406593407,-8.615384615384615,98.32967032967034,12.263736263736265,2.4114544084400906,2713,1825,2453,3034,2187,1658,0,-700,300,0,0,0,37,-451,112,41,0,-100,116,118,117,119,116,118,39,41,41,42,40,41,4,126,0,3,0,23
29.328,,878,41.40659340659341,-11.340659340659341,-7.384615384615385,98.32967032967034,12.263736263736265,2.4114544084400906,2713,1801,2468,3034,2187,1658,0,-700,450,0,0,0,37,-360,107,41,0,-100,116,119,117,119,116,118,39,41,41,42,40,41,3,138,0,2,0,24
29.3615,,879,41.40659340659341,-13.186813186813186,-5.978021978021978,98.32967032967034,12.351648351648352,2.4114544084400906,2713,1777,2482,3034,2187,1658,0,-700,450,0,0,0,37,-433,-20,41,0,-100,116,119,117,119,116,118,39,41,41,42,40,41,3,130,0,3,0,24
29.3949,,880,41.40659340659341,-14.945054945054945,-4.571428571428571,98.32967032967034,12.351648351648352,2.4114544084400906,2713,1753,2496,3034,2187,1658,0,-700,400,0,0,0,37,-363,131,41,0,-100,116,119,117,119,116,118,39,41,41,42,40,41,2,138,0,3,0,24
29.4283,,881,41.40659340659341,-16.52747252747253,-3.2527472527472527,98.32967032967034,12.351648351648352,2.4114544084400906,2713,1731,2512,3034,2187,1658,0,-750,500,0,0,0,37,-345,126,41,0,-100,117,119,117,120,116,118,39,41,41,42,40,41,4,111,0,3,0,23
29.4618,,882,41.40659340659341,-17.846153846153847,-1.934065934065934,98.32967032967034,12.43956043956044,2.4114544084400906,2713,1707,2529,3034,2187,1658,0,-700,500,0,0,0,37,-316,28,41,0,-100,117,119,118,120,117,119,39,41,41,42,40,41,4,106,0,3,0,24
29.4952,,883,41.40659340659341,-19.34065934065934,-0.5274725274725275,98.32967032967034,12.43956043956044,2.4114544084400906,2713,1684,2544,3034,2187,1658,0,-650,450,0,0,0,37,-278,18,41,23,-100,118,120,118,121,117,120,39,41,41,42,40,41,4,94,0,3,0,24
29.5286,,884,41.40659340659341,-20.747252747252748,0.7032967032967034,98.32967032967034,12.43956043956044,2.4114544084400906,2713,1665,2559,3034,2187,1658,0,-650,450,0,0,0,37,-293,131,41,23,-100,118,120,118,121,118,120,39,41,41,42,40,41,4,81,0,3,0,24
29.5619,,885,41.40659340659341,-22.153846153846153,2.021978021978022,98.32967032967034,12.43956043956044,2.4114544084400906,2713,1644,2575,3034,2187,1658,0,-550,500,0,0,0,37,-359,30,41,23,-100,118,120,118,120,117,119,39,41,41,42,40,41,3,89,0,3,0,23
29.5953,,886,41.40659340659341,-23.736263736263737,3.4285714285714284,98.32967032967034,12.43956043956044,2.4114544084400906,2713,1625,2589,3035,2188,1658,0,-650,450,0,0,0,37,-341,115,37,0,-100,119,121,119,121,118,120,39,41,41,42,40,41,3,80,0,1,0,24
29.6287,,887,41.40659340659341,-25.23076923076923,4.65934065934066,98.32967032967034,12.43956043956044,2.4114544084400906,2713,1606,2603,3035,2188,1658,0,-550,450,0,0,0,37,-333,28,37,0,-100,119,121,119,122,118,121,39,41,41,42,40,41,4,88,0,2,0,24
29.6621,,888,41.40659340659341,-26.813186813186814,5.8901098901098905,98.32967032967034,12.43956043956044,2.4114544084400906,2713,1588,2619,3035,2188,1658,0,-550,450,0,0,0,37,-231,100,37,0,-100,119,122,120,122,119,121,39,41,41,42,40,41,3,67,0,2,0,23
29.6955,,889,41.40659340659341,-28.307692307692307,7.1208791208791204,98.32967032967034,12.43956043956044,2.4114544084400906,2713,1569,2634,3035,2188,1658,0,-550,450,0,0,0,37,-254,120,37,0,-100,120,122,120,123,119,121,39,41,41,42,40,41,3,70,0,3,0,24
29.7289,,890,41.40659340659341,-30.065934065934066,8.351648351648352,98.32967032967034,12.43956043956044,2.4114544084400906,2713,1550,2648,3035,2188,1658,0,-550,450,0,0,0,37,-243,114,37,0,-100,120,122,120,123,119,121,39,41,41,42,40,41,3,70,0,3,0,24
29.7623,,891,41.40659340659341,-31.824175824175825,9.494505494505495,98.32967032967034,12.43956043956044,2.4114544084400906,2713,1532,2662,3035,2188,1658,0,-550,400,0,0,0,37,-243,108,37,0,-100,120,122,120,123,119,121,39,41,41,42,40,41,3,76,0,3,0,23
29.7957,,892,41.40659340659341,-33.40659340659341,10.725274725274724,98.32967032967034,12.43956043956044,2.4114544084400906,2713,1512,2676,3035,2188,1658,0,-550,400,0,0,0,37,-239,-23,37,0,-100,120,122,120,123,119,122,39,41,41,42,40,41,3,66,0,2,0,23
29.8291,,893,41.40659340659341,-35.252747252747255,12.043956043956044,98.32967032967034,12.43956043956044,2.4114544084400906,2713,1492,2689,3035,2188,1658,0,-600,400,0,0,0,37,-309,93,37,0,-100,120,122,120,123,119,122,39,41,41,42,40,41,4,74,0,3,0,24
29.8625,,894,41.40659340659341,-37.18681318681319,13.274725274725276,98.32967032967034,12.43956043956044,2.4114544084400906,2713,1473,2702,3035,2188,1658,0,-600,400,0,0,0,37,-338,123,37,0,-100,120,122,120,123,119,122,39,41,41,42,40,41,3,84,0,2,0,23
29.8959,,895,41.40659340659341,-38.857142857142854,14.593406593406593,98.32967032967034,12.43956043956044,2.4114544084400906,2713,1452,2717,3035,2188,1658,0,-600,400,0,0,0,37,-339,28,37,0,-100,120,122,120,123,119,122,39,41,41,42,40,41,3,48,0,3,0,24
29.9292,,896,41.40659340659341,-40.7032967032967,16.087912087912088,98.32967032967034,12.43956043956044,2.4114544084400906,2713,1430,2731,3035,2188,1658,0,-600,450,0,0,0,37,-324,114,37,0,-100,120,122,120,123,119,122,39,41,41,42,40,41,4,60,0,2,0,24
29.9626,,897,41.40659340659341,-42.637362637362635,17.582417582417584,98.32967032967034,12.43956043956044,2.4114544084400906,2713,1410,2746,3035,2188,1658,0,-650,450,0,0,0,37,-232,116,37,0,-100,120,122,120,123,119,122,39,41,41,42,40,41,3,48,0,2,0,24
29.996,,898,41.40659340659341,-44.395604395604394,19.164835164835164,98.32967032967034,12.43956043956044,2.4114544084400906,2713,1388,2763,3035,2188,1658,0,-650,500,0,0,0,37,-253,138,37,0,-100,120,122,120,123,119,122,39,41,41,42,40,41,3,46,0,3,0,24
30.0294,,899,41.40659340659341,-45.97802197802198,20.65934065934066,98.32967032967034,12.43956043956044,2.4114544084400906,2713,1366,2781,3035,2188,1658,0,-700,500,0,0,0,37,-240,134,37,0,-100,120,122,120,123,119,122,39,41,41,42,40,41,4,40,0,3,0,24
30.0628,,900,41.40659340659341,-47.56043956043956,21.45054945054945,98.15384615384616,12.43956043956044,2.4114544084400906,2713,1343,2799,3035,2188,1658,0,-650,550,0,0,0,37,-306,126,37,0,-100,120,122,120,123,119,122,39,41,41,42,40,41,3,25,0,2,0,24
30.0964,,901,41.40659340659341,-48.61538461538461,21.626373626373628,98.15384615384616,12.527472527472527,2.4114544084400906,2713,1323,2816,3035,2188,1658,0,-600,550,0,0,0,37,-287,72,30,0,-100,120,122,120,123,119,122,39,41,41,42,40,41,3,22,0,1,0,24
30.1298,,902,41.40659340659341,-49.142857142857146,21.626373626373628,98.15384615384616,12.527472527472527,2.4114544084400906,2713,1303,2826,3036,2188,1658,0,-650,450,50,0,0,37,-154,30,27,23,-100,120,122,120,123,120,122,39,41,41,42,40,41,4,24,2,0,0,24
30.1633,,903,41.40659340659341,-49.23076923076923,21.626373626373628,98.15384615384616,12.527472527472527,2.4114544084400906,2713,1285,2834,3036,2188,1658,0,-500,200,0,0,0,37,-218,0,27,23,-100,120,122,120,123,120,122,39,41,41,42,40,41,4,25,21,0,0,24
30.1967,,904,41.40659340659341,-49.05494505494506,21.626373626373628,98.15384615384616,12.527472527472527,2.4114544084400906,2713,1273,2836,3037,2188,1658,0,-500,200,0,0,0,37,-69,-37,23,23,-100,120,122,121,123,120,122,39,41,41,42,40,41,4,12,5,0,0,24
30.2301,,905,41.40659340659341,-48.43956043956044,21.626373626373628,98.06593406593407,12.527472527472527,2.4114544084400906,2713,1263,2836,3037,2188,1658,0,-350,0,0,0,0,37,-108,-37,23,23,-100,120,122,121,123,120,122,39,41,41,42,40,41,4,11,2,0,0,24
30.2635,,906,41.40659340659341,-48.08791208791209,21.53846153846154,97.97802197802197,12.527472527472527,2.4114544084400906,2713,1258,2836,3037,2188,1658,0,-200,0,0,0,0,37,-54,-37,0,23,-100,120,122,121,123,120,122,39,41,41,42,40,41,4,3,2,0,0,24
30.2969,,907,41.40659340659341,-48.0,21.45054945054945,97.89010989010988,12.527472527472527,2.4114544084400906,2713,1256,2836,3037,2188,1658,0,-100,0,0,0,0,37,-41,-41,0,23,-100,120,122,121,123,120,122,39,41,41,42,40,41,4,3,3,0,0,24
30.3303,,908,41.31868131868132,-47.73626373626374,21.274725274725274,97.89010989010988,12.527472527472527,2.4114544084400906,2713,1255,2836,3037,2188,1658,0,-50,0,0,0,0,37,-34,-44,0,23,-100,120,122,121,123,120,122,39,41,41,42,40,41,4,2,4,0,0,24
30.3637,,909,40.967032967032964,-47.032967032967036,21.01098901098901,97.8021978021978,12.527472527472527,2.4114544084400906,2713,1255,2836,3037,2188,1658,0,0,0,0,0,0,34,-23,-51,0,23,-100,120,123,121,123,120,122,39,41,41,42,40,41,3,0,4,0,0,24
30.3971,,910,40.175824175824175,-45.97802197802198,20.571428571428573,97.8021978021978,12.527472527472527,2.4114544084400906,2713,1255,2836,3037,2188,1658,0,0,0,0,0,0,0,50,-62,-23,23,-100,120,122,121,123,120,122,39,41,41,42,40,41,0,4,8,0,0,24
30.4304,,911,39.38461538461539,-44.48351648351648,19.86813186813187,97.53846153846153,12.527472527472527,2.4114544084400906,2713,1258,2836,3037,2188,1658,0,50,0,0,0,0,-58,88,-79,-23,23,-100,120,122,120,123,120,122,39,41,41,42,40,41,5,1,15,0,0,24
30.4638,,912,39.032967032967036,-42.81318681318681,18.813186813186814,97.18681318681318,12.527472527472527,2.4114544084400906,2711,1264,2836,3037,2188,1658,0,150,0,0,0,0,-93,57,-130,-34,23,-100,120,122,120,123,119,122,39,41,41,42,40,41,9,15,28,2,0,24
30.4972,,913,39.032967032967036,-40.61538461538461,17.23076923076923,96.3956043956044,12.527472527472527,2.4114544084400906,2707,1275,2836,3037,2188,1658,-150,300,0,0,0,0,-75,88,-174,-49,23,-100,119,122,120,122,119,121,39,41,41,42,40,41,6,15,52,5,0,24
30.5306,,914,39.032967032967036,-37.714285714285715,15.12087912087912,95.34065934065934,12.527472527472527,2.3360964581763377,2701,1287,2835,3037,2189,1658,-150,350,-50,0,0,0,69,130,-236,-97,23,-100,119,121,120,122,119,121,39,41,41,42,40,41,1,21,89,14,0,24
30.564,,915,39.032967032967036,-33.75824175824176,12.307692307692308,94.10989010989012,12.527472527472527,2.3360964581763377,2697,1305,2830,3034,2189,1658,-100,550,-100,0,0,0,-37,177,-307,-130,0,-100,119,121,119,122,118,121,39,41,41,42,40,41,1,18,130,21,0,24
30.5974,,916,38.94505494505494,-28.747252747252748,8.967032967032967,92.35164835164835,12.527472527472527,2.3360964581763377,2695,1327,2819,3026,2189,1658,-50,600,-300,-200,0,0,-27,248,-291,-152,0,-100,119,121,119,122,118,121,39,41,41,42,40,41,0,37,158,26,0,23
30.6308,,917,38.59340659340659,-22.417582417582416,5.010989010989011,90.41758241758242,12.527472527472527,2.3360964581763377,2695,1355,2803,3018,2189,1658,0,800,-550,-250,0,0,-30,334,-454,-212,0,-100,119,121,119,121,118,120,39,41,41,42,40,41,0,34,159,31,0,24
30.6642,,918,37.714285714285715,-14.945054945054945,0.5274725274725275,88.3956043956044,12.527472527472527,2.3360964581763377,2692,1388,2780,3005,2189,1658,-50,950,-600,-400,0,0,-37,429,-439,-244,0,-100,119,121,119,121,118,120,39,41,41,42,40,41,1,56,194,37,0,24
30.6976,,919,37.010989010989015,-7.2967032967032965,-5.186813186813187,86.63736263736264,12.615384615384615,2.3360964581763377,2689,1431,2750,2989,2189,1658,-100,1200,-800,-450,0,0,-82,531,-504,-180,0,-100,118,120,118,121,117,120,39,41,41,42,40,41,3,73,190,37,0,24
30.731,,920,36.65934065934066,0.7912087912087912,-11.516483516483516,85.49450549450549,12.615384615384615,2.3360964581763377,2684,1483,2715,2971,2189,1658,-100,1400,-950,-500,0,0,-70,539,-583,-267,23,-100,118,120,118,121,117,120,39,41,41,42,40,41,5,74,227,39,0,24
30.7644,,921,35.956043956043956,8.703296703296703,-17.934065934065934,84.87912087912088,12.87912087912088,2.3360964581763377,2679,1540,2677,2953,2189,1658,-150,1700,-1150,-550,0,0,39,708,-664,-266,23,-100,118,120,119,121,118,120,39,41,41,42,40,41,3,88,234,35,0,24
30.7978,,922,34.9010989010989,15.296703296703297,-24.703296703296704,85.14285714285714,13.406593406593407,2.3360964581763377,2673,1608,2628,2937,2189,1658,-150,2000,-1450,-450,0,0,-99,690,-652,-214,34,-100,118,120,119,121,118,120,39,41,41,42,40,41,0,90,258,25,1,24
30.8313,,923,34.02197802197802,20.65934065934066,-29.89010989010989,85.4065934065934,13.582417582417582,2.3360964581763377,2667,1681,2573,2925,2192,1658,-200,2050,-1500,-450,50,0,-121,721,-802,-143,56,-100,119,121,119,121,118,120,39,41,41,42,40,41,10,65,293,11,3,24
30.8646,,924,33.142857142857146,23.560439560439562,-32.175824175824175,85.4065934065934,13.31868131868132,2.3360964581763377,2660,1760,2512,2918,2195,1658,-200,2250,-1800,-250,100,0,-119,708,-825,-101,44,-100,119,121,119,122,118,120,39,41,41,42,40,41,5,10,232,6,1,24
30.898,,925,32.35164835164835,23.912087912087912,-32.61538461538461,85.31868131868131,13.23076923076923,2.3360964581763377,2651,1839,2455,2913,2196,1658,-250,2450,-1800,-150,50,0,-124,518,-676,34,27,-100,119,121,119,122,119,121,39,41,41,42,40,41,6,3,241,7,0,24
30.9314,,926,31.032967032967033,23.824175824175825,-32.527472527472526,85.49450549450549,13.054945054945055,2.3360964581763377,2642,1921,2398,2909,2197,1658,-300,2400,-1650,-150,0,0,-139,468,-670,-76,0,-100,120,122,120,123,119,122,39,41,41,42,40,41,6,0,165,9,0,24
30.9648,,927,30.24175824175824,23.384615384615383,-32.43956043956044,86.10989010989012,12.967032967032967,2.4114544084400906,2631,1989,2357,2906,2197,1658,-300,2150,-1450,-100,0,0,-159,197,-458,-58,0,-100,121,123,121,124,120,122,39,41,41,42,40,41,6,0,84,4,0,24
30.9982,,928,29.978021978021978,22.681318681318682,-32.43956043956044,87.78021978021978,12.967032967032967,2.4114544084400906,2620,2035,2329,2905,2197,1658,-350,1550,-850,-50,0,0,-132,45,-343,17,-23,-100,121,123,121,124,120,123,39,41,41,42,40,41,4,0,118,1,0,24
31.0316,,929,29.89010989010989,21.802197802197803,-32.43956043956044,89.45054945054945,12.87912087912088,2.4114544084400906,2610,2061,2314,2906,2197,1658,-350,1050,-550,0,0,0,-93,-45,-368,99,-23,-100,121,123,121,123,120,122,39,41,41,42,40,41,1,40,154,4,0,24
31.065,,930,29.89010989010989,20.307692307692307,-32.35164835164835,91.38461538461539,12.791208791208792,2.4114544084400906,2604,2069,2305,2913,2197,1658,-200,400,-350,150,0,0,-72,-114,-333,152,-27,-100,120,122,120,123,119,122,39,41,41,42,40,41,4,54,131,12,0,24
31.0984,,931,29.89010989010989,18.9010989010989,-32.35164835164835,93.67032967032966,12.703296703296703,2.4114544084400906,2600,2069,2296,2925,2197,1658,-150,0,-250,350,0,0,-62,-190,-223,187,-30,-100,120,122,120,123,119,122,39,41,41,42,40,41,4,81,161,13,0,24
31.1317,,932,29.89010989010989,17.406593406593405,-32.26373626373626,96.3076923076923,12.263736263736265,2.4868123587038435,2595,2066,2286,2940,2197,1658,-100,-50,-300,400,0,0,-44,-238,-185,225,-34,-100,120,122,120,123,119,122,39,41,41,42,40,41,3,105,108,22,0,24
31.1652,,933,29.89010989010989,15.384615384615385,-32.175824175824175,98.24175824175825,11.384615384615385,2.4868123587038435,2591,2064,2277,2957,2196,1658,-150,-50,-300,500,0,0,90,-287,-231,178,-48,-100,120,122,120,123,119,122,39,41,41,42,40,41,1,135,72,20,5,24
31.1985,,934,29.978021978021978,12.307692307692308,-31.12087912087912,99.20879120879121,10.76923076923077,2.4868123587038435,2589,2059,2272,2978,2195,1658,-100,-150,-200,600,-50,0,0,-268,-206,180,-96,-100,120,122,120,122,119,121,39,41,41,42,40,41,0,183,44,23,13,24
31.2319,,935,29.978021978021978,8.087912087912088,-28.65934065934066,99.47252747252747,10.68131868131868,2.4868123587038435,2589,2051,2270,3000,2189,1658,0,-300,-50,650,-200,0,0,-441,-131,159,-104,-100,119,122,120,122,119,121,39,41,41,42,40,41,0,254,49,14,11,24
31.2653,,936,29.89010989010989,2.5494505494505493,-24.87912087912088,99.47252747252747,11.032967032967033,2.4868123587038435,2589,2036,2270,3018,2185,1658,0,-350,0,550,-150,0,0,-459,-44,72,-76,-100,119,121,120,122,119,121,39,41,41,42,40,41,0,292,17,4,4,24
31.2987,,937,29.274725274725274,-2.989010989010989,-21.01098901098901,99.47252747252747,11.296703296703297,2.4868123587038435,2589,2013,2273,3026,2182,1658,0,-650,50,300,-100,0,0,-572,127,118,-48,-100,119,121,119,122,118,121,39,41,41,42,40,41,0,362,2,3,3,24
31.3321,,938,27.78021978021978,-8.615384615384615,-17.142857142857142,99.47252747252747,11.384615384615385,2.4114544084400906,2589,1979,2289,3033,2180,1658,0,-850,250,200,-100,0,-52,-663,228,93,-30,-100,119,121,119,122,118,120,39,41,41,42,40,41,5,392,6,1,0,24
31.3655,,939,26.285714285714285,-13.978021978021978,-13.098901098901099,99.47252747252747,11.384615384615385,2.4114544084400906,2588,1935,2313,3037,2180,1658,0,-1200,650,150,0,0,-127,-639,212,-41,-27,-100,119,121,119,122,118,120,39,41,41,42,40,41,11,359,12,6,0,23
31.3989,,940,25.23076923076923,-19.34065934065934,-9.054945054945055,99.47252747252747,11.472527472527473,2.4114544084400906,2580,1884,2344,3038,2180,1658,-250,-1450,900,50,0,0,-170,-692,271,72,-27,-100,119,121,119,122,118,121,39,41,41,42,40,41,10,350,17,9,0,24
31.4323,,941,24.439560439560438,-24.087912087912088,-5.8901098901098905,99.47252747252747,11.472527472527473,2.4114544084400906,2570,1833,2378,3039,2180,1658,-250,-1550,950,0,0,0,-83,-805,311,69,-23,-100,119,121,119,122,118,121,39,41,41,42,40,41,18,342,2,7,0,24
31.4657,,942,23.824175824175825,-27.604395604395606,-2.901098901098901,99.47252747252747,11.472527472527473,2.4114544084400906,2561,1774,2417,3039,2180,1658,-300,-1700,1150,0,0,0,-155,-801,313,69,-23,-100,119,121,119,122,118,121,39,41,41,42,40,41,12,288,0,10,0,23
31.4991,,943,23.736263736263737,-30.681318681318682,-0.43956043956043955,99.47252747252747,11.472527472527473,2.4114544084400906,2549,1713,2458,3039,2180,1658,-300,-1750,1200,0,0,0,-132,-666,292,69,-23,-100,119,121,120,122,119,121,39,41,41,42,40,41,7,246,0,10,0,24
31.5325,,944,23.736263736263737,-33.142857142857146,1.6703296703296704,99.47252747252747,11.472527472527473,2.4114544084400906,2537,1657,2496,3039,2180,1658,-400,-1800,1200,0,0,0,-97,-725,285,69,-23,-100,120,122,120,123,119,122,39,41,41,42,40,41,2,175,0,10,0,24
31.5658,,945,23.736263736263737,-35.16483516483517,3.6923076923076925,99.47252747252747,11.56043956043956,2.4114544084400906,2531,1600,2535,3039,2180,1658,-250,-1700,1150,0,0,0,-65,-547,231,69,-23,-100,120,123,121,123,120,122,39,41,41,42,40,41,3,119,0,11,0,24
31.5992,,946,23.736263736263737,-37.27472527472528,5.450549450549451,99.47252747252747,11.56043956043956,2.4114544084400906,2526,1547,2570,3039,2180,1658,-100,-1550,1050,0,0,0,-48,-527,180,69,0,-100,121,123,121,124,120,123,39,41,41,42,40,41,2,71,0,11,0,24
31.6326,,947,23.736263736263737,-39.2967032967033,6.857142857142857,99.47252747252747,11.56043956043956,2.4114544084400906,2524,1504,2600,3039,2180,1658,-150,-1450,1000,0,0,0,-37,-437,126,69,0,-100,121,123,121,124,120,123,39,41,41,42,40,41,1,40,0,11,0,24
31.666,,948,23.736263736263737,-41.142857142857146,8.175824175824175,99.47252747252747,11.56043956043956,2.4114544084400906,2522,1463,2627,3040,2180,1658,-50,-1250,850,50,0,0,-30,-366,74,65,0,-100,121,123,121,124,120,123,39,41,41,42,40,41,2,35,0,10,0,24
31.6994,,949,23.736263736263737,-42.72527472527472,9.31868131868132,99.47252747252747,11.56043956043956,2.3360964581763377,2522,1428,2651,3040,2180,1658,0,-1050,750,0,0,0,-30,-348,74,65,0,-100,121,123,122,124,121,123,39,41,41,42,40,41,1,31,0,10,0,24
31.7328,,950,23.736263736263737,-43.86813186813187,10.10989010989011,99.47252747252747,11.56043956043956,2.3360964581763377,2522,1397,2673,3040,2180,1658,0,-950,600,0,0,0,-30,-292,120,65,0,-100,121,123,122,124,121,123,39,41,41,42,40,41,2,25,0,10,0,24
31.7662,,951,23.736263736263737,-44.48351648351648,10.54945054945055,99.47252747252747,11.56043956043956,2.3360964581763377,2520,1372,2687,3040,2180,1658,-50,-800,550,0,0,0,94,-230,-38,65,0,-100,121,123,122,124,121,123,39,41,41,42,40,41,0,15,0,10,0,24
31.7996,,952,23.736263736263737,-44.57142857142857,10.725274725274724,99.47252747252747,11.56043956043956,2.3360964581763377,2518,1350,2697,3040,2180,1658,-50,-650,300,0,0,0,0,-150,44,65,0,-100,121,124,122,124,121,123,39,41,41,42,40,41,0,19,0,10,0,24
31.833,,953,23.736263736263737,-44.57142857142857,10.813186813186814,99.47252747252747,11.56043956043956,2.3360964581763377,2518,1333,2704,3040,2180,1658,0,-500,200,0,0,0,0,-174,-94,65,0,-100,121,124,122,124,121,123,39,41,41,42,40,41,0,9,0,9,0,24
31.8664,,954,23.736263736263737,-44.043956043956044,10.813186813186814,99.38461538461539,11.56043956043956,2.3360964581763377,2518,1322,2710,3040,2180,1658,0,-400,200,0,0,0,0,-143,0,65,0,-100,121,124,122,124,121,123,39,41,41,42,40,41,0,4,0,10,0,24
31.8998,,955,23.736263736263737,-43.42857142857143,10.813186813186814,99.12087912087912,11.648351648351648,2.3360964581763377,2518,1314,2712,3040,2180,1658,0,-250,100,0,0,0,0,-76,-34,62,0,-100,121,124,122,124,121,123,39,41,41,42,40,41,0,3,6,9,0,24
31.9332,,956,23.64835164835165,-41.934065934065934,10.725274725274724,98.85714285714286,11.648351648351648,2.3360964581763377,2518,1311,2712,3040,2180,1658,0,-150,0,0,0,0,0,-37,-34,51,0,-100,121,124,122,124,121,123,39,41,41,42,40,41,0,2,1,5,0,24
31.9666,,957,23.12087912087912,-38.94505494505494,10.285714285714286,98.32967032967034,11.648351648351648,2.3360964581763377,2518,1310,2712,3040,2180,1658,0,-50,0,0,0,0,0,74,-37,41,0,-100,121,124,122,124,121,123,39,41,41,42,40,41,0,3,2,3,0,24
32.0,,958,22.857142857142858,-35.16483516483517,10.197802197802197,96.92307692307692,11.648351648351648,2.3360964581763377,2518,1316,2712,3040,2180,1658,0,100,0,0,0,0,-57,166,-67,-29,0,-100,121,124,122,124,121,123,39,41,41,42,40,41,5,27,7,1,0,24
32.0334,,959,22.857142857142858,-31.560439560439562,10.10989010989011,94.72527472527473,11.648351648351648,2.3360964581763377,2516,1330,2712,3040,2180,1658,-100,400,0,0,0,0,-48,183,-58,-93,0,-100,121,123,122,124,121,123,39,41,41,42,40,41,4,26,6,15,0,24
32.0668,,960,22.857142857142858,-27.516483516483518,10.10989010989011,91.82417582417582,11.56043956043956,2.3360964581763377,2511,1351,2712,3039,2181,1658,-100,550,0,0,50,0,-30,257,-62,-183,0,-100,121,123,121,124,121,123,39,41,41,42,40,41,1,42,8,18,0,24
32.1002,,961,22.76923076923077,-23.296703296703296,10.021978021978022,88.21978021978022,11.472527472527473,2.3360964581763377,2510,1372,2712,3027,2181,1658,-50,650,0,-300,0,0,-23,420,-62,-258,-23,-100,121,123,121,124,120,123,39,41,41,42,40,41,2,43,8,41,0,24
32.1336,,962,22.417582417582416,-19.516483516483518,9.934065934065934,84.26373626373626,11.648351648351648,2.3360964581763377,2508,1405,2712,3009,2181,1658,-50,1000,0,-550,0,0,0,381,-65,-246,-27,-100,121,123,121,124,120,122,39,41,41,42,40,41,1,49,10,67,0,24
32.1669,,963,22.24175824175824,-15.384615384615385,9.846153846153847,79.95604395604396,11.648351648351648,2.3360964581763377,2507,1444,2712,2986,2181,1658,-50,1100,0,-600,0,0,-36,420,-69,-318,0,-100,121,123,121,124,120,122,39,41,41,42,40,41,2,32,10,85,0,24
32.2003,,964,22.153846153846153,-11.252747252747254,9.494505494505495,75.64835164835165,11.648351648351648,2.3360964581763377,2504,1486,2712,2955,2181,1658,-100,1250,0,-850,0,0,-30,429,-72,-377,0,-100,121,123,121,123,120,122,39,41,41,42,40,41,1,25,11,76,0,24
32.2337,,965,22.065934065934066,-7.1208791208791204,8.263736263736265,72.13186813186813,11.736263736263735,2.3360964581763377,2502,1533,2712,2920,2181,1658,-50,1450,0,-1000,0,0,-23,335,-86,-336,0,-100,121,123,121,123,120,122,39,41,41,42,40,41,1,27,18,78,0,24
32.2671,,966,22.065934065934066,-2.197802197802198,6.065934065934066,70.02197802197803,11.736263736263735,2.3360964581763377,2501,1579,2712,2879,2181,1658,0,1300,0,-1150,0,0,-23,422,-160,-430,0,-100,121,123,121,123,120,122,39,41,41,42,40,41,0,11,46,64,0,24
32.3005,,967,21.714285714285715,2.5494505494505493,2.6373626373626373,69.67032967032966,11.472527472527473,2.3360964581763377,2500,1627,2712,2840,2181,1658,-50,1450,0,-1250,0,0,0,452,-244,-417,0,-100,121,123,121,123,120,122,39,41,41,42,40,41,0,7,95,63,0,24
32.3339,,968,20.923076923076923,6.593406593406593,-1.3186813186813187,69.84615384615384,11.12087912087912,2.3360964581763377,2499,1683,2710,2802,2181,1658,0,1700,0,-1100,0,0,-37,442,-371,-288,-27,-100,120,123,121,123,120,122,39,41,41,42,40,41,1,1,190,14,1,24
32.3673,,969,20.307692307692307,9.406593406593407,-3.868131868131868,70.02197802197803,11.032967032967033,2.3360964581763377,2498,1741,2698,2776,2181,1658,-50,1650,-250,-900,0,0,-78,325,-397,-153,-41,-100,120,122,120,123,120,122,39,41,41,42,40,41,6,0,211,3,3,24
32.4007,,970,19.428571428571427,10.373626373626374,-4.835164835164835,70.1978021978022,11.032967032967033,2.3360964581763377,2493,1797,2677,2759,2181,1658,-100,1650,-600,-500,0,0,-72,258,-441,-164,-44,-100,120,122,120,123,119,122,39,41,41,42,40,41,4,0,211,8,4,24
32.4341,,971,18.197802197802197,10.461538461538462,-4.835164835164835,70.1978021978022,11.032967032967033,2.3360964581763377,2487,1845,2650,2749,2181,1658,-200,1500,-800,-300,0,0,-94,118,-467,-115,-44,-100,120,122,120,123,120,122,39,41,41,42,40,41,9,0,176,9,3,24
32.4675,,972,16.87912087912088,10.285714285714286,-4.483516483516484,70.46153846153847,10.945054945054945,2.3360964581763377,2479,1887,2629,2742,2181,1658,-200,1400,-700,-250,0,0,-138,72,-389,-97,-44,-100,121,123,121,123,120,122,39,41,41,42,40,41,11,0,133,11,4,24
32.5009,,973,15.56043956043956,9.846153846153847,-4.483516483516484,71.86813186813187,10.945054945054945,2.3360964581763377,2470,1911,2617,2739,2181,1658,-200,850,-450,-100,0,0,-157,41,-233,-69,-48,-100,120,123,121,123,120,122,39,41,41,42,40,41,15,28,138,4,4,24
32.5342,,974,14.417582417582418,9.142857142857142,-4.483516483516484,73.89010989010988,10.945054945054945,2.3360964581763377,2460,1921,2611,2738,2181,1658,-300,500,-250,-100,0,0,-82,-62,-294,50,-48,-100,120,123,121,123,120,122,39,41,41,42,40,41,18,40,128,2,4,24
32.5676,,975,13.274725274725276,8.263736263736265,-4.483516483516484,75.64835164835165,10.857142857142858,2.4114544084400906,2447,1923,2604,2742,2181,1658,-350,100,-150,0,0,0,-164,-109,-269,120,-48,-100,120,123,121,123,120,122,39,41,41,42,40,41,11,29,110,9,4,24
32.601,,976,11.956043956043956,6.593406593406593,-4.395604395604396,77.93406593406593,10.76923076923077,2.4114544084400906,2435,1923,2596,2751,2180,1658,-350,0,-200,250,0,0,-161,-142,-241,169,-48,-100,120,123,121,123,120,122,39,41,41,42,40,41,9,46,94,11,2,24
32.6344,,977,10.54945054945055,4.483516483516484,-4.3076923076923075,80.3076923076923,10.68131868131868,2.4114544084400906,2423,1922,2590,2765,2180,1658,-400,-50,-200,350,0,0,-194,-215,-220,125,-51,-100,120,122,121,123,120,122,39,41,41,42,40,41,15,81,71,28,4,24
32.6678,,978,9.054945054945055,2.10989010989011,-4.21978021978022,82.76923076923077,10.68131868131868,2.4114544084400906,2409,1919,2586,2783,2180,1658,-400,0,-150,550,0,0,-111,-300,-199,242,-55,-100,120,122,120,123,119,122,39,41,41,42,40,41,7,155,54,15,5,24
32.7012,,979,7.384615384615385,-1.054945054945055,-3.78021978021978,84.7032967032967,10.68131868131868,2.4114544084400906,2394,1912,2585,2803,2179,1658,-450,-150,-50,600,0,0,-114,-370,-189,183,-51,-100,120,122,120,123,119,121,39,41,41,42,40,41,11,206,74,19,5,24
32.7346,,980,5.714285714285714,-5.274725274725275,-2.7252747252747254,85.84615384615384,10.68131868131868,2.4114544084400906,2379,1900,2585,2824,2177,1658,-450,-350,0,650,-50,0,-210,-447,-171,264,-44,-100,120,122,120,122,119,121,39,41,41,42,40,41,13,202,62,22,4,24
32.768,,981,3.78021978021978,-9.934065934065934,-0.8791208791208791,86.46153846153847,10.945054945054945,2.4114544084400906,2363,1880,2585,2847,2176,1658,-500,-500,0,700,-100,0,-152,-448,-103,164,-41,-100,120,122,120,122,119,121,39,41,41,42,40,41,13,234,39,6,1,24
32.8014,,982,1.5824175824175823,-14.76923076923077,1.4945054945054945,86.72527472527473,11.384615384615385,2.4114544084400906,2345,1854,2585,2866,2175,1658,-500,-700,0,600,-50,0,-166,-621,-28,95,-27,-100,120,122,120,122,119,121,39,41,41,42,40,41,14,295,11,2,0,24
32.8347,,983,-0.5274725274725275,-19.956043956043956,4.21978021978022,86.72527472527473,11.56043956043956,2.3360964581763377,2326,1819,2587,2879,2174,1658,-550,-900,0,550,0,0,-183,-604,95,40,26,-100,120,122,120,122,119,121,39,41,41,42,40,41,25,331,8,2,0,24
32.8681,,984,-2.10989010989011,-24.967032967032967,6.769230769230769,86.72527472527473,11.56043956043956,2.3360964581763377,2306,1780,2598,2887,2174,1658,-600,-1150,200,200,-50,0,-191,-655,79,97,34,-100,119,122,120,122,119,121,39,41,41,42,40,41,23,281,3,2,2,23
32.9015,,985,-3.2527472527472527,-29.186813186813186,9.31868131868132,86.81318681318682,11.648351648351648,2.3360964581763377,2283,1732,2616,2896,2174,1658,-650,-1350,500,300,0,0,-165,-596,116,62,34,-100,120,122,120,122,119,121,39,41,41,42,40,41,20,291,2,2,1,24
32.9349,,986,-3.868131868131868,-33.142857142857146,11.780219780219781,86.81318681318682,11.648351648351648,2.3360964581763377,2260,1680,2639,2900,2174,1658,-700,-1500,650,100,0,0,-153,-707,156,55,37,-100,120,122,120,123,119,122,39,41,41,42,40,41,4,261,0,2,2,24
32.9683,,987,-3.868131868131868,-36.395604395604394,13.714285714285714,86.81318681318682,11.736263736263735,2.3360964581763377,2241,1629,2664,2903,2174,1658,-650,-1550,700,50,0,0,-86,-690,162,-73,37,-100,120,122,120,123,119,122,39,41,41,42,40,41,1,175,0,1,1,24
33.0017,,988,-3.868131868131868,-38.76923076923077,15.384615384615385,87.42857142857143,11.736263736263735,2.3360964581763377,2226,1575,2693,2906,2174,1658,-500,-1600,850,100,0,0,16,-557,138,30,41,-100,120,122,121,123,120,122,39,41,41,42,40,41,0,153,0,0,3,24
33.0351,,989,-3.956043956043956,-40.35164835164835,16.35164835164835,88.74725274725274,11.824175824175825,2.3360964581763377,2218,1523,2720,2908,2174,1658,-250,-1550,800,50,0,0,52,-475,188,53,41,-100,121,123,121,123,120,122,39,41,41,42,40,41,1,106,0,1,3,24
33.0685,,990,-4.043956043956044,-40.967032967032964,16.615384615384617,90.24175824175825,12.0,2.3360964581763377,2213,1477,2744,2913,2174,1658,-200,-1500,800,150,0,0,62,-418,74,106,44,-100,121,123,121,124,120,123,39,41,41,42,40,41,1,89,0,0,4,24
33.1019,,991,-4.043956043956044,-41.05494505494506,16.52747252747253,91.73626373626374,12.351648351648352,2.3360964581763377,2210,1437,2763,2923,2174,1658,-100,-1300,650,250,0,0,-48,-357,65,148,51,-100,121,123,121,124,120,123,39,41,41,42,40,41,2,19,0,9,4,24
33.1354,,992,-4.043956043956044,-41.05494505494506,16.52747252747253,92.26373626373626,12.967032967032967,2.3360964581763377,2210,1406,2772,2935,2178,1658,-50,-1100,450,350,50,0,-44,-223,0,73,55,-100,121,123,122,124,121,123,39,41,41,42,40,41,2,5,0,13,4,24
33.1688,,993,-4.043956043956044,-41.05494505494506,16.52747252747253,92.26373626373626,13.582417582417582,2.3360964581763377,2207,1385,2778,2947,2182,1658,-50,-750,150,350,100,0,-34,-224,-34,23,75,-100,121,123,122,124,121,123,39,41,41,42,40,41,2,11,6,3,4,24
33.2022,,994,-4.571428571428571,-41.05494505494506,16.52747252747253,92.26373626373626,14.461538461538462,2.3360964581763377,2206,1371,2779,2956,2186,1658,-50,-500,50,300,100,0,-30,-167,-41,76,76,-100,121,123,122,124,121,123,39,41,41,42,40,41,2,17,6,1,7,24
33.2356,,995,-6.153846153846154,-40.879120879120876,16.52747252747253,92.26373626373626,15.604395604395604,2.3360964581763377,2203,1361,2779,2961,2192,1658,-100,-300,0,150,150,0,-61,-54,-41,62,34,-100,121,123,122,124,121,123,39,41,41,42,40,41,1,15,4,2,10,24
33.269,,996,-8.703296703296703,-40.35164835164835,16.615384615384617,92.26373626373626,16.571428571428573,2.3360964581763377,2200,1355,2779,2965,2201,1658,-50,-150,0,200,250,0,-30,-108,-41,44,135,-100,121,123,122,124,121,123,39,41,41,42,40,41,13,4,3,1,6,24
33.3024,,997,-11.692307692307692,-40.0,16.615384615384617,92.26373626373626,16.923076923076923,2.3360964581763377,2192,1353,2779,2968,2210,1658,-250,-150,0,50,250,0,-111,-64,-37,34,43,-100,121,123,122,124,121,123,39,41,41,42,40,41,26,7,2,0,12,24
33.3358,,998,-14.505494505494505,-39.73626373626374,16.615384615384617,92.26373626373626,16.923076923076923,2.3360964581763377,2177,1353,2779,2970,2220,1658,-450,0,0,50,250,0,-176,-58,-37,27,90,-100,121,123,122,124,121,123,39,41,41,42,40,41,31,7,2,2,4,24
33.3692,,999,-17.75824175824176,-38.857142857142854,16.615384615384617,92.26373626373626,16.923076923076923,2.3360964581763377,2156,1353,2779,2971,2226,1658,-500,0,0,50,250,0,-302,-48,-37,0,69,-100,121,123,122,124,121,123,39,41,41,42,40,41,37,4,2,1,1,24
33.4026,,1000,-20.835164835164836,-37.8021978021978,16.615384615384617,92.26373626373626,16.923076923076923,2.3360964581763377,2133,1353,2779,2972,2229,1658,-700,0,0,0,150,0,-268,44,-37,0,58,-100,121,123,122,124,121,123,39,41,41,42,40,41,42,2,2,0,2,24
33.4359,,1001,-22.945054945054945,-36.747252747252745,16.615384615384617,92.26373626373626,16.923076923076923,2.3360964581763377,2105,1357,2779,2972,2232,1658,-750,50,0,50,100,0,-298,73,-37,0,44,-100,121,123,122,124,121,123,39,41,41,42,40,41,30,2,2,0,1,24
33.4693,,1002,-24.263736263736263,-35.604395604395606,16.615384615384617,92.26373626373626,17.01098901098901,2.3360964581763377,2075,1363,2779,2972,2234,1658,-850,150,0,0,100,0,-281,93,-37,0,37,-100,121,123,122,124,121,123,39,41,41,42,40,41,20,7,2,0,1,24
33.5027,,1003,-24.87912087912088,-34.285714285714285,16.615384615384617,92.26373626373626,17.01098901098901,2.3360964581763377,2043,1372,2779,2972,2236,1658,-900,250,0,0,50,0,-214,19,-37,0,34,-100,121,124,122,124,121,123,39,41,41,42,40,41,4,3,2,0,0,24
33.5361,,1004,-25.582417582417584,-32.967032967032964,16.615384615384617,92.26373626373626,17.0989010989011,2.3360964581763377,2016,1382,2779,2972,2236,1658,-900,300,0,0,0,0,-154,142,-37,0,34,-100,121,124,122,124,121,123,39,41,41,42,40,41,1,2,2,0,1,25
33.5695,,1005,-26.46153846153846,-32.0,16.615384615384617,92.26373626373626,17.0989010989011,2.4114544084400906,1996,1395,2779,2972,2236,1658,-550,400,0,0,0,0,-106,147,-37,0,37,-100,121,124,122,124,121,123,39,41,41,42,40,41,0,3,2,0,2,24
33.6029,,1006,-27.86813186813187,-31.12087912087912,16.615384615384617,92.26373626373626,17.0989010989011,2.4114544084400906,1981,1409,2779,2972,2238,1658,-500,400,0,0,50,0,-165,125,-37,0,34,-100,121,124,122,124,121,123,39,41,41,42,40,41,1,1,2,0,0,24
33.6363,,1007,-29.45054945054945,-30.24175824175824,16.615384615384617,92.26373626373626,17.0989010989011,2.4114544084400906,1971,1422,2779,2972,2238,1658,-300,350,0,0,0,0,-186,106,-37,0,30,-100,121,124,122,124,121,123,39,41,41,42,40,41,11,0,2,0,0,24
33.6698,,1008,-31.208791208791208,-29.53846153846154,16.615384615384617,92.26373626373626,17.0989010989011,2.4114544084400906,1956,1435,2779,2972,2238,1658,-400,400,0,0,0,0,-105,89,-37,0,30,-100,121,124,122,124,121,123,39,41,41,42,40,41,14,0,2,0,1,24
33.7033,,1009,-32.79120879120879,-28.747252747252748,16.615384615384617,92.26373626373626,17.0989010989011,2.4114544084400906,1941,1446,2779,2972,2238,1658,-450,350,0,0,0,0,-229,100,-37,0,30,-100,121,124,122,124,121,123,39,41,41,42,40,41,22,0,2,0,0,24
33.7368,,1010,-34.02197802197802,-28.043956043956044,16.615384615384617,92.26373626373626,17.0989010989011,2.4114544084400906,1923,1455,2779,2972,2238,1658,-500,300,0,0,0,0,-229,96,-37,0,30,-100,121,124,122,124,121,123,39,41,41,42,40,41,20,0,3,0,0,24
33.7702,,1011,-34.81318681318681,-27.34065934065934,16.615384615384617,92.26373626373626,17.0989010989011,2.4114544084400906,1906,1463,2779,2972,2238,1658,-550,250,0,0,0,0,-206,81,-37,0,30,-100,121,124,122,124,121,123,39,41,41,42,40,41,11,1,2,0,1,24
33.8037,,1012,-35.51648351648352,-26.63736263736264,16.615384615384617,92.26373626373626,17.0989010989011,2.4114544084400906,1888,1472,2779,2972,2238,1658,-550,200,0,0,0,0,-157,77,-37,0,30,-100,121,124,122,124,121,123,39,41,41,42,40,41,2,1,2,0,0,24
33.8372,,1013,-36.21978021978022,-26.021978021978022,16.615384615384617,92.26373626373626,17.0989010989011,2.4114544084400906,1873,1480,2779,2972,2238,1658,-450,200,0,0,0,0,-127,64,-37,0,30,-100,121,124,122,124,121,123,39,41,41,42,40,41,1,2,1,0,0,24
33.8706,,1014,-37.362637362637365,-25.142857142857142,16.615384615384617,92.26373626373626,17.01098901098901,2.4114544084400906,1862,1488,2779,2972,2238,1658,-350,250,0,0,0,0,-138,84,-37,0,30,-100,121,124,122,124,121,123,39,41,41,42,40,41,0,1,2,0,0,24
33.9041,,1015,-38.76923076923077,-24.175824175824175,16.615384615384617,92.26373626373626,17.01098901098901,2.4114544084400906,1853,1497,2779,2972,2238,1658,-300,250,0,0,0,0,-66,91,-37,0,27,-100,121,124,122,124,121,123,39,41,41,42,40,41,10,0,2,0,0,24
33.9376,,1016,-40.35164835164835,-23.296703296703296,16.615384615384617,92.26373626373626,17.01098901098901,2.4114544084400906,1843,1506,2779,2972,2238,1658,-250,250,0,0,0,0,-86,-27,-37,0,27,-100,121,124,122,124,121,123,39,41,41,42,40,41,20,2,2,0,0,25
33.971,,1017,-41.84615384615385,-22.593406593406595,16.615384615384617,92.08791208791209,17.01098901098901,2.4114544084400906,1830,1516,2779,2972,2238,1658,-400,300,0,0,0,0,-188,83,-37,0,27,-100,121,124,122,124,121,123,39,41,41,42,40,41,15,1,2,0,0,24
34.0044,,1018,-43.42857142857143,-21.89010989010989,16.615384615384617,92.08791208791209,17.0989010989011,2.4114544084400906,1817,1526,2779,2972,2238,1658,-400,300,0,0,0,0,-131,-23,-37,-23,27,-100,121,124,122,124,121,123,39,41,41,42,40,41,13,0,2,0,0,24
34.0378,,1019,-44.83516483516483,-21.36263736263736,16.615384615384617,92.08791208791209,17.186813186813186,2.4114544084400906,1802,1535,2779,2971,2238,1658,-400,250,0,-50,0,0,-226,-32,-37,0,30,-100,121,124,122,124,121,123,39,41,41,42,40,41,15,0,2,0,0,24
34.0712,,1020,-46.15384615384615,-21.0989010989011,16.615384615384617,92.17582417582418,17.978021978021978,2.4114544084400906,1786,1544,2779,2971,2238,1658,-450,300,0,0,0,0,-224,64,-37,0,34,-100,121,124,122,124,121,123,39,41,41,42,40,41,22,0,2,0,1,24
34.1046,,1021,-47.38461538461539,-20.923076923076923,16.615384615384617,92.17582417582418,18.945054945054945,2.4114544084400906,1771,1551,2779,2971,2238,1658,-500,200,0,0,0,0,-214,37,-37,0,82,-100,121,123,122,124,121,123,39,41,41,42,40,41,22,0,2,0,9,24
34.138,,1022,-48.26373626373626,-20.923076923076923,16.615384615384617,92.17582417582418,19.824175824175825,2.4114544084400906,1756,1558,2779,2971,2243,1658,-450,200,0,0,150,0,-202,0,-37,0,-18,-100,121,123,122,124,121,123,39,41,41,42,40,41,25,2,2,0,13,24
34.1713,,1023,-49.142857142857146,-20.923076923076923,16.615384615384617,92.17582417582418,20.52747252747253,2.4114544084400906,1742,1563,2779,2971,2250,1658,-400,150,0,0,200,0,-118,-30,-37,0,46,-100,121,123,122,124,121,123,39,41,41,42,40,41,24,10,2,0,10,24
34.2047,,1024,-49.934065934065934,-21.0989010989011,16.615384615384617,92.26373626373626,20.967032967032967,2.4114544084400906,1730,1563,2779,2971,2258,1658,-350,0,0,0,250,0,-108,-34,-37,0,119,-100,121,123,122,124,121,123,39,41,41,42,40,41,19,3,2,0,12,24
34.2381,,1025,-50.81318681318681,-21.0989010989011,16.615384615384617,92.26373626373626,21.142857142857142,2.4114544084400906,1719,1563,2779,2971,2266,1658,-350,0,0,0,200,0,-175,-41,-37,0,-26,-100,121,123,122,124,121,123,39,41,41,42,40,41,13,3,2,0,5,24
34.2715,,1026,-51.69230769230769,-21.01098901098901,16.703296703296704,92.26373626373626,21.142857142857142,2.4114544084400906,1709,1563,2779,2971,2272,1658,-350,0,0,0,200,0,-173,-41,-37,0,76,-100,121,123,122,124,121,123,39,41,41,42,40,41,17,4,2,0,3,24
34.3049,,1027,-52.83516483516483,-20.923076923076923,16.791208791208792,92.26373626373626,21.406593406593405,2.4114544084400906,1699,1563,2779,2971,2276,1658,-350,0,0,0,150,0,-160,-37,-34,0,58,-100,121,123,122,124,121,123,39,41,41,42,40,41,28,2,0,0,2,24
34.3383,,1028,-53.97802197802198,-20.923076923076923,17.054945054945055,92.26373626373626,22.197802197802197,2.4114544084400906,1690,1563,2779,2971,2279,1658,-300,0,0,0,100,0,-116,-34,-30,0,62,-100,121,123,122,124,121,123,39,41,41,42,40,41,40,1,0,0,3,24
34.3717,,1029,-55.472527472527474,-20.923076923076923,17.582417582417584,92.26373626373626,23.252747252747252,2.4114544084400906,1679,1563,2779,2971,2283,1658,-300,0,0,0,100,0,-203,-34,0,0,100,-100,121,123,122,124,121,123,39,41,41,42,40,41,31,2,0,0,8,24
34.4051,,1030,-57.142857142857146,-20.923076923076923,18.46153846153846,92.26373626373626,24.307692307692307,2.4114544084400906,1667,1563,2783,2971,2290,1658,-300,0,100,0,150,0,-136,-34,28,0,116,-100,121,123,122,124,121,123,39,41,41,42,40,41,43,2,0,0,7,24
34.4385,,1031,-58.81318681318681,-20.923076923076923,19.78021978021978,92.26373626373626,25.186813186813186,2.4114544084400906,1654,1563,2790,2971,2298,1658,-350,0,150,0,250,0,-153,-34,47,0,127,-100,121,123,121,124,121,123,39,41,41,42,40,41,51,2,0,0,5,24
34.4719,,1032,-60.57142857142857,-20.923076923076923,21.626373626373628,92.26373626373626,26.153846153846153,2.4114544084400906,1639,1563,2799,2971,2307,1658,-450,0,250,0,300,0,-187,-34,89,0,55,-100,121,123,122,124,121,123,39,41,41,42,40,41,49,2,0,0,10,24
34.5053,,1033,-62.15384615384615,-20.923076923076923,23.736263736263737,92.26373626373626,27.384615384615383,2.4114544084400906,1623,1563,2809,2970,2316,1658,-450,0,250,-50,250,0,-286,-34,127,23,153,-100,121,123,122,124,121,123,39,41,41,42,40,41,54,2,0,0,5,24
34.5387,,1034,-63.38461538461539,-20.923076923076923,25.75824175824176,92.26373626373626,28.615384615384617,2.4114544084400906,1607,1563,2823,2969,2326,1658,-500,0,400,0,300,0,-285,-34,163,27,162,-100,121,123,121,124,121,123,39,41,41,42,40,41,61,2,0,0,13,24
34.5721,,1035,-64.43956043956044,-20.923076923076923,27.86813186813187,92.26373626373626,29.846153846153847,2.4114544084400906,1590,1563,2841,2969,2338,1658,-500,0,450,-50,350,0,-264,-34,177,27,78,-100,121,123,121,124,121,123,39,41,41,42,40,41,53,2,0,0,16,24
34.6055,,1036,-65.05494505494505,-20.923076923076923,29.36263736263736,92.26373626373626,30.725274725274726,2.4114544084400906,1574,1563,2862,2967,2350,1658,-500,0,600,-50,350,0,-153,-34,99,34,79,-100,121,123,121,124,121,123,39,41,41,42,40,41,45,2,0,1,10,24
34.6388,,1037,-65.23076923076923,-20.923076923076923,30.24175824175824,92.17582417582418,31.164835164835164,2.4868123587038435,1559,1563,2884,2966,2363,1658,-400,0,700,-50,350,0,-226,-34,102,37,170,-100,121,123,121,124,121,123,39,41,41,42,40,41,28,1,0,2,11,24
34.6723,,1038,-65.23076923076923,-20.923076923076923,30.417582417582416,92.08791208791209,31.252747252747252,2.4868123587038435,1548,1563,2905,2966,2374,1658,-400,0,650,0,400,0,-174,-34,44,34,131,-100,121,123,122,124,121,123,39,41,41,42,40,41,27,2,0,2,8,24
34.7056,,1039,-65.05494505494505,-20.923076923076923,30.32967032967033,92.0,31.252747252747252,2.4868123587038435,1540,1563,2921,2966,2383,1658,-250,0,550,0,300,0,-139,-34,-66,30,90,-100,121,123,122,124,121,123,39,41,41,42,40,41,21,2,0,1,6,24
34.739,,1040,-64.79120879120879,-20.923076923076923,30.065934065934066,91.91208791208791,31.252747252747252,2.4868123587038435,1535,1563,2929,2965,2388,1658,-150,0,250,0,100,0,-26,-34,0,30,72,-100,121,124,122,124,121,123,39,41,41,42,40,41,17,1,0,0,2,24
34.7724,,1041,-64.52747252747253,-20.923076923076923,29.978021978021978,91.82417582417582,31.428571428571427,2.4868123587038435,1533,1563,2933,2965,2392,1658,-50,0,150,0,100,0,-91,-34,-128,27,62,-100,121,123,122,124,121,123,39,41,41,42,40,41,16,2,6,0,3,23
34.8058,,1042,-64.43956043956044,-20.923076923076923,29.89010989010989,91.82417582417582,31.516483516483518,2.4868123587038435,1532,1563,2933,2965,2394,1658,-50,0,0,0,100,0,-79,-34,-44,23,55,-100,121,123,122,124,121,123,39,41,41,42,40,41,12,3,3,0,4,24
34.8392,,1043,-64.35164835164835,-20.923076923076923,29.802197802197803,91.73626373626374,31.516483516483518,2.4868123587038435,1532,1563,2933,2965,2397,1658,0,0,0,0,100,0,-76,-34,-48,23,48,-100,121,123,122,124,121,123,39,41,41,42,40,41,13,2,4,0,1,23
34.8726,,1044,-63.91208791208791,-20.923076923076923,29.802197802197803,91.73626373626374,31.252747252747252,2.4114544084400906,1532,1563,2933,2965,2399,1658,0,0,0,0,50,0,-72,-34,-51,0,44,-100,121,123,122,124,121,123,39,41,41,42,40,41,13,2,5,0,2,24
34.906,,1045,-63.032967032967036,-20.923076923076923,29.626373626373628,91.64835164835165,30.98901098901099,2.4114544084400906,1532,1563,2933,2965,2399,1658,0,0,0,0,50,0,-55,-34,-51,0,30,-100,121,124,122,124,121,123,39,41,41,42,40,41,7,2,4,0,1,24
34.9394,,1046,-61.8021978021978,-20.923076923076923,29.53846153846154,91.64835164835165,30.98901098901099,2.4114544084400906,1532,1563,2933,2965,2400,1658,0,0,0,0,50,0,38,-34,-58,0,0,-100,121,123,122,124,121,123,39,41,41,42,40,41,3,2,8,0,0,23
34.9728,,1047,-59.69230769230769,-20.923076923076923,29.45054945054945,91.56043956043956,30.9010989010989,2.4114544084400906,1534,1563,2933,2965,2400,1658,50,0,0,0,0,0,83,-34,-62,0,0,-100,121,124,122,124,121,123,39,41,41,42,40,41,8,3,8,0,0,24
35.0062,,1048,-56.967032967032964,-20.835164835164836,29.186813186813186,91.47252747252747,30.813186813186814,2.4114544084400906,1538,1563,2933,2965,2400,1658,100,0,0,0,0,0,155,-34,-65,0,0,-100,121,124,122,124,121,123,39,41,41,42,40,41,15,2,9,0,0,24
35.0396,,1049,-53.62637362637363,-20.13186813186813,28.13186813186813,91.47252747252747,30.725274725274726,2.4114544084400906,1547,1563,2933,2965,2400,1658,200,0,0,0,0,0,235,-30,-76,-23,-23,-100,121,123,122,124,121,123,39,41,41,42,40,41,32,2,13,0,0,24
35.073,,1050,-49.84615384615385,-18.9010989010989,26.725274725274726,91.47252747252747,30.54945054945055,2.4114544084400906,1566,1563,2933,2965,2400,1658,500,0,0,0,0,0,210,36,-137,-23,-27,-100,121,123,121,124,121,123,39,41,41,42,40,41,42,2,32,0,0,24
35.1064,,1051,-45.45054945054945,-17.494505494505493,24.87912087912088,91.47252747252747,29.582417582417584,2.4114544084400906,1587,1569,2933,2965,2400,1658,600,100,0,0,0,0,281,92,-201,-23,-34,-100,121,123,121,124,120,123,39,41,41,42,40,41,53,3,68,0,2,23
35.1397,,1052,-41.31868131868132,-15.736263736263735,22.505494505494507,91.47252747252747,28.175824175824175,2.4114544084400906,1614,1579,2928,2965,2400,1658,750,250,-100,0,0,0,353,115,-265,-23,-96,-100,120,123,121,123,120,122,39,41,41,42,40,41,69,2,67,0,15,23
35.1732,,1053,-37.27472527472528,-13.538461538461538,19.86813186813187,91.47252747252747,26.945054945054945,2.4114544084400906,1643,1591,2918,2965,2394,1658,800,350,-200,0,0,0,417,141,-239,-23,-135,-100,120,122,121,123,120,122,39,41,41,42,40,41,97,2,118,0,12,24
35.2065,,1054,-33.494505494505496,-11.428571428571429,17.75824175824176,91.56043956043956,25.89010989010989,2.4114544084400906,1676,1606,2904,2965,2384,1658,1000,400,-400,0,-250,0,456,85,-377,-23,-140,-100,120,122,120,123,120,122,39,41,41,42,40,41,133,1,129,0,9,24
35.2399,,1055,-30.32967032967033,-9.67032967032967,16.0,91.64835164835165,25.36263736263736,2.4114544084400906,1717,1626,2885,2965,2374,1658,1200,550,-550,0,-300,0,491,206,-413,0,-167,-100,120,122,120,123,119,122,39,41,41,42,40,41,119,0,123,0,7,23
35.2733,,1056,-27.604395604395606,-8.351648351648352,14.857142857142858,91.64835164835165,25.186813186813186,2.4114544084400906,1761,1649,2863,2965,2363,1658,1300,650,-650,0,-350,0,387,110,-321,0,-130,-100,120,123,121,123,120,122,39,41,41,42,40,41,79,0,117,0,4,23
35.3067,,1057,-25.23076923076923,-7.2967032967032965,14.065934065934066,91.64835164835165,24.835164835164836,2.4114544084400906,1804,1672,2841,2965,2354,1658,1300,700,-650,0,-300,0,435,159,-364,0,27,-100,121,123,121,123,120,122,39,41,41,42,40,41,59,0,72,0,2,24
35.3401,,1058,-22.857142857142858,-6.241758241758242,13.538461538461538,91.56043956043956,24.13186813186813,2.4114544084400906,1843,1693,2824,2965,2349,1658,1200,700,-550,0,-150,0,386,111,-224,0,-83,-100,121,123,121,124,120,122,39,41,41,42,40,41,30,0,85,0,4,23
35.3735,,1059,-20.571428571428573,-5.450549450549451,13.098901098901099,91.56043956043956,23.34065934065934,2.4114544084400906,1881,1711,2809,2965,2343,1658,1150,550,-450,0,-150,0,338,-37,-269,0,-102,-100,121,123,121,124,120,123,39,41,41,42,40,41,35,0,82,0,7,24
35.4069,,1060,-18.285714285714285,-4.747252747252747,12.659340659340659,91.56043956043956,22.63736263736264,2.4114544084400906,1916,1724,2798,2965,2336,1658,1050,400,-350,0,-200,0,338,84,-181,0,-129,-100,121,123,121,124,120,123,39,41,41,42,40,41,26,0,85,0,4,24
35.4403,,1061,-15.912087912087912,-4.21978021978022,12.219780219780219,91.56043956043956,22.021978021978022,2.4114544084400906,1946,1734,2789,2965,2329,1658,950,300,-250,0,-250,0,308,70,-245,0,-34,-100,121,123,121,124,120,123,39,41,41,42,40,41,21,0,75,0,11,24
35.4737,,1062,-13.274725274725276,-4.21978021978022,11.868131868131869,91.56043956043956,21.582417582417584,2.4114544084400906,1977,1743,2781,2965,2320,1658,950,300,-250,0,-250,0,288,40,-225,0,-112,-100,121,123,121,124,120,123,39,41,41,42,40,41,31,2,79,0,4,24
35.5071,,1063,-10.901098901098901,-4.21978021978022,11.516483516483516,91.47252747252747,21.582417582417584,2.4114544084400906,2005,1752,2774,2965,2313,1658,850,200,-250,0,-200,0,288,-27,-213,0,-90,-100,121,123,121,124,120,123,39,41,41,42,40,41,42,3,82,0,5,24
35.5405,,1064,-8.43956043956044,-4.21978021978022,10.989010989010989,91.47252747252747,21.23076923076923,2.4114544084400906,2031,1754,2770,2965,2308,1658,850,150,-150,0,-150,0,311,-37,-222,-23,-76,-100,121,123,121,124,120,123,39,41,41,42,40,41,41,3,82,0,1,24
35.5739,,1065,-5.978021978021978,-4.21978021978022,10.461538461538462,91.47252747252747,20.791208791208792,2.4114544084400906,2060,1754,2765,2965,2304,1658,850,0,-150,0,-100,0,306,-37,-230,-23,-76,-100,121,123,121,124,120,123,39,41,41,42,40,41,35,3,89,0,3,23
35.6072,,1066,-3.1648351648351647,-4.21978021978022,9.846153846153847,91.47252747252747,20.087912087912088,2.4114544084400906,2088,1754,2759,2965,2300,1658,850,0,-150,0,-100,0,300,-37,-227,-23,-81,-100,121,123,121,124,120,123,39,41,41,42,40,41,33,3,88,0,4,24
35.6407,,1067,-0.3516483516483517,-4.21978021978022,9.406593406593407,91.47252747252747,19.12087912087912,2.4114544084400906,2116,1754,2753,2965,2295,1658,850,0,-150,0,-150,0,307,-37,-230,-23,-100,-100,121,123,121,124,120,123,39,41,41,42,40,41,35,3,69,0,5,24
35.674,,1068,2.2857142857142856,-4.21978021978022,9.23076923076923,91.47252747252747,18.505494505494507,2.4114544084400906,2143,1754,2748,2965,2288,1658,850,0,-150,0,-200,0,315,-37,-217,-23,-115,-100,121,123,121,124,120,122,39,41,41,42,40,41,43,4,66,0,13,24
35.7074,,1069,4.923076923076923,-4.395604395604396,9.23076923076923,91.47252747252747,17.978021978021978,2.4114544084400906,2173,1754,2742,2965,2280,1658,900,0,-150,0,-250,0,339,-37,-210,-23,-119,-100,121,123,121,124,120,122,39,41,41,42,40,41,47,3,75,0,4,24
35.7408,,1070,7.472527472527473,-4.65934065934066,9.23076923076923,91.47252747252747,17.274725274725274,2.4114544084400906,2203,1754,2739,2965,2273,1658,900,0,-150,0,-250,0,336,-44,-196,-23,-24,-100,121,123,121,124,120,122,39,41,41,42,40,41,44,4,64,0,7,23
35.7742,,1071,10.021978021978022,-5.010989010989011,9.23076923076923,91.47252747252747,16.483516483516482,2.4114544084400906,2232,1754,2736,2965,2267,1658,900,0,-100,0,-150,0,328,-55,-181,-23,-117,-100,121,123,121,124,120,122,39,41,41,42,40,41,45,7,66,0,9,24
35.8076,,1072,12.659340659340659,-5.274725274725275,9.23076923076923,91.47252747252747,15.692307692307692,2.4114544084400906,2261,1754,2735,2965,2260,1658,900,0,-50,0,-200,0,320,-69,-178,-23,-31,-100,121,123,121,123,120,122,39,41,41,42,40,41,50,11,69,0,12,23
35.841,,1073,15.208791208791208,-5.362637362637362,9.23076923076923,91.56043956043956,15.076923076923077,2.4114544084400906,2291,1754,2735,2965,2251,1658,900,0,0,0,-250,0,317,-79,-178,-23,-25,-100,121,123,121,123,120,122,39,41,41,42,40,41,55,15,71,0,14,24
35.8744,,1074,17.846153846153847,-5.450549450549451,9.23076923076923,91.56043956043956,14.54945054945055,2.4114544084400906,2319,1754,2735,2965,2243,1658,900,0,0,0,-250,0,339,-83,-178,0,-128,-100,121,123,121,124,120,122,39,41,41,42,40,41,46,16,72,0,5,24
35.9078,,1075,20.483516483516482,-5.714285714285714,9.31868131868132,91.56043956043956,14.10989010989011,2.4114544084400906,2349,1754,2735,2965,2236,1658,900,0,0,0,-200,0,334,-86,-178,0,-26,-100,121,123,121,124,120,122,39,41,41,42,40,41,48,18,73,0,11,23
35.9412,,1076,23.384615384615383,-5.802197802197802,9.31868131868132,91.56043956043956,13.582417582417582,2.4114544084400906,2379,1754,2735,2965,2229,1658,850,0,0,0,-200,0,328,-97,-174,0,-93,-100,121,123,121,124,120,122,39,41,41,42,40,41,50,22,68,0,10,24
35.9746,,1077,26.021978021978022,-6.329670329670329,9.31868131868132,91.56043956043956,13.23076923076923,2.4114544084400906,2408,1754,2735,2965,2223,1658,900,0,0,0,-200,0,332,-101,-174,0,26,-100,121,123,121,124,120,122,39,41,41,42,40,41,59,24,68,0,6,24
36.0079,,1078,28.483516483516482,-7.032967032967033,9.31868131868132,91.56043956043956,13.23076923076923,2.4114544084400906,2439,1754,2735,2965,2217,1658,900,0,0,0,-150,0,353,-138,-174,0,-97,-100,121,123,121,124,120,122,39,41,41,42,40,41,55,37,69,0,9,24
36.0413,,1079,30.945054945054945,-7.648351648351649,9.31868131868132,91.64835164835165,13.142857142857142,2.4114544084400906,2469,1754,2735,2965,2214,1658,900,0,0,0,-150,0,344,-170,-174,0,45,-100,120,123,121,123,120,122,39,41,41,42,40,41,60,55,69,0,5,24
36.0747,,1080,33.31868131868132,-8.615384615384615,9.406593406593407,91.64835164835165,13.142857142857142,2.4114544084400906,2499,1754,2735,2965,2211,1658,900,0,0,0,-100,0,333,-184,-174,0,-65,-100,120,123,121,123,120,122,39,41,41,42,40,41,49,73,69,0,5,24
36.1081,,1081,35.69230769230769,-9.67032967032967,9.406593406593407,91.64835164835165,13.142857142857142,2.4114544084400906,2527,1754,2735,2966,2209,1658,900,0,0,50,-100,0,317,-234,-171,0,-58,-100,120,123,121,123,120,122,39,41,41,42,40,41,40,106,66,0,5,24
36.1415,,1082,38.417582417582416,-10.637362637362637,9.406593406593407,91.64835164835165,13.142857142857142,2.4114544084400906,2556,1750,2735,2966,2207,1658,850,-100,0,0,-50,0,303,-254,-171,0,66,-100,120,122,121,123,120,122,39,41,41,42,40,41,70,116,66,0,5,24
36.1749,,1083,40.879120879120876,-11.692307692307692,9.582417582417582,91.73626373626374,13.054945054945055,2.4114544084400906,2585,1742,2735,2967,2207,1658,800,-200,0,50,0,0,334,-286,-171,-193,-51,-100,120,122,120,123,120,122,39,41,41,42,40,41,58,107,66,0,4,24
36.2083,,1084,43.252747252747255,-12.659340659340659,9.67032967032967,91.73626373626374,13.054945054945055,2.4114544084400906,2612,1732,2735,2967,2207,1658,850,-300,0,0,0,0,416,-293,-164,0,-55,-100,120,122,121,123,120,122,39,41,41,42,40,41,50,81,60,0,6,24
36.2417,,1085,45.53846153846154,-13.45054945054945,9.67032967032967,91.73626373626374,12.967032967032967,2.4114544084400906,2642,1720,2735,2969,2207,1658,850,-350,0,100,0,0,320,-194,-160,-27,-55,-100,120,122,120,123,120,122,39,41,41,42,40,41,52,73,58,4,5,24
36.2751,,1086,48.0,-14.065934065934066,9.67032967032967,91.73626373626374,12.615384615384615,2.4114544084400906,2671,1708,2735,2969,2207,1658,850,-350,0,0,0,0,303,-175,-160,-27,-58,-100,120,122,121,123,120,122,39,41,41,42,40,41,35,69,59,0,8,24
36.3085,,1087,50.54945054945055,-14.593406593406593,9.67032967032967,91.82417582417582,12.0,2.4114544084400906,2698,1697,2735,2970,2207,1658,850,-350,0,0,0,0,409,-263,-160,-115,-82,-100,120,123,121,123,120,122,39,41,41,42,40,41,44,62,58,1,12,24
36.3419,,1088,52.83516483516483,-14.76923076923077,9.67032967032967,91.82417582417582,11.472527472527473,2.4114544084400906,2726,1687,2735,2970,2205,1658,850,-300,0,0,0,0,319,-241,-160,-27,-26,-100,120,123,121,123,120,122,39,41,41,42,40,41,46,53,59,0,17,24
36.3753,,1089,54.59340659340659,-14.76923076923077,9.67032967032967,91.91208791208791,11.208791208791208,2.4114544084400906,2755,1679,2735,2970,2201,1658,850,-300,0,0,-100,0,309,-114,-160,-27,-111,-100,120,123,121,123,120,122,39,41,41,42,40,41,47,64,59,0,12,24
36.4087,,1090,56.175824175824175,-14.945054945054945,10.021978021978022,91.91208791208791,11.12087912087912,2.4114544084400906,2783,1673,2735,2970,2196,1658,850,-200,0,0,-150,0,363,-90,-160,-23,-90,-100,121,123,121,123,120,122,39,41,41,42,40,41,42,47,59,0,7,24
36.4421,,1091,57.84615384615385,-14.945054945054945,10.10989010989011,92.08791208791209,11.12087912087912,2.4114544084400906,2808,1668,2735,2970,2192,1658,800,-150,0,0,-150,0,235,-164,-146,-23,-79,-100,121,123,121,124,120,122,39,41,41,42,40,41,32,32,48,0,7,23
36.4755,,1092,59.604395604395606,-14.945054945054945,10.197802197802197,92.08791208791209,10.945054945054945,2.4114544084400906,2832,1665,2735,2971,2189,1658,750,-100,0,50,-50,0,247,-157,-143,0,-72,-100,121,123,121,124,120,122,39,41,41,42,40,41,26,33,48,0,8,24
36.5089,,1093,61.27472527472528,-14.945054945054945,10.197802197802197,92.08791208791209,10.417582417582418,2.4114544084400906,2855,1663,2735,2971,2187,1658,650,-50,0,0,-100,0,229,-146,-139,0,-72,-100,121,123,121,124,120,123,39,41,41,42,40,41,42,43,45,0,11,24
36.5423,,1094,62.94505494505494,-14.945054945054945,10.197802197802197,92.08791208791209,9.626373626373626,2.4114544084400906,2875,1662,2735,2971,2185,1658,650,-50,0,0,-50,0,215,-143,-139,0,-90,-100,121,123,121,124,120,122,39,41,41,42,40,41,32,48,45,0,13,24
36.5757,,1095,64.52747252747253,-14.945054945054945,10.197802197802197,92.08791208791209,9.098901098901099,2.4114544084400906,2896,1662,2735,2971,2181,1658,600,0,0,0,-100,0,203,-143,-139,0,-115,-100,121,123,121,124,120,122,39,41,41,42,40,41,33,48,44,0,13,23
36.6091,,1096,65.75824175824175,-14.945054945054945,10.197802197802197,92.08791208791209,8.923076923076923,2.4114544084400906,2916,1662,2735,2971,2175,1658,600,0,0,0,-150,0,186,-143,-139,0,-101,-100,121,123,121,124,120,122,39,41,41,42,40,41,36,49,45,0,18,24
36.6425,,1097,67.25274725274726,-14.945054945054945,10.197802197802197,92.08791208791209,8.747252747252746,2.4114544084400906,2934,1662,2735,2971,2170,1658,600,0,0,0,-150,0,274,-143,-139,0,-93,-100,121,123,121,124,120,122,39,41,41,42,40,41,38,49,44,0,11,24
36.6759,,1098,68.57142857142857,-14.945054945054945,10.197802197802197,92.08791208791209,8.659340659340659,2.4114544084400906,2948,1662,2735,2971,2166,1658,500,0,0,0,-100,0,282,-143,-139,0,-83,-100,121,123,121,124,120,122,39,41,41,42,40,41,54,49,45,0,8,24
36.7093,,1099,69.62637362637362,-14.945054945054945,10.197802197802197,92.08791208791209,8.659340659340659,2.4114544084400906,2954,1662,2735,2971,2162,1658,250,0,0,0,-50,0,214,-143,-139,0,-76,-100,120,123,121,123,120,122,39,41,41,42,40,41,121,48,44,0,8,24
36.7427,,1100,70.76923076923077,-14.945054945054945,10.197802197802197,92.08791208791209,8.571428571428571,2.4114544084400906,2958,1662,2735,2971,2160,1658,100,0,0,0,-100,0,319,-143,-139,0,-65,-100,120,122,120,123,119,122,39,41,41,42,40,41,172,49,44,0,8,24
36.7761,,1101,71.73626373626374,-14.945054945054945,10.197802197802197,92.08791208791209,8.571428571428571,2.4114544084400906,2960,1662,2735,2971,2160,1658,0,0,0,0,0,0,374,-143,-139,0,-69,-100,120,122,120,123,119,122,39,41,41,42,40,41,224,48,44,0,11,24
36.8095,,1102,72.61538461538461,-14.945054945054945,10.197802197802197,92.08791208791209,8.571428571428571,2.4114544084400906,2962,1662,2735,2971,2158,1658,50,0,0,0,-50,0,396,-143,-139,0,-62,-100,120,122,120,122,119,121,39,41,41,42,40,41,276,49,44,0,7,24
36.8429,,1103,73.23076923076923,-14.945054945054945,10.197802197802197,92.08791208791209,8.571428571428571,2.4114544084400906,2965,1662,2735,2971,2158,1658,50,0,0,0,0,0,421,-143,-139,0,-62,-100,119,122,120,122,119,121,39,41,41,42,40,41,319,48,44,0,8,24
36.8763,,1104,73.58241758241758,-14.945054945054945,10.197802197802197,92.08791208791209,8.043956043956044,2.4114544084400906,2966,1662,2735,2971,2158,1658,50,0,0,0,0,0,426,-143,-139,0,-62,-100,119,122,120,122,119,121,39,41,41,42,40,41,349,47,44,0,8,24
36.9097,,1105,73.58241758241758,-14.945054945054945,10.197802197802197,92.08791208791209,7.428571428571429,2.4114544084400906,2967,1662,2735,2971,2158,1658,0,0,0,0,0,0,431,-143,-139,0,-83,-100,119,121,119,122,119,121,39,41,41,42,40,41,368,47,44,0,20,24
36.9431,,1106,73.23076923076923,-14.945054945054945,10.197802197802197,92.08791208791209,7.076923076923077,2.4114544084400906,2967,1662,2735,2971,2154,1658,0,0,0,0,-50,0,431,-143,-139,0,-119,-100,119,121,119,122,119,121,39,41,41,42,40,41,358,48,44,0,20,23
36.9765,,1107,72.7032967032967,-15.12087912087912,10.197802197802197,92.08791208791209,7.076923076923077,2.4114544084400906,2967,1662,2735,2971,2150,1658,0,0,0,0,-150,0,416,-143,-139,0,-98,-100,119,121,119,122,119,121,39,41,41,42,40,41,333,49,44,0,14,24
37.01,,1108,71.91208791208791,-15.12087912087912,10.10989010989011,92.08791208791209,7.076923076923077,2.4114544084400906,2967,1662,2735,2971,2147,1658,0,0,0,0,-100,0,390,-150,-139,0,-83,-100,119,121,120,122,119,121,39,41,41,42,40,41,299,54,44,0,11,24
37.0434,,1109,70.15384615384616,-15.12087912087912,10.10989010989011,92.08791208791209,7.076923076923077,2.4114544084400906,2967,1662,2735,2971,2145,1658,0,0,0,0,-50,0,350,-150,-143,0,-76,-100,119,122,120,122,119,121,39,41,41,42,40,41,252,54,46,0,10,24
37.0768,,1110,67.95604395604396,-15.12087912087912,10.10989010989011,92.17582417582418,7.076923076923077,2.4114544084400906,2967,1662,2735,2971,2143,1658,0,0,0,0,-50,0,268,-150,-143,0,-69,-100,120,122,120,123,119,122,39,41,41,42,40,41,195,54,46,0,10,24
37.1104,,1111,65.58241758241758,-15.12087912087912,10.10989010989011,92.17582417582418,7.164835164835165,2.4114544084400906,2967,1662,2735,2971,2142,1658,0,0,0,0,-50,0,181,-150,-143,0,-65,-100,120,122,121,123,120,122,39,41,41,42,40,41,106,54,46,0,7,24
37.1438,,1112,63.2967032967033,-15.12087912087912,10.10989010989011,92.17582417582418,7.252747252747253,2.4114544084400906,2967,1662,2735,2971,2142,1658,0,0,0,0,0,0,86,-150,-143,0,-62,-100,121,123,121,124,120,122,39,41,41,42,40,41,39,53,47,0,8,24
37.1773,,1113,60.48351648351648,-15.12087912087912,10.10989010989011,92.17582417582418,7.516483516483516,2.4114544084400906,2965,1662,2735,2971,2142,1658,0,0,0,0,0,0,-35,-150,-143,0,-58,-100,121,123,121,124,120,123,39,41,41,42,40,41,6,54,47,0,7,24
37.2108,,1114,57.40659340659341,-15.12087912087912,10.10989010989011,92.17582417582418,7.516483516483516,2.4114544084400906,2957,1662,2735,2971,2142,1658,-150,0,0,0,0,0,-119,-150,-143,0,-48,-100,121,123,121,124,120,123,39,41,41,42,40,41,2,54,47,0,4,24
37.2442,,1115,54.68131868131868,-15.12087912087912,10.10989010989011,92.17582417582418,7.516483516483516,2.4114544084400906,2945,1662,2735,2971,2142,1658,-350,0,0,0,0,0,-198,-150,-143,0,-48,-100,121,123,121,124,120,123,39,41,41,42,40,41,6,54,48,0,4,24
37.2776,,1116,51.69230769230769,-15.12087912087912,10.10989010989011,92.17582417582418,7.34065934065934,2.4114544084400906,2931,1662,2735,2971,2142,1658,-350,0,0,0,0,0,-266,-150,-143,0,-48,-100,121,123,121,124,120,123,39,41,41,42,40,41,29,54,48,0,4,24
37.311,,1117,48.43956043956044,-15.208791208791208,10.10989010989011,92.17582417582418,7.252747252747253,2.4114544084400906,2909,1662,2735,2971,2141,1658,-550,0,0,0,0,0,-225,-150,-143,0,-51,-100,121,123,121,124,120,123,39,41,41,42,40,41,36,54,47,0,5,24
37.3444,,1118,45.362637362637365,-15.208791208791208,10.10989010989011,92.17582417582418,7.164835164835165,2.4114544084400906,2886,1662,2735,2971,2140,1658,-700,0,0,0,0,0,-266,-153,-143,0,-55,-100,121,123,121,124,120,123,39,41,41,42,40,41,30,57,48,0,4,24
37.3778,,1119,42.37362637362637,-15.208791208791208,10.10989010989011,92.17582417582418,7.164835164835165,2.4114544084400906,2860,1662,2735,2971,2138,1658,-750,0,0,0,-50,0,-291,-153,-143,0,69,-100,121,123,121,124,120,123,39,41,41,42,40,41,42,57,47,0,4,24
37.4113,,1120,39.032967032967036,-15.208791208791208,10.10989010989011,92.17582417582418,7.164835164835165,2.4114544084400906,2830,1662,2735,2971,2136,1658,-850,0,0,0,-100,0,-329,-153,-143,0,-44,-100,121,123,121,124,120,123,39,41,41,42,40,41,43,56,48,0,1,24
37.4448,,1121,35.78021978021978,-15.208791208791208,10.10989010989011,92.17582417582418,7.164835164835165,2.4114544084400906,2799,1662,2735,2971,2135,1658,-900,0,0,0,0,0,-346,-153,-143,0,-37,-100,121,123,121,124,120,123,39,41,41,42,40,41,65,56,48,0,1,24
37.4783,,1122,32.61538461538461,-15.208791208791208,10.10989010989011,92.17582417582418,7.164835164835165,2.4114544084400906,2768,1662,2735,2971,2134,1658,-950,0,0,0,-50,0,-360,-153,-143,0,-34,-100,121,123,121,124,120,123,39,41,41,42,40,41,54,57,47,0,1,24
37.5118,,1123,29.0989010989011,-15.208791208791208,10.10989010989011,92.17582417582418,7.164835164835165,2.4114544084400906,2732,1662,2735,2971,2134,1658,-1000,0,0,0,0,0,-358,-153,-143,0,-34,-100,121,123,121,124,120,123,39,41,41,42,40,41,41,56,47,0,1,24
37.5452,,1124,25.846153846153847,-15.208791208791208,10.10989010989011,92.17582417582418,7.164835164835165,2.4114544084400906,2695,1662,2735,2971,2134,1658,-1100,0,0,0,0,0,-361,-153,-143,0,-34,-100,121,123,121,124,120,123,39,41,41,42,40,41,37,57,48,0,1,24
37.5786,,1125,22.505494505494507,-15.208791208791208,10.10989010989011,92.17582417582418,7.164835164835165,2.4114544084400906,2659,1662,2735,2971,2134,1658,-1100,0,0,0,0,0,-383,-153,-143,0,-34,-100,121,123,121,124,120,123,39,41,41,42,40,41,30,56,47,0,1,24
37.6121,,1126,19.252747252747252,-15.208791208791208,10.10989010989011,92.17582417582418,7.164835164835165,2.4114544084400906,2622,1662,2735,2971,2134,1658,-1050,0,0,0,0,0,-384,-153,-143,0,-34,-100,121,123,121,124,120,123,39,41,41,42,40,41,42,57,47,0,1,24
37.6455,,1127,15.824175824175825,-15.208791208791208,10.10989010989011,92.17582417582418,7.164835164835165,2.4114544084400906,2584,1662,2735,2971,2134,1658,-1150,0,0,0,0,0,-379,-153,-143,0,-34,-100,121,123,121,124,120,123,39,41,41,42,40,41,22,56,47,0,1,24
37.6789,,1128,12.571428571428571,-15.208791208791208,10.10989010989011,92.17582417582418,7.164835164835165,2.4114544084400906,2546,1662,2735,2971,2134,1658,-1100,0,0,0,0,0,-374,-153,-143,0,-34,-100,121,123,121,124,120,123,39,41,41,42,40,41,35,57,47,0,1,24
37.7123,,1129,9.23076923076923,-15.208791208791208,10.10989010989011,92.17582417582418,7.164835164835165,2.4114544084400906,2509,1662,2735,2971,2134,1658,-1150,0,0,0,0,0,-394,-153,-143,0,-34,-100,121,123,121,124,120,123,39,41,41,42,40,41,33,56,47,0,1,24
37.7457,,1130,6.241758241758242,-15.208791208791208,10.10989010989011,92.17582417582418,7.164835164835165,2.4114544084400906,2471,1662,2735,2971,2134,1658,-1100,0,0,0,0,0,-388,-153,-143,0,-34,-100,121,123,121,124,120,123,39,41,41,42,40,41,40,56,47,0,1,24
37.7791,,1131,3.076923076923077,-15.208791208791208,10.10989010989011,92.17582417582418,7.164835164835165,2.4114544084400906,2432,1662,2735,2971,2134,1658,-1150,0,0,0,0,0,-372,-153,-143,0,-34,-100,121,123,121,124,120,123,39,41,41,42,40,41,29,56,47,0,1,24
37.8125,,1132,-0.26373626373626374,-15.208791208791208,10.10989010989011,92.17582417582418,7.164835164835165,2.4114544084400906,2396,1662,2735,2971,2134,1658,-1150,0,0,0,0,0,-361,-153,-143,0,-34,-100,121,123,121,124,120,123,39,41,41,42,40,41,15,55,48,0,1,24
37.8459,,1133,-3.4285714285714284,-15.208791208791208,10.10989010989011,92.17582417582418,7.164835164835165,2.4114544084400906,2358,1662,2735,2971,2134,1658,-1150,0,0,0,0,0,-267,-153,-143,0,-34,-100,121,123,121,124,120,123,39,41,41,42,40,41,14,55,48,0,0,24
37.8793,,1134,-6.681318681318682,-15.208791208791208,10.10989010989011,92.17582417582418,7.428571428571429,2.4114544084400906,2321,1662,2735,2971,2134,1658,-1100,0,0,0,0,0,-374,-153,-143,0,-34,-100,121,123,121,124,121,123,39,41,41,42,40,41,29,57,47,0,1,24
37.9127,,1135,-9.934065934065934,-15.208791208791208,10.10989010989011,92.17582417582418,7.6923076923076925,2.4114544084400906,2284,1662,2735,2971,2134,1658,-1050,0,0,0,0,0,-371,-153,-143,0,-23,-100,121,123,121,124,121,123,39,41,41,42,40,41,31,56,46,0,0,24
37.9461,,1136,-12.923076923076923,-15.208791208791208,10.197802197802197,92.17582417582418,7.868131868131868,2.4114544084400906,2249,1662,2735,2971,2134,1658,-1100,0,0,0,0,0,-367,-153,-143,0,0,-100,121,123,121,124,120,123,39,41,41,42,40,41,30,57,47,0,0,24
37.9795,,1137,-15.912087912087912,-15.208791208791208,10.197802197802197,92.26373626373626,7.868131868131868,2.4114544084400906,2212,1662,2735,2971,2134,1658,-1100,0,0,0,0,0,-353,-153,-139,0,27,-100,121,123,121,124,121,123,39,41,41,42,40,41,25,57,44,0,0,24
38.0128,,1138,-18.725274725274726,-15.208791208791208,10.197802197802197,92.26373626373626,7.956043956043956,2.4114544084400906,2175,1662,2735,2971,2134,1658,-1050,0,0,0,0,0,-339,-153,-139,0,27,-100,121,123,121,124,120,123,39,41,41,42,40,41,31,56,44,0,0,24
38.0462,,1139,-21.0989010989011,-15.208791208791208,10.197802197802197,92.26373626373626,7.956043956043956,2.4114544084400906,2140,1662,2735,2971,2134,1658,-1100,0,0,0,0,0,-351,-153,-139,0,30,-100,121,123,121,124,120,123,39,41,41,42,40,41,26,56,44,0,0,24
38.0796,,1140,-23.47252747252747,-15.12087912087912,10.197802197802197,92.26373626373626,8.043956043956044,2.4114544084400906,2105,1662,2735,2971,2134,1658,-1050,0,0,0,0,0,-321,-153,-139,0,30,-100,121,123,121,124,120,123,39,41,41,42,40,41,16,56,45,0,1,24
38.113,,1141,-25.67032967032967,-15.12087912087912,10.197802197802197,92.26373626373626,8.043956043956044,2.4114544084400906,2070,1662,2735,2971,2134,1658,-1000,0,0,0,0,0,-288,-150,-139,0,34,-100,121,123,121,124,120,123,39,41,41,42,40,41,12,53,45,0,1,24
38.1464,,1142,-27.78021978021978,-15.12087912087912,10.197802197802197,92.26373626373626,8.043956043956044,2.4114544084400906,2039,1662,2735,2971,2134,1658,-1000,0,0,0,0,0,-254,-150,-139,0,34,-100,121,123,121,124,120,123,39,41,41,42,40,41,10,54,45,0,1,24
38.1798,,1143,-29.802197802197803,-15.12087912087912,10.197802197802197,92.26373626373626,8.043956043956044,2.4114544084400906,2010,1662,2735,2971,2133,1658,-850,0,0,0,-50,0,-262,-150,-139,0,37,-100,121,123,121,124,120,123,39,41,41,42,40,41,4,54,45,0,1,24
38.2133,,1144,-32.0,-15.032967032967033,10.197802197802197,92.26373626373626,8.043956043956044,2.4114544084400906,1982,1662,2735,2971,2133,1658,-800,0,0,0,0,0,-239,-150,-139,0,37,-100,121,123,121,124,120,123,39,41,41,42,40,41,12,55,44,0,2,24
38.2467,,1145,-34.285714285714285,-15.032967032967033,10.197802197802197,92.26373626373626,8.131868131868131,2.4114544084400906,1958,1662,2735,2971,2133,1658,-750,0,0,0,0,0,-321,-146,-139,0,37,-100,121,123,121,124,120,123,39,41,41,42,40,41,12,51,44,0,3,24
38.2801,,1146,-36.48351648351648,-15.032967032967033,10.197802197802197,92.26373626373626,8.131868131868131,2.4114544084400906,1934,1662,2734,2971,2133,1658,-700,0,-50,0,0,0,-233,-146,-136,0,41,-100,121,123,121,124,120,123,39,41,41,42,40,41,23,52,42,0,3,24
38.3134,,1147,-39.032967032967036,-15.032967032967033,10.197802197802197,92.26373626373626,8.483516483516484,2.4114544084400906,1908,1662,2734,2971,2133,1658,-750,0,0,0,0,0,-226,-146,-136,0,41,-100,121,123,121,124,120,123,39,41,41,42,40,41,27,52,43,0,3,24
38.3468,,1148,-41.40659340659341,-15.032967032967033,10.285714285714286,92.26373626373626,9.538461538461538,2.4114544084400906,1882,1662,2734,2971,2133,1658,-800,0,0,0,0,0,-255,-146,-136,0,60,-100,121,123,121,124,120,123,39,41,41,42,40,41,27,51,43,0,6,24
38.3803,,1149,-43.86813186813187,-15.032967032967033,10.285714285714286,92.26373626373626,10.68131868131868,2.4114544084400906,1856,1662,2734,2971,2137,1658,-750,0,0,0,100,0,-255,-146,-132,0,112,-100,121,123,121,124,120,123,39,41,41,42,40,41,24,51,40,0,9,24
38.4137,,1150,-46.065934065934066,-15.032967032967033,10.285714285714286,92.26373626373626,11.56043956043956,2.4114544084400906,1829,1662,2734,2971,2145,1658,-800,0,0,0,150,0,-252,-146,-132,0,39,-100,121,123,121,124,120,123,39,41,41,42,40,41,25,52,40,0,11,24
38.447,,1151,-48.527472527472526,-14.945054945054945,10.285714285714286,92.26373626373626,12.175824175824175,2.4114544084400906,1803,1662,2734,2971,2155,1658,-800,0,0,0,250,0,-243,-146,-132,0,29,-100,121,123,121,124,120,123,39,41,41,42,40,41,25,51,41,0,10,24
38.4804,,1152,-50.989010989010985,-14.76923076923077,10.285714285714286,92.35164835164835,12.703296703296703,2.4114544084400906,1778,1662,2734,2971,2163,1658,-800,0,0,0,300,0,-268,-143,-132,0,127,-100,121,123,121,124,120,123,39,41,41,42,40,41,33,48,41,0,3,24
38.5138,,1153,-53.0989010989011,-14.505494505494505,10.373626373626374,92.35164835164835,13.31868131868132,2.4114544084400906,1751,1662,2734,2971,2171,1658,-750,0,0,0,200,0,-271,-136,-132,23,111,-100,121,123,121,124,120,123,39,41,41,42,40,41,36,44,39,0,8,24
38.5472,,1154,-55.120879120879124,-14.32967032967033,10.725274725274724,92.87912087912088,13.758241758241759,2.4868123587038435,1725,1662,2734,2971,2178,1658,-800,0,0,0,250,0,-264,-125,-129,23,108,-100,121,123,121,124,120,123,39,41,41,42,40,41,25,37,37,0,10,24
38.5806,,1155,-57.23076923076923,-14.32967032967033,11.692307692307692,93.49450549450549,14.637362637362637,2.562170308967596,1701,1662,2734,2971,2183,1658,-700,0,0,0,150,0,-254,-118,-115,47,93,-100,121,123,121,124,120,123,39,41,41,42,40,41,34,32,30,4,4,24
38.6139,,1156,-59.51648351648352,-14.32967032967033,13.186813186813186,93.93406593406593,15.868131868131869,2.562170308967596,1679,1662,2734,2971,2190,1658,-650,0,0,0,150,0,-250,-118,-58,72,119,-100,121,123,121,124,120,123,39,41,41,42,40,41,45,33,14,9,11,24
38.6473,,1157,-61.89010989010989,-14.505494505494505,15.208791208791208,94.10989010989012,17.01098901098901,2.562170308967596,1656,1662,2734,2976,2199,1658,-750,0,0,50,250,0,-367,-118,43,86,159,-100,121,123,121,124,120,123,39,41,41,42,40,41,45,33,3,10,4,24
38.6807,,1158,-64.0,-14.857142857142858,17.142857142857142,94.1978021978022,17.978021978021978,2.4868123587038435,1632,1662,2740,2979,2208,1658,-750,0,150,100,300,0,-287,-125,109,-52,162,-100,121,123,121,124,120,123,39,41,41,42,40,41,67,38,4,3,6,24
38.7141,,1159,-65.93406593406593,-15.032967032967033,18.54945054945055,94.1978021978022,18.681318681318682,2.4868123587038435,1608,1662,2752,2983,2220,1658,-700,0,250,100,350,0,-282,-139,145,58,153,-100,121,123,121,124,120,123,39,41,41,42,40,41,48,51,1,3,4,24
38.7475,,1160,-67.6043956043956,-15.032967032967033,19.34065934065934,94.1978021978022,19.208791208791208,2.4868123587038435,1583,1662,2769,2985,2231,1658,-700,0,500,100,300,0,-352,-146,49,48,129,-100,121,123,121,124,120,123,39,41,41,42,40,41,50,52,0,3,3,24
38.7809,,1161,-68.57142857142857,-15.032967032967033,19.516483516483518,94.1978021978022,19.560439560439562,2.4868123587038435,1559,1661,2787,2986,2240,1658,-700,0,500,50,250,0,-239,-143,80,44,108,-100,121,123,121,124,121,123,39,41,41,42,40,41,51,47,0,3,4,24
38.8143,,1162,-69.71428571428571,-15.032967032967033,19.516483516483518,94.1978021978022,19.824175824175825,2.4868123587038435,1539,1661,2799,2988,2249,1658,-650,0,400,0,250,0,-220,-143,51,41,18,-100,121,123,121,124,121,123,39,41,41,42,40,41,48,46,2,4,6,24
38.8477,,1163,-70.76923076923077,-15.032967032967033,19.516483516483518,94.1978021978022,20.35164835164835,2.4868123587038435,1520,1661,2806,2988,2255,1658,-600,0,250,50,200,0,-195,-143,23,37,86,-100,121,123,121,124,121,123,39,41,41,42,40,41,38,46,1,3,4,24
38.8811,,1164,-72.08791208791209,-15.032967032967033,19.516483516483518,94.1978021978022,21.142857142857142,2.4868123587038435,1503,1661,2812,2988,2261,1658,-500,0,200,0,200,0,-168,-143,-34,37,88,-100,121,123,121,124,121,123,39,41,41,42,40,41,32,47,3,3,1,24
38.9145,,1165,-73.49450549450549,-15.032967032967033,19.516483516483518,94.1978021978022,22.021978021978022,2.4868123587038435,1488,1661,2812,2988,2266,1658,-450,0,0,0,100,0,-253,-143,-37,37,107,-100,121,123,121,124,120,123,39,41,41,42,40,41,43,47,2,2,3,24
38.9479,,1166,-74.9010989010989,-15.032967032967033,19.516483516483518,94.1978021978022,22.373626373626372,2.4868123587038435,1473,1661,2812,2988,2274,1658,-400,0,0,0,250,0,-190,-143,-37,37,134,-100,121,123,121,124,120,123,39,41,41,42,40,41,51,47,1,3,6,24
38.9813,,1167,-76.3076923076923,-15.032967032967033,19.516483516483518,94.1978021978022,22.725274725274726,2.4868123587038435,1457,1661,2812,2988,2282,1658,-450,0,0,0,250,0,-275,-143,-37,37,94,-100,121,123,121,124,120,123,39,41,41,42,40,41,45,48,0,2,4,24
39.0146,,1168,-77.45054945054945,-15.032967032967033,19.516483516483518,94.28571428571429,22.9010989010989,2.4868123587038435,1442,1661,2812,2988,2287,1658,-500,0,0,0,200,0,-185,-143,-37,37,-34,-100,121,123,121,124,120,123,39,41,41,42,40,41,43,47,1,3,0,24
39.048,,1169,-78.41758241758242,-15.032967032967033,19.604395604395606,94.37362637362638,23.428571428571427,2.4868123587038435,1427,1661,2812,2988,2292,1658,-500,0,0,0,150,0,-163,-143,-37,41,-45,-100,121,123,121,124,120,123,39,41,41,42,40,41,34,47,1,3,2,24
39.0814,,1170,-79.20879120879121,-14.857142857142858,19.604395604395606,94.98901098901099,23.956043956043956,2.4868123587038435,1413,1661,2812,2988,2296,1658,-400,0,0,0,100,0,-144,-143,-34,44,79,-100,121,123,121,124,120,123,39,41,41,42,40,41,40,47,0,4,3,24
39.1148,,1171,-80.08791208791209,-14.593406593406593,19.604395604395606,95.6923076923077,24.395604395604394,2.4868123587038435,1400,1661,2812,2988,2301,1658,-400,0,0,0,150,0,-236,-136,-34,87,105,-100,121,123,121,124,120,123,39,41,41,42,40,41,46,42,1,12,5,24
39.1482,,1172,-80.7032967032967,-14.417582417582418,19.604395604395606,95.95604395604396,24.747252747252748,2.4868123587038435,1389,1661,2812,2991,2306,1658,-350,0,0,0,100,0,-229,-125,-34,107,92,-100,121,123,121,124,120,123,39,41,41,42,40,41,47,36,1,11,9,24
39.1816,,1173,-81.05494505494505,-14.32967032967033,19.604395604395606,95.95604395604396,24.747252747252748,2.4868123587038435,1378,1661,2812,2995,2311,1658,-300,0,0,100,100,0,-196,-118,-34,83,83,-100,121,123,121,124,120,123,39,41,41,42,40,41,45,32,0,11,10,24
39.215,,1174,-81.14285714285714,-14.32967032967033,19.604395604395606,95.95604395604396,24.747252747252748,2.4868123587038435,1369,1661,2812,2998,2314,1658,-250,0,0,50,100,0,-171,-115,-34,72,69,-100,121,123,121,124,120,123,39,41,41,42,40,41,21,30,1,10,6,24
39.2484,,1175,-81.14285714285714,-14.32967032967033,19.604395604395606,95.95604395604396,24.747252747252748,2.4868123587038435,1363,1661,2811,3000,2317,1658,-200,0,-50,100,100,0,-157,-115,-30,69,62,-100,121,123,121,124,121,123,39,41,41,42,40,41,28,30,1,8,6,24
39.2818,,1176,-81.05494505494505,-14.32967032967033,19.604395604395606,95.95604395604396,24.747252747252748,2.4868123587038435,1358,1661,2811,3001,2319,1658,-150,0,0,50,50,0,-136,-115,-30,62,55,-100,121,123,121,124,121,123,39,41,41,42,40,41,29,31,0,9,4,24
39.3152,,1177,-80.96703296703296,-14.417582417582418,19.516483516483518,95.95604395604396,24.747252747252748,2.4868123587038435,1355,1661,2811,3002,2320,1658,-150,0,0,0,100,0,-122,-115,-30,58,48,-100,121,123,122,124,121,123,39,41,41,42,40,41,33,31,0,7,4,23
39.3486,,1178,-80.52747252747253,-14.417582417582418,19.428571428571427,95.95604395604396,24.747252747252748,2.4868123587038435,1355,1661,2811,3002,2320,1658,-50,0,0,0,0,0,-115,-118,-34,58,48,-100,121,123,122,124,121,123,39,41,41,42,40,41,31,33,1,8,4,23
39.382,,1179,-80.17582417582418,-14.505494505494505,19.252747252747252,95.86813186813187,24.747252747252748,2.4868123587038435,1355,1661,2811,3002,2320,1658,0,0,0,0,0,0,-97,-118,-37,58,48,-100,121,123,122,124,121,123,39,41,41,42,40,41,22,34,2,8,4,24
39.4154,,1180,-79.73626373626374,-14.76923076923077,19.164835164835164,95.86813186813187,24.747252747252748,2.4868123587038435,1355,1661,2811,3002,2320,1658,0,0,0,0,0,0,-76,-122,-44,55,48,-100,121,123,122,124,121,123,39,41,41,42,40,41,17,35,4,6,4,24
39.4487,,1181,-78.32967032967034,-14.945054945054945,19.076923076923077,95.86813186813187,24.747252747252748,2.4868123587038435,1355,1661,2811,3002,2320,1658,0,0,0,0,0,0,-58,-132,-48,55,48,-100,121,123,122,124,121,123,39,41,41,42,40,41,10,42,4,7,4,24
39.4821,,1182,-76.48351648351648,-14.945054945054945,19.076923076923077,95.78021978021978,24.747252747252748,2.4868123587038435,1355,1661,2811,3002,2320,1658,0,0,0,0,0,0,50,-139,-51,55,48,-100,121,123,122,124,121,123,39,41,41,42,40,41,4,46,5,6,4,24
39.5156,,1183,-73.84615384615384,-14.945054945054945,19.076923076923077,95.6923076923077,24.747252747252748,2.4868123587038435,1359,1661,2811,3002,2320,1658,100,0,0,0,0,0,113,-139,-51,51,48,-100,121,123,122,124,121,123,39,41,41,42,40,41,12,45,4,4,4,24
39.549,,1184,-70.32967032967034,-14.945054945054945,18.98901098901099,95.6043956043956,24.747252747252748,2.4114544084400906,1365,1661,2811,3002,2320,1658,200,0,0,0,0,0,198,-139,-51,48,48,-100,121,123,122,124,121,123,39,41,41,42,40,41,27,45,4,4,4,24
39.5824,,1185,-66.54945054945055,-14.945054945054945,18.98901098901099,95.51648351648352,24.747252747252748,2.4114544084400906,1380,1661,2811,3002,2321,1658,400,0,0,0,0,0,191,-139,-55,44,44,-100,121,123,121,124,121,123,39,41,41,42,40,41,32,46,5,4,4,24
39.6158,,1186,-62.59340659340659,-14.76923076923077,18.9010989010989,95.42857142857143,24.747252747252748,2.4114544084400906,1401,1661,2811,3002,2321,1658,500,0,0,0,50,0,353,-139,-55,41,44,-100,121,123,121,124,120,123,39,41,41,42,40,41,39,45,6,2,4,24
39.6492,,1187,-58.285714285714285,-14.593406593406593,18.813186813186814,95.42857142857143,24.747252747252748,2.4114544084400906,1427,1661,2811,3002,2321,1658,700,0,0,0,0,0,419,-132,-58,37,44,-100,121,123,121,124,120,123,39,41,41,42,40,41,54,41,7,1,4,24
39.6825,,1188,-54.15384615384615,-14.593406593406593,18.813186813186814,95.42857142857143,24.65934065934066,2.4114544084400906,1454,1661,2811,3003,2321,1658,800,0,0,0,0,0,399,-125,-62,34,44,-100,121,123,121,124,120,123,39,41,41,42,40,41,117,36,8,2,4,24
39.7159,,1189,-50.9010989010989,-14.593406593406593,18.813186813186814,95.42857142857143,24.21978021978022,2.4114544084400906,1483,1661,2811,3003,2321,1658,900,0,0,0,0,0,465,-125,-62,34,41,-100,121,123,121,124,120,122,39,41,41,42,40,41,146,36,8,1,3,24
39.7493,,1190,-48.0,-14.945054945054945,18.9010989010989,95.42857142857143,23.86813186813187,2.4114544084400906,1519,1661,2811,3003,2321,1658,1100,0,0,0,0,0,492,-125,-62,34,-18,-100,120,123,121,124,120,122,39,41,41,42,40,41,154,37,8,1,1,24
39.7827,,1191,-46.065934065934066,-15.12087912087912,18.9010989010989,95.6043956043956,23.692307692307693,2.4114544084400906,1561,1661,2811,3003,2321,1658,1200,0,0,0,0,0,385,-139,-58,34,-23,-100,121,123,121,124,120,122,39,41,41,42,40,41,100,46,6,2,0,24
39.8161,,1192,-45.010989010989015,-15.736263736263735,18.9010989010989,95.6923076923077,23.692307692307693,2.4114544084400906,1600,1661,2811,3003,2321,1658,1250,0,0,0,0,0,405,-146,-58,41,-30,-100,121,123,121,124,120,123,39,41,41,42,40,41,67,51,7,3,0,23
39.8495,,1193,-44.30769230769231,-16.703296703296704,18.98901098901099,95.6923076923077,23.604395604395606,2.4114544084400906,1639,1661,2811,3003,2321,1658,1150,0,0,0,0,0,296,-175,-58,44,-30,-100,121,123,121,124,120,123,39,41,41,42,40,41,30,70,8,4,0,23
39.8829,,1194,-44.043956043956044,-17.75824175824176,19.076923076923077,95.6923076923077,23.604395604395606,2.4114544084400906,1671,1660,2811,3003,2322,1658,1050,0,0,0,0,0,324,-235,-55,44,-34,-100,121,123,121,124,120,123,39,41,41,42,40,41,6,116,7,4,2,24
39.9163,,1195,-43.956043956043956,-18.46153846153846,18.98901098901099,95.6043956043956,23.604395604395606,2.4114544084400906,1694,1655,2811,3003,2322,1658,900,-50,0,0,50,0,132,-256,-51,44,-37,-100,121,123,121,124,120,123,39,41,41,42,40,41,1,115,4,4,2,24
39.9497,,1196,-43.86813186813187,-19.252747252747252,18.9010989010989,95.42857142857143,23.604395604395606,2.4114544084400906,1712,1645,2812,3003,2322,1658,650,-250,50,0,0,0,153,-239,-58,41,-37,-100,121,123,121,124,120,123,39,41,41,42,40,41,0,68,6,2,2,24
39.9831,,1197,-43.16483516483517,-20.307692307692307,18.813186813186814,95.25274725274726,23.604395604395606,2.4114544084400906,1727,1635,2812,3003,2322,1658,450,-300,0,0,0,0,101,-239,-62,34,-37,-100,121,123,121,124,120,123,39,41,41,42,40,41,1,52,8,1,2,24
40.0164,,1198,-41.40659340659341,-21.0989010989011,18.813186813186814,94.46153846153847,23.604395604395606,2.4114544084400906,1735,1625,2812,3003,2322,1658,250,-300,0,0,0,0,123,-179,-65,27,-37,-100,121,123,121,124,120,123,39,41,41,42,40,41,11,76,9,0,1,23
40.0498,,1199,-38.857142857142854,-21.626373626373628,18.813186813186814,92.96703296703296,23.604395604395606,2.4114544084400906,1741,1614,2812,3003,2322,1658,150,-300,0,0,0,0,166,-248,-65,-59,-37,-100,121,123,121,124,120,123,39,41,41,42,40,41,21,69,10,3,2,24
40.0832,,1200,-35.16483516483517,-22.417582417582416,18.813186813186814,91.12087912087912,23.604395604395606,2.4114544084400906,1753,1603,2812,3002,2322,1658,300,-300,0,0,0,0,152,-223,-65,-124,-37,-100,121,123,121,124,120,123,39,41,41,42,40,41,42,63,10,14,1,23
40.1166,,1201,-30.593406593406595,-22.76923076923077,18.813186813186814,89.0989010989011,23.604395604395606,2.4114544084400906,1769,1594,2812,2995,2322,1658,450,-300,0,-250,0,0,233,-222,-65,-173,-37,-100,121,123,121,124,120,123,39,41,41,42,40,41,48,44,9,14,2,24
40.15,,1202,-26.10989010989011,-22.76923076923077,18.813186813186814,86.81318681318682,23.604395604395606,2.4114544084400906,1790,1585,2812,2980,2322,1658,550,-300,0,-350,0,0,408,-100,-65,-201,-37,-100,121,123,121,124,120,123,39,41,41,42,40,41,93,52,9,13,2,24
40.1834,,1203,-21.714285714285715,-22.76923076923077,18.813186813186814,84.43956043956044,23.516483516483518,2.4114544084400906,1819,1578,2812,2964,2323,1658,800,-250,0,-450,0,0,399,-83,-65,-251,-37,-100,121,123,121,124,120,123,39,41,41,42,40,41,85,41,9,29,2,23
40.2168,,1204,-17.67032967032967,-22.76923076923077,18.813186813186814,82.15384615384616,22.98901098901099,2.4114544084400906,1855,1574,2812,2945,2324,1658,1050,-150,0,-550,50,0,455,-150,-65,-276,-48,-100,121,123,121,124,120,122,39,41,41,42,40,41,71,47,9,14,4,24
40.2502,,1205,-14.065934065934066,-22.681318681318682,18.813186813186814,80.04395604395604,22.10989010989011,2.4114544084400906,1894,1572,2812,2924,2323,1658,1150,-100,0,-600,0,0,393,-139,-65,-204,-72,-100,121,123,121,124,120,122,39,41,41,42,40,41,81,43,9,25,3,23
40.2836,,1206,-10.813186813186814,-22.681318681318682,18.813186813186814,78.10989010989012,21.494505494505493,2.4114544084400906,1937,1571,2812,2900,2319,1658,1250,-50,0,-700,-50,0,395,-132,-65,-289,-104,-100,121,123,121,124,120,122,39,41,41,42,40,41,57,40,10,20,10,24
40.3169,,1207,-7.912087912087912,-22.593406593406595,18.813186813186814,76.35164835164835,21.318681318681318,2.4114544084400906,1981,1571,2812,2878,2312,1658,1300,0,0,-700,-150,0,458,-132,-65,-305,-90,-100,121,123,121,124,120,123,39,41,41,42,40,41,61,40,9,20,12,24
40.3503,,1208,-5.362637362637362,-22.505494505494507,18.813186813186814,75.12087912087912,21.23076923076923,2.4114544084400906,2022,1571,2812,2855,2307,1658,1250,0,0,-650,-150,0,373,-129,-65,-205,-83,-100,121,123,121,124,120,123,39,41,41,42,40,41,47,38,10,28,2,24
40.3837,,1209,-3.1648351648351647,-22.505494505494507,18.813186813186814,73.8021978021978,21.23076923076923,2.4114544084400906,2064,1571,2812,2832,2303,1658,1250,0,0,-700,-150,0,417,-125,-65,-250,-69,-100,121,123,121,124,120,123,39,41,41,42,40,41,25,36,10,8,3,24
40.4171,,1210,-1.054945054945055,-22.681318681318682,18.813186813186814,72.3956043956044,21.23076923076923,2.4114544084400906,2103,1571,2812,2813,2300,1658,1200,0,0,-600,-100,0,362,-125,-65,-229,-58,-100,121,123,121,124,120,123,39,41,41,42,40,41,26,36,10,20,4,24
40.4505,,1211,0.7912087912087912,-22.857142857142858,18.813186813186814,71.16483516483517,21.142857142857142,2.4114544084400906,2138,1571,2812,2797,2298,1658,1050,0,0,-550,-50,0,314,-132,-65,-133,-48,-100,121,123,121,124,120,123,39,41,41,42,40,41,15,41,9,15,3,24
40.4839,,1212,2.3736263736263736,-22.945054945054945,18.725274725274726,69.75824175824175,21.142857142857142,2.4114544084400906,2169,1571,2812,2780,2297,1658,1000,0,0,-500,-50,0,302,-139,-65,-228,-48,-100,121,123,121,124,120,123,39,41,41,42,40,41,26,47,9,18,3,24
40.5173,,1213,3.868131868131868,-23.296703296703296,18.725274725274726,68.17582417582418,21.142857142857142,2.4114544084400906,2197,1571,2812,2763,2296,1658,850,0,0,-450,0,0,346,-143,-69,-225,-44,-100,121,123,121,124,120,123,39,41,41,42,40,41,29,47,10,16,4,24
40.5507,,1214,5.010989010989011,-23.736263736263737,18.725274725274726,66.76923076923077,21.142857142857142,2.4114544084400906,2222,1571,2812,2748,2295,1658,750,0,0,-500,0,0,221,-157,-69,-140,-41,-100,121,123,121,124,120,123,39,41,41,42,40,41,33,60,10,19,2,24
40.5841,,1215,5.8901098901098905,-24.35164835164835,18.725274725274726,65.27472527472527,21.142857142857142,2.4114544084400906,2242,1571,2813,2732,2294,1658,700,0,0,-450,-50,0,175,-174,-69,-221,-37,-100,121,123,121,124,120,123,39,41,41,42,40,41,19,80,10,27,2,24
40.6174,,1216,6.769230769230769,-25.142857142857142,18.725274725274726,63.69230769230769,21.142857142857142,2.4114544084400906,2261,1568,2813,2717,2294,1658,600,-100,0,-450,0,0,129,-192,-72,-223,-37,-100,121,123,121,124,120,123,39,41,41,42,40,41,15,75,11,24,2,24
40.6508,,1217,7.648351648351649,-26.021978021978022,18.725274725274726,62.1978021978022,21.142857142857142,2.4114544084400906,2277,1563,2813,2702,2294,1658,450,-150,0,-500,0,0,226,-148,-72,-166,-37,-100,121,123,121,124,120,123,39,41,41,42,40,41,19,83,11,29,2,24
40.6842,,1218,8.263736263736265,-27.076923076923077,18.725274725274726,60.79120879120879,20.967032967032967,2.4114544084400906,2290,1557,2813,2685,2294,1658,450,-150,0,-450,0,0,117,-244,-72,-250,-37,-100,121,123,121,124,120,123,39,41,41,42,40,41,10,81,11,36,2,24
40.7176,,1219,9.054945054945055,-28.13186813186813,18.725274725274726,59.2967032967033,20.615384615384617,2.4114544084400906,2303,1548,2813,2669,2294,1658,350,-250,0,-500,0,0,166,-167,-72,-156,-44,-100,121,123,121,124,120,123,39,41,41,42,40,41,10,80,11,28,4,24
40.751,,1220,9.934065934065934,-29.186813186813186,18.725274725274726,57.714285714285715,20.52747252747253,2.4114544084400906,2314,1537,2813,2653,2294,1658,350,-300,0,-500,0,0,78,-249,-72,-239,-58,-100,121,123,121,124,120,123,39,41,41,42,40,41,19,54,12,38,8,24
40.7844,,1221,10.901098901098901,-30.24175824175824,18.725274725274726,56.30769230769231,20.52747252747253,2.4114544084400906,2323,1526,2813,2637,2294,1658,300,-350,0,-500,0,0,184,-189,-72,-268,-62,-100,121,123,121,124,120,122,39,41,41,42,40,41,16,92,11,41,9,24
40.8178,,1222,11.868131868131869,-31.384615384615383,18.725274725274726,54.81318681318681,20.52747252747253,2.4114544084400906,2334,1514,2813,2621,2294,1658,300,-350,0,-500,0,0,183,-271,-72,-176,-62,-100,121,123,121,124,120,122,39,41,41,42,40,41,18,66,11,33,9,24
40.8512,,1223,13.098901098901099,-32.26373626373626,18.725274725274726,53.40659340659341,20.52747252747253,2.3360964581763377,2344,1502,2813,2605,2294,1658,300,-350,0,-500,0,0,181,-272,-72,-175,-62,-100,121,123,121,124,120,122,39,41,41,42,40,41,16,68,11,34,8,24
40.8846,,1224,14.241758241758241,-33.05494505494506,18.725274725274726,52.35164835164835,20.52747252747253,2.3360964581763377,2355,1490,2813,2589,2294,1658,300,-350,0,-500,0,0,193,-161,-72,-166,-62,-100,121,123,121,124,120,122,39,41,41,42,40,41,27,69,11,26,8,24
40.9179,,1225,15.296703296703297,-33.84615384615385,18.63736263736264,51.38461538461539,20.52747252747253,2.3360964581763377,2366,1479,2813,2572,2294,1658,350,-300,0,-500,0,0,101,-236,-72,-133,-62,-100,121,123,121,124,120,122,39,41,41,42,40,41,39,80,11,33,8,24
40.9513,,1226,16.703296703296704,-34.54945054945055,18.63736263736264,50.32967032967033,20.615384615384617,2.3360964581763377,2378,1467,2813,2557,2294,1658,350,-350,0,-450,0,0,210,-248,-76,-233,-62,-100,121,123,121,124,120,122,39,41,41,42,40,41,21,55,13,32,9,24
40.9847,,1227,18.021978021978022,-35.252747252747255,18.63736263736264,49.27472527472528,20.87912087912088,2.3360964581763377,2390,1456,2813,2545,2294,1658,350,-300,0,-350,0,0,137,-145,-76,-226,-58,-100,121,123,121,124,120,122,40,41,41,42,40,41,24,60,11,38,7,24
41.0181,,1228,19.252747252747252,-35.69230769230769,18.63736263736264,48.21978021978022,21.054945054945055,2.3360964581763377,2403,1447,2813,2532,2294,1658,350,-300,0,-400,0,0,138,-134,-76,-214,-48,-100,121,123,121,124,120,122,39,41,41,42,40,41,23,49,12,29,4,24
41.0515,,1229,20.65934065934066,-36.21978021978022,18.63736263736264,47.16483516483517,21.142857142857142,2.3360964581763377,2417,1437,2813,2520,2294,1658,450,-300,0,-350,0,0,215,-185,-76,-208,-41,-100,121,123,121,124,120,123,39,41,41,42,40,41,26,46,12,30,3,24
41.0849,,1230,22.24175824175824,-36.83516483516483,18.63736263736264,46.10989010989011,21.142857142857142,2.3360964581763377,2432,1429,2813,2508,2294,1658,450,-300,0,-350,0,0,131,-174,-76,-228,-37,-100,121,123,121,124,120,123,39,41,41,42,40,41,34,30,11,32,2,24
41.1183,,1231,23.736263736263737,-37.45054945054945,18.63736263736264,45.142857142857146,21.142857142857142,2.3360964581763377,2446,1421,2813,2495,2294,1658,400,-200,0,-400,0,0,251,-196,-76,-222,-37,-100,121,123,121,124,120,123,39,41,41,42,40,41,34,50,13,39,1,24
41.1517,,1232,25.054945054945055,-38.065934065934066,18.63736263736264,44.35164835164835,21.142857142857142,2.3360964581763377,2462,1413,2813,2483,2294,1658,500,-250,0,-350,0,0,165,-188,-76,-212,-37,-100,121,123,121,124,120,123,39,41,41,42,40,41,30,32,13,34,2,24
41.1851,,1233,26.54945054945055,-38.68131868131868,18.63736263736264,43.38461538461539,21.142857142857142,2.3360964581763377,2478,1406,2813,2472,2293,1658,450,-200,0,-350,0,0,155,-182,-76,-104,-34,-100,121,123,121,124,120,123,39,41,41,42,40,41,32,42,13,40,1,24
41.2185,,1234,27.956043956043956,-39.2967032967033,18.63736263736264,42.59340659340659,21.23076923076923,2.3360964581763377,2494,1398,2813,2462,2293,1658,450,-200,0,-300,0,0,240,-173,-76,-110,-34,-100,121,123,121,124,120,123,39,41,41,42,40,41,35,56,13,32,2,24
41.2519,,1235,29.0989010989011,-39.64835164835165,18.54945054945055,42.065934065934066,21.318681318681318,2.3360964581763377,2510,1391,2813,2451,2293,1658,500,-200,0,-300,0,0,173,-106,-76,-205,-30,-100,121,123,121,124,120,123,39,41,41,42,40,41,28,55,12,36,1,24
41.2853,,1236,30.32967032967033,-40.175824175824175,18.54945054945055,41.62637362637363,21.494505494505493,2.3360964581763377,2527,1384,2813,2441,2293,1658,450,-200,0,-300,0,0,240,-75,-79,-179,-27,-100,121,123,121,124,120,123,39,41,41,42,40,41,35,40,15,26,0,24
41.3187,,1237,31.64835164835165,-40.7032967032967,18.46153846153846,41.53846153846154,21.582417582417584,2.3360964581763377,2543,1377,2813,2434,2293,1658,500,-200,0,-250,0,0,141,-162,-79,-157,0,-100,121,123,121,124,120,123,39,41,41,42,40,41,34,37,14,12,0,24
41.3521,,1238,32.7032967032967,-40.967032967032964,17.934065934065934,41.53846153846154,22.285714285714285,2.3360964581763377,2557,1370,2813,2427,2293,1658,450,-200,0,-200,0,0,136,-154,-83,-132,0,-100,121,123,121,124,120,123,39,41,41,42,40,41,28,31,15,12,0,24
41.3855,,1239,33.494505494505496,-40.967032967032964,17.406593406593405,41.53846153846154,23.34065934065934,2.3360964581763377,2572,1364,2813,2423,2294,1658,450,-200,0,-150,0,0,113,-136,-104,-115,49,-100,121,123,121,124,120,123,39,41,41,42,40,41,31,33,26,20,5,24
41.4188,,1240,33.934065934065934,-40.967032967032964,16.967032967032967,41.53846153846154,24.395604395604394,2.3360964581763377,2586,1358,2813,2420,2297,1658,450,-150,0,-100,50,0,116,-122,-140,-108,101,-100,121,123,121,124,120,123,40,41,41,42,40,41,35,18,39,15,6,24
41.4522,,1241,34.285714285714285,-41.05494505494506,16.615384615384617,41.62637362637363,25.36263736263736,2.3360964581763377,2597,1355,2813,2418,2304,1658,400,-150,0,-100,150,0,161,-104,-150,-97,119,-100,121,123,121,124,120,123,39,41,41,42,40,41,18,20,50,19,5,24
41.4856,,1242,34.285714285714285,-41.23076923076923,16.52747252747253,41.62637362637363,26.153846153846153,2.3360964581763377,2608,1351,2813,2417,2313,1658,300,-100,0,-50,250,0,129,-97,-157,-90,33,-100,121,123,121,124,120,123,39,41,41,42,40,41,10,20,58,17,5,24
41.519,,1243,34.285714285714285,-42.02197802197802,16.52747252747253,41.62637362637363,27.12087912087912,2.3360964581763377,2615,1349,2813,2417,2323,1658,250,-50,0,0,300,0,-20,-93,-160,-90,20,-100,121,123,121,124,120,123,39,41,41,42,40,41,6,25,61,19,2,24
41.5524,,1244,34.285714285714285,-42.81318681318681,16.52747252747253,41.62637362637363,28.615384615384617,2.3360964581763377,2620,1347,2813,2417,2331,1658,150,-50,0,0,250,0,86,-146,-160,-90,140,-100,121,123,121,124,120,123,39,41,41,42,40,41,4,33,59,19,1,24
41.5858,,1245,34.1978021978022,-43.604395604395606,16.52747252747253,41.62637362637363,30.285714285714285,2.3360964581763377,2623,1343,2813,2417,2341,1658,100,-100,0,0,300,0,72,-73,-160,-90,163,-100,121,123,121,124,120,123,39,41,41,42,40,41,9,45,59,20,5,24
41.6192,,1246,34.02197802197802,-44.13186813186813,16.52747252747253,41.62637362637363,32.13186813186813,2.3360964581763377,2625,1338,2813,2417,2354,1658,100,-150,0,0,400,0,58,-173,-160,-90,187,-100,121,123,121,124,120,123,39,41,41,42,40,41,7,46,59,20,10,24
41.6526,,1247,33.84615384615385,-44.21978021978022,16.52747252747253,41.714285714285715,33.62637362637363,2.3360964581763377,2627,1331,2813,2417,2368,1658,0,-150,0,0,400,0,48,-65,-160,-90,120,-100,121,123,121,124,120,123,39,41,41,42,40,41,5,32,58,19,13,24
41.6859,,1248,33.84615384615385,-44.21978021978022,16.52747252747253,41.714285714285715,34.68131868131868,2.3360964581763377,2627,1325,2813,2417,2385,1658,50,-200,0,0,450,0,37,-132,-160,-86,199,-100,121,123,121,124,120,123,39,41,41,42,40,41,3,20,59,18,11,24
41.7193,,1249,34.02197802197802,-44.21978021978022,16.615384615384617,41.8021978021978,35.2967032967033,2.3360964581763377,2627,1320,2813,2417,2401,1658,0,-150,0,0,500,0,37,-118,-160,-86,117,-100,121,123,121,124,120,123,39,41,41,42,40,41,4,21,60,19,4,24
41.7527,,1250,34.10989010989011,-44.21978021978022,16.703296703296704,41.89010989010989,36.0,2.3360964581763377,2627,1316,2813,2417,2416,1658,0,-100,0,0,450,0,44,-101,-157,-83,157,-100,121,123,121,124,120,123,39,41,41,42,40,41,5,16,56,17,2,24
41.7861,,1251,34.10989010989011,-44.21978021978022,16.703296703296704,41.97802197802198,37.23076923076923,2.3360964581763377,2627,1314,2813,2417,2427,1658,0,-100,0,0,350,0,48,-90,-153,-79,143,-100,121,123,121,124,120,123,39,41,41,42,40,41,5,18,54,15,1,24
41.8195,,1252,34.02197802197802,-44.21978021978022,16.703296703296704,41.97802197802198,38.9010989010989,2.3360964581763377,2627,1312,2813,2417,2439,1658,0,-50,0,0,350,0,48,-86,-153,-76,71,-100,121,123,121,124,120,123,39,41,41,42,40,41,6,8,54,14,11,24
41.8529,,1253,33.75824175824176,-44.21978021978022,16.703296703296704,41.97802197802198,40.395604395604394,2.3360964581763377,2627,1312,2813,2417,2452,1658,0,0,0,0,350,0,44,-83,-153,-76,176,-100,121,123,121,124,120,123,39,41,41,42,40,41,5,14,54,14,17,24
41.8863,,1254,33.67032967032967,-44.21978021978022,16.87912087912088,41.97802197802198,41.8021978021978,2.3360964581763377,2627,1312,2813,2417,2465,1658,0,0,0,0,450,0,34,-83,-153,-76,205,-100,121,123,121,124,120,123,39,41,41,42,40,41,3,17,53,14,16,24
41.9197,,1255,33.582417582417584,-44.13186813186813,16.967032967032967,42.065934065934066,43.472527472527474,2.3360964581763377,2627,1312,2813,2417,2481,1658,0,0,0,0,450,0,30,-83,-146,-76,115,-100,121,123,121,124,120,123,40,41,41,42,40,41,2,16,49,14,7,24
41.9531,,1256,33.582417582417584,-43.956043956043956,17.054945054945055,42.065934065934066,45.142857142857146,2.3360964581763377,2627,1312,2813,2417,2496,1658,0,0,0,0,450,0,27,-79,-143,-72,127,-100,121,123,121,124,120,123,39,41,41,42,40,41,1,13,47,13,8,24
41.9865,,1257,33.582417582417584,-43.86813186813187,17.054945054945055,42.065934065934066,46.81318681318681,2.3360964581763377,2627,1312,2813,2417,2512,1658,0,0,0,0,500,0,27,-72,-139,-72,128,-100,121,123,121,124,120,123,39,41,41,42,40,41,1,11,44,13,10,24
42.0199,,1258,33.582417582417584,-43.78021978021978,17.142857142857142,42.15384615384615,48.395604395604394,2.3360964581763377,2627,1312,2813,2417,2530,1658,0,0,0,0,500,0,27,-69,-139,-72,240,-100,121,123,121,124,121,123,39,41,41,42,40,41,2,10,44,13,10,24
42.0533,,1259,33.582417582417584,-43.69230769230769,17.582417582417584,42.15384615384615,49.62637362637363,2.3360964581763377,2627,1312,2813,2417,2549,1658,0,0,0,0,550,0,27,-65,-136,-69,148,-100,121,123,121,124,121,123,40,41,41,42,40,41,1,10,44,11,12,24
42.0867,,1260,33.494505494505496,-43.604395604395606,18.10989010989011,42.15384615384615,50.417582417582416,2.3360964581763377,2627,1312,2813,2417,2567,1658,0,0,0,0,500,0,27,-62,-115,-69,126,-100,121,123,122,124,121,123,39,41,41,42,40,41,1,9,32,11,10,24
42.1201,,1261,33.494505494505496,-43.34065934065934,18.98901098901099,42.24175824175824,51.120879120879124,2.3360964581763377,2627,1312,2813,2417,2582,1658,0,0,0,0,500,0,23,-58,-92,-69,82,-100,121,123,122,124,121,123,39,41,41,42,40,41,0,7,21,11,9,24
42.1535,,1262,33.494505494505496,-43.34065934065934,20.571428571428573,42.24175824175824,52.0,2.3360964581763377,2627,1312,2813,2417,2596,1658,0,0,0,0,400,0,23,-48,-47,-65,143,-100,121,124,122,124,121,123,39,41,41,42,40,41,0,4,9,10,10,24
42.1868,,1263,33.40659340659341,-43.34065934065934,22.505494505494507,42.24175824175824,53.582417582417584,2.3360964581763377,2627,1312,2814,2417,2608,1658,0,0,0,0,350,0,23,-48,61,-65,78,-100,121,124,122,124,121,123,39,41,41,42,40,41,0,4,4,10,13,24
42.2202,,1264,32.879120879120876,-43.42857142857143,24.35164835164835,42.24175824175824,55.51648351648352,2.3360964581763377,2627,1312,2822,2417,2619,1658,0,0,200,0,350,0,0,-48,28,-65,187,-100,121,124,122,124,121,123,39,41,41,42,40,41,0,4,0,10,10,24
42.2536,,1265,32.08791208791209,-43.42857142857143,26.373626373626372,42.32967032967033,57.27472527472528,2.3360964581763377,2627,1312,2836,2417,2634,1658,0,0,350,0,400,0,-40,-51,138,-65,212,-100,121,124,122,124,121,123,39,41,41,42,40,41,2,5,0,9,14,24
42.287,,1266,31.384615384615383,-43.42857142857143,28.747252747252748,42.32967032967033,58.59340659340659,2.3360964581763377,2626,1312,2854,2417,2650,1658,0,0,500,0,450,0,-80,-51,67,-62,132,-100,121,124,122,124,121,123,39,41,41,42,40,41,4,4,0,9,11,24
42.3204,,1267,31.296703296703296,-43.604395604395606,30.945054945054945,42.32967032967033,59.64835164835165,2.3360964581763377,2623,1312,2875,2417,2668,1658,-50,0,600,0,500,0,-106,-51,192,-62,229,-100,121,124,122,124,121,123,39,41,41,42,40,41,6,4,0,9,6,24
42.3538,,1268,30.76923076923077,-43.604395604395606,33.05494505494506,42.32967032967033,60.35164835164835,2.3360964581763377,2618,1312,2899,2417,2683,1658,-150,0,700,0,450,0,-69,-58,111,-62,204,-100,121,124,122,124,121,123,39,41,41,42,40,41,3,8,0,9,4,24
42.3872,,1269,29.89010989010989,-43.604395604395606,34.9010989010989,42.32967032967033,60.61538461538461,2.3360964581763377,2613,1312,2925,2417,2698,1658,-150,0,800,0,450,0,34,-58,99,-62,166,-100,121,124,122,124,121,123,39,41,41,42,40,41,8,7,0,9,2,24
42.4206,,1270,29.186813186813186,-43.51648351648352,36.395604395604394,42.32967032967033,60.61538461538461,2.3360964581763377,2608,1312,2950,2417,2709,1658,-150,0,800,0,350,0,-109,-58,74,-62,118,-100,121,124,122,124,121,123,40,41,41,42,40,41,1,8,0,10,0,24
42.454,,1271,28.65934065934066,-43.51648351648352,37.8021978021978,42.32967032967033,60.26373626373626,2.3360964581763377,2601,1312,2976,2417,2718,1658,-200,0,750,0,250,0,-96,-55,118,-62,86,-100,121,124,122,124,121,123,39,41,41,42,40,41,8,6,0,9,2,24
42.4874,,1272,27.78021978021978,-43.51648351648352,38.857142857142854,42.32967032967033,59.824175824175825,2.3360964581763377,2594,1312,2999,2417,2722,1658,-200,0,700,0,200,0,-113,-55,35,-62,51,-100,121,124,122,124,121,123,39,41,41,42,40,41,8,6,0,9,3,24
42.5208,,1273,26.373626373626372,-43.51648351648352,39.73626373626374,42.417582417582416,59.120879120879124,2.3360964581763377,2587,1312,3017,2417,2723,1658,-200,0,600,0,50,0,-127,-55,-34,-62,26,-100,121,124,122,124,121,123,39,41,41,42,40,41,7,6,0,9,0,24
42.5542,,1274,25.406593406593405,-43.42857142857143,40.527472527472526,42.417582417582416,57.362637362637365,2.3360964581763377,2579,1312,3028,2417,2723,1658,-200,0,450,0,0,0,-70,-55,-51,-58,-43,-100,121,124,122,124,121,123,39,41,41,42,40,41,20,6,0,8,1,24
42.5876,,1275,24.615384615384617,-43.42857142857143,41.142857142857146,42.417582417582416,54.9010989010989,2.3360964581763377,2568,1312,3039,2417,2723,1658,-300,0,300,0,0,0,-56,-51,51,-58,-124,-100,121,124,122,124,121,123,39,41,41,42,40,41,14,5,1,8,15,24
42.6209,,1276,23.736263736263737,-43.252747252747255,41.23076923076923,42.417582417582416,52.175824175824175,2.3360964581763377,2558,1312,3049,2417,2714,1658,-350,0,300,0,-200,0,-130,-51,30,-58,-191,-100,121,124,122,124,121,123,39,41,41,42,40,41,15,4,0,9,26,24
42.6543,,1277,22.681318681318682,-42.72527472527472,41.31868131868132,42.505494505494504,49.18681318681319,2.3360964581763377,2547,1312,3057,2417,2699,1658,-300,0,250,0,-450,0,-67,-44,-23,-58,-168,-100,121,123,122,124,121,123,39,41,41,42,40,41,10,4,2,9,21,24
42.6877,,1278,22.065934065934066,-42.02197802197802,41.23076923076923,43.2967032967033,46.285714285714285,2.3360964581763377,2536,1313,3061,2417,2679,1658,-350,0,200,0,-500,0,-151,-16,-41,-55,-217,-100,121,123,122,124,121,123,39,41,41,42,40,41,11,1,4,7,25,23
42.7211,,1279,21.274725274725274,-41.40659340659341,41.23076923076923,44.61538461538461,43.472527472527474,2.3360964581763377,2525,1315,3061,2417,2655,1658,-300,0,0,0,-700,0,-118,-76,-44,25,-248,-100,121,123,122,124,121,123,39,41,41,42,40,41,4,0,4,1,24,24
42.7545,,1280,19.956043956043956,-40.79120879120879,41.23076923076923,45.934065934065934,40.92307692307692,2.3360964581763377,2515,1320,3061,2419,2629,1658,-300,150,0,50,-800,0,-121,-82,-44,78,-265,-100,121,123,122,124,121,123,39,41,41,42,40,41,10,0,3,0,32,24
42.788,,1281,18.63736263736264,-39.91208791208791,41.23076923076923,47.51648351648352,38.10989010989011,2.3360964581763377,2505,1325,3061,2425,2598,1658,-300,100,0,150,-850,0,-56,41,-44,35,-261,-100,121,123,122,124,121,123,39,41,41,42,40,41,7,1,4,6,19,24
42.8214,,1282,17.494505494505493,-39.120879120879124,41.23076923076923,48.65934065934066,34.76923076923077,2.3360964581763377,2494,1331,3061,2435,2571,1658,-350,200,0,250,-850,0,-87,86,-44,152,-294,-100,121,123,122,124,121,123,39,41,41,42,40,41,19,3,4,4,24,24
42.8548,,1283,16.175824175824175,-38.15384615384615,41.23076923076923,49.362637362637365,31.692307692307693,2.3360964581763377,2482,1339,3061,2447,2540,1658,-350,200,0,350,-900,0,-83,78,-44,61,-312,-100,121,124,122,124,121,123,40,41,41,42,40,41,17,0,3,3,14,23
42.8882,,1284,14.945054945054945,-37.18681318681319,41.23076923076923,49.62637362637363,28.439560439560438,2.3360964581763377,2469,1347,3061,2460,2509,1658,-350,250,0,400,-900,0,-177,94,-44,23,-316,-100,121,123,122,124,121,123,39,41,41,42,40,41,19,0,4,0,26,24
42.9216,,1285,13.89010989010989,-35.956043956043956,41.142857142857146,49.714285714285715,25.45054945054945,2.3360964581763377,2455,1357,3061,2469,2476,1658,-400,250,0,350,-950,0,-166,86,-44,79,-240,-100,121,124,122,124,121,123,39,41,41,42,40,41,17,1,4,1,35,24
42.955,,1286,12.835164835164836,-34.81318681318681,41.142857142857146,49.8021978021978,22.98901098901099,2.3360964581763377,2441,1367,3061,2476,2442,1658,-400,300,0,200,-1000,0,-181,127,-48,65,-350,-100,121,123,122,124,121,123,39,41,41,42,40,41,12,0,4,1,31,24
42.9885,,1287,11.604395604395604,-33.494505494505496,41.05494505494506,49.89010989010989,20.439560439560438,2.3360964581763377,2427,1380,3061,2481,2409,1658,-450,400,0,150,-1050,0,-169,123,-48,48,-329,-100,121,124,122,124,121,123,39,41,41,42,40,41,8,0,4,0,24,24
43.0218,,1288,10.461538461538462,-32.0,40.879120879120876,50.065934065934066,18.065934065934066,2.260738507912585,2413,1393,3061,2485,2376,1658,-400,400,0,100,-950,0,-77,41,-51,37,-311,-100,121,124,122,124,121,123,39,41,41,42,40,41,13,0,5,0,22,24
43.0552,,1289,9.054945054945055,-30.593406593406595,40.79120879120879,50.065934065934066,15.956043956043956,2.260738507912585,2399,1408,3061,2488,2344,1658,-400,450,0,100,-950,0,-65,131,-58,34,-289,-100,121,124,122,124,121,123,39,41,41,42,40,41,3,0,8,2,18,24
43.0887,,1290,7.736263736263736,-29.01098901098901,40.7032967032967,50.065934065934066,14.285714285714286,2.260738507912585,2386,1424,3061,2490,2314,1658,-400,450,0,50,-900,0,-160,123,-62,27,-257,-100,121,124,122,124,121,123,40,41,41,42,40,41,7,0,8,0,20,24
43.122,,1291,6.5054945054945055,-27.428571428571427,40.527472527472526,50.065934065934066,12.791208791208792,2.260738507912585,2373,1439,3061,2491,2287,1658,-400,500,0,50,-850,0,-186,67,-65,0,-342,-100,121,124,122,124,121,123,39,41,41,42,40,41,13,0,9,0,20,24
43.1555,,1292,5.186813186813187,-26.021978021978022,40.35164835164835,50.065934065934066,11.736263736263735,2.260738507912585,2359,1457,3061,2491,2261,1658,-400,500,0,0,-800,0,-180,151,-72,0,-214,-100,121,124,122,124,121,123,39,41,41,42,40,41,7,0,11,0,23,24
43.1889,,1293,3.956043956043956,-24.615384615384617,40.26373626373626,50.15384615384615,11.12087912087912,2.260738507912585,2344,1476,3061,2491,2237,1658,-450,550,0,0,-750,0,-91,134,-79,0,-155,-100,121,124,122,124,121,123,39,41,41,42,40,41,14,0,15,0,12,24
43.2223,,1294,2.901098901098901,-22.857142857142858,40.08791208791209,50.15384615384615,10.68131868131868,2.260738507912585,2331,1493,3061,2492,2219,1658,-450,550,0,0,-600,0,-83,34,-83,0,-90,-100,121,124,122,124,121,123,39,42,41,42,40,41,21,0,16,0,7,24
43.2556,,1295,1.934065934065934,-20.835164835164836,39.56043956043956,50.417582417582416,9.978021978021978,2.260738507912585,2317,1512,3061,2493,2204,1658,-450,550,0,50,-400,0,-96,63,-90,0,-81,-100,121,124,122,124,121,123,39,41,41,42,40,41,7,0,20,0,8,24
43.2891,,1296,1.1428571428571428,-18.373626373626372,37.97802197802198,52.175824175824175,9.274725274725276,2.260738507912585,2303,1531,3061,2493,2192,1658,-400,550,0,0,-350,0,-169,74,-125,27,-154,-100,121,124,122,124,121,123,39,41,41,42,40,41,9,0,31,1,5,24
43.3224,,1297,0.5274725274725275,-15.384615384615385,35.51648351648352,54.54945054945055,8.395604395604396,2.260738507912585,2291,1550,3061,2495,2181,1658,-400,600,0,0,-350,0,-142,97,-200,117,-136,-100,121,124,122,124,121,123,39,41,41,42,40,41,2,0,65,14,4,24
43.3558,,1298,0.0,-12.307692307692308,32.175824175824175,57.45054945054945,7.428571428571429,2.260738507912585,2279,1573,3058,2505,2171,1658,-350,650,-100,250,-300,0,-114,130,-204,95,-134,-100,121,123,121,124,120,123,40,41,41,42,40,41,1,0,119,23,3,24
43.3893,,1299,-0.5274725274725275,-9.846153846153847,28.571428571428573,60.527472527472526,6.989010989010989,2.260738507912585,2268,1599,3048,2521,2161,1658,-350,750,-150,450,-300,0,-90,159,-298,151,-131,-100,121,123,121,124,120,122,39,41,41,42,40,41,0,1,145,28,7,24
43.4226,,1300,-1.3186813186813187,-7.912087912087912,25.23076923076923,63.34065934065934,6.989010989010989,2.260738507912585,2260,1628,3031,2541,2151,1658,-250,800,-450,550,-300,0,-105,179,-467,211,-116,-100,120,123,121,123,120,122,39,41,41,42,40,41,1,0,210,23,5,23
43.456,,1301,-2.3736263736263736,-6.681318681318682,22.417582417582416,66.15384615384616,7.076923076923077,2.260738507912585,2254,1658,3008,2566,2145,1658,-200,900,-550,650,-300,0,-115,148,-527,239,-83,-100,120,122,120,123,119,122,39,41,41,42,40,41,9,0,200,27,6,24
43.4895,,1302,-3.6923076923076925,-6.241758241758242,19.86813186813187,68.61538461538461,7.34065934065934,2.260738507912585,2245,1688,2980,2594,2141,1658,-250,900,-750,800,-100,0,-128,168,-464,253,-65,-100,120,122,120,123,119,122,39,41,41,42,40,41,7,0,205,32,4,24
43.5229,,1303,-5.186813186813187,-6.241758241758242,17.67032967032967,70.81318681318682,7.604395604395604,2.260738507912585,2236,1712,2951,2620,2140,1658,-250,800,-850,850,-50,0,-146,-52,-463,253,-48,-100,120,122,120,123,119,122,39,41,41,42,40,41,10,9,179,30,2,23
43.5563,,1304,-7.032967032967033,-6.241758241758242,15.648351648351648,73.0989010989011,7.6923076923076925,2.260738507912585,2223,1725,2923,2649,2139,1658,-400,400,-850,800,-50,0,-92,30,-474,352,-31,-100,120,122,120,123,119,122,39,41,41,42,40,41,17,15,173,23,1,24
43.5897,,1305,-8.791208791208792,-6.241758241758242,13.45054945054945,76.08791208791209,7.6923076923076925,2.260738507912585,2211,1732,2895,2677,2139,1658,-350,200,-800,800,0,0,-205,-37,-454,255,-30,-100,120,122,120,123,119,122,39,41,41,42,40,41,13,8,181,16,0,24
43.6231,,1306,-10.901098901098901,-6.153846153846154,11.252747252747254,79.25274725274726,7.868131868131868,2.260738507912585,2195,1733,2867,2704,2139,1658,-400,50,-850,800,0,0,-222,-44,-436,265,-30,-100,120,122,120,123,119,122,39,41,41,42,40,41,24,5,164,30,0,24
43.6565,,1307,-13.362637362637363,-5.978021978021978,9.582417582417582,82.06593406593407,9.098901098901099,2.260738507912585,2178,1733,2841,2732,2139,1658,-550,0,-850,800,0,0,-155,-41,-419,285,-23,-100,120,122,120,123,119,122,39,41,41,42,40,41,18,3,166,19,0,24
43.6899,,1308,-15.648351648351648,-5.978021978021978,8.527472527472527,84.96703296703296,11.296703296703297,2.260738507912585,2158,1733,2813,2766,2139,1658,-550,0,-850,950,0,0,-176,-34,-378,279,82,-100,120,122,121,123,120,122,39,41,41,42,40,41,25,1,172,21,6,23
43.7233,,1309,-18.197802197802197,-5.978021978021978,7.824175824175824,87.86813186813187,13.67032967032967,2.260738507912585,2135,1733,2787,2798,2144,1658,-700,0,-800,1000,50,0,-207,-34,-356,301,163,-100,120,123,121,123,120,122,39,41,41,42,40,41,22,2,133,19,11,24
43.7567,,1310,-20.571428571428573,-6.329670329670329,7.824175824175824,90.32967032967034,15.780219780219781,2.260738507912585,2112,1733,2764,2825,2156,1658,-700,0,-700,950,350,0,-310,-34,-287,311,132,-100,121,123,121,123,120,122,39,41,41,42,40,41,17,2,99,28,32,23
43.7902,,1311,-22.505494505494507,-6.857142857142857,7.824175824175824,92.61538461538461,17.802197802197803,2.3360964581763377,2089,1733,2747,2856,2173,1658,-650,0,-600,900,450,0,-235,-48,-199,301,159,-100,121,123,121,123,120,122,40,41,41,42,40,41,13,5,52,23,19,24
43.8236,,1312,-23.824175824175825,-7.56043956043956,7.736263736263736,94.37362637362638,19.47252747252747,2.3360964581763377,2063,1733,2735,2890,2192,1658,-700,0,-400,950,550,0,-303,-71,-149,271,166,-100,121,123,121,124,120,122,40,41,41,42,40,41,15,11,57,16,14,24
43.857,,1313,-24.703296703296704,-9.406593406593407,7.736263736263736,94.98901098901099,20.791208791208792,2.3360964581763377,2038,1733,2727,2920,2213,1658,-750,0,-250,900,600,0,-252,-103,-210,227,240,-100,121,123,121,124,120,122,39,41,41,42,40,41,12,24,59,11,22,24
43.8904,,1314,-25.406593406593405,-11.692307692307692,7.824175824175824,95.07692307692308,22.373626373626372,2.3360964581763377,2015,1733,2722,2944,2232,1658,-750,0,-150,750,650,0,-141,-175,-196,173,158,-100,121,123,121,124,120,123,39,41,41,42,40,41,2,53,53,5,12,24
43.9238,,1315,-26.285714285714285,-14.153846153846153,7.824175824175824,95.16483516483517,24.395604395604394,2.3360964581763377,1995,1730,2719,2963,2250,1658,-600,-50,-100,650,550,0,-84,-281,-93,171,152,-100,121,123,121,124,120,122,39,41,41,42,40,41,1,134,57,1,6,24
43.9572,,1316,-27.428571428571427,-16.615384615384617,7.824175824175824,95.25274725274726,27.12087912087912,2.3360964581763377,1980,1720,2719,2977,2268,1658,-450,-250,0,400,550,0,-152,-348,-178,122,254,-100,120,123,121,123,120,122,39,41,41,42,40,41,0,151,68,0,17,24
43.9907,,1317,-28.923076923076923,-19.164835164835164,7.912087912087912,95.78021978021978,30.10989010989011,2.3360964581763377,1969,1704,2719,2985,2288,1658,-400,-400,0,350,450,0,-65,-391,-178,90,203,-100,120,122,120,123,120,122,39,41,41,42,40,41,5,122,71,0,20,24
44.0241,,1318,-30.505494505494507,-21.0989010989011,7.824175824175824,96.57142857142857,32.92307692307692,2.3360964581763377,1958,1685,2718,2991,2310,1658,-300,-600,-50,150,650,0,-194,-436,-171,113,254,-100,120,122,120,123,119,122,39,41,41,42,40,41,9,148,67,5,37,24
44.0575,,1319,-31.912087912087912,-22.32967032967033,7.824175824175824,96.74725274725274,34.59340659340659,2.3360964581763377,1943,1661,2718,2998,2335,1658,-450,-700,0,150,750,0,-120,-436,-174,126,364,-100,120,122,120,123,119,122,39,42,41,42,40,41,27,122,68,17,30,24
44.0909,,1320,-32.7032967032967,-23.296703296703296,7.824175824175824,96.74725274725274,35.20879120879121,2.3360964581763377,1928,1637,2718,3004,2364,1658,-400,-700,0,250,800,0,-206,-307,-174,86,250,-100,120,122,120,123,119,122,40,41,41,42,40,41,8,103,68,7,20,24
44.1243,,1321,-32.79120879120879,-23.560439560439562,7.648351648351649,96.74725274725274,35.2967032967033,2.3360964581763377,1914,1616,2718,3009,2388,1658,-400,-700,0,200,800,0,-77,-337,-174,65,154,-100,120,122,121,123,120,122,40,41,41,42,40,41,11,56,68,4,3,24
44.1577,,1322,-32.61538461538461,-23.560439560439562,6.857142857142857,96.57142857142857,35.2967032967033,2.3360964581763377,1898,1596,2717,3013,2408,1658,-450,-600,0,150,600,0,-101,-259,-181,51,164,-100,120,123,121,123,120,122,39,41,41,42,40,41,5,49,76,2,1,24
44.1911,,1323,-32.26373626373626,-23.560439560439562,5.362637362637362,96.57142857142857,34.76923076923077,2.3360964581763377,1890,1582,2714,3015,2421,1658,-200,-400,-100,50,350,0,-69,-135,-230,37,129,-100,121,123,121,123,120,122,39,42,41,42,40,41,1,27,63,1,2,24
44.2245,,1324,-31.912087912087912,-23.384615384615383,3.6923076923076925,96.3956043956044,34.505494505494504,2.3360964581763377,1886,1573,2709,3016,2428,1658,-150,-350,-150,50,300,0,85,-181,-272,34,64,-100,121,123,121,123,120,122,39,41,41,42,40,41,0,18,101,2,0,24
44.2579,,1325,-31.824175824175825,-23.208791208791208,1.5824175824175823,96.21978021978022,34.417582417582416,2.3360964581763377,1885,1567,2699,3016,2432,1658,0,-150,-250,0,150,0,0,-150,-306,27,48,-100,120,123,121,123,120,122,39,41,41,42,40,41,0,28,100,1,2,24
44.2913,,1326,-31.560439560439562,-22.76923076923077,-1.054945054945055,96.21978021978022,34.24175824175824,2.3360964581763377,1885,1565,2686,3017,2435,1658,0,-150,-350,0,100,0,0,-132,-346,0,30,-100,121,123,121,123,120,122,39,41,41,42,40,41,0,34,122,0,0,24
44.3247,,1327,-30.857142857142858,-22.065934065934066,-3.78021978021978,96.04395604395604,33.45054945054945,2.3360964581763377,1886,1565,2671,3017,2436,1658,50,0,-400,0,0,0,27,-115,-306,0,0,-100,120,123,121,123,120,122,39,41,41,42,40,41,1,27,135,0,0,24
44.3581,,1328,-29.714285714285715,-20.395604395604394,-6.417582417582418,95.51648351648352,32.30769230769231,2.3360964581763377,1886,1565,2652,3018,2436,1658,0,0,-550,50,0,0,76,-65,-358,-27,-67,-100,120,122,121,123,120,122,39,41,41,42,40,41,7,16,132,1,4,24
44.3915,,1329,-28.13186813186813,-18.9010989010989,-9.406593406593407,94.81318681318682,31.076923076923077,2.3360964581763377,1888,1565,2629,3018,2434,1658,0,0,-650,0,0,0,122,39,-386,-58,-110,-100,120,122,120,123,120,122,40,42,41,42,40,41,17,4,180,7,12,24
44.4249,,1330,-25.67032967032967,-17.318681318681318,-12.395604395604396,93.93406593406593,29.67032967032967,2.3360964581763377,1894,1570,2604,3018,2426,1658,150,100,-750,0,-200,0,165,83,-499,-89,-44,-100,120,122,120,123,119,122,39,41,41,42,40,41,19,2,148,10,11,24
44.4583,,1331,-23.12087912087912,-15.56043956043956,-14.76923076923077,92.7032967032967,27.824175824175825,2.3360964581763377,1904,1579,2576,3013,2417,1658,250,200,-850,-100,-250,0,229,25,-426,-109,-155,-100,120,122,120,123,119,122,39,41,41,42,40,41,30,8,140,12,17,24
44.4916,,1332,-21.01098901098901,-14.241758241758241,-16.967032967032967,91.12087912087912,26.24175824175824,2.3360964581763377,1920,1592,2545,3007,2405,1658,500,400,-900,-200,-400,0,285,67,-440,-156,-204,-100,120,122,120,123,119,122,39,42,41,42,40,41,50,6,133,24,11,24
44.525,,1333,-19.164835164835164,-13.098901098901099,-18.725274725274726,89.18681318681318,24.835164835164836,2.3360964581763377,1938,1609,2516,2997,2390,1658,550,450,-900,-250,-400,0,309,147,-509,-187,-215,-100,120,122,120,123,119,122,40,41,41,42,40,41,52,1,122,22,15,24
44.5584,,1334,-17.75824175824176,-12.131868131868131,-19.86813186813187,87.34065934065934,23.164835164835164,2.3360964581763377,1957,1626,2489,2985,2376,1658,600,500,-850,-350,-450,0,311,125,-388,-134,-125,-100,120,122,120,123,119,122,39,41,41,42,40,41,44,0,132,20,25,24
44.5918,,1335,-16.35164835164835,-11.516483516483516,-20.395604395604394,84.96703296703296,21.67032967032967,2.3360964581763377,1979,1643,2463,2970,2360,1658,600,550,-800,-450,-450,0,196,90,-325,-151,-221,-100,120,122,120,123,119,122,39,42,41,42,40,41,29,8,102,20,23,24
44.6252,,1336,-14.593406593406593,-11.076923076923077,-20.395604395604394,82.32967032967034,20.263736263736263,2.3360964581763377,1999,1656,2442,2952,2343,1658,600,450,-700,-500,-500,0,262,51,-248,-268,-213,-100,120,122,121,123,120,122,39,41,41,42,40,41,21,2,84,28,27,24
44.6586,,1337,-12.483516483516484,-10.54945054945055,-20.395604395604394,79.86813186813187,18.505494505494507,2.3360964581763377,2019,1666,2428,2934,2327,1658,550,300,-450,-550,-500,0,289,-65,-298,-233,-233,-100,120,122,121,123,120,122,40,41,41,42,40,41,16,0,91,42,19,24
44.6919,,1338,-10.021978021978022,-9.846153846153847,-20.395604395604394,77.4065934065934,16.483516483516482,2.3360964581763377,2037,1673,2419,2911,2310,1658,600,250,-300,-650,-500,0,299,46,-259,-254,-240,-100,120,122,121,123,120,122,40,41,41,42,40,41,41,0,66,41,24,24
44.7253,,1339,-6.681318681318682,-9.142857142857142,-20.395604395604394,74.85714285714286,14.637362637362637,2.3360964581763377,2058,1680,2412,2886,2293,1658,600,200,-200,-700,-500,0,235,48,-146,-260,-169,-100,120,122,121,123,120,122,39,41,41,42,40,41,44,0,77,47,22,24
44.7587,,1340,-2.989010989010989,-8.263736263736265,-20.395604395604394,72.65934065934066,12.527472527472527,2.3360964581763377,2080,1688,2407,2861,2273,1658,600,250,-150,-750,-550,0,283,40,-213,-267,-172,-100,120,122,121,123,120,122,40,41,41,42,40,41,62,0,85,53,27,24
44.7921,,1341,0.3516483516483517,-7.1208791208791204,-20.395604395604394,70.54945054945055,10.065934065934066,2.3360964581763377,2103,1695,2405,2834,2254,1658,750,250,-100,-800,-600,0,345,77,-206,-374,-205,-100,120,122,120,123,119,122,40,42,41,42,40,41,85,0,62,54,32,24
44.8255,,1342,4.043956043956044,-5.8901098901098905,-20.395604395604394,68.79120879120879,7.6923076923076925,2.3360964581763377,2132,1704,2404,2809,2233,1658,800,250,-50,-800,-600,0,386,-31,-199,-274,-310,-100,120,122,120,123,119,122,39,41,41,42,40,41,88,0,79,46,34,24
44.8589,,1343,7.2967032967032965,-4.3076923076923075,-20.395604395604394,67.64835164835165,5.934065934065934,2.3360964581763377,2165,1715,2404,2784,2210,1658,950,300,0,-750,-650,0,415,96,-199,-250,-235,-100,120,122,120,123,119,122,39,41,41,42,40,41,93,0,86,54,27,24
44.8923,,1344,9.934065934065934,-2.5494505494505493,-20.395604395604394,67.12087912087912,4.8791208791208796,2.3360964581763377,2198,1728,2404,2760,2187,1658,1000,350,0,-750,-700,0,427,116,-199,-195,-218,-100,120,122,120,123,119,122,39,41,41,42,40,41,73,0,88,23,28,24
44.9257,,1345,12.131868131868131,-0.8791208791208791,-20.395604395604394,66.76923076923077,4.263736263736264,2.3360964581763377,2234,1744,2404,2740,2164,1658,1050,500,0,-650,-700,0,406,37,-199,-121,-159,-100,120,122,120,123,119,122,39,41,41,42,40,41,85,0,88,21,24,24
44.9591,,1346,14.505494505494505,0.7912087912087912,-20.395604395604394,66.76923076923077,3.7362637362637363,2.3360964581763377,2271,1764,2404,2726,2144,1658,1100,600,0,-400,-600,0,400,57,-199,-106,-137,-100,120,122,121,123,120,122,40,41,41,42,40,41,56,0,89,11,12,24
44.9924,,1347,16.439560439560438,2.6373626373626373,-20.395604395604394,66.85714285714286,3.032967032967033,2.3360964581763377,2305,1787,2404,2716,2130,1658,1000,650,0,-350,-500,0,367,43,-199,-58,-95,-100,120,123,121,123,120,122,39,41,41,42,40,41,46,0,88,15,6,24
45.0258,,1348,18.10989010989011,4.21978021978022,-20.307692307692307,67.12087912087912,2.5054945054945055,2.3360964581763377,2336,1808,2404,2710,2118,1658,1000,650,0,-250,-350,0,321,32,-199,-115,-165,-100,121,123,121,123,120,122,40,42,41,42,40,41,33,0,88,8,7,24
45.0592,,1349,19.78021978021978,5.538461538461538,-20.043956043956044,67.2967032967033,2.32967032967033,2.3360964581763377,2367,1831,2404,2706,2108,1658,900,650,0,-150,-350,0,273,-24,-196,-86,-132,-100,121,123,121,123,120,122,40,42,41,42,40,41,25,2,85,9,4,24
45.0926,,1350,20.835164835164836,6.681318681318682,-19.86813186813187,67.64835164835165,2.5934065934065935,2.3360964581763377,2394,1850,2404,2705,2099,1658,800,550,0,-50,-250,0,236,68,-185,-79,-108,-100,121,123,121,124,120,122,39,41,41,42,40,41,35,1,76,13,10,24
45.126,,1351,21.274725274725274,7.824175824175824,-19.78021978021978,69.14285714285714,3.032967032967033,2.3360964581763377,2416,1865,2404,2704,2095,1658,750,500,0,0,-200,0,303,-37,-178,-55,-83,-100,121,123,121,124,120,122,40,41,41,42,40,41,21,0,71,8,6,24
45.1594,,1352,21.36263736263736,8.527472527472527,-19.86813186813187,71.6043956043956,3.2967032967032965,2.3360964581763377,2437,1878,2404,2704,2093,1658,650,400,0,0,-50,0,217,-46,-174,61,-49,-100,121,123,121,124,120,123,39,41,41,42,40,41,18,2,70,4,3,24
45.1928,,1353,20.65934065934066,9.054945054945055,-19.86813186813187,74.32967032967034,4.175824175824176,2.3360964581763377,2453,1890,2404,2708,2093,1658,550,400,0,0,-50,0,160,35,-178,59,-44,-100,121,123,121,124,120,123,40,41,41,42,40,41,7,0,73,12,3,24
45.2262,,1354,19.86813186813187,9.582417582417582,-19.86813186813187,77.58241758241758,6.1098901098901095,2.3360964581763377,2462,1901,2404,2721,2093,1658,350,300,0,300,0,0,80,-22,-178,123,108,-100,121,123,121,124,120,123,39,41,41,42,40,41,2,0,73,13,2,24
45.2596,,1355,18.021978021978022,10.021978021978022,-19.78021978021978,80.3076923076923,7.956043956043956,2.3360964581763377,2465,1911,2404,2739,2094,1658,150,250,0,500,0,0,26,-95,-178,193,117,-100,121,123,121,124,120,123,40,41,41,42,40,41,2,6,72,23,15,24
45.293,,1356,16.087912087912088,10.10989010989011,-19.78021978021978,83.03296703296704,9.626373626373626,2.3360964581763377,2466,1917,2404,2763,2103,1658,0,200,0,600,350,0,0,-113,-174,227,177,-100,121,123,121,124,120,122,40,41,41,42,40,41,3,8,70,21,17,24
45.3263,,1357,14.32967032967033,10.10989010989011,-19.692307692307693,85.75824175824175,11.56043956043956,2.4114544084400906,2463,1921,2404,2791,2116,1658,0,150,0,850,350,0,-159,-51,-174,235,194,-100,121,123,121,124,120,122,39,41,41,42,40,41,15,10,70,22,8,24
45.3598,,1358,12.483516483516484,9.846153846153847,-19.692307692307693,88.04395604395604,13.23076923076923,2.4114544084400906,2451,1922,2404,2819,2132,1658,-300,50,0,800,450,0,-101,-55,-171,244,215,-100,121,123,121,124,120,122,39,42,41,42,40,41,23,8,67,17,14,24
45.3932,,1359,10.461538461538462,9.406593406593407,-19.692307692307693,89.62637362637362,14.725274725274724,2.4114544084400906,2438,1922,2404,2848,2150,1658,-400,0,0,850,500,0,-126,-65,-171,229,212,-100,121,123,121,124,120,122,39,41,41,42,40,41,21,10,66,25,14,24
45.4265,,1360,8.263736263736265,9.23076923076923,-19.692307692307693,91.56043956043956,16.043956043956044,2.4114544084400906,2423,1922,2404,2874,2167,1658,-400,0,0,850,550,0,-172,-94,-171,222,229,-100,121,123,121,124,120,122,40,41,41,42,40,41,32,17,66,5,15,24
45.46,,1361,6.241758241758242,9.142857142857142,-19.78021978021978,93.58241758241758,17.0989010989011,2.4114544084400906,2407,1922,2404,2900,2185,1658,-500,0,0,750,500,0,-285,-90,-171,201,213,-100,121,123,121,123,120,122,40,41,41,42,40,41,40,20,67,11,12,24
45.4934,,1362,3.868131868131868,9.142857142857142,-19.78021978021978,95.51648351648352,18.065934065934066,2.4114544084400906,2386,1922,2404,2924,2202,1658,-550,0,0,700,500,0,-293,-93,-174,279,101,-100,121,123,121,123,120,122,40,41,41,42,40,41,33,22,69,7,4,24
45.5267,,1363,1.3186813186813187,9.142857142857142,-19.692307692307693,97.18681318681318,19.032967032967033,2.4114544084400906,2363,1922,2404,2945,2216,1658,-650,0,0,700,450,0,-215,-93,-174,271,78,-100,121,123,121,124,120,122,39,41,41,42,40,41,19,22,69,10,6,24
45.5602,,1364,-1.054945054945055,9.142857142857142,-19.692307692307693,98.15384615384616,19.736263736263737,2.4114544084400906,2339,1922,2404,2968,2229,1658,-700,0,0,650,400,0,-246,-93,-171,194,94,-100,121,123,121,124,120,122,40,41,41,42,40,41,28,22,67,11,11,24
45.5936,,1365,-2.989010989010989,8.703296703296703,-19.692307692307693,98.68131868131869,19.912087912087912,2.4114544084400906,2313,1922,2404,2990,2242,1658,-800,0,0,650,400,0,-250,-93,-171,142,147,-100,121,123,121,124,120,123,39,41,41,42,40,41,12,21,67,6,4,24
45.627,,1366,-5.010989010989011,7.912087912087912,-19.692307692307693,98.85714285714286,20.087912087912088,2.4114544084400906,2286,1922,2404,3007,2253,1658,-800,0,0,550,350,0,-229,-116,-171,164,97,-100,121,123,121,124,120,123,40,41,41,42,40,41,17,32,67,1,2,24
45.6604,,1367,-7.472527472527473,7.472527472527473,-19.692307692307693,99.12087912087912,20.703296703296704,2.4114544084400906,2259,1922,2404,3018,2259,1658,-800,0,0,400,200,0,-212,-159,-171,122,-41,-100,121,123,121,124,120,123,40,41,41,42,40,41,16,54,66,1,1,24
45.6938,,1368,-9.934065934065934,6.769230769230769,-19.692307692307693,99.64835164835165,21.582417582417584,2.4114544084400906,2234,1922,2403,3026,2264,1658,-750,0,-50,200,150,0,-212,-160,-167,-16,87,-100,121,123,121,124,120,122,40,41,41,42,40,41,18,64,59,5,7,24
45.7272,,1369,-12.835164835164836,5.8901098901098905,-19.692307692307693,100.35164835164835,22.46153846153846,2.4114544084400906,2209,1922,2403,3032,2271,1658,-800,0,0,200,200,0,-241,-211,-167,123,126,-100,121,123,121,123,120,122,40,42,41,42,40,41,10,85,63,6,11,24
45.7606,,1370,-15.824175824175825,5.0989010989010985,-19.692307692307693,100.61538461538461,22.98901098901099,2.4114544084400906,2184,1922,2403,3037,2279,1658,-750,0,0,150,250,0,-260,-245,-167,102,126,-100,120,122,121,123,120,122,39,41,41,42,40,41,30,116,63,5,3,24
45.794,,1371,-18.46153846153846,3.956043956043956,-19.692307692307693,100.7032967032967,23.076923076923077,2.4114544084400906,2159,1921,2403,3039,2288,1658,-700,0,0,150,250,0,-285,-182,-167,90,96,-100,120,122,120,123,119,122,39,41,41,42,40,41,30,131,64,11,6,24
45.8274,,1372,-21.01098901098901,2.8131868131868134,-19.692307692307693,100.7032967032967,23.164835164835164,2.4114544084400906,2130,1916,2403,3039,2294,1658,-850,-150,0,0,250,0,-290,-306,-167,90,72,-100,120,122,120,123,119,122,40,41,41,42,40,41,39,135,63,18,5,24
45.8608,,1373,-23.47252747252747,1.6703296703296704,-19.78021978021978,100.7032967032967,23.252747252747252,2.4114544084400906,2100,1908,2403,3039,2298,1658,-850,-200,0,0,150,0,-282,-314,-167,90,62,-100,120,122,120,123,119,122,40,41,41,42,40,41,31,163,63,19,3,24
45.8942,,1374,-25.494505494505493,0.43956043956043955,-19.78021978021978,100.7032967032967,23.692307692307693,2.4114544084400906,2070,1899,2403,3039,2302,1658,-950,-300,0,0,100,0,-298,-348,-171,90,55,-100,120,122,120,123,119,122,40,42,41,42,40,41,19,153,66,19,2,24
45.9276,,1375,-26.9010989010989,-0.8791208791208791,-19.86813186813187,100.61538461538461,24.21978021978022,2.4114544084400906,2037,1886,2403,3039,2305,1658,-1000,-300,0,0,100,0,-261,-265,-171,90,67,-100,120,122,120,123,119,122,39,41,41,42,40,41,8,120,65,19,3,24
45.961,,1376,-27.956043956043956,-2.2857142857142856,-20.043956043956044,100.52747252747253,24.307692307692307,2.4114544084400906,2009,1873,2403,3039,2309,1658,-850,-400,0,0,100,0,-205,-353,-174,90,75,-100,120,122,120,123,119,122,40,41,41,42,40,41,5,145,68,19,3,24
45.9944,,1377,-28.043956043956044,-3.6923076923076925,-20.13186813186813,100.35164835164835,24.13186813186813,2.4114544084400906,1985,1860,2403,3039,2313,1658,-750,-400,0,0,100,0,-142,-270,-181,90,55,-100,120,122,120,123,119,122,40,41,41,42,40,41,1,164,75,19,2,24
46.0278,,1378,-27.956043956043956,-5.274725274725275,-20.21978021978022,100.17582417582418,23.604395604395606,2.4114544084400906,1964,1845,2403,3039,2315,1658,-700,-450,0,0,100,0,-76,-381,-185,90,41,-100,120,122,120,123,119,122,39,42,41,42,40,41,0,141,76,19,1,24
46.0612,,1379,-27.34065934065934,-6.681318681318682,-20.21978021978022,100.17582417582418,23.516483516483518,2.4114544084400906,1948,1828,2403,3039,2316,1658,-500,-450,0,0,50,0,27,-384,-189,90,0,-100,120,122,120,123,119,122,40,41,41,42,40,41,0,154,79,19,0,24
46.0947,,1380,-26.813186813186814,-7.912087912087912,-20.21978021978022,100.17582417582418,23.428571428571427,2.4114544084400906,1942,1811,2403,3039,2316,1658,-350,-500,0,0,0,0,-24,-375,-189,90,0,-100,120,122,120,123,119,122,40,41,41,42,40,41,0,144,79,19,0,24
46.1281,,1381,-25.75824175824176,-9.23076923076923,-20.21978021978022,100.08791208791209,23.428571428571427,2.4114544084400906,1940,1795,2403,3039,2316,1658,-100,-500,0,0,0,0,31,-269,-189,90,-23,-100,120,122,120,123,119,122,40,41,41,42,40,41,1,113,80,19,0,24
46.1615,,1382,-24.175824175824175,-10.373626373626374,-20.307692307692307,99.91208791208791,23.34065934065934,2.4114544084400906,1940,1777,2403,3039,2316,1658,0,-500,0,0,0,0,89,-342,-189,90,-23,-100,120,122,120,123,119,122,40,42,42,42,40,41,13,127,78,19,0,24
46.1949,,1383,-22.24175824175824,-11.340659340659341,-20.307692307692307,99.2967032967033,23.252747252747252,2.4114544084400906,1944,1760,2403,3040,2316,1658,100,-450,0,50,0,0,152,-351,-192,83,-27,-100,120,122,120,123,119,122,39,41,41,42,40,41,22,111,82,16,0,24
46.2283,,1384,-20.21978021978022,-12.219780219780219,-20.307692307692307,98.32967032967034,23.164835164835164,2.4114544084400906,1952,1745,2403,3040,2317,1658,200,-450,0,0,0,0,201,-325,-192,44,-34,-100,120,122,120,123,119,122,39,41,41,42,40,41,41,96,83,6,0,24
46.2618,,1385,-18.021978021978022,-13.010989010989011,-20.307692307692307,96.92307692307692,22.54945054945055,2.4114544084400906,1964,1731,2403,3040,2317,1658,350,-400,0,0,0,0,240,-303,-192,-35,-37,-100,120,122,120,123,119,122,40,41,42,42,40,41,47,106,82,1,2,24
46.2952,,1386,-15.384615384615385,-13.626373626373626,-20.307692307692307,95.07692307692308,21.406593406593405,2.4114544084400906,1979,1718,2403,3039,2317,1658,450,-400,0,0,0,0,187,-278,-192,-91,-69,-100,120,122,120,123,119,122,40,41,41,42,40,41,44,84,81,3,8,24
46.3286,,1387,-12.835164835164836,-14.241758241758241,-20.307692307692307,93.05494505494505,20.0,2.4114544084400906,1998,1705,2403,3037,2314,1658,500,-400,0,-50,-50,0,226,-157,-192,-76,-118,-100,120,122,120,123,119,122,40,42,41,42,40,41,44,70,82,18,5,24
46.362,,1388,-10.637362637362637,-14.32967032967033,-20.307692307692307,90.94505494505495,17.978021978021978,2.4114544084400906,2018,1695,2403,3027,2306,1658,600,-300,0,-250,-200,0,269,-260,-192,-130,-74,-100,120,122,120,123,119,122,40,41,41,42,40,41,61,75,83,24,24,24
46.3954,,1389,-8.263736263736265,-14.32967032967033,-20.307692307692307,89.18681318681318,15.428571428571429,2.4114544084400906,2042,1686,2403,3012,2295,1658,700,-350,0,-400,-300,0,274,-206,-192,-162,-204,-100,120,122,120,123,119,122,40,41,41,42,40,41,36,62,82,31,25,24
46.4288,,1390,-5.714285714285714,-14.153846153846153,-20.21978021978022,87.86813186813187,12.87912087912088,2.4114544084400906,2068,1680,2403,2996,2280,1658,750,-250,0,-450,-350,0,359,-181,-192,-169,-165,-100,120,122,120,123,119,122,40,42,41,42,40,41,41,58,81,28,41,24
46.4622,,1391,-3.076923076923077,-13.714285714285714,-20.21978021978022,86.72527472527473,10.32967032967033,2.4114544084400906,2092,1676,2403,2978,2262,1658,750,-150,0,-500,-550,0,278,-160,-189,-147,-285,-100,120,122,120,123,119,122,40,42,41,42,40,41,51,52,78,33,39,24
46.4956,,1392,-0.7912087912087912,-13.274725274725276,-20.13186813186813,85.75824175824175,8.043956043956044,2.4114544084400906,2119,1674,2403,2961,2240,1658,800,-50,0,-500,-650,0,312,-123,-189,-157,-239,-100,120,122,120,123,119,122,40,41,41,42,40,41,42,39,79,22,35,23
46.529,,1393,1.5824175824175823,-12.131868131868131,-20.13186813186813,85.05494505494505,6.285714285714286,2.4114544084400906,2147,1674,2403,2946,2215,1658,800,0,0,-450,-750,0,307,-109,-185,-220,-333,-100,120,122,120,123,119,122,40,41,41,42,40,41,41,29,76,23,28,24
46.5624,,1394,3.6923076923076925,-10.725274725274724,-20.13186813186813,84.79120879120879,5.054945054945055,2.4114544084400906,2173,1674,2403,2933,2191,1658,850,0,0,-400,-700,0,298,-47,-185,-99,-226,-100,120,122,120,123,119,122,40,42,42,42,40,41,35,12,76,12,34,24
46.5957,,1395,5.186813186813187,-9.054945054945055,-20.13186813186813,84.79120879120879,4.351648351648351,2.4114544084400906,2200,1676,2403,2922,2168,1658,800,50,0,-300,-700,0,282,35,-185,-143,-176,-100,120,122,121,123,120,122,39,41,41,42,40,41,50,2,76,8,16,23
46.6291,,1396,6.593406593406593,-7.208791208791209,-20.13186813186813,84.79120879120879,3.8241758241758244,2.4114544084400906,2228,1682,2403,2914,2147,1658,800,100,0,-300,-650,0,235,83,-185,-26,-196,-100,120,123,121,123,120,122,40,41,41,42,40,41,34,2,76,8,18,24
46.6625,,1397,8.175824175824175,-5.0989010989010985,-20.13186813186813,84.87912087912088,3.120879120879121,2.4114544084400906,2253,1692,2403,2909,2132,1658,800,250,0,-200,-500,0,232,134,-185,-97,-105,-100,121,123,121,123,120,122,40,41,41,42,40,41,36,2,76,13,8,24
46.6959,,1398,9.846153846153847,-3.076923076923077,-20.13186813186813,84.96703296703296,2.1538461538461537,2.4114544084400906,2274,1706,2403,2907,2120,1658,700,350,0,-100,-450,0,296,169,-185,-83,-171,-100,121,123,121,123,120,122,40,41,41,42,40,41,27,0,76,12,6,24
46.7293,,1399,11.252747252747254,-1.1428571428571428,-20.13186813186813,85.05494505494505,1.7142857142857142,2.4114544084400906,2294,1724,2403,2905,2108,1658,600,500,0,-50,-350,0,200,184,-185,-72,-171,-100,121,123,121,123,120,122,40,42,41,42,40,41,31,1,76,7,11,24
46.7627,,1400,12.131868131868131,0.7032967032967034,-19.956043956043956,85.23076923076923,1.6263736263736264,2.4114544084400906,2313,1747,2403,2904,2097,1658,600,650,0,-50,-350,0,178,91,-185,-65,-125,-100,121,123,121,124,120,122,39,41,41,42,40,41,24,0,77,7,4,24
46.7961,,1401,12.659340659340659,2.021978021978022,-19.86813186813187,85.4065934065934,1.6263736263736264,2.4114544084400906,2330,1771,2403,2904,2089,1658,500,750,0,0,-250,0,256,190,-178,-58,-108,-100,121,123,121,124,120,122,40,42,41,42,40,41,33,0,70,7,1,24
46.8295,,1402,13.010989010989011,3.076923076923077,-19.86813186813187,85.4065934065934,1.978021978021978,2.4114544084400906,2346,1797,2403,2904,2085,1658,450,800,0,0,-150,0,115,59,-174,-51,-86,-100,121,123,121,124,120,123,40,41,41,42,40,41,23,0,69,4,7,24
46.8629,,1403,12.923076923076923,4.131868131868132,-19.78021978021978,85.84615384615384,2.065934065934066,2.3360964581763377,2360,1820,2403,2904,2082,1658,400,700,0,0,-100,0,153,-27,-174,-51,-62,-100,121,123,121,124,120,123,40,42,41,42,40,41,14,3,69,5,7,24
46.8963,,1404,12.395604395604396,4.923076923076923,-19.78021978021978,87.16483516483517,2.1538461538461537,2.3360964581763377,2369,1837,2404,2904,2081,1658,300,450,50,0,0,0,111,66,-174,-34,-51,-100,121,123,121,124,120,123,40,41,41,42,40,41,10,2,67,1,4,24
46.9297,,1405,11.868131868131869,5.802197802197802,-19.78021978021978,88.48351648351648,2.1538461538461537,2.3360964581763377,2374,1849,2404,2904,2081,1658,200,450,0,0,-50,0,69,30,-174,76,-48,-100,121,123,121,124,120,123,40,41,41,42,40,41,2,0,69,0,4,24
46.9631,,1406,10.813186813186814,6.5054945054945055,-19.78021978021978,89.89010989010988,2.241758241758242,2.3360964581763377,2376,1862,2404,2909,2081,1658,50,350,0,50,0,0,28,0,-174,123,-48,-100,121,123,121,124,120,123,40,42,41,42,40,41,2,3,69,5,4,24
46.9965,,1407,9.582417582417582,7.472527472527473,-19.78021978021978,91.2967032967033,2.32967032967033,2.3360964581763377,2375,1873,2403,2918,2080,1658,0,300,0,250,0,0,0,0,-174,59,-41,-100,121,123,121,124,120,123,40,42,41,42,40,41,4,0,68,13,2,24
47.0299,,1408,8.615384615384615,8.263736263736265,-19.78021978021978,92.87912087912088,2.681318681318681,2.3360964581763377,2373,1881,2403,2929,2080,1658,-50,300,-50,300,0,0,-94,0,-171,160,-37,-100,121,123,121,124,120,123,40,42,41,42,40,41,11,1,66,5,2,24
47.0633,,1409,7.208791208791209,8.87912087912088,-19.78021978021978,94.46153846153847,3.208791208791209,2.3360964581763377,2367,1892,2403,2942,2080,1658,-100,300,0,400,0,0,-107,-114,-171,174,-23,-100,121,123,121,124,120,123,40,42,41,42,40,41,8,0,66,11,0,24
47.0967,,1410,5.714285714285714,8.967032967032967,-19.692307692307693,95.51648351648352,3.912087912087912,2.3360964581763377,2359,1901,2403,2956,2080,1658,-200,250,0,400,0,0,-56,-29,-171,120,30,-100,121,123,121,124,120,123,40,41,41,42,40,41,18,0,66,7,2,24
47.1301,,1411,4.043956043956044,8.967032967032967,-19.692307692307693,96.48351648351648,4.967032967032967,2.3360964581763377,2349,1906,2403,2972,2080,1658,-300,150,0,450,0,0,-180,-41,-167,186,79,-100,121,123,121,124,120,123,40,41,41,42,40,41,10,7,64,8,8,24
47.1635,,1412,1.934065934065934,8.87912087912088,-19.692307692307693,97.0989010989011,6.373626373626373,2.3360964581763377,2337,1908,2403,2986,2085,1658,-350,50,0,450,50,0,-205,-51,-167,83,114,-100,121,123,121,124,120,123,40,42,41,42,40,41,17,8,64,2,5,24
47.1969,,1413,-0.43956043956043955,8.351648351648352,-19.692307692307693,97.71428571428571,7.956043956043956,2.3360964581763377,2323,1908,2403,2998,2093,1658,-400,0,0,350,250,0,-152,-55,-167,39,142,-100,121,123,121,124,120,123,40,42,41,42,40,41,31,9,64,0,7,24
47.2303,,1414,-2.8131868131868134,8.175824175824175,-19.692307692307693,98.5934065934066,9.714285714285714,2.3360964581763377,2307,1907,2403,3009,2103,1658,-450,-50,0,400,300,0,-183,-73,-167,23,163,-100,121,123,121,124,120,122,39,41,41,42,40,41,47,15,63,6,16,24
47.2637,,1415,-5.274725274725275,8.0,-19.692307692307693,99.82417582417582,11.56043956043956,2.3360964581763377,2286,1907,2403,3018,2117,1658,-600,0,0,300,400,0,-224,-79,-167,143,120,-100,121,123,121,123,120,122,40,42,41,42,40,41,38,22,63,3,12,24
47.2971,,1416,-8.0,8.0,-19.692307692307693,101.31868131868131,13.31868131868132,2.4114544084400906,2262,1907,2403,3025,2132,1658,-700,0,0,250,450,0,-324,-86,-167,164,138,-100,120,123,121,123,120,122,40,41,41,42,40,41,26,26,64,5,13,24
47.3305,,1417,-10.461538461538462,7.912087912087912,-19.604395604395606,102.10989010989012,14.725274725274724,2.4114544084400906,2237,1907,2403,3034,2150,1658,-750,0,0,250,450,0,-253,-86,-167,111,141,-100,121,123,121,123,120,122,40,42,41,42,40,41,16,26,63,4,10,24
47.3639,,1418,-12.395604395604396,7.384615384615385,-19.164835164835164,102.1978021978022,15.604395604395604,2.4114544084400906,2211,1907,2403,3039,2167,1658,-750,0,0,150,550,0,-341,-90,-164,93,126,-100,120,123,121,123,120,122,40,42,41,42,40,41,24,29,60,2,6,24
47.3973,,1419,-14.32967032967033,5.8901098901098905,-18.10989010989011,102.1978021978022,16.571428571428573,2.4114544084400906,2183,1907,2403,3040,2185,1658,-850,0,0,50,550,0,-229,-111,-146,86,78,-100,120,123,121,123,120,122,40,42,41,42,40,41,19,43,47,13,3,24
47.4307,,1420,-16.52747252747253,4.571428571428571,-16.87912087912088,102.10989010989012,17.978021978021978,2.4114544084400906,2154,1906,2403,3040,2200,1658,-850,0,0,0,400,0,-236,-183,-78,86,100,-100,120,123,121,123,120,122,40,41,41,42,40,41,12,62,26,16,6,24
47.4641,,1421,-18.725274725274726,3.076923076923077,-15.736263736263735,102.10989010989012,19.47252747252747,2.4114544084400906,2129,1906,2403,3040,2212,1658,-850,-50,0,0,400,0,-218,-245,-31,86,194,-100,120,123,121,123,120,122,40,41,41,42,40,41,7,129,6,17,12,24
47.4975,,1422,-20.571428571428573,1.4065934065934067,-14.68131868131868,102.10989010989012,20.263736263736263,2.4114544084400906,2104,1903,2404,3040,2227,1658,-700,-50,0,0,400,0,-211,-298,0,86,111,-100,120,122,121,123,120,122,40,42,41,42,40,41,16,145,2,18,7,24
47.5309,,1423,-22.32967032967033,-0.43956043956043955,-14.241758241758241,102.10989010989012,20.52747252747253,2.4114544084400906,2080,1896,2411,3040,2243,1658,-750,-150,150,0,450,0,-197,-341,-65,86,62,-100,120,122,120,123,119,122,39,42,41,42,40,41,9,170,0,17,4,24
47.5643,,1424,-23.560439560439562,-2.197802197802198,-14.32967032967033,102.02197802197803,20.615384615384617,2.4114544084400906,2059,1884,2419,3040,2254,1658,-700,-300,250,0,400,0,-299,-387,46,86,39,-100,120,122,120,123,119,122,40,42,41,42,40,41,9,163,0,17,4,23
47.5977,,1425,-24.0,-4.21978021978022,-14.505494505494505,101.84615384615384,20.615384615384617,2.4114544084400906,2037,1870,2425,3040,2263,1658,-650,-400,200,0,300,0,-174,-406,-27,86,90,-100,120,122,120,123,119,122,40,41,41,42,40,41,4,176,3,18,1,24
47.6311,,1426,-24.087912087912088,-6.153846153846154,-14.505494505494505,101.75824175824175,20.615384615384617,2.4114544084400906,2015,1853,2426,3040,2268,1658,-650,-500,100,0,200,0,-86,-427,-41,86,69,-100,120,122,120,123,119,122,40,42,42,42,40,41,1,179,3,18,3,24
47.6645,,1427,-23.736263736263737,-8.087912087912088,-14.593406593406593,101.67032967032966,20.615384615384617,2.4114544084400906,1998,1834,2426,3040,2272,1658,-600,-550,0,0,150,0,-108,-434,-41,86,55,-100,120,122,120,123,119,122,40,42,41,42,40,41,0,169,4,17,3,23
47.6979,,1428,-23.12087912087912,-10.021978021978022,-14.68131868131868,101.58241758241758,20.52747252747253,2.4114544084400906,1990,1814,2426,3040,2274,1658,-300,-600,0,0,50,0,-58,-344,-44,86,44,-100,120,122,120,123,119,122,40,42,41,42,40,41,0,156,3,18,2,24
47.7313,,1429,-22.76923076923077,-11.692307692307692,-14.68131868131868,101.58241758241758,20.52747252747253,2.4114544084400906,1986,1790,2426,3040,2276,1658,-100,-700,0,0,50,0,29,-366,-48,86,37,-100,120,122,120,123,119,122,40,42,41,42,40,41,2,144,4,18,0,23
47.7647,,1430,-21.45054945054945,-13.626373626373626,-14.76923076923077,101.49450549450549,20.439560439560438,2.4114544084400906,1986,1766,2426,3041,2278,1658,0,-700,0,0,50,0,27,-345,-48,86,30,-100,120,122,120,123,119,122,40,42,41,42,40,41,2,111,4,17,0,24
47.7981,,1431,-19.692307692307693,-15.384615384615385,-14.76923076923077,101.49450549450549,20.35164835164835,2.4114544084400906,1986,1745,2426,3041,2279,1658,0,-700,0,0,50,0,106,-335,-51,83,0,-100,120,122,120,123,119,122,40,42,41,42,40,41,15,131,4,16,0,24
47.8315,,1432,-18.10989010989011,-16.791208791208792,-14.76923076923077,101.31868131868131,20.175824175824175,2.4114544084400906,1992,1721,2426,3041,2279,1658,50,-650,0,0,0,0,158,-404,-51,83,0,-100,120,122,120,123,119,122,40,41,41,42,40,41,27,97,4,17,0,24
47.8649,,1433,-16.0,-18.10989010989011,-14.76923076923077,100.87912087912088,20.0,2.4114544084400906,2000,1700,2426,3041,2279,1658,250,-650,0,0,0,0,102,-286,-51,83,-23,-100,120,122,120,123,120,122,40,42,41,42,40,41,34,106,4,17,1,24
47.8983,,1434,-13.010989010989011,-19.252747252747252,-14.76923076923077,100.08791208791209,19.824175824175825,2.4114544084400906,2012,1678,2426,3041,2279,1658,350,-650,0,0,0,0,245,-292,-51,83,-30,-100,120,122,120,123,120,122,40,42,41,42,40,41,35,87,4,16,1,24
47.9317,,1435,-9.582417582417582,-20.21978021978022,-14.76923076923077,98.85714285714286,19.736263736263737,2.4114544084400906,2027,1659,2426,3041,2279,1658,400,-600,0,0,0,0,306,-345,-51,83,-37,-100,120,122,120,123,120,122,40,42,42,42,40,41,55,61,4,17,2,24
47.9651,,1436,-5.8901098901098905,-21.01098901098901,-14.68131868131868,97.27472527472527,19.64835164835165,2.4114544084400906,2048,1641,2426,3041,2279,1658,600,-550,0,0,0,0,277,-219,-51,-19,-41,-100,120,122,120,123,120,122,40,42,42,42,40,41,64,59,4,3,3,23
47.9986,,1437,-2.3736263736263736,-21.53846153846154,-14.593406593406593,95.78021978021978,19.560439560439562,2.4114544084400906,2074,1624,2426,3041,2279,1658,750,-500,0,0,0,0,328,-179,-48,-82,-44,-100,120,122,121,123,120,122,40,41,41,42,40,41,63,44,4,10,3,24
48.032,,1438,0.7912087912087912,-21.53846153846154,-14.593406593406593,94.28571428571429,19.296703296703296,2.4114544084400906,2103,1611,2426,3040,2279,1658,900,-450,0,-50,0,0,465,-258,-44,-142,-48,-100,120,122,121,123,120,122,40,42,41,42,40,41,69,40,3,19,4,24
48.0654,,1439,3.868131868131868,-21.53846153846154,-14.593406593406593,92.87912087912088,18.065934065934066,2.4114544084400906,2136,1599,2426,3032,2279,1658,950,-350,0,-100,0,0,395,-196,-44,-184,-58,-100,120,122,121,123,120,122,39,42,41,42,40,41,61,25,4,29,7,24
48.0988,,1440,6.857142857142857,-21.0989010989011,-14.593406593406593,91.73626373626374,16.395604395604394,2.4114544084400906,2172,1591,2426,3021,2277,1658,1050,-250,0,-350,0,0,397,-160,-44,-111,-130,-100,120,122,121,123,120,122,40,42,41,42,40,41,51,34,3,36,23,24
48.1322,,1441,9.494505494505495,-20.65934065934066,-14.593406593406593,90.94505494505495,14.54945054945055,2.4114544084400906,2206,1586,2426,3009,2270,1658,1050,-250,0,-300,-150,0,388,-125,-44,-192,-172,-100,120,122,121,123,120,122,40,42,41,42,40,41,40,21,4,26,26,24
48.1656,,1442,11.956043956043956,-20.395604395604394,-14.417582417582418,90.15384615384616,12.615384615384615,2.4114544084400906,2242,1585,2426,2997,2257,1658,1050,-100,0,-350,-300,0,361,-101,-44,-77,-200,-100,120,123,121,123,120,122,40,42,41,42,40,41,51,19,4,28,38,24
48.199,,1443,14.241758241758241,-19.604395604395606,-14.417582417582418,89.45054945054945,10.505494505494505,2.4114544084400906,2277,1585,2426,2986,2242,1658,1050,0,0,-350,-400,0,366,-89,-37,-186,-154,-100,120,123,121,123,120,122,40,42,41,42,40,41,47,18,2,25,22,24
48.2324,,1444,16.175824175824175,-18.46153846153846,-14.417582417582418,89.0989010989011,8.131868131868131,2.4114544084400906,2307,1585,2426,2976,2225,1658,950,0,0,-300,-500,0,340,-37,-37,-163,-176,-100,120,123,121,123,120,122,40,42,41,42,40,41,34,7,2,27,27,24
48.2658,,1445,17.582417582417584,-17.142857142857142,-14.417582417582418,88.83516483516483,5.934065934065934,2.4114544084400906,2340,1586,2426,2967,2206,1658,950,0,0,-300,-550,0,300,42,-37,-129,-200,-100,121,123,121,124,120,122,39,41,41,42,40,41,28,2,2,20,36,24
48.2992,,1446,18.63736263736264,-15.384615384615385,-14.417582417582418,88.83516483516483,4.0,2.4114544084400906,2369,1591,2426,2960,2184,1658,850,150,0,-250,-600,0,239,-44,-37,-115,-208,-100,121,123,121,124,120,122,40,42,41,42,40,41,22,0,3,10,27,24
48.3326,,1447,18.9010989010989,-13.010989010989011,-14.417582417582418,88.83516483516483,2.5054945054945055,2.4114544084400906,2395,1599,2426,2956,2161,1658,750,200,0,-150,-700,0,174,118,-37,-101,-285,-100,121,123,121,124,120,123,40,42,41,42,40,41,11,7,2,10,20,24
48.366,,1448,18.9010989010989,-10.54945054945055,-14.417582417582418,88.83516483516483,1.5384615384615385,2.4114544084400906,2414,1611,2426,2953,2140,1658,650,350,0,-100,-700,0,121,183,-37,-90,-289,-100,121,123,121,124,120,123,40,42,42,42,40,41,4,6,2,15,14,24
48.3993,,1449,18.9010989010989,-8.087912087912088,-14.417582417582418,88.92307692307692,0.9230769230769231,2.4114544084400906,2428,1629,2426,2951,2119,1658,450,450,0,-50,-600,0,61,223,-37,-83,-238,-100,121,123,121,124,120,123,40,42,41,42,40,41,6,5,2,15,15,24
48.4327,,1450,18.54945054945055,-5.362637362637362,-14.417582417582418,89.01098901098901,0.8351648351648352,2.4114544084400906,2438,1651,2426,2950,2102,1658,400,600,0,-50,-600,0,23,242,-37,-72,-98,-100,121,123,121,124,120,123,40,42,41,42,40,41,5,1,2,8,10,23
48.4662,,1451,18.197802197802197,-2.8131868131868134,-14.417582417582418,89.0989010989011,0.8351648351648352,2.4114544084400906,2442,1674,2426,2950,2090,1658,200,700,0,0,-450,0,76,260,-37,-69,-136,-100,121,123,121,124,120,123,40,42,41,42,40,41,6,1,2,10,3,24
48.4995,,1452,18.10989010989011,-0.5274725274725275,-14.417582417582418,89.18681318681318,0.9230769230769231,2.4114544084400906,2444,1703,2426,2950,2082,1658,100,850,0,0,-250,0,47,200,-37,-65,-111,-100,121,123,121,124,121,123,40,42,42,42,40,41,5,0,2,10,5,24
48.5329,,1453,18.10989010989011,1.4945054945054945,-14.417582417582418,89.18681318681318,1.1868131868131868,2.4114544084400906,2444,1734,2426,2950,2076,1658,0,950,0,0,-150,0,51,180,-37,-62,34,-100,121,123,122,124,121,123,40,42,41,42,40,41,6,0,2,9,6,24
48.5663,,1454,18.021978021978022,3.340659340659341,-14.417582417582418,89.18681318681318,1.89010989010989,2.4114544084400906,2444,1764,2426,2949,2074,1658,0,900,0,0,-100,0,51,148,-37,-62,-65,-100,121,123,122,124,121,123,40,42,41,42,40,41,6,0,2,9,2,24
48.5997,,1455,17.582417582417584,5.010989010989011,-14.32967032967033,89.27472527472527,2.769230769230769,2.4114544084400906,2444,1796,2426,2949,2073,1658,0,950,0,0,-50,0,48,102,-37,-58,-19,-100,121,123,122,124,121,123,40,42,41,42,40,41,5,0,2,9,1,24
48.6331,,1456,16.615384615384617,6.065934065934066,-14.32967032967033,89.36263736263736,4.0,2.4114544084400906,2444,1825,2426,2949,2073,1658,0,850,0,0,0,0,30,57,-34,-55,50,-100,121,123,122,124,121,123,40,42,41,42,40,41,1,0,1,7,5,24
48.6665,,1457,15.56043956043956,6.945054945054945,-14.241758241758241,89.36263736263736,5.670329670329671,2.4114544084400906,2444,1852,2427,2949,2076,1658,0,850,0,0,0,0,-66,28,-37,-51,109,-100,121,123,122,124,121,123,39,41,42,42,40,41,5,0,1,6,9,24
48.6999,,1458,14.065934065934066,7.56043956043956,-14.153846153846153,89.45054945054945,7.604395604395604,2.4114544084400906,2440,1869,2427,2948,2083,1658,-100,600,0,-50,200,0,23,-49,-34,-48,152,-100,121,123,122,124,121,123,40,42,41,42,40,41,8,10,1,4,16,24
48.7334,,1459,12.131868131868131,7.56043956043956,-14.065934065934066,89.53846153846153,9.186813186813186,2.4114544084400906,2435,1882,2427,2948,2095,1658,-150,450,0,0,250,0,-56,0,-30,-44,187,-100,121,123,121,124,121,123,40,42,42,42,40,41,10,4,1,4,15,24
48.7667,,1460,10.197802197802197,7.56043956043956,-13.978021978021978,89.53846153846153,10.32967032967033,2.4114544084400906,2425,1890,2427,2948,2110,1658,-250,300,0,0,400,0,-183,-41,-27,-41,194,-100,121,123,121,124,120,123,40,42,42,42,40,41,13,20,0,3,13,24
48.8001,,1461,7.824175824175824,7.56043956043956,-13.978021978021978,89.62637362637362,11.56043956043956,2.4114544084400906,2413,1892,2427,2948,2125,1658,-350,50,0,0,500,0,-143,-48,-23,-41,115,-100,121,123,121,124,120,123,40,42,41,42,40,41,34,11,0,3,10,24
48.8335,,1462,5.450549450549451,7.56043956043956,-13.802197802197803,90.15384615384616,12.87912087912088,2.4114544084400906,2398,1892,2427,2948,2140,1658,-400,0,0,0,400,0,-272,-51,-23,-37,193,-100,121,123,121,124,120,123,39,42,42,42,40,41,47,7,0,3,11,24
48.867,,1463,2.8131868131868134,7.648351648351649,-13.714285714285714,90.68131868131869,14.021978021978022,2.4114544084400906,2380,1892,2427,2948,2155,1658,-500,0,0,0,450,0,-217,-51,0,0,189,-100,121,123,121,124,120,123,40,42,41,42,40,41,50,6,0,1,11,24
48.9004,,1464,-0.08791208791208792,7.736263736263736,-13.538461538461538,91.20879120879121,14.637362637362637,2.4114544084400906,2357,1892,2430,2948,2169,1658,-650,0,50,0,400,0,-241,-48,-23,42,87,-100,121,123,121,124,120,123,40,42,41,42,40,41,46,4,1,3,6,24
48.9338,,1465,-2.6373626373626373,7.736263736263736,-12.835164835164836,91.38461538461539,15.076923076923077,2.4114544084400906,2333,1892,2433,2950,2183,1658,-800,0,100,50,400,0,-258,-44,-27,51,40,-100,121,123,121,124,120,123,40,42,41,42,40,41,54,4,1,5,3,24
48.9672,,1466,-5.010989010989011,7.648351648351649,-11.868131868131869,91.38461538461539,15.428571428571429,2.4114544084400906,2304,1892,2436,2952,2194,1658,-800,0,50,100,400,0,-284,-44,0,51,42,-100,121,123,121,124,121,123,40,42,41,42,40,41,40,3,1,2,2,24
49.0006,,1467,-7.384615384615385,7.56043956043956,-11.076923076923077,91.47252747252747,15.692307692307692,2.4114544084400906,2275,1892,2444,2955,2203,1658,-850,0,200,100,300,0,-364,-48,64,44,95,-100,121,123,121,124,121,123,40,42,41,42,40,41,19,4,0,1,3,24
49.034,,1468,-9.406593406593407,7.1208791208791204,-10.285714285714286,91.47252747252747,15.692307692307692,2.4114544084400906,2247,1892,2452,2958,2209,1658,-900,0,250,100,200,0,-263,-51,54,37,79,-100,121,123,121,124,121,123,40,42,41,42,40,41,25,5,0,1,1,24
49.0674,,1469,-10.901098901098901,6.681318681318682,-9.67032967032967,91.47252747252747,15.692307692307692,2.4114544084400906,2216,1892,2460,2958,2214,1658,-900,0,250,50,150,0,-233,-69,58,34,62,-100,121,123,121,124,120,123,40,42,42,42,40,41,7,12,0,0,1,24
49.1008,,1470,-12.131868131868131,5.802197802197802,-9.582417582417582,91.47252747252747,15.692307692307692,2.4114544084400906,2189,1892,2469,2960,2217,1658,-800,0,250,50,100,0,-182,-86,34,30,48,-100,121,123,121,124,120,123,40,42,41,42,40,41,2,19,0,0,1,24
49.1342,,1471,-12.923076923076923,4.21978021978022,-9.582417582417582,91.2967032967033,15.516483516483516,2.4114544084400906,2165,1892,2477,2961,2219,1658,-750,0,200,50,50,0,-259,-146,0,23,41,-100,121,123,121,124,120,123,40,42,41,42,40,41,3,37,2,0,0,24
49.1676,,1472,-13.098901098901099,2.2857142857142856,-9.67032967032967,91.12087912087912,15.428571428571429,2.4868123587038435,2142,1892,2481,2961,2221,1658,-700,0,250,0,50,0,-107,-212,-37,0,30,-100,120,123,121,123,120,122,39,42,42,42,40,41,0,78,4,0,0,24
49.201,,1473,-13.098901098901099,0.0,-9.758241758241759,91.03296703296704,15.428571428571429,2.4868123587038435,2126,1892,2481,2961,2221,1658,-550,0,0,0,0,0,-118,-289,-41,-23,23,-100,120,122,120,123,120,122,40,42,42,42,40,41,0,153,3,0,0,24
49.2345,,1474,-13.010989010989011,-2.4615384615384617,-9.758241758241759,90.94505494505495,15.428571428571429,2.4868123587038435,2115,1885,2482,2961,2221,1658,-300,-200,50,0,0,0,-76,-360,-48,-27,23,-100,120,122,120,123,119,121,40,42,41,42,40,41,0,153,4,1,0,24
49.2679,,1475,-12.571428571428571,-5.010989010989011,-9.758241758241759,90.94505494505495,15.428571428571429,2.4868123587038435,2109,1874,2482,2961,2221,1658,-200,-250,0,0,0,0,-55,-428,-48,-30,23,-100,119,121,120,122,119,121,40,41,41,42,40,41,0,205,4,0,0,24
49.3013,,1476,-12.219780219780219,-7.648351648351649,-9.67032967032967,91.03296703296704,15.428571428571429,2.4868123587038435,2107,1857,2482,2961,2221,1658,-150,-500,0,0,0,0,18,-386,-48,-30,23,-100,119,122,120,122,119,121,40,42,41,42,40,41,1,216,4,0,0,23
49.3347,,1477,-12.131868131868131,-10.54945054945055,-9.67032967032967,91.03296703296704,15.516483516483516,2.4868123587038435,2107,1834,2482,2961,2222,1658,0,-550,0,0,0,0,23,-412,-44,-27,0,-100,120,122,120,122,119,121,40,42,41,42,40,41,1,187,4,1,0,24
49.3681,,1478,-11.868131868131869,-13.538461538461538,-9.67032967032967,91.03296703296704,15.516483516483516,2.4868123587038435,2107,1810,2482,2961,2222,1658,0,-750,0,0,0,0,27,-433,-44,-27,23,-100,120,122,120,123,119,121,40,42,42,42,40,41,2,195,3,0,0,24
49.4015,,1479,-11.164835164835164,-15.912087912087912,-9.67032967032967,91.03296703296704,15.340659340659341,2.4868123587038435,2107,1782,2482,2961,2222,1658,0,-800,0,0,0,0,37,-536,-44,-27,23,-100,120,122,120,123,119,121,40,42,42,42,40,41,4,184,4,0,0,24
49.4349,,1480,-10.54945054945055,-17.934065934065934,-9.67032967032967,91.12087912087912,15.164835164835164,2.4868123587038435,2107,1751,2482,2961,2222,1658,0,-850,0,0,0,0,87,-465,-44,-27,0,-100,120,122,120,123,119,121,40,42,42,42,40,41,12,224,3,0,0,23
49.4682,,1481,-9.67032967032967,-19.692307692307693,-9.67032967032967,91.12087912087912,15.076923076923077,2.4868123587038435,2109,1722,2482,2961,2222,1658,0,-950,0,0,0,0,99,-436,-44,-23,-23,-100,120,122,120,123,119,122,40,42,41,42,40,41,16,158,4,0,0,23
49.5017,,1482,-8.087912087912088,-21.0989010989011,-9.67032967032967,91.20879120879121,15.076923076923077,2.4868123587038435,2112,1691,2482,2961,2222,1658,50,-900,0,0,0,0,128,-394,-44,-23,-27,-100,120,122,120,123,119,122,40,42,42,42,40,41,23,125,4,0,0,23
49.5351,,1483,-5.802197802197802,-22.065934065934066,-9.67032967032967,91.20879120879121,14.989010989010989,2.4868123587038435,2119,1663,2482,2962,2222,1658,200,-850,0,0,0,0,176,-337,-44,-23,-27,-100,120,122,120,123,120,122,40,42,42,42,40,41,21,88,4,0,0,24
49.5685,,1484,-3.076923076923077,-22.945054945054945,-9.67032967032967,91.2967032967033,14.901098901098901,2.4868123587038435,2130,1636,2482,2962,2222,1658,250,-800,0,50,0,0,230,-347,-44,-23,-30,-100,120,122,121,123,120,122,40,42,42,42,40,41,29,70,4,0,1,24
49.6019,,1485,-0.43956043956043955,-23.64835164835165,-9.67032967032967,91.2967032967033,14.725274725274724,2.4868123587038435,2143,1615,2482,2962,2222,1658,400,-700,0,0,0,0,211,-254,-44,0,-34,-100,120,122,121,123,120,122,40,42,41,42,40,41,70,58,4,0,1,24
49.6353,,1486,2.8131868131868134,-23.912087912087912,-9.67032967032967,91.2967032967033,14.285714285714286,2.4868123587038435,2162,1595,2482,2962,2222,1658,500,-600,0,0,0,0,253,-197,-44,0,-41,-100,120,122,121,123,120,122,40,42,41,42,40,41,60,42,3,0,3,24
49.6687,,1487,6.769230769230769,-23.912087912087912,-9.67032967032967,91.20879120879121,12.791208791208792,2.4868123587038435,2184,1580,2482,2962,2222,1658,650,-500,0,0,0,0,299,-220,-44,0,-58,-100,120,122,121,123,120,122,40,42,42,42,40,41,66,26,3,0,8,24
49.7021,,1488,10.813186813186814,-23.560439560439562,-9.582417582417582,91.12087912087912,10.505494505494505,2.4868123587038435,2210,1569,2482,2962,2222,1658,750,-350,0,0,0,0,351,-178,-44,-23,-145,-100,120,122,121,123,120,122,40,42,41,42,40,41,69,36,4,1,22,24
49.7355,,1489,14.32967032967033,-23.12087912087912,-9.582417582417582,91.03296703296704,8.483516483516484,2.4868123587038435,2242,1562,2482,2962,2213,1658,950,-200,0,0,-250,0,408,-135,-41,-27,-215,-100,120,122,121,123,120,122,40,42,42,42,40,41,80,27,3,0,30,24
49.7689,,1490,17.23076923076923,-22.593406593406595,-9.31868131868132,90.94505494505495,7.164835164835165,2.4868123587038435,2278,1559,2482,2962,2198,1658,1050,-50,0,0,-450,0,431,-102,-41,-30,-162,-100,120,122,120,123,120,122,40,42,41,42,40,41,89,20,2,1,31,24
49.8023,,1491,19.252747252747252,-21.45054945054945,-9.31868131868132,90.94505494505495,6.285714285714286,2.4868123587038435,2315,1558,2482,2962,2182,1658,1100,-50,0,0,-500,0,427,-74,-30,-34,-149,-100,120,122,121,123,120,122,40,42,42,42,40,41,67,14,0,2,15,24
49.8358,,1492,20.21978021978022,-20.043956043956044,-9.31868131868132,91.03296703296704,5.4945054945054945,2.4868123587038435,2352,1558,2482,2962,2164,1658,1150,0,0,0,-500,0,377,18,-30,-34,-191,-100,120,123,121,123,120,122,40,42,42,42,40,41,47,3,0,1,9,24
49.8691,,1493,20.395604395604394,-18.725274725274726,-9.31868131868132,91.12087912087912,4.615384615384615,2.4868123587038435,2388,1561,2482,2962,2150,1658,1150,50,0,0,-450,0,266,61,-30,-30,-171,-100,121,123,121,124,120,122,40,42,42,42,40,41,27,5,0,0,16,24
49.9025,,1494,20.571428571428573,-16.87912087912088,-9.31868131868132,91.12087912087912,4.0,2.4868123587038435,2418,1569,2482,2963,2137,1658,950,200,0,0,-400,0,181,17,-30,-27,-97,-100,121,123,121,124,120,123,40,42,41,42,40,41,3,4,0,0,18,24
49.936,,1495,20.571428571428573,-14.945054945054945,-9.31868131868132,91.12087912087912,3.2967032967032965,2.4868123587038435,2439,1578,2482,2963,2126,1658,800,250,0,50,-400,0,97,57,-30,-30,-64,-100,121,123,121,124,120,123,40,42,41,42,40,41,0,8,0,0,14,24
49.9694,,1496,20.571428571428573,-13.098901098901099,-9.31868131868132,91.12087912087912,2.5934065934065935,2.4868123587038435,2453,1592,2482,2963,2116,1658,500,350,0,0,-350,0,125,85,-30,-30,-59,-100,121,123,121,124,120,123,40,42,41,42,40,41,0,6,0,0,14,24
50.0028,,1497,20.395604395604394,-10.901098901098901,-9.31868131868132,91.12087912087912,2.1538461538461537,2.4868123587038435,2461,1609,2482,2963,2106,1658,300,450,0,0,-300,0,93,95,-30,-30,-43,-100,121,123,121,124,121,123,40,42,42,42,40,41,0,1,0,0,9,24
50.0362,,1498,19.86813186813187,-8.527472527472527,-9.31868131868132,91.12087912087912,2.32967032967033,2.4868123587038435,2464,1628,2482,2963,2098,1658,100,600,0,0,-300,0,76,219,-30,-30,-132,-100,121,123,121,124,120,123,40,41,42,42,40,41,9,0,0,1,7,24
50.0696,,1499,19.604395604395606,-6.329670329670329,-9.31868131868132,91.12087912087912,2.5054945054945055,2.4868123587038435,2465,1652,2482,2963,2093,1658,50,700,0,0,-150,0,34,145,-30,-30,-86,-100,121,123,121,124,121,123,40,42,42,42,40,41,4,0,0,0,7,24
50.103,,1500,18.9010989010989,-4.395604395604396,-9.31868131868132,91.03296703296704,2.681318681318681,2.4868123587038435,2465,1677,2482,2963,2090,1658,0,750,0,0,-100,0,37,229,-30,-30,-65,-100,121,123,121,124,121,123,40,42,42,42,40,41,3,0,0,0,5,24
50.1364,,1501,17.67032967032967,-2.5494505494505493,-9.31868131868132,90.94505494505495,2.9450549450549453,2.4868123587038435,2465,1703,2482,2963,2089,1658,0,800,0,0,-50,0,-36,208,-30,-34,-55,-100,121,123,121,124,121,123,40,42,42,42,40,41,2,0,0,1,4,24
50.1698,,1502,16.87912087912088,-0.6153846153846154,-9.31868131868132,90.85714285714286,3.120879120879121,2.4868123587038435,2463,1729,2482,2963,2089,1658,0,800,0,0,0,0,-87,94,-30,-37,-44,-100,121,123,121,124,121,123,40,42,41,42,40,41,9,0,0,2,3,24
50.2032,,1503,15.472527472527473,1.054945054945055,-9.31868131868132,90.85714285714286,3.120879120879121,2.4868123587038435,2458,1756,2482,2963,2089,1658,-100,800,0,0,0,0,-105,105,-30,-41,-37,-100,121,123,121,124,121,123,40,42,42,42,40,41,13,0,0,3,2,24
50.2366,,1504,13.45054945054945,2.8131868131868134,-9.31868131868132,90.85714285714286,3.2967032967032965,2.4868123587038435,2451,1783,2482,2963,2088,1658,-200,800,0,0,0,0,-58,74,-30,-41,-37,-100,121,123,121,124,121,123,40,42,42,42,40,41,13,0,0,2,2,24
50.27,,1505,11.604395604395604,4.65934065934066,-9.31868131868132,90.85714285714286,4.263736263736264,2.4868123587038435,2441,1806,2482,2962,2088,1658,-250,750,0,0,-50,0,-191,46,-30,-37,-27,-100,121,123,121,124,121,123,40,42,42,42,40,41,19,0,0,2,0,24
50.3034,,1506,9.758241758241759,6.329670329670329,-9.31868131868132,90.85714285714286,5.4945054945054945,2.4868123587038435,2426,1830,2482,2962,2088,1658,-400,700,0,0,0,0,-211,31,-30,-37,64,-100,121,123,121,124,120,123,40,42,42,42,40,41,19,0,0,2,6,24
50.3368,,1507,7.648351648351649,8.087912087912088,-9.406593406593407,90.85714285714286,6.1098901098901095,2.4868123587038435,2410,1853,2482,2962,2092,1658,-500,700,0,0,50,0,-135,-25,-30,-37,99,-100,121,123,121,124,120,123,40,42,42,42,40,41,22,0,1,2,13,24
50.3702,,1508,5.978021978021978,9.406593406593407,-9.406593406593407,90.76923076923077,6.1098901098901095,2.4868123587038435,2394,1872,2482,2962,2099,1658,-550,550,0,0,250,0,-267,32,-34,-37,-18,-100,121,123,121,124,120,123,40,42,42,42,40,41,20,0,1,2,6,24
50.4036,,1509,4.395604395604396,10.197802197802197,-9.406593406593407,90.76923076923077,6.1098901098901095,2.4868123587038435,2376,1892,2482,2962,2104,1658,-500,600,0,0,200,0,-268,97,-34,-41,65,-100,121,123,121,124,120,123,40,42,41,42,40,41,18,6,0,3,3,24
50.4371,,1510,2.4615384615384617,10.637362637362637,-9.406593406593407,90.76923076923077,6.197802197802198,2.4868123587038435,2356,1907,2482,2962,2107,1658,-600,450,0,0,150,0,-256,-66,-34,-41,51,-100,121,123,121,124,120,123,40,42,42,42,40,41,19,10,1,2,2,24
50.4705,,1511,0.3516483516483517,10.813186813186814,-9.406593406593407,90.76923076923077,6.197802197802198,2.4868123587038435,2334,1918,2482,2962,2110,1658,-600,400,0,0,50,0,-254,0,-34,-41,44,-100,121,123,121,124,120,123,40,41,42,42,40,41,16,1,0,2,2,24
50.5039,,1512,-1.6703296703296704,10.813186813186814,-9.406593406593407,90.76923076923077,6.285714285714286,2.4868123587038435,2313,1927,2482,2961,2112,1658,-650,300,0,-50,50,0,-195,-37,-34,-37,37,-100,121,123,121,124,120,123,40,42,42,42,40,41,20,5,1,2,1,24
50.5373,,1513,-4.043956043956044,10.461538461538462,-9.406593406593407,90.76923076923077,6.813186813186813,2.4868123587038435,2292,1930,2482,2961,2114,1658,-600,100,0,0,100,0,-197,-51,-34,-37,34,-100,121,123,121,124,120,123,40,42,42,42,40,41,20,9,1,2,0,23
50.5707,,1514,-6.5054945054945055,10.021978021978022,-9.406593406593407,90.94505494505495,8.043956043956044,2.4868123587038435,2270,1930,2482,2961,2116,1658,-650,50,0,0,0,0,-298,-69,-34,-37,56,-100,121,123,121,124,120,123,40,42,42,42,40,41,11,12,1,2,4,23
50.6042,,1515,-8.967032967032967,9.406593406593407,-9.406593406593407,91.12087912087912,9.714285714285714,2.4868123587038435,2249,1930,2482,2961,2120,1658,-650,0,0,0,100,0,-228,-86,-34,-30,23,-100,121,123,121,124,120,123,40,42,41,42,40,41,36,19,1,0,9,24
50.6376,,1516,-11.252747252747254,8.351648351648352,-9.31868131868132,91.2967032967033,11.12087912087912,2.4868123587038435,2224,1930,2482,2961,2129,1658,-750,0,0,0,200,0,-233,-115,-34,-23,145,-100,121,123,121,124,120,122,40,41,42,42,40,41,32,32,2,0,21,24
50.671,,1517,-13.45054945054945,7.1208791208791204,-9.31868131868132,91.38461538461539,12.263736263736265,2.4868123587038435,2197,1930,2482,2961,2141,1658,-800,0,0,0,400,0,-341,-179,-30,0,177,-100,120,123,121,123,120,122,40,42,41,42,40,41,30,57,0,0,13,24
50.7044,,1518,-15.296703296703297,5.0989010989010985,-9.31868131868132,91.47252747252747,13.23076923076923,2.4868123587038435,2170,1930,2482,2961,2153,1658,-800,0,0,0,350,0,-245,-227,-30,0,169,-100,120,123,121,123,120,122,40,42,42,42,40,41,13,101,0,0,11,24
50.7378,,1519,-16.615384615384617,2.3736263736263736,-9.31868131868132,91.47252747252747,14.285714285714286,2.4868123587038435,2144,1930,2482,2961,2166,1658,-800,0,0,0,350,0,-219,-310,-30,23,153,-100,120,122,120,123,119,122,40,42,42,42,40,41,17,171,1,0,7,23
50.7712,,1520,-17.582417582417584,-0.3516483516483517,-9.31868131868132,91.47252747252747,15.340659340659341,2.4868123587038435,2118,1923,2482,2961,2178,1658,-800,-50,0,0,350,0,-167,-308,-30,23,151,-100,120,122,120,123,119,121,40,42,42,42,40,41,7,224,0,0,2,23
50.8046,,1521,-18.197802197802197,-3.4285714285714284,-9.31868131868132,91.47252747252747,16.395604395604394,2.4114544084400906,2095,1909,2482,2961,2190,1658,-700,-350,0,0,350,0,-193,-369,-30,23,140,-100,120,122,120,122,119,121,40,41,41,42,40,41,4,247,0,0,8,24
50.8381,,1522,-18.54945054945055,-6.329670329670329,-9.31868131868132,91.47252747252747,17.36263736263736,2.4114544084400906,2077,1890,2482,2961,2202,1658,-550,-550,0,0,350,0,-91,-433,-30,23,168,-100,119,122,120,122,119,121,40,42,41,42,40,41,0,255,0,0,6,24
50.8715,,1523,-18.54945054945055,-8.703296703296703,-9.31868131868132,91.47252747252747,17.802197802197803,2.4114544084400906,2062,1865,2482,2961,2214,1658,-500,-650,0,0,350,0,-115,-467,-30,23,155,-100,120,122,120,122,119,121,40,42,42,42,40,41,0,231,0,0,4,24
50.9049,,1524,-18.021978021978022,-11.076923076923077,-9.31868131868132,91.47252747252747,17.802197802197803,2.4114544084400906,2052,1835,2482,2961,2225,1658,-350,-850,0,0,350,0,-72,-460,-30,23,23,-100,120,122,120,123,119,121,40,42,42,42,40,41,1,201,1,0,3,24
50.9383,,1525,-17.67032967032967,-13.274725274725276,-9.31868131868132,91.47252747252747,17.802197802197803,2.4114544084400906,2047,1805,2482,2961,2232,1658,-200,-900,0,0,250,0,-33,-444,-30,23,79,-100,120,122,120,123,119,122,40,42,42,42,40,41,1,178,0,0,2,24
50.9717,,1526,-17.406593406593405,-15.384615384615385,-9.31868131868132,91.47252747252747,17.626373626373628,2.4114544084400906,2047,1775,2482,2961,2238,1658,0,-900,0,0,150,0,0,-536,-30,23,65,-100,120,122,120,123,119,122,40,42,42,42,40,41,1,168,1,0,0,24
51.0052,,1527,-17.318681318681318,-17.318681318681318,-9.31868131868132,91.47252747252747,17.274725274725274,2.4114544084400906,2047,1745,2482,2961,2242,1658,0,-900,0,0,150,0,27,-422,-30,23,41,-100,120,122,120,123,120,122,40,42,42,42,40,41,2,137,0,0,0,24
51.0386,,1528,-17.318681318681318,-19.164835164835164,-9.31868131868132,91.47252747252747,17.0989010989011,2.4114544084400906,2047,1715,2482,2961,2243,1658,0,-850,0,0,0,0,30,-388,-30,23,23,-100,120,122,121,123,120,122,40,42,41,42,40,41,2,140,1,0,0,24
51.072,,1529,-17.142857142857142,-20.835164835164836,-9.31868131868132,91.47252747252747,17.01098901098901,2.4114544084400906,2048,1690,2482,2961,2244,1658,50,-850,0,0,50,0,27,-359,-30,23,0,-100,120,122,121,123,120,122,40,42,42,42,40,41,1,108,1,0,0,24
51.1054,,1530,-16.35164835164835,-22.153846153846153,-9.31868131868132,91.47252747252747,17.01098901098901,2.4114544084400906,2048,1663,2482,2962,2244,1658,0,-750,0,0,50,0,34,-324,-30,0,-27,-100,120,123,121,123,120,122,40,42,42,42,40,41,3,125,0,0,0,24
51.1388,,1531,-14.417582417582418,-23.208791208791208,-9.31868131868132,91.47252747252747,16.65934065934066,2.4114544084400906,2048,1638,2482,2962,2244,1658,0,-750,0,0,0,0,89,-317,-30,0,-27,-100,120,123,121,123,120,122,40,42,42,42,40,41,12,101,0,0,0,24
51.1722,,1532,-11.692307692307692,-23.736263736263737,-9.31868131868132,91.47252747252747,15.516483516483516,2.4114544084400906,2050,1617,2482,2962,2244,1658,0,-750,0,0,0,0,165,-266,-30,0,-42,-100,120,123,121,123,120,122,40,42,42,42,40,41,28,70,0,0,3,24
51.2056,,1533,-8.43956043956044,-24.0,-9.31868131868132,91.47252747252747,13.67032967032967,2.4114544084400906,2060,1597,2482,2962,2243,1658,200,-600,0,0,0,0,156,-192,-30,0,-111,-100,120,123,121,123,120,122,40,42,42,42,40,41,33,62,0,0,17,24
51.2391,,1534,-4.21978021978022,-24.0,-9.31868131868132,91.38461538461539,11.736263736263735,2.4114544084400906,2075,1582,2482,2962,2236,1658,400,-500,0,0,-150,0,314,-227,-30,0,-77,-100,120,123,121,123,120,122,40,42,42,42,40,41,65,34,0,0,28,24
51.2725,,1535,0.17582417582417584,-23.912087912087912,-9.31868131868132,91.20879120879121,9.978021978021978,2.4114544084400906,2095,1570,2482,2962,2224,1658,600,-350,0,0,-350,0,311,-181,-30,0,-196,-100,120,122,121,123,120,122,40,42,42,42,40,41,94,21,0,0,33,24
51.3059,,1536,4.131868131868132,-23.560439560439562,-9.31868131868132,91.03296703296704,8.131868131868131,2.4114544084400906,2121,1562,2482,2962,2210,1658,700,-300,0,0,-400,0,391,-157,-30,-23,-233,-100,120,122,120,123,120,122,40,42,42,42,40,41,128,22,0,0,27,23
51.3393,,1537,7.736263736263736,-23.12087912087912,-9.31868131868132,90.94505494505495,6.373626373626373,2.4114544084400906,2154,1556,2482,2962,2194,1658,950,-150,0,0,-450,0,441,-118,-30,-30,-247,-100,120,122,120,123,119,122,40,42,42,42,40,41,130,18,0,1,30,24
51.3727,,1538,10.637362637362637,-22.76923076923077,-9.31868131868132,90.94505494505495,4.8791208791208796,2.4114544084400906,2193,1555,2482,2962,2176,1658,1050,-100,0,0,-500,0,459,-93,-30,-34,-165,-100,120,122,120,123,119,122,40,42,41,42,40,41,78,17,0,2,25,24
51.4061,,1539,13.010989010989011,-21.714285714285715,-9.31868131868132,90.94505494505495,3.7362637362637363,2.4114544084400906,2232,1555,2482,2962,2158,1658,1200,0,0,0,-550,0,439,-79,-30,-34,-235,-100,120,122,121,123,120,122,40,42,42,42,40,41,81,13,0,1,17,24
51.4395,,1540,14.68131868131868,-20.483516483516482,-9.31868131868132,90.94505494505495,2.9450549450549453,2.4114544084400906,2272,1555,2482,2962,2140,1658,1200,0,0,0,-550,0,430,20,-30,-34,-238,-100,120,123,121,123,120,122,40,42,42,42,40,41,52,5,0,1,20,24
51.4729,,1541,15.736263736263735,-18.9010989010989,-9.31868131868132,91.03296703296704,2.5934065934065935,2.4114544084400906,2310,1558,2482,2962,2123,1658,1150,100,0,0,-450,0,359,62,-30,-34,-198,-100,121,123,121,124,120,123,40,42,42,42,40,41,21,1,0,2,12,24
51.5063,,1542,15.912087912087912,-16.703296703296704,-9.31868131868132,91.12087912087912,2.5934065934065935,2.4114544084400906,2345,1565,2482,2962,2111,1658,1050,200,0,0,-450,0,264,18,-30,-30,-143,-100,121,123,121,124,120,123,40,42,42,42,40,41,7,4,1,0,5,24
51.5397,,1543,15.912087912087912,-14.241758241758241,-9.31868131868132,91.20879120879121,2.681318681318681,2.4114544084400906,2371,1575,2482,2963,2102,1658,850,300,0,0,-300,0,142,156,-30,-30,-108,-100,121,123,121,124,120,123,40,42,42,42,40,41,1,3,0,0,1,24
51.573,,1544,15.912087912087912,-11.604395604395604,-9.31868131868132,91.38461538461539,2.9450549450549453,2.4114544084400906,2390,1591,2482,2963,2097,1658,600,450,0,0,-150,0,69,198,-30,-27,-83,-100,121,123,121,124,121,123,40,42,41,42,40,41,0,12,0,0,5,24
51.6064,,1545,15.912087912087912,-8.87912087912088,-9.31868131868132,91.38461538461539,2.857142857142857,2.4114544084400906,2402,1611,2482,2963,2094,1658,450,550,0,0,-100,0,122,162,-30,0,-62,-100,121,123,121,124,121,123,40,42,42,42,40,41,1,8,1,0,6,24
51.6398,,1546,15.736263736263735,-6.241758241758242,-9.31868131868132,91.47252747252747,2.9450549450549453,2.4114544084400906,2409,1634,2482,2963,2092,1658,250,700,0,0,-50,0,90,272,-30,0,-58,-100,121,123,122,124,121,123,40,42,41,42,40,41,6,4,0,0,4,24
51.6733,,1547,15.208791208791208,-3.6923076923076925,-9.31868131868132,91.47252747252747,3.2967032967032965,2.4114544084400906,2412,1662,2482,2963,2091,1658,150,750,0,0,-50,0,69,194,-30,0,-51,-100,121,123,122,124,121,123,40,41,42,42,40,41,7,0,0,0,4,24
51.7067,,1548,14.857142857142858,-0.967032967032967,-9.31868131868132,91.47252747252747,3.3846153846153846,2.4114544084400906,2413,1692,2482,2963,2091,1658,100,850,0,0,0,0,42,186,-30,0,-37,-100,121,123,122,124,121,123,40,42,42,42,40,41,4,0,0,0,2,24
51.7402,,1549,14.32967032967033,1.6703296703296704,-9.23076923076923,91.47252747252747,3.3846153846153846,2.4114544084400906,2413,1724,2482,2963,2091,1658,0,950,0,0,0,0,21,176,-30,0,-34,-100,121,123,122,124,121,123,40,42,42,42,40,41,1,0,0,0,1,24
51.7737,,1550,13.714285714285714,4.21978021978022,-9.23076923076923,91.47252747252747,3.4725274725274726,2.4114544084400906,2413,1756,2482,2963,2091,1658,0,1000,0,0,0,0,-37,191,-27,0,-34,-100,121,123,122,124,121,123,40,42,42,42,40,41,3,0,0,0,0,24
51.8071,,1551,13.010989010989011,6.417582417582418,-9.23076923076923,91.47252747252747,3.4725274725274726,2.4114544084400906,2412,1790,2482,2963,2091,1658,0,1000,0,0,0,0,-62,81,-27,0,-30,-100,121,124,122,124,121,123,40,42,41,42,40,41,5,0,1,0,0,24
51.8405,,1552,12.043956043956044,8.615384615384615,-9.23076923076923,91.47252747252747,3.5604395604395602,2.4114544084400906,2410,1824,2482,2963,2090,1658,-50,1050,0,0,-50,0,-78,134,-27,0,-27,-100,121,124,122,124,121,123,40,42,42,42,40,41,3,0,0,0,0,24
51.8739,,1553,10.989010989010989,10.725274725274724,-9.23076923076923,91.47252747252747,3.8241758241758244,2.4114544084400906,2405,1854,2482,2962,2090,1658,-100,950,0,-50,0,0,-107,187,-27,0,-23,-100,121,123,122,124,121,123,40,42,42,42,40,41,4,0,0,0,0,24
51.9074,,1554,9.67032967032967,12.395604395604396,-9.23076923076923,91.47252747252747,4.615384615384615,2.4114544084400906,2397,1886,2482,2962,2090,1658,-200,950,0,0,0,0,-136,104,-27,0,0,-100,121,123,122,124,121,123,40,42,42,42,40,41,5,0,0,0,0,24
51.9408,,1555,8.087912087912088,13.89010989010989,-9.23076923076923,91.38461538461539,5.4945054945054945,2.4114544084400906,2388,1914,2482,2962,2090,1658,-250,850,0,0,0,0,-70,64,-27,0,72,-100,121,123,122,124,121,123,40,42,42,42,40,41,13,0,0,0,5,24
51.9742,,1556,6.329670329670329,15.296703296703297,-9.31868131868132,91.2967032967033,6.549450549450549,2.4114544084400906,2378,1938,2482,2962,2094,1658,-300,800,0,0,0,0,-95,23,-27,0,94,-100,121,123,122,124,121,123,40,42,42,42,40,41,23,0,0,0,9,24
52.0076,,1557,4.571428571428571,16.52747252747253,-9.31868131868132,91.2967032967033,7.604395604395604,2.4114544084400906,2365,1959,2482,2962,2100,1658,-350,650,0,0,150,0,-207,84,-30,0,27,-100,121,123,122,124,121,123,40,42,42,42,40,41,24,0,1,0,8,24
52.041,,1558,2.4615384615384617,17.406593406593405,-9.31868131868132,91.38461538461539,8.483516483516484,2.4114544084400906,2351,1975,2482,2962,2109,1658,-400,500,0,0,250,0,-224,-52,-30,0,118,-100,121,123,121,124,120,123,40,42,42,42,40,41,29,0,1,0,12,24
52.0744,,1559,0.3516483516483517,18.10989010989011,-9.31868131868132,91.38461538461539,9.45054945054945,2.4114544084400906,2334,1988,2482,2961,2118,1658,-500,400,0,0,250,0,-182,71,-30,0,136,-100,121,123,121,124,120,123,40,42,42,42,40,41,24,1,0,0,10,24
52.1078,,1560,-1.5824175824175823,18.197802197802197,-9.23076923076923,91.38461538461539,10.32967032967033,2.4114544084400906,2316,1999,2482,2961,2128,1658,-550,350,0,0,300,0,-197,-65,-30,0,140,-100,121,123,121,124,120,123,40,42,42,42,40,41,30,3,0,0,4,24
52.1413,,1561,-3.6043956043956045,18.10989010989011,-9.23076923076923,91.38461538461539,11.032967032967033,2.4114544084400906,2294,2009,2482,2961,2139,1658,-650,300,0,0,300,0,-194,-118,-27,0,130,-100,121,123,121,124,120,123,40,42,42,42,40,41,23,17,0,0,4,24
52.1747,,1562,-5.626373626373627,17.67032967032967,-9.23076923076923,91.38461538461539,11.472527472527473,2.4114544084400906,2271,2013,2482,2961,2149,1658,-650,100,0,0,300,0,-190,-140,-27,0,110,-100,121,123,121,124,120,123,40,42,42,42,40,41,24,13,0,0,3,24
52.2081,,1563,-7.472527472527473,17.318681318681318,-9.23076923076923,91.47252747252747,11.736263736263735,2.4114544084400906,2250,2013,2482,2961,2158,1658,-650,50,0,0,300,0,-213,-86,-27,0,111,-100,121,123,121,124,120,123,40,42,42,42,40,41,26,20,0,0,4,24
52.2415,,1564,-9.142857142857142,16.967032967032967,-9.23076923076923,91.47252747252747,11.824175824175825,2.4114544084400906,2227,2013,2482,2961,2164,1658,-650,0,0,0,200,0,-205,-90,-27,23,79,-100,121,123,121,124,120,123,40,42,42,42,40,41,17,24,0,0,3,23
52.2749,,1565,-10.637362637362637,16.35164835164835,-9.23076923076923,91.47252747252747,11.824175824175825,2.4114544084400906,2203,2012,2482,2961,2169,1658,-700,0,0,0,200,0,-183,-97,-27,23,65,-100,121,123,121,124,120,123,40,42,42,42,40,41,18,26,0,0,3,24
52.3084,,1566,-11.692307692307692,15.384615384615385,-9.23076923076923,91.47252747252747,11.824175824175825,2.4114544084400906,2180,2012,2482,2961,2173,1658,-700,0,0,0,150,0,-237,-131,-27,23,51,-100,121,123,121,124,120,122,40,42,42,42,40,41,4,42,0,0,2,24
52.3418,,1567,-12.395604395604396,13.89010989010989,-9.23076923076923,91.47252747252747,11.824175824175825,2.4114544084400906,2160,2012,2482,2961,2175,1658,-600,0,0,0,100,0,-101,-179,-27,23,41,-100,120,123,121,124,120,122,40,42,42,42,40,41,3,64,0,1,1,24
52.3752,,1568,-13.010989010989011,12.043956043956044,-9.23076923076923,91.47252747252747,11.824175824175825,2.4114544084400906,2141,2012,2482,2961,2177,1658,-550,0,0,0,50,0,-176,-247,-27,23,37,-100,120,122,121,123,120,122,40,42,42,42,40,41,0,106,0,0,1,24
52.4086,,1569,-13.274725274725276,9.846153846153847,-9.23076923076923,91.47252747252747,11.824175824175825,2.4114544084400906,2127,2009,2482,2961,2177,1658,-400,-100,0,0,0,0,-53,-318,-27,23,34,-100,120,122,120,123,119,122,40,42,42,42,40,41,2,126,0,0,0,24
52.442,,1570,-13.362637362637363,7.1208791208791204,-9.31868131868132,91.47252747252747,11.824175824175825,2.4114544084400906,2116,2001,2482,2961,2178,1658,-350,-200,0,0,50,0,-90,-377,-27,23,30,-100,120,122,120,123,119,122,40,42,42,42,40,41,0,161,0,0,1,24
52.4754,,1571,-13.45054945054945,4.483516483516484,-9.31868131868132,91.47252747252747,11.824175824175825,2.4114544084400906,2109,1989,2482,2961,2178,1658,-200,-350,0,0,0,0,-65,-442,-30,23,30,-100,120,122,120,122,119,121,40,42,42,42,40,41,1,215,0,0,0,24
52.5088,,1572,-13.45054945054945,1.6703296703296704,-9.31868131868132,91.38461538461539,12.0,2.4114544084400906,2105,1971,2482,2961,2179,1658,-150,-450,0,0,0,0,-51,-482,-30,23,27,-100,119,122,120,122,119,121,40,42,42,42,40,41,1,213,1,0,0,24
52.5423,,1573,-13.45054945054945,-1.2307692307692308,-9.31868131868132,91.38461538461539,12.263736263736265,2.4114544084400906,2102,1951,2482,2961,2181,1658,-100,-600,0,0,50,0,-44,-448,-30,0,30,-100,119,122,120,122,119,121,40,42,42,42,40,41,2,247,0,0,2,24
52.5757,,1574,-13.45054945054945,-3.956043956043956,-9.31868131868132,91.38461538461539,12.527472527472527,2.4114544084400906,2099,1925,2482,2961,2182,1658,-50,-700,0,0,50,0,-30,-559,-30,0,-83,-100,119,122,120,122,119,121,40,42,42,42,40,41,0,230,1,0,1,24
52.6091,,1575,-13.45054945054945,-6.241758241758242,-9.31868131868132,91.38461538461539,12.527472527472527,2.4114544084400906,2097,1896,2482,2961,2184,1658,-100,-800,0,0,100,0,-23,-567,-30,0,37,-100,120,122,120,122,119,121,40,42,42,42,40,41,0,239,0,0,1,24
52.6425,,1576,-13.45054945054945,-8.615384615384615,-9.31868131868132,91.38461538461539,12.527472527472527,2.4114544084400906,2095,1866,2482,2961,2186,1658,-100,-900,0,0,50,0,0,-465,-30,0,30,-100,120,122,120,122,119,121,40,42,42,42,40,41,0,195,0,0,0,24
52.6759,,1577,-13.274725274725276,-10.989010989010989,-9.31868131868132,91.38461538461539,12.43956043956044,2.4114544084400906,2095,1836,2482,2961,2187,1658,0,-900,0,0,50,0,0,-561,-30,0,27,-100,120,122,120,123,119,122,40,42,42,42,40,41,0,189,0,0,1,23
52.7093,,1578,-12.835164835164836,-13.186813186813186,-9.31868131868132,91.38461538461539,12.175824175824175,2.4114544084400906,2095,1805,2482,2961,2188,1658,0,-900,0,0,0,0,23,-455,-30,0,0,-100,120,122,120,123,119,122,40,42,42,42,40,41,0,154,0,0,0,24
52.7427,,1579,-12.571428571428571,-15.384615384615385,-9.31868131868132,91.38461538461539,12.0,2.4114544084400906,2095,1774,2482,2961,2188,1658,0,-950,0,0,0,0,46,-517,-30,0,-23,-100,120,122,120,123,119,122,40,42,42,42,40,41,4,150,0,0,0,24
52.7761,,1580,-12.395604395604396,-17.406593406593405,-9.31868131868132,91.38461538461539,11.912087912087912,2.4114544084400906,2095,1746,2482,2961,2188,1658,0,-900,0,0,0,0,51,-409,-30,0,-30,-100,120,122,120,123,119,122,40,42,42,42,40,41,7,138,0,0,0,24
52.8095,,1581,-11.516483516483516,-19.076923076923077,-9.31868131868132,91.47252747252747,11.824175824175825,2.4114544084400906,2095,1717,2482,2961,2188,1658,0,-850,0,0,0,0,58,-380,-30,0,-34,-100,120,122,120,123,119,122,40,42,42,42,40,41,9,143,0,0,2,24
52.8429,,1582,-9.582417582417582,-20.835164835164836,-9.31868131868132,91.47252747252747,11.736263736263735,2.4114544084400906,2095,1689,2482,2962,2188,1658,0,-850,0,50,0,0,119,-377,-30,0,-37,-100,120,122,120,123,120,122,40,42,42,42,40,41,21,123,1,0,2,24
52.8764,,1583,-6.945054945054945,-22.24175824175824,-9.31868131868132,91.47252747252747,11.56043956043956,2.4114544084400906,2101,1663,2482,2962,2188,1658,150,-750,0,0,0,0,183,-349,-30,0,-41,-100,120,122,120,123,120,122,40,42,42,42,40,41,22,118,0,0,3,24
52.9098,,1584,-4.131868131868132,-23.296703296703296,-9.31868131868132,91.47252747252747,10.857142857142858,2.4114544084400906,2112,1640,2482,2962,2188,1658,250,-750,0,0,0,0,163,-308,-30,0,-48,-100,120,122,120,123,120,122,40,42,42,42,40,41,36,97,0,0,4,24
52.9432,,1585,-0.5274725274725275,-23.824175824175825,-9.31868131868132,91.47252747252747,9.714285714285714,2.4114544084400906,2127,1617,2482,2962,2188,1658,400,-700,0,0,0,0,308,-253,-30,0,-87,-100,120,123,120,123,120,122,40,42,42,42,40,41,51,69,1,0,16,24
52.9766,,1586,3.78021978021978,-24.087912087912088,-9.31868131868132,91.47252747252747,8.483516483516484,2.4114544084400906,2147,1597,2482,2962,2184,1658,550,-600,0,0,-100,0,289,-185,-30,0,-126,-100,120,122,120,123,120,122,40,42,42,42,40,41,76,71,0,0,21,24
53.01,,1587,8.175824175824175,-24.087912087912088,-9.31868131868132,91.47252747252747,7.252747252747253,2.4114544084400906,2170,1581,2482,2962,2176,1658,750,-500,0,0,-250,0,367,-153,-30,0,-165,-100,120,122,120,123,119,122,40,42,42,42,40,41,122,37,1,0,18,24
53.0434,,1588,12.131868131868131,-24.087912087912088,-9.23076923076923,91.47252747252747,6.197802197802198,2.4114544084400906,2202,1568,2482,2962,2165,1658,850,-400,0,0,-300,0,429,-100,-30,0,-174,-100,120,122,120,123,119,122,40,42,42,42,40,41,95,37,0,0,20,24
53.0769,,1589,15.648351648351648,-23.912087912087912,-8.967032967032967,91.47252747252747,5.318681318681318,2.4114544084400906,2240,1559,2482,2962,2154,1658,1100,-250,0,0,-300,0,460,-150,-27,0,-169,-100,120,122,120,123,120,122,40,42,42,42,40,41,90,31,0,0,16,24
53.1103,,1590,18.021978021978022,-23.824175824175825,-8.087912087912088,91.47252747252747,5.054945054945055,2.4114544084400906,2281,1555,2482,2963,2143,1658,1200,-200,0,0,-350,0,464,-125,0,0,-149,-100,120,122,121,123,120,122,40,42,42,42,40,41,65,28,0,0,21,24
53.1437,,1591,19.34065934065934,-23.824175824175825,-6.329670329670329,91.38461538461539,5.318681318681318,2.4114544084400906,2320,1552,2487,2963,2132,1658,1200,-100,100,0,-350,0,459,-115,66,0,-37,-100,120,123,121,123,120,122,40,42,42,42,40,41,60,26,0,0,8,24
53.1771,,1592,19.78021978021978,-23.736263736263737,-3.868131868131868,91.2967032967033,5.318681318681318,2.4114544084400906,2361,1550,2496,2963,2127,1658,1250,-50,250,0,-200,0,370,-19,110,0,-86,-100,121,123,121,124,120,122,40,42,42,42,40,41,30,24,0,0,2,24
53.2105,,1593,19.78021978021978,-23.560439560439562,-0.967032967032967,91.20879120879121,5.318681318681318,2.4114544084400906,2396,1550,2509,2963,2123,1658,1150,-50,300,0,-150,0,223,-101,161,-23,-72,-100,121,123,121,124,120,123,40,42,42,42,40,41,4,24,0,0,3,24
53.2439,,1594,19.78021978021978,-23.296703296703296,1.934065934065934,91.03296703296704,5.318681318681318,2.4114544084400906,2422,1550,2527,2963,2121,1658,900,0,500,0,-50,0,118,-93,208,-27,-62,-100,121,123,121,124,120,123,40,42,42,42,40,41,0,22,0,0,5,24
53.2773,,1595,19.78021978021978,-22.945054945054945,5.0989010989010985,90.94505494505495,5.142857142857143,2.4114544084400906,2441,1550,2551,2963,2119,1658,550,0,650,0,-50,0,132,-83,153,-34,-55,-100,121,123,121,124,121,123,40,42,42,42,40,41,0,17,0,2,4,24
53.3107,,1596,19.604395604395606,-22.945054945054945,8.087912087912088,90.76923076923077,4.8791208791208796,2.4114544084400906,2452,1550,2578,2963,2116,1658,350,0,800,0,-100,0,101,-62,198,-37,-55,-100,121,123,122,124,121,123,40,42,42,42,40,41,0,11,0,2,1,24
53.3441,,1597,19.164835164835164,-22.945054945054945,10.197802197802197,90.68131868131869,4.967032967032967,2.4868123587038435,2457,1550,2607,2963,2113,1658,200,0,850,0,-50,0,69,-69,299,-44,-55,-100,121,123,122,124,121,123,40,42,42,42,40,41,0,11,0,4,4,24
53.3775,,1598,18.813186813186814,-22.417582417582416,11.780219780219781,90.5934065934066,5.230769230769231,2.4868123587038435,2459,1550,2639,2962,2111,1658,50,0,900,-50,-50,0,39,-69,190,-44,-41,-100,121,123,122,124,121,123,40,42,42,42,40,41,3,10,0,4,2,24
53.4109,,1599,18.10989010989011,-21.45054945054945,12.571428571428571,90.5934065934066,5.318681318681318,2.4868123587038435,2459,1550,2672,2962,2111,1658,0,0,1000,0,-50,0,27,-45,125,-48,-30,-100,121,123,122,124,121,123,40,42,42,42,40,41,1,4,0,5,0,24
53.4444,,1600,17.142857142857142,-20.483516483516482,12.659340659340659,90.5934065934066,5.406593406593407,2.4868123587038435,2459,1552,2702,2962,2111,1658,0,0,900,0,0,0,-40,0,24,-48,-27,-100,121,123,122,124,121,123,40,42,41,42,40,41,4,2,0,4,0,24
53.4777,,1601,16.35164835164835,-19.164835164835164,12.659340659340659,90.5934065934066,5.758241758241758,2.4868123587038435,2459,1558,2720,2962,2111,1658,0,150,650,0,0,0,-96,-55,58,-48,-23,-100,121,123,122,124,121,123,40,42,42,42,40,41,11,0,5,4,0,24
53.5111,,1602,14.945054945054945,-18.021978021978022,12.659340659340659,90.5934065934066,6.197802197802198,2.4868123587038435,2453,1566,2729,2962,2111,1658,-50,250,400,0,0,0,-105,92,0,-48,23,-100,121,123,122,124,121,123,40,42,42,42,40,41,6,3,2,4,0,24
53.5445,,1603,12.835164835164836,-16.967032967032967,12.659340659340659,90.50549450549451,6.637362637362638,2.4868123587038435,2446,1577,2734,2962,2111,1658,-200,300,200,0,0,0,-148,91,-37,-48,41,-100,121,123,122,124,121,123,40,42,42,42,40,41,16,1,4,4,3,24
53.578,,1604,10.373626373626374,-16.0,12.659340659340659,90.50549450549451,6.9010989010989015,2.4868123587038435,2436,1588,2735,2961,2112,1658,-300,350,50,0,0,0,-194,89,-41,-51,55,-100,121,123,121,124,120,123,40,42,42,42,40,41,17,0,4,6,4,24
53.6114,,1605,7.912087912087912,-14.857142857142858,12.659340659340659,90.50549450549451,7.428571428571429,2.4868123587038435,2421,1599,2734,2961,2116,1658,-450,350,0,0,150,0,-252,106,-37,-48,55,-100,121,123,121,124,120,123,40,42,42,42,40,41,32,0,2,4,3,24
53.6448,,1606,4.923076923076923,-13.978021978021978,12.659340659340659,90.50549450549451,7.956043956043956,2.4868123587038435,2402,1611,2734,2961,2120,1658,-500,350,0,0,100,0,-286,23,-37,-48,77,-100,121,123,121,124,120,123,40,42,42,42,40,41,40,0,1,4,0,24
53.6782,,1607,1.934065934065934,-13.362637362637363,12.659340659340659,90.50549450549451,8.483516483516484,2.4868123587038435,2382,1623,2734,2961,2124,1658,-650,350,0,0,100,0,-236,-29,-37,-48,77,-100,121,123,121,124,120,123,40,42,42,42,40,41,37,0,1,4,1,24
53.7116,,1608,-0.8791208791208791,-12.747252747252746,12.747252747252746,90.50549450549451,9.362637362637363,2.4868123587038435,2357,1634,2734,2961,2129,1658,-650,400,0,0,150,0,-355,-54,-37,-48,75,-100,121,123,121,124,120,123,40,42,42,42,40,41,30,0,2,5,3,24
53.745,,1609,-3.956043956043956,-12.043956043956044,12.747252747252746,90.5934065934066,10.76923076923077,2.4868123587038435,2329,1644,2734,2961,2135,1658,-800,300,0,0,150,0,-280,48,-34,-48,101,-100,121,123,121,124,120,123,40,42,42,42,40,41,27,0,1,4,11,24
53.7784,,1610,-7.1208791208791204,-11.428571428571429,13.010989010989011,90.76923076923077,12.175824175824175,2.4868123587038435,2298,1652,2734,2961,2142,1658,-900,250,0,0,200,0,-313,72,-34,-44,152,-100,121,123,121,124,120,123,40,42,42,42,40,41,41,0,0,4,12,24
53.8118,,1611,-10.021978021978022,-11.076923076923077,13.626373626373626,90.76923076923077,13.582417582417582,2.4868123587038435,2268,1660,2734,2961,2154,1658,-900,250,0,0,300,0,-325,-62,-23,-37,164,-100,121,123,121,124,120,123,40,42,42,42,40,41,29,0,0,2,8,24
53.8452,,1612,-13.098901098901099,-10.813186813186814,14.505494505494505,90.76923076923077,14.989010989010989,2.4868123587038435,2236,1668,2736,2961,2166,1658,-950,250,0,0,400,0,-324,27,41,-37,174,-100,121,123,121,124,120,123,40,42,42,42,40,41,41,0,4,2,6,24
53.8786,,1613,-16.087912087912088,-10.725274725274724,15.384615384615385,90.76923076923077,16.21978021978022,2.4868123587038435,2202,1675,2742,2960,2180,1658,-1000,200,200,-50,400,0,-326,-193,-60,-34,175,-100,121,123,121,124,120,123,40,42,42,42,40,41,32,3,1,1,9,24
53.9119,,1614,-18.813186813186814,-10.725274725274724,15.912087912087912,90.76923076923077,17.626373626373628,2.4868123587038435,2169,1679,2751,2960,2193,1658,-1050,100,250,0,400,0,-345,-118,-39,-34,109,-100,121,123,121,124,120,123,40,42,42,42,40,41,29,3,0,1,5,24
53.9453,,1615,-21.626373626373628,-10.725274725274724,16.0,90.76923076923077,18.76923076923077,2.4868123587038435,2134,1679,2760,2960,2208,1658,-1000,0,300,0,450,0,-336,-34,-66,-34,197,-100,121,123,121,124,120,123,40,42,42,42,40,41,13,2,0,0,8,24
53.9787,,1616,-23.824175824175825,-10.901098901098901,15.736263736263735,90.76923076923077,19.64835164835165,2.4868123587038435,2101,1679,2768,2960,2223,1658,-1000,0,200,0,450,0,-322,-34,0,-34,96,-100,121,123,121,124,120,123,40,42,42,42,40,41,27,2,0,1,8,24
54.0121,,1617,-25.318681318681318,-11.604395604395604,15.384615384615385,90.5934065934066,20.439560439560438,2.4868123587038435,2069,1679,2771,2960,2237,1658,-950,0,250,0,400,0,-292,-41,-44,-34,153,-100,121,123,121,124,120,123,40,42,42,42,40,41,13,4,8,2,5,24
54.0455,,1618,-26.285714285714285,-11.956043956043956,14.593406593406593,90.50549450549451,20.967032967032967,2.4868123587038435,2035,1679,2771,2958,2248,1658,-1000,0,0,0,350,0,-222,-77,-58,-34,140,-100,121,123,121,124,120,123,40,42,42,42,40,41,6,13,9,3,10,24
54.0789,,1619,-26.725274725274726,-12.483516483516484,13.186813186813186,90.50549450549451,21.142857142857142,2.4868123587038435,2006,1679,2771,2956,2257,1658,-900,0,0,-50,200,0,-186,-88,-114,-30,147,-100,121,123,121,124,120,123,40,42,42,42,40,41,1,18,21,1,12,24
54.1123,,1620,-26.725274725274726,-12.659340659340659,11.428571428571429,90.50549450549451,21.23076923076923,2.4868123587038435,1984,1679,2771,2956,2268,1658,-650,0,0,0,400,0,-92,-116,-173,-30,-23,-100,120,122,121,123,120,122,40,42,42,42,40,41,0,29,48,0,2,24
54.1457,,1621,-26.373626373626372,-12.923076923076923,9.142857142857142,90.50549450549451,21.142857142857142,2.4868123587038435,1968,1679,2770,2956,2273,1658,-550,0,0,0,250,0,-23,-111,-240,-30,76,-100,120,122,120,123,119,122,40,42,42,42,40,41,0,29,94,0,4,23
54.1791,,1622,-25.934065934065934,-13.362637362637363,6.5054945054945055,90.41758241758242,20.791208791208792,2.4868123587038435,1959,1679,2762,2957,2278,1658,-350,0,-150,50,150,0,-55,-122,-222,-34,-66,-100,120,122,120,123,119,121,40,42,42,42,40,41,0,35,125,1,1,24
54.2124,,1623,-25.75824175824176,-13.45054945054945,3.6923076923076925,90.41758241758242,20.615384615384617,2.4868123587038435,1956,1679,2751,2957,2280,1658,-100,0,-350,0,0,0,-27,-139,-370,-37,30,-100,119,122,120,122,119,121,40,42,42,42,40,41,1,47,150,3,0,24
54.2458,,1624,-25.494505494505493,-13.45054945054945,1.2307692307692308,90.41758241758242,20.615384615384617,2.4868123587038435,1956,1679,2734,2958,2281,1658,0,0,-400,0,0,0,0,-143,-346,-37,0,-100,119,121,120,122,119,121,40,42,42,42,40,41,0,48,138,2,0,23
54.2792,,1625,-24.703296703296704,-13.45054945054945,-1.054945054945055,90.41758241758242,20.52747252747253,2.4868123587038435,1957,1679,2713,2958,2281,1658,50,0,-600,0,0,0,0,-143,-462,-41,0,-100,120,122,120,122,119,121,40,42,42,42,40,41,0,48,163,3,0,23
54.3126,,1626,-23.736263736263737,-13.274725274725276,-3.2527472527472527,90.41758241758242,20.52747252747253,2.4868123587038435,1957,1679,2689,2958,2281,1658,0,0,-700,0,0,0,68,-143,-384,-41,0,-100,120,122,120,122,119,121,40,42,42,42,40,41,8,48,136,4,0,24
54.346,,1627,-22.505494505494507,-13.098901098901099,-5.0989010989010985,90.41758241758242,20.52747252747253,2.4868123587038435,1959,1679,2666,2959,2281,1658,0,0,-700,0,0,0,-19,-136,-465,-44,0,-100,119,122,120,122,119,121,40,42,42,42,40,41,15,43,149,3,0,23
54.3794,,1628,-20.923076923076923,-12.923076923076923,-6.593406593406593,90.41758241758242,20.52747252747253,2.4868123587038435,1964,1679,2640,2959,2281,1658,100,0,-750,0,0,0,63,-129,-387,-44,0,-100,120,122,120,122,119,121,40,42,42,42,40,41,27,38,148,4,0,24
54.4128,,1629,-18.63736263736264,-12.923076923076923,-7.736263736263736,90.41758241758242,20.439560439560438,2.4868123587038435,1971,1679,2616,2959,2281,1658,200,0,-700,0,0,0,187,-122,-356,-44,0,-100,120,122,120,123,119,121,40,42,42,42,40,41,31,34,137,4,0,24
54.4462,,1630,-16.175824175824175,-12.923076923076923,-8.527472527472527,90.32967032967034,20.35164835164835,2.4868123587038435,1982,1679,2595,2960,2282,1658,300,0,-700,50,50,0,154,-122,-311,-48,-23,-100,120,122,120,122,119,121,40,42,42,42,40,41,34,35,122,4,0,24
54.4796,,1631,-13.714285714285714,-13.098901098901099,-8.967032967032967,89.89010989010988,19.47252747252747,2.4868123587038435,1997,1679,2576,2959,2282,1658,400,0,-550,0,0,0,285,-122,-344,-48,-27,-100,120,122,120,123,119,121,40,42,42,42,40,41,60,36,98,3,0,24
54.5131,,1632,-10.725274725274724,-13.362637362637363,-8.967032967032967,88.92307692307692,17.802197802197803,2.4868123587038435,2016,1679,2560,2958,2282,1658,600,0,-450,-50,0,0,314,-129,-294,-62,-77,-100,120,122,120,123,119,121,40,42,42,42,40,41,67,41,110,8,9,24
54.5465,,1633,-7.384615384615385,-13.45054945054945,-8.967032967032967,88.21978021978022,15.692307692307692,2.4868123587038435,2037,1679,2549,2955,2277,1658,550,0,-400,-50,-50,0,284,-139,-262,-119,-60,-100,120,122,120,123,119,121,40,42,42,42,40,41,74,47,63,20,21,23
54.5799,,1634,-4.131868131868132,-13.45054945054945,-8.967032967032967,87.6043956043956,13.31868131868132,2.4868123587038435,2061,1679,2542,2949,2268,1658,700,0,-250,-150,-200,0,323,-143,-231,-115,-201,-100,119,122,120,122,119,121,40,42,42,42,40,41,73,47,88,9,30,24
54.6133,,1635,-0.967032967032967,-13.45054945054945,-8.967032967032967,87.51648351648352,10.857142857142858,2.4868123587038435,2089,1679,2537,2944,2254,1658,800,0,-200,-200,-400,0,355,-143,-125,-115,-243,-100,119,122,120,122,119,121,40,42,42,42,40,41,77,48,80,16,33,23
54.6467,,1636,1.5824175824175823,-13.45054945054945,-8.87912087912088,87.51648351648352,8.835164835164836,2.4868123587038435,2120,1679,2534,2938,2235,1658,900,0,-100,-200,-500,0,373,-143,-114,30,-275,-100,119,122,120,122,119,121,40,42,42,42,40,41,67,48,82,12,35,23
54.6801,,1637,3.6043956043956045,-13.45054945054945,-8.87912087912088,87.51648351648352,7.34065934065934,2.4868123587038435,2151,1679,2533,2935,2215,1658,950,0,-50,-100,-650,0,389,-143,-192,-79,-216,-100,119,122,120,122,119,121,40,42,42,42,40,41,66,48,81,9,36,24
54.7135,,1638,5.274725274725275,-13.45054945054945,-8.791208791208792,87.51648351648352,6.197802197802198,2.4868123587038435,2185,1679,2533,2933,2193,1658,1000,0,0,-100,-600,0,351,-143,-192,48,-197,-100,120,122,120,123,119,121,40,42,42,42,40,41,45,49,82,6,23,24
54.7469,,1639,6.945054945054945,-13.45054945054945,-8.615384615384615,87.6043956043956,5.230769230769231,2.4868123587038435,2217,1679,2533,2931,2173,1658,950,0,0,-50,-650,0,303,-143,-189,-65,-161,-100,120,122,120,123,119,122,40,42,42,42,40,41,27,49,79,6,13,23
54.7803,,1640,8.263736263736265,-13.362637362637363,-8.175824175824175,87.78021978021978,4.351648351648351,2.4868123587038435,2246,1679,2533,2931,2156,1658,850,0,0,0,-550,0,256,-143,-181,-58,-123,-100,120,122,120,123,119,122,40,42,42,42,40,41,29,49,74,6,12,24
54.8137,,1641,9.054945054945055,-13.098901098901099,-7.912087912087912,87.95604395604396,4.0,2.4868123587038435,2270,1679,2533,2931,2140,1658,750,0,0,0,-500,0,208,-139,-164,-51,-92,-100,120,122,121,123,120,122,40,42,42,42,40,41,21,45,59,4,14,24
54.8471,,1642,9.67032967032967,-13.186813186813186,-6.945054945054945,88.04395604395604,3.912087912087912,2.4868123587038435,2292,1679,2533,2931,2127,1658,700,0,0,0,-400,0,183,-128,-153,-44,-153,-100,120,123,121,123,120,122,40,42,42,42,40,41,16,39,53,3,8,24
54.8805,,1643,10.021978021978022,-13.626373626373626,-5.450549450549451,88.04395604395604,3.912087912087912,2.4868123587038435,2310,1679,2533,2931,2118,1658,550,0,0,0,-300,0,218,-132,-90,-41,-115,-100,121,123,121,123,120,122,40,42,42,42,40,41,17,42,29,3,2,24
54.9139,,1644,10.10989010989011,-14.68131868131868,-4.043956043956044,88.04395604395604,3.912087912087912,2.4868123587038435,2323,1679,2533,2931,2112,1658,500,0,0,0,-250,0,160,-153,-29,-41,30,-100,121,123,121,124,120,122,40,42,42,42,40,41,9,55,7,3,5,24
54.9473,,1645,10.10989010989011,-16.087912087912088,-1.8461538461538463,88.04395604395604,3.8241758241758244,2.4868123587038435,2334,1679,2536,2931,2108,1658,400,0,0,0,-150,0,122,-214,0,-41,-72,-100,121,123,121,124,120,122,40,42,42,42,40,41,7,88,2,3,6,24
54.9807,,1646,10.10989010989011,-18.10989010989011,0.5274725274725275,87.95604395604396,3.7362637362637363,2.4868123587038435,2341,1674,2546,2931,2105,1658,200,-100,250,0,-100,0,93,-251,106,-41,-65,-100,121,123,121,124,120,122,40,42,42,42,40,41,6,93,0,2,6,24
55.0141,,1647,10.021978021978022,-20.21978021978022,2.8131868131868134,87.86813186813187,3.7362637362637363,2.4868123587038435,2345,1665,2560,2930,2101,1658,150,-250,400,-50,-100,0,83,-316,162,-44,-58,-100,120,123,121,124,120,122,40,42,42,42,40,41,6,129,0,2,4,24
55.0475,,1648,9.758241758241759,-22.153846153846153,5.274725274725275,87.6923076923077,3.7362637362637363,2.4868123587038435,2349,1652,2580,2930,2099,1658,100,-350,550,0,-100,0,65,-271,98,-44,-48,-100,120,123,121,123,120,122,40,42,42,42,40,41,7,115,0,3,3,24
55.0809,,1649,9.67032967032967,-24.175824175824175,7.2967032967032965,87.6923076923077,3.7362637362637363,2.4868123587038435,2351,1634,2603,2930,2097,1658,50,-500,700,0,-50,0,44,-370,200,-51,-41,-100,120,123,121,123,120,122,40,42,42,42,40,41,3,136,0,5,2,24
55.1143,,1650,9.67032967032967,-25.934065934065934,8.87912087912088,87.6043956043956,3.7362637362637363,2.4868123587038435,2351,1614,2628,2930,2097,1658,0,-600,700,0,0,0,41,-377,102,-51,-41,-100,120,123,121,123,120,122,40,42,42,42,40,41,4,99,0,5,3,24
55.1477,,1651,9.67032967032967,-27.604395604395606,10.197802197802197,87.6043956043956,3.7362637362637363,2.4868123587038435,2351,1593,2652,2930,2097,1658,0,-600,750,0,0,0,41,-306,103,-55,-41,-100,121,123,121,124,120,122,40,42,42,42,40,41,4,96,0,7,2,24
55.1811,,1652,9.406593406593407,-29.186813186813186,11.252747252747254,87.6043956043956,4.175824175824176,2.4868123587038435,2351,1571,2677,2930,2097,1658,0,-650,750,0,0,0,41,-377,59,-55,-41,-100,121,123,121,124,120,122,40,42,42,42,40,41,4,71,0,7,3,24
55.2145,,1653,9.31868131868132,-31.12087912087912,12.043956043956044,87.6043956043956,4.351648351648351,2.4868123587038435,2351,1549,2698,2930,2097,1658,0,-650,700,0,0,0,30,-359,-18,-55,-20,-100,120,123,121,124,120,122,40,42,42,42,40,41,2,73,0,7,0,24
55.2479,,1654,9.23076923076923,-33.142857142857146,12.395604395604396,87.6043956043956,4.527472527472527,2.4868123587038435,2351,1530,2712,2930,2097,1658,0,-600,550,0,0,0,27,-275,-54,-55,0,-100,121,123,121,124,120,122,40,42,42,42,40,41,1,88,0,6,0,24
55.2813,,1655,9.142857142857142,-34.9010989010989,12.659340659340659,87.6923076923077,4.7032967032967035,2.4868123587038435,2351,1509,2721,2930,2097,1658,0,-600,300,0,0,0,23,-278,30,-55,23,-100,121,123,121,124,120,122,40,42,42,42,40,41,1,92,0,7,0,24
55.3148,,1656,9.142857142857142,-36.747252747252745,12.659340659340659,87.6923076923077,4.791208791208791,2.4868123587038435,2351,1487,2729,2930,2097,1658,0,-650,250,0,0,0,0,-381,0,-51,30,-100,120,123,121,124,120,122,40,42,42,42,40,41,0,73,0,6,1,24
55.3482,,1657,9.142857142857142,-38.32967032967033,12.659340659340659,87.6923076923077,4.967032967032967,2.4868123587038435,2351,1464,2734,2930,2097,1658,0,-700,200,0,0,0,0,-370,-34,-51,34,-100,120,123,121,124,120,122,40,42,42,42,40,41,0,55,10,5,1,24
55.3816,,1658,9.054945054945055,-39.64835164835165,12.659340659340659,87.78021978021978,5.670329670329671,2.4868123587038435,2351,1444,2735,2930,2098,1658,0,-650,50,0,50,0,0,-263,-41,-51,37,-100,120,123,121,124,120,122,40,42,42,42,40,41,0,62,3,4,3,24
55.415,,1659,9.054945054945055,-40.61538461538461,12.747252747252746,87.86813186813187,6.725274725274725,2.4868123587038435,2351,1422,2735,2930,2098,1658,0,-650,0,0,0,0,0,-315,-41,-48,77,-100,120,123,121,124,120,122,40,42,42,42,40,41,0,62,3,4,8,24
55.4484,,1660,8.615384615384615,-41.31868131868132,12.747252747252746,87.86813186813187,7.604395604395604,2.4868123587038435,2351,1401,2735,2930,2104,1658,0,-600,0,0,50,0,0,-263,-37,-44,106,-100,121,123,121,124,120,122,40,42,42,42,40,41,0,50,2,4,13,24
55.4818,,1661,8.0,-41.84615384615385,12.835164835164836,87.86813186813187,8.219780219780219,2.4868123587038435,2351,1384,2735,2930,2112,1658,0,-550,0,0,250,0,-44,-257,-37,-44,123,-100,121,123,121,124,120,122,40,42,42,42,40,41,3,26,1,4,3,24
55.5152,,1662,7.648351648351649,-42.285714285714285,13.010989010989011,87.95604395604396,8.395604395604396,2.4868123587038435,2349,1368,2735,2930,2120,1658,0,-550,0,0,250,0,-69,-205,-34,-44,110,-100,121,123,121,124,120,122,40,42,42,42,40,41,5,23,1,4,1,24
55.5486,,1663,7.208791208791209,-42.81318681318681,13.098901098901099,88.04395604395604,8.395604395604396,2.4868123587038435,2347,1355,2735,2930,2127,1658,-100,-400,0,0,200,0,-58,-164,-27,-41,76,-100,121,123,121,124,120,123,40,42,42,42,40,41,4,8,0,3,3,24
55.582,,1664,6.5054945054945055,-43.69230769230769,13.098901098901099,88.04395604395604,8.395604395604396,2.4868123587038435,2343,1345,2735,2930,2131,1658,-100,-300,0,0,200,0,-62,-59,-23,-37,58,-100,121,123,121,124,120,123,40,42,42,42,40,41,3,9,0,2,2,24
55.6154,,1665,5.8901098901098905,-44.747252747252745,13.098901098901099,88.04395604395604,8.395604395604396,2.4868123587038435,2338,1336,2735,2930,2135,1658,-150,-250,0,0,100,0,19,-97,-23,-37,48,-100,121,123,121,124,120,122,40,42,42,42,40,41,7,28,0,3,0,24
55.6488,,1666,5.362637362637362,-45.89010989010989,13.098901098901099,88.13186813186813,8.395604395604396,2.4868123587038435,2332,1327,2735,2930,2137,1658,-150,-250,0,0,50,0,-98,-103,-23,-37,37,-100,121,123,121,124,120,122,40,42,42,42,40,41,5,30,0,3,0,24
55.6822,,1667,5.010989010989011,-47.120879120879124,13.098901098901099,88.13186813186813,8.395604395604396,2.4868123587038435,2326,1316,2735,2930,2139,1658,-200,-300,0,0,50,0,-88,-197,-23,-34,-87,-100,121,123,121,124,120,122,40,42,42,42,40,41,7,40,0,1,0,24
55.7156,,1668,5.010989010989011,-48.175824175824175,13.186813186813186,88.13186813186813,8.395604395604396,2.4868123587038435,2320,1305,2735,2930,2140,1658,-150,-300,0,0,50,0,-72,-113,-23,-34,27,-100,121,123,121,124,120,122,40,42,42,42,40,41,1,39,0,2,0,24
55.749,,1669,5.010989010989011,-49.142857142857146,13.45054945054945,88.04395604395604,8.395604395604396,2.4868123587038435,2315,1292,2735,2930,2140,1658,-200,-400,0,0,0,0,-51,-187,0,-34,27,-100,121,123,121,124,120,123,40,42,42,42,40,41,0,40,0,1,0,24
55.7824,,1670,5.010989010989011,-50.02197802197802,13.626373626373626,88.13186813186813,8.395604395604396,2.4868123587038435,2311,1279,2740,2930,2140,1658,-100,-350,100,0,0,0,-41,-204,0,-37,27,-100,121,123,121,124,120,123,40,42,42,42,40,41,3,22,0,3,0,24
55.8158,,1671,5.010989010989011,-50.81318681318681,14.32967032967033,88.13186813186813,8.395604395604396,2.4868123587038435,2310,1267,2743,2930,2141,1658,-100,-400,150,0,0,0,-34,-188,-115,-34,23,-100,121,123,121,124,120,122,40,42,42,42,40,41,0,16,2,1,0,24
55.8492,,1672,5.010989010989011,-51.69230769230769,15.208791208791208,88.04395604395604,8.395604395604396,2.4868123587038435,2309,1255,2745,2930,2141,1658,-50,-350,50,0,0,0,-30,-167,41,-34,23,-100,121,123,121,124,120,122,40,42,42,42,40,41,0,12,0,2,0,24
55.8826,,1673,5.010989010989011,-52.48351648351648,16.35164835164835,88.04395604395604,8.395604395604396,2.4868123587038435,2308,1243,2752,2930,2141,1658,0,-350,200,0,0,0,-30,-157,50,-37,23,-100,121,123,121,124,120,122,40,42,42,42,40,41,1,10,0,2,0,24
55.916,,1674,5.010989010989011,-53.27472527472528,17.75824175824176,88.04395604395604,8.395604395604396,2.4868123587038435,2308,1231,2759,2930,2141,1658,0,-350,200,0,0,0,-27,-136,-28,-37,23,-100,121,123,121,123,120,122,40,42,42,42,40,41,0,9,0,2,0,24
55.9494,,1675,5.010989010989011,-54.24175824175824,19.34065934065934,87.95604395604396,8.395604395604396,2.4868123587038435,2308,1221,2770,2930,2141,1658,0,-300,350,0,0,0,-27,-157,25,-37,23,-100,120,123,121,123,120,122,40,42,42,42,40,41,1,4,0,2,0,24
55.9828,,1676,5.010989010989011,-55.2967032967033,20.835164835164836,87.86813186813187,8.395604395604396,2.4868123587038435,2307,1210,2782,2930,2141,1658,-50,-300,350,0,0,0,-23,-158,131,-41,23,-100,120,123,121,123,120,122,40,42,42,42,40,41,1,9,0,3,0,24
56.0162,,1677,5.010989010989011,-56.43956043956044,22.24175824175824,87.86813186813187,8.395604395604396,2.4868123587038435,2307,1199,2797,2930,2141,1658,0,-300,450,0,0,0,-23,-65,43,-44,23,-100,120,123,121,123,120,122,40,42,42,42,40,41,1,14,0,4,0,24
56.0496,,1678,4.923076923076923,-57.582417582417584,23.560439560439562,87.86813186813187,8.395604395604396,2.4868123587038435,2307,1188,2814,2930,2141,1658,0,-350,500,0,0,0,-23,-156,32,-44,23,-100,120,123,121,123,120,122,40,42,42,42,40,41,1,16,0,3,0,24
