t,marker,frame_idx,goal_pos.shoulder_pan,goal_pos.shoulder_lift,goal_pos.elbow_flex,goal_pos.wrist_flex,goal_pos.wrist_roll,goal_pos.gripper,pos.shoulder_pan,pos.shoulder_lift,pos.elbow_flex,pos.wrist_flex,pos.wrist_roll,pos.gripper,vel.shoulder_pan,vel.shoulder_lift,vel.elbow_flex,vel.wrist_flex,vel.wrist_roll,vel.gripper,load.shoulder_pan,load.shoulder_lift,load.elbow_flex,load.wrist_flex,load.wrist_roll,load.gripper,volt.shoulder_pan,volt.shoulder_lift,volt.elbow_flex,volt.wrist_flex,volt.wrist_roll,volt.gripper,temp.shoulder_pan,temp.shoulder_lift,temp.elbow_flex,temp.wrist_flex,temp.wrist_roll,temp.gripper,curr.shoulder_pan,curr.shoulder_lift,curr.elbow_flex,curr.wrist_flex,curr.wrist_roll,curr.gripper
0.0,,0,-8.527472527472527,-80.52747252747253,91.86813186813187,69.84615384615384,5.670329670329671,2.4868123587038435,2112,604,3690,2723,2225,1472,0,0,0,0,0,0,0,0,0,0,0,0,122,124,122,125,121,124,44,47,46,46,46,49,0,0,0,0,0,0
0.0334,,1,-8.43956043956044,-80.52747252747253,91.86813186813187,69.84615384615384,5.670329670329671,2.4868123587038435,2112,604,3690,2723,2225,1472,0,0,0,0,0,0,97,97,-97,-49,-97,-41,121,124,122,125,121,123,45,47,46,46,46,49,13,11,9,3,14,2
0.0669,,2,-8.43956043956044,-80.52747252747253,91.86813186813187,69.84615384615384,5.670329670329671,2.4868123587038435,2118,609,3687,2723,2215,1472,50,100,-50,0,-150,0,80,299,-243,-37,-200,-34,121,123,121,124,120,123,44,47,46,46,46,49,22,42,46,2,48,2
0.1004,,3,-8.43956043956044,-80.52747252747253,91.86813186813187,69.84615384615384,5.670329670329671,2.4868123587038435,2128,634,3676,2723,2193,1472,300,650,-400,0,-600,0,-16,465,-188,-37,-244,-34,121,123,121,124,120,123,45,47,46,46,46,49,4,111,24,2,43,1
0.1339,,4,-8.43956043956044,-80.52747252747253,91.86813186813187,69.84615384615384,5.670329670329671,2.4868123587038435,2138,676,3670,2723,2169,1472,250,1250,-150,0,-750,0,65,477,-164,-37,-134,-34,120,123,121,123,120,122,44,47,46,46,46,49,1,150,29,2,16,2
0.1675,,5,-8.43956043956044,-80.52747252747253,91.86813186813187,69.84615384615384,5.670329670329671,2.4868123587038435,2141,726,3668,2723,2150,1472,200,1450,-150,0,-650,0,55,527,-153,-37,-83,-34,121,123,121,124,120,123,44,47,46,46,46,49,3,80,43,3,2,1
0.2011,,6,-8.43956043956044,-80.52747252747253,91.86813186813187,69.84615384615384,5.670329670329671,2.4868123587038435,2142,771,3667,2717,2136,1472,50,1550,0,-100,-450,0,51,363,-153,0,-108,-34,121,123,121,124,120,123,45,47,46,46,46,49,3,16,45,1,5,1
0.2346,,7,-8.43956043956044,-80.52747252747253,91.86813186813187,69.84615384615384,5.670329670329671,2.4868123587038435,2146,805,3665,2714,2128,1472,50,1200,-50,-250,-400,0,41,209,-143,27,-76,-34,121,123,121,124,120,123,45,47,46,46,46,49,2,2,50,0,1,1
0.2681,,8,-8.43956043956044,-80.52747252747253,91.86813186813187,69.84615384615384,5.670329670329671,2.4868123587038435,2147,825,3660,2712,2123,1472,50,750,-100,-50,-150,0,34,217,-129,34,-55,-34,121,123,121,124,121,123,44,47,46,46,46,49,2,13,24,2,5,1
0.3016,,9,-8.43956043956044,-80.52747252747253,91.78021978021978,69.84615384615384,5.670329670329671,2.4868123587038435,2148,835,3654,2712,2120,1472,50,400,-200,0,-100,0,30,174,-19,34,-44,-34,121,123,122,124,121,123,45,47,46,46,46,49,2,18,17,1,4,1
0.3351,,10,-8.43956043956044,-80.52747252747253,91.6923076923077,69.84615384615384,5.670329670329671,2.4868123587038435,2150,842,3650,2712,2117,1472,50,200,-150,0,-100,0,27,157,20,34,-34,-34,121,123,122,124,121,123,44,47,46,46,46,49,1,26,13,1,3,1
0.3686,,11,-8.43956043956044,-80.52747252747253,91.6043956043956,70.02197802197803,5.670329670329671,2.4868123587038435,2150,847,3647,2712,2117,1472,50,150,-100,0,0,0,23,136,-90,34,-34,-34,121,123,122,124,121,123,45,47,46,46,46,49,2,32,14,2,4,1
0.4021,,12,-8.43956043956044,-80.52747252747253,91.51648351648352,70.10989010989012,5.758241758241758,2.562170308967596,2150,850,3646,2712,2116,1472,0,100,-50,0,0,0,23,122,-86,41,-30,-34,121,123,122,124,121,123,44,47,46,46,46,49,0,29,12,3,3,1
0.4357,,13,-8.43956043956044,-80.52747252747253,91.42857142857143,70.10989010989012,5.846153846153846,2.562170308967596,2150,852,3646,2712,2116,1472,0,100,0,0,0,0,23,115,-90,44,-27,-30,121,123,121,124,121,123,44,47,46,46,46,49,1,28,18,4,2,0
0.4692,,14,-8.527472527472527,-80.52747252747253,91.16483516483517,70.10989010989012,5.846153846153846,2.562170308967596,2150,852,3646,2712,2116,1472,0,0,0,0,0,0,23,115,-93,44,-23,-30,121,123,121,124,121,123,44,47,46,47,46,49,2,30,20,4,1,0
0.5026,,15,-8.527472527472527,-80.52747252747253,90.54945054945055,70.02197802197803,5.934065934065934,2.562170308967596,2150,852,3645,2712,2116,1472,0,0,0,0,0,0,0,115,-104,44,-23,-30,121,123,121,124,121,123,45,47,46,46,46,49,0,31,29,4,1,1
0.5361,,16,-8.527472527472527,-80.52747252747253,89.23076923076923,70.02197802197803,5.934065934065934,2.562170308967596,2149,852,3644,2712,2116,1472,0,0,-50,0,0,0,23,115,-139,41,0,-30,121,123,121,124,121,123,45,47,46,46,46,49,1,31,33,3,0,0
0.5696,,17,-8.527472527472527,-80.43956043956044,87.47252747252747,70.02197802197803,5.934065934065934,2.562170308967596,2149,853,3640,2712,2116,1472,0,0,-100,0,0,0,23,111,-102,41,0,-30,121,123,121,124,120,123,44,47,46,46,46,49,0,28,46,2,0,1
0.6031,,18,-8.527472527472527,-80.17582417582418,85.27472527472527,70.10989010989012,6.021978021978022,2.562170308967596,2149,857,3632,2714,2121,1472,0,100,-200,50,50,0,23,-16,-228,34,-37,-30,121,123,121,124,120,123,44,47,46,46,46,49,1,22,60,3,9,1
0.6365,,19,-8.527472527472527,-79.47252747252747,82.98901098901099,70.10989010989012,6.021978021978022,2.562170308967596,2149,862,3622,2714,2120,1472,0,150,-250,0,-50,0,23,101,-290,37,-30,-30,121,123,121,124,120,123,45,47,46,46,46,49,1,17,88,2,3,0
0.67,,20,-8.615384615384615,-77.36263736263736,80.7032967032967,70.02197802197803,6.1098901098901095,2.562170308967596,2150,868,3610,2716,2123,1472,50,200,-350,50,100,0,23,127,-255,34,-37,-30,121,123,121,124,120,123,44,47,46,46,46,49,1,17,116,1,3,0
0.7035,,21,-8.791208791208792,-74.28571428571429,78.24175824175825,70.02197802197803,6.9010989010989015,2.562170308967596,2150,877,3596,2721,2124,1472,0,250,-450,200,50,0,0,180,-295,-23,-41,-30,121,123,121,124,120,122,45,47,46,46,46,49,0,19,137,0,4,0
0.737,,22,-9.142857142857142,-70.32967032967034,75.6043956043956,70.02197802197803,8.131868131868131,2.562170308967596,2149,891,3579,2722,2124,1472,-50,400,-500,0,0,0,0,255,-419,-27,109,-30,120,123,121,123,120,122,45,47,46,46,46,49,0,30,172,0,5,1
0.7706,,23,-9.142857142857142,-66.02197802197803,72.7032967032967,70.02197802197803,9.010989010989011,2.562170308967596,2149,911,3559,2722,2126,1472,0,550,-550,0,0,0,-34,332,-366,-27,85,-30,120,122,121,123,120,122,45,47,46,46,46,49,2,30,175,0,13,1
0.8041,,24,-8.967032967032967,-61.8021978021978,69.36263736263736,70.02197802197803,9.274725274725276,2.562170308967596,2146,940,3537,2722,2132,1472,-50,750,-600,0,150,0,-27,316,-414,-27,108,-30,120,122,120,123,119,122,44,47,46,46,46,49,1,54,175,0,14,0
0.8375,,25,-8.615384615384615,-58.1978021978022,65.84615384615384,70.10989010989012,9.274725274725276,2.562170308967596,2146,974,3510,2722,2138,1472,0,1050,-750,0,150,0,0,365,-453,-27,76,-30,120,122,120,123,119,122,45,47,46,46,46,49,0,52,183,0,2,0
0.8711,,26,-8.615384615384615,-55.2967032967033,62.15384615384615,70.1978021978022,9.274725274725276,2.562170308967596,2146,1010,3483,2722,2142,1472,0,1050,-800,0,150,0,30,387,-484,-23,58,-30,120,122,120,123,119,122,44,47,46,46,46,49,1,25,188,0,1,1
0.9047,,27,-8.615384615384615,-52.747252747252745,58.637362637362635,70.1978021978022,9.274725274725276,2.562170308967596,2147,1053,3451,2722,2145,1472,0,1200,-900,0,50,0,27,278,-516,0,44,-30,120,122,120,123,119,122,44,47,46,46,46,49,1,19,188,0,2,0
0.938,,28,-8.703296703296703,-50.46153846153846,55.2967032967033,70.1978021978022,9.274725274725276,2.562170308967596,2147,1094,3417,2722,2148,1472,0,1250,-1000,0,100,0,27,319,-534,0,-83,-30,120,122,120,123,119,122,44,47,46,46,46,49,1,10,203,0,1,0
0.9715,,29,-8.703296703296703,-48.26373626373626,52.57142857142857,70.10989010989012,9.274725274725276,2.562170308967596,2147,1130,3380,2722,2149,1472,0,1050,-1100,0,50,0,23,316,-563,0,30,-30,120,122,121,123,120,122,44,47,46,46,46,49,1,10,227,0,0,0
1.0051,,30,-8.703296703296703,-45.97802197802198,49.75824175824176,70.10989010989012,9.274725274725276,2.562170308967596,2147,1161,3344,2722,2150,1472,0,950,-1100,0,50,0,23,284,-546,-23,27,-30,120,122,121,123,120,122,45,47,46,46,46,49,1,6,144,0,2,0
1.0386,,31,-8.703296703296703,-43.34065934065934,47.120879120879124,70.10989010989012,9.274725274725276,2.562170308967596,2147,1193,3306,2722,2150,1472,0,950,-1100,0,0,0,23,257,-434,-23,27,-30,120,123,121,123,120,122,44,47,46,46,46,49,1,6,173,0,2,0
1.0721,,32,-8.615384615384615,-40.527472527472526,44.65934065934066,70.10989010989012,9.362637362637363,2.562170308967596,2147,1225,3271,2722,2150,1472,0,950,-1100,0,0,0,23,242,-498,-23,27,-30,120,123,121,123,120,122,44,47,46,46,46,49,1,1,159,0,2,1
1.1056,,33,-8.615384615384615,-37.714285714285715,42.46153846153846,70.02197802197803,9.45054945054945,2.562170308967596,2147,1255,3237,2722,2150,1472,0,900,-1000,0,0,0,27,242,-472,-23,30,-30,120,123,121,123,120,122,44,47,46,46,46,49,1,0,165,0,3,1
1.1391,,34,-8.615384615384615,-34.9010989010989,40.08791208791209,70.02197802197803,10.505494505494505,2.562170308967596,2147,1283,3205,2722,2150,1472,0,850,-1000,0,0,0,27,272,-473,-27,34,-30,120,123,121,123,120,122,45,47,46,46,46,49,1,5,142,0,4,0
1.1726,,35,-8.615384615384615,-31.912087912087912,37.8021978021978,70.02197802197803,12.351648351648352,2.562170308967596,2147,1315,3173,2722,2151,1472,0,900,-1000,0,0,0,27,271,-449,-27,-19,-30,121,123,121,123,120,122,44,47,46,46,46,49,2,4,140,0,9,1
1.2061,,36,-8.615384615384615,-29.01098901098901,35.69230769230769,70.02197802197803,14.285714285714286,2.562170308967596,2147,1347,3144,2722,2159,1472,0,950,-900,0,150,0,27,272,-429,-27,152,-30,120,123,121,123,120,122,44,47,46,46,46,49,2,12,132,0,16,1
1.2395,,37,-8.615384615384615,-26.54945054945055,33.67032967032967,70.02197802197803,15.604395604395604,2.562170308967596,2147,1379,3115,2722,2171,1472,0,950,-850,0,350,0,27,268,-405,-27,98,-30,120,123,121,123,120,122,45,47,46,46,46,49,2,2,148,1,13,0
1.273,,38,-8.527472527472527,-23.912087912087912,31.47252747252747,69.93406593406593,16.65934065934066,2.562170308967596,2147,1411,3089,2722,2186,1472,0,1000,-800,0,400,0,27,280,-417,-27,201,-30,120,123,121,123,120,122,45,47,46,46,46,49,2,1,128,1,18,0
1.3065,,39,-8.351648351648352,-21.626373626373628,29.274725274725274,69.93406593406593,17.36263736263736,2.562170308967596,2147,1444,3063,2722,2201,1472,0,1000,-750,0,450,0,30,265,-407,-30,95,-30,121,123,121,123,120,122,44,47,46,46,46,49,2,0,173,0,8,0
1.34,,40,-7.648351648351649,-19.516483516483518,26.9010989010989,69.93406593406593,17.53846153846154,2.562170308967596,2147,1477,3037,2722,2215,1472,0,1000,-750,0,400,0,37,234,-397,-30,58,-30,121,123,121,123,120,122,45,47,46,46,46,49,4,0,156,0,6,0
1.3735,,41,-6.153846153846154,-17.406593406593405,24.439560439560438,69.93406593406593,17.53846153846154,2.562170308967596,2147,1511,3012,2722,2225,1472,0,950,-750,0,400,0,79,198,-398,-30,97,-30,121,123,121,123,120,122,44,47,46,46,46,49,11,0,149,0,5,0
1.407,,42,-4.483516483516484,-14.945054945054945,21.274725274725274,69.93406593406593,17.53846153846154,2.562170308967596,2149,1542,2988,2722,2231,1472,0,1000,-750,0,200,0,144,159,-401,-30,72,-30,120,123,121,123,120,122,45,47,46,46,46,49,19,0,162,0,3,0
1.4404,,43,-2.10989010989011,-12.043956043956044,17.582417582417584,69.93406593406593,17.53846153846154,2.562170308967596,2156,1573,2961,2722,2236,1472,200,900,-750,0,100,0,198,174,-449,-30,58,-30,120,123,121,123,120,122,45,47,46,46,46,49,37,0,183,0,3,0
1.474,,44,0.967032967032967,-8.967032967032967,13.626373626373626,69.93406593406593,17.53846153846154,2.562170308967596,2167,1604,2933,2722,2239,1472,300,900,-850,0,100,0,166,171,-487,-30,44,-30,120,122,120,123,119,122,44,47,46,47,46,49,53,0,184,0,1,0
1.5075,,45,4.395604395604396,-5.978021978021978,9.846153846153847,69.93406593406593,17.53846153846154,2.562170308967596,2181,1635,2902,2722,2242,1472,400,900,-850,0,50,0,235,182,-530,-30,37,-30,120,122,120,123,119,122,45,47,46,46,46,49,67,0,222,0,2,1
1.541,,46,7.384615384615385,-2.901098901098901,5.8901098901098905,69.93406593406593,17.53846153846154,2.562170308967596,2200,1665,2870,2722,2243,1472,550,900,-1000,0,50,0,384,184,-559,-30,30,-30,120,122,120,123,119,122,44,47,46,46,46,49,69,0,237,0,2,0
1.5745,,47,10.373626373626374,0.08791208791208792,2.10989010989011,69.93406593406593,17.53846153846154,2.562170308967596,2226,1698,2832,2722,2245,1472,750,1000,-1100,0,0,0,330,186,-579,-30,27,-30,120,122,120,123,119,122,44,47,46,46,46,49,85,0,265,0,2,1
1.608,,48,13.098901098901099,2.8131868131868134,-1.4065934065934067,69.93406593406593,17.53846153846154,2.637528259231349,2254,1733,2793,2722,2246,1472,800,1000,-1150,0,50,0,368,209,-615,-30,23,-30,120,122,120,123,119,122,44,47,46,46,46,49,95,0,252,1,2,1
1.6415,,49,15.296703296703297,5.0989010989010985,-4.483516483516484,69.93406593406593,17.714285714285715,2.637528259231349,2284,1768,2752,2722,2246,1472,850,1000,-1200,0,0,0,376,193,-617,-30,0,-27,120,122,120,123,119,122,44,47,46,46,46,49,85,0,237,0,0,0
1.675,,50,16.967032967032967,7.384615384615385,-7.2967032967032965,69.93406593406593,17.802197802197803,2.637528259231349,2313,1802,2713,2722,2246,1472,950,1050,-1250,0,0,0,355,157,-510,-30,27,-27,120,122,120,123,119,122,45,47,46,46,46,49,72,0,210,0,2,0
1.7085,,51,18.54945054945055,9.054945054945055,-9.67032967032967,69.93406593406593,17.802197802197803,2.637528259231349,2345,1836,2672,2722,2248,1472,900,1000,-1200,0,0,0,305,124,-569,-30,23,-27,120,122,120,123,119,122,44,47,46,46,46,49,44,0,168,0,1,0
1.742,,52,19.956043956043956,10.461538461538462,-11.868131868131869,69.93406593406593,17.802197802197803,2.637528259231349,2373,1868,2634,2722,2248,1472,850,950,-1150,0,0,0,257,68,-525,-30,23,-27,120,122,120,123,120,122,44,47,46,46,46,49,53,0,178,0,1,0
1.7755,,53,20.923076923076923,11.604395604395604,-13.626373626373626,69.93406593406593,17.802197802197803,2.637528259231349,2399,1897,2599,2722,2249,1472,800,900,-1000,0,50,0,253,53,-522,-30,0,-27,120,123,121,123,120,122,44,47,46,46,46,49,26,0,199,1,0,0
1.809,,54,21.89010989010989,12.483516483516484,-15.208791208791208,69.84615384615384,17.89010989010989,2.637528259231349,2421,1918,2569,2722,2249,1472,700,750,-1000,0,0,0,194,-29,-472,-30,0,-27,120,123,121,123,120,122,44,47,46,46,46,49,21,2,203,1,0,0
1.8425,,55,22.857142857142858,13.274725274725276,-16.791208791208792,69.84615384615384,17.89010989010989,2.637528259231349,2441,1934,2541,2722,2250,1472,600,550,-900,0,0,0,158,51,-513,-34,23,-27,120,123,121,123,120,122,45,47,46,46,46,49,22,2,177,2,1,0
1.8759,,56,23.824175824175825,14.153846153846153,-18.54945054945055,69.84615384615384,17.89010989010989,2.637528259231349,2457,1945,2516,2722,2250,1472,500,300,-750,0,0,0,130,40,-396,-34,0,-27,121,123,121,123,120,122,44,47,46,46,46,49,18,0,173,1,0,0
1.9093,,57,24.703296703296704,15.12087912087912,-20.307692307692307,69.84615384615384,17.89010989010989,2.637528259231349,2471,1957,2493,2722,2250,1472,450,350,-700,0,0,0,227,0,-493,-34,0,-27,121,123,121,124,120,122,44,47,46,46,46,49,28,0,158,1,0,0
1.9428,,58,25.67032967032967,16.263736263736263,-22.065934065934066,69.84615384615384,17.89010989010989,2.637528259231349,2484,1969,2468,2722,2250,1472,350,350,-700,0,0,0,121,0,-472,-34,0,-27,121,123,121,124,120,122,44,47,46,46,46,49,30,1,154,1,0,0
1.9764,,59,26.725274725274726,17.23076923076923,-23.64835164835165,69.84615384615384,17.89010989010989,2.637528259231349,2495,1981,2446,2723,2250,1472,350,350,-700,0,0,0,119,0,-370,-37,0,-27,121,123,121,124,120,122,44,47,46,46,46,49,37,3,154,3,0,0
2.0099,,60,27.516483516483518,17.67032967032967,-24.615384615384617,69.84615384615384,17.89010989010989,2.637528259231349,2507,1992,2425,2723,2250,1472,350,350,-650,0,0,0,116,0,-354,-37,0,-27,121,123,121,123,120,122,45,47,46,46,46,49,41,0,156,2,0,0
2.0433,,61,27.956043956043956,17.406593406593405,-24.87912087912088,69.84615384615384,17.89010989010989,2.637528259231349,2517,2002,2407,2723,2250,1472,350,350,-550,0,0,0,92,-34,-305,-37,0,-27,121,123,121,123,120,122,44,47,46,46,46,49,38,15,150,2,0,0
2.0768,,62,27.956043956043956,16.791208791208792,-24.87912087912088,69.93406593406593,17.89010989010989,2.637528259231349,2527,2006,2391,2723,2250,1472,300,150,-450,0,0,0,176,-59,-350,-37,0,-27,121,123,121,124,120,123,44,47,46,46,46,49,25,23,115,2,0,0
2.1104,,63,27.78021978021978,15.296703296703297,-24.87912087912088,70.10989010989012,17.89010989010989,2.637528259231349,2536,2006,2381,2723,2250,1472,250,0,-300,0,0,0,44,-100,-308,-34,0,-27,121,123,121,124,120,123,45,47,46,46,46,49,20,20,109,1,0,0
2.1439,,64,27.252747252747252,13.098901098901099,-24.703296703296704,70.1978021978022,17.89010989010989,2.637528259231349,2542,2006,2374,2723,2250,1472,200,0,-250,0,0,0,97,-168,-277,-27,0,-27,121,123,121,124,120,123,44,47,46,46,46,49,14,46,113,0,0,0
2.1774,,65,26.9010989010989,11.252747252747254,-24.703296703296704,70.1978021978022,17.802197802197803,2.637528259231349,2545,2004,2367,2723,2250,1472,100,0,-200,0,0,0,57,-254,-245,-23,0,-27,121,123,121,124,120,123,45,47,46,46,46,49,7,109,80,0,0,0
2.2109,,66,25.934065934065934,8.967032967032967,-24.703296703296704,70.1978021978022,17.802197802197803,2.637528259231349,2545,2001,2363,2723,2250,1472,0,-50,-200,0,0,0,48,-313,-227,-23,0,-27,120,123,121,123,120,122,45,47,46,46,46,49,5,150,81,0,0,0
2.2444,,67,24.52747252747253,6.593406593406593,-24.703296703296704,70.1978021978022,17.802197802197803,2.637528259231349,2545,1996,2363,2723,2250,1472,0,-150,0,0,0,0,-49,-391,-227,-23,0,-27,120,122,120,123,120,122,45,47,46,46,46,49,4,265,113,0,0,0
2.2779,,68,23.208791208791208,4.3076923076923075,-24.703296703296704,70.28571428571429,17.802197802197803,2.637528259231349,2542,1985,2363,2723,2250,1472,-100,-250,0,0,0,0,-99,-370,-227,-23,0,-27,120,122,120,123,119,122,44,47,46,47,46,49,9,241,110,0,0,0
2.3114,,69,21.626373626373628,2.197802197802198,-24.615384615384617,70.37362637362638,17.802197802197803,2.637528259231349,2535,1970,2363,2723,2250,1472,-150,-400,0,0,0,0,-128,-408,-227,0,0,-27,120,122,120,123,119,121,45,47,46,46,46,49,9,262,110,0,0,0
2.3448,,70,20.043956043956044,0.08791208791208792,-24.615384615384617,70.37362637362638,17.802197802197803,2.637528259231349,2527,1952,2362,2723,2250,1472,-250,-500,-50,0,0,0,-161,-511,-220,0,0,-27,120,122,120,122,119,121,45,47,46,46,46,49,7,253,105,0,0,0
2.3782,,71,18.197802197802197,-1.8461538461538463,-24.52747252747253,70.46153846153847,17.802197802197803,2.637528259231349,2515,1929,2362,2723,2250,1472,-350,-650,0,0,0,0,-91,-511,-220,0,0,-27,120,122,120,122,119,121,44,47,46,46,46,49,7,262,104,0,0,0
2.4116,,72,16.175824175824175,-3.5164835164835164,-24.52747252747253,70.46153846153847,17.53846153846154,2.637528259231349,2501,1904,2362,2723,2250,1472,-400,-750,0,0,0,0,-134,-440,-217,0,0,-27,120,122,120,123,119,122,45,47,46,46,46,49,29,204,100,0,0,0
2.4451,,73,14.065934065934066,-5.010989010989011,-24.52747252747253,70.54945054945055,17.36263736263736,2.637528259231349,2486,1880,2360,2723,2249,1472,-450,-700,-50,0,-50,0,-159,-412,-213,0,-23,-27,120,122,120,123,119,122,45,47,46,46,46,49,24,182,81,0,2,0
2.4786,,74,11.692307692307692,-6.5054945054945055,-24.52747252747253,70.54945054945055,17.36263736263736,2.4868123587038435,2468,1855,2359,2723,2249,1472,-500,-700,-50,0,0,0,-265,-375,-206,23,-30,-27,120,122,120,123,119,122,44,47,46,46,46,49,29,158,92,0,3,0
2.512,,75,9.23076923076923,-7.824175824175824,-24.52747252747253,70.54945054945055,17.274725274725274,2.4868123587038435,2448,1831,2359,2723,2249,1472,-550,-750,0,0,0,0,-201,-430,-206,23,-30,-34,120,122,120,123,119,122,45,47,46,46,46,49,34,139,92,0,3,1
2.5454,,76,6.681318681318682,-8.967032967032967,-24.52747252747253,70.54945054945055,17.274725274725274,2.4868123587038435,2425,1808,2359,2723,2249,1472,-650,-650,0,0,0,0,-215,-392,-206,23,-34,-34,120,122,120,123,120,122,44,47,46,47,46,49,37,136,92,0,3,2
2.5789,,77,4.131868131868132,-9.934065934065934,-24.439560439560438,70.54945054945055,17.186813186813186,2.4868123587038435,2401,1789,2359,2723,2249,1472,-750,-600,0,0,0,0,-336,-308,-206,23,-34,-34,120,122,120,123,120,122,44,47,46,47,46,49,27,113,92,0,3,1
2.6123,,78,1.4065934065934067,-10.813186813186814,-24.439560439560438,70.63736263736264,17.0989010989011,2.4868123587038435,2374,1771,2359,2723,2249,1472,-800,-600,0,0,0,0,-339,-271,-203,23,-37,-34,120,123,121,123,120,122,44,47,46,47,46,49,23,100,91,0,4,1
2.6458,,79,-1.4945054945054945,-11.516483516483516,-24.35164835164835,71.07692307692308,17.0989010989011,2.4868123587038435,2345,1755,2359,2723,2249,1472,-850,-450,0,0,0,0,-254,-244,-203,27,-41,-34,120,123,121,123,120,122,44,47,46,47,46,49,22,97,91,0,4,1
2.6793,,80,-4.571428571428571,-11.780219780219781,-24.35164835164835,72.65934065934066,17.0989010989011,2.4868123587038435,2316,1740,2359,2724,2249,1472,-850,-450,0,0,0,0,-262,-203,-199,41,-41,-34,120,123,121,123,120,122,45,47,46,47,46,49,30,98,86,3,4,1
2.7128,,81,-7.736263736263736,-11.868131868131869,-24.35164835164835,74.94505494505495,17.0989010989011,2.4868123587038435,2288,1728,2359,2728,2248,1472,-850,-400,0,150,-50,0,-299,-180,-199,102,-41,-34,121,123,121,123,120,122,45,47,46,46,46,49,23,84,87,10,4,1
2.7463,,82,-11.604395604395604,-11.692307692307692,-24.35164835164835,77.93406593406593,17.0989010989011,2.4868123587038435,2258,1718,2359,2738,2248,1472,-900,-300,0,200,0,0,-316,-227,-199,186,-37,-34,121,123,121,124,120,122,45,47,46,46,46,49,22,58,87,17,4,1
2.7798,,83,-15.472527472527473,-11.340659340659341,-24.35164835164835,80.74725274725274,17.01098901098901,2.4868123587038435,2226,1711,2359,2753,2248,1472,-950,-200,0,450,0,0,-348,-104,-199,244,-37,-34,121,123,121,124,120,122,45,47,46,46,46,49,26,46,87,21,4,0
2.8133,,84,-18.813186813186814,-11.076923076923077,-24.35164835164835,83.38461538461539,17.01098901098901,2.4868123587038435,2192,1707,2359,2776,2248,1472,-1000,-200,0,550,0,0,-373,-72,-199,191,-41,-34,121,123,121,124,120,122,44,47,46,46,46,49,20,42,88,18,4,1
2.8468,,85,-22.153846153846153,-10.637362637362637,-24.35164835164835,85.58241758241758,17.01098901098901,2.4868123587038435,2155,1707,2359,2800,2248,1472,-1050,-50,0,700,0,0,-376,-146,-199,295,-41,-34,121,123,121,124,120,122,45,47,46,46,46,49,37,45,87,16,4,1
2.8802,,86,-25.494505494505493,-10.021978021978022,-24.35164835164835,87.42857142857143,17.01098901098901,2.4868123587038435,2116,1707,2359,2827,2248,1472,-1150,0,0,800,0,0,-396,-116,-199,229,-41,-34,121,123,121,124,120,123,45,47,46,46,46,49,34,36,89,12,4,1
2.9137,,87,-28.307692307692307,-9.494505494505495,-24.263736263736263,88.92307692307692,17.01098901098901,2.4868123587038435,2074,1707,2359,2852,2248,1472,-1200,0,0,750,0,0,-389,-88,-199,293,-41,-34,121,123,121,124,120,123,44,47,46,46,46,49,16,22,88,5,4,1
2.9472,,88,-30.593406593406595,-8.615384615384615,-24.263736263736263,90.41758241758242,17.01098901098901,2.4868123587038435,2036,1707,2359,2877,2248,1472,-1200,0,0,750,0,0,-358,-74,-196,255,-41,-34,121,123,121,124,120,123,45,47,46,47,46,49,14,14,84,4,4,1
2.9807,,89,-32.527472527472526,-7.384615384615385,-24.263736263736263,92.0,17.01098901098901,2.4868123587038435,1998,1707,2359,2899,2248,1472,-1150,0,0,650,0,0,-313,-30,-196,140,-41,-34,121,123,121,124,120,123,45,47,46,46,46,49,3,3,84,5,5,1
3.0142,,90,-34.1978021978022,-5.626373626373627,-24.263736263736263,93.67032967032966,17.01098901098901,2.562170308967596,1963,1708,2359,2920,2248,1472,-1050,0,0,600,0,0,-260,49,-196,214,-41,-34,121,123,121,124,120,123,44,47,46,46,46,49,3,1,84,11,4,1
3.0477,,91,-35.42857142857143,-3.6043956043956045,-24.263736263736263,95.6923076923077,17.01098901098901,2.562170308967596,1930,1715,2359,2939,2248,1472,-1000,150,0,550,0,0,-247,113,-196,237,-41,-30,121,123,122,124,121,123,44,47,46,46,46,49,0,1,85,14,4,0
3.0812,,92,-36.395604395604394,-1.2307692307692308,-24.263736263736263,97.45054945054945,17.01098901098901,2.562170308967596,1902,1728,2358,2958,2248,1472,-800,300,0,550,0,0,-269,67,-192,159,-41,-30,121,123,121,124,121,123,45,47,46,46,46,49,3,0,83,10,4,0
3.1147,,93,-36.48351648351648,1.4945054945054945,-24.175824175824175,98.5934065934066,17.01098901098901,2.562170308967596,1880,1744,2356,2978,2248,1472,-800,450,-50,600,0,0,-122,101,-189,240,-41,-30,121,123,121,124,121,123,44,47,46,46,46,49,0,0,74,5,4,0
3.1481,,94,-36.48351648351648,4.483516483516484,-24.175824175824175,99.73626373626374,17.0989010989011,2.562170308967596,1861,1765,2355,2998,2248,1472,-650,550,-50,600,0,0,-33,217,-178,201,-41,-30,121,123,122,124,121,123,45,47,46,46,46,49,0,0,68,3,4,0
3.1815,,95,-36.48351648351648,7.208791208791209,-24.175824175824175,100.61538461538461,17.0989010989011,2.562170308967596,1848,1792,2354,3015,2248,1472,-400,750,0,500,0,0,-72,153,-174,127,-37,-30,121,123,122,124,121,123,45,47,46,46,46,49,0,0,71,6,4,0
3.215,,96,-36.48351648351648,10.021978021978022,-24.175824175824175,101.14285714285714,17.274725274725274,2.562170308967596,1843,1820,2354,3026,2248,1472,-150,850,0,350,0,0,-55,269,-174,58,-37,-30,121,124,122,124,121,123,44,47,46,46,46,49,2,0,69,4,4,0
3.2486,,97,-36.48351648351648,12.923076923076923,-24.175824175824175,101.14285714285714,17.45054945054945,2.562170308967596,1840,1851,2354,3035,2248,1472,-150,950,0,250,0,0,-41,180,-174,111,-30,-30,121,124,122,124,121,123,45,47,46,46,46,49,0,0,69,7,3,1
3.2821,,98,-36.30769230769231,15.912087912087912,-24.263736263736263,101.14285714285714,17.45054945054945,2.562170308967596,1839,1885,2354,3039,2248,1472,-50,1000,0,200,0,0,-37,174,-174,-27,-23,-30,121,124,122,124,121,123,45,47,46,46,46,49,1,0,69,7,2,1
3.3156,,99,-36.043956043956044,18.63736263736264,-24.35164835164835,101.14285714285714,17.626373626373628,2.4868123587038435,1838,1920,2354,3039,2248,1472,-50,1000,0,0,0,0,-27,165,-178,90,-23,-30,121,124,122,124,121,123,45,47,46,46,46,49,2,0,73,15,2,0
3.3491,,100,-35.69230769230769,21.0989010989011,-24.52747252747253,100.87912087912088,17.714285714285715,2.4868123587038435,1839,1953,2354,3039,2248,1472,0,1050,0,0,0,0,-105,181,-181,90,0,-34,121,124,122,124,121,123,44,47,46,46,46,49,1,0,74,18,0,1
3.3826,,101,-34.46153846153846,23.296703296703296,-24.615384615384617,100.7032967032967,17.714285714285715,2.4868123587038435,1840,1988,2354,3039,2248,1472,0,1000,0,0,0,0,30,153,-189,90,0,-34,121,124,122,124,121,123,45,47,46,46,46,49,2,0,80,19,0,1
3.4161,,102,-32.61538461538461,25.23076923076923,-24.791208791208792,100.43956043956044,17.626373626373628,2.4868123587038435,1841,2021,2353,3039,2248,1472,50,1050,0,0,0,0,99,122,-189,90,0,-34,121,124,122,124,121,123,45,47,46,46,46,49,12,0,77,19,0,1
3.4496,,103,-30.681318681318682,26.46153846153846,-24.791208791208792,99.73626373626374,17.626373626373628,2.4868123587038435,1843,2052,2353,3039,2248,1472,50,950,0,0,0,0,162,81,-196,90,0,-34,121,123,121,124,121,123,44,47,46,47,46,49,19,0,85,19,0,1
3.4832,,104,-28.13186813186813,27.164835164835164,-24.791208791208792,98.68131868131869,17.626373626373628,2.4868123587038435,1853,2080,2353,3039,2247,1472,250,850,0,0,-50,0,204,-19,-196,79,0,-34,121,123,121,124,121,123,45,47,46,46,46,49,23,0,85,14,0,1
3.5167,,105,-24.703296703296704,27.252747252747252,-24.791208791208792,97.18681318681318,17.626373626373628,2.4868123587038435,1867,2100,2353,3039,2247,1472,400,650,0,0,0,0,268,-49,-196,-21,0,-34,121,123,121,124,121,123,44,47,46,46,46,49,50,10,84,5,0,1
3.5502,,106,-21.0989010989011,27.076923076923077,-24.791208791208792,95.34065934065934,17.626373626373628,2.4868123587038435,1883,2113,2353,3039,2247,1472,500,350,0,0,0,0,254,-118,-196,-81,0,-34,121,123,121,124,120,123,45,47,46,46,46,49,64,7,84,6,0,1
3.5837,,107,-17.318681318681318,26.725274725274726,-24.791208791208792,93.58241758241758,17.714285714285715,2.4868123587038435,1904,2118,2353,3035,2248,1472,600,250,0,-100,0,0,320,-65,-196,-145,0,-34,121,123,121,124,120,123,45,47,46,46,46,49,79,22,84,12,0,1
3.6172,,108,-13.538461538461538,26.46153846153846,-24.791208791208792,91.82417582417582,17.714285714285715,2.4868123587038435,1930,2119,2353,3025,2248,1472,750,0,0,-300,0,0,375,-83,-196,-179,0,-34,121,123,121,124,120,123,44,47,46,46,46,49,80,18,84,10,0,1
3.6507,,109,-9.846153846153847,26.285714285714285,-24.87912087912088,90.32967032967034,17.714285714285715,2.4868123587038435,1961,2119,2353,3013,2248,1472,850,0,0,-350,0,0,414,-93,-196,-118,0,-34,121,123,121,124,120,122,45,47,46,46,46,49,111,21,84,18,0,1
3.6841,,110,-6.329670329670329,26.285714285714285,-24.87912087912088,88.92307692307692,17.714285714285715,2.4868123587038435,1994,2119,2353,2996,2248,1472,950,0,0,-500,0,0,461,-101,-199,-138,0,-34,120,123,121,123,120,122,45,47,46,46,46,49,112,24,87,10,0,1
3.7176,,111,-2.901098901098901,26.197802197802197,-24.87912087912088,87.78021978021978,17.626373626373628,2.4868123587038435,2031,2119,2353,2980,2248,1472,1050,0,0,-500,0,0,481,-101,-199,-129,0,-34,120,123,121,123,120,122,45,47,46,46,46,49,98,23,86,7,0,2
3.7511,,112,0.0,25.934065934065934,-24.87912087912088,86.54945054945055,17.626373626373628,2.4868123587038435,2068,2119,2353,2964,2248,1472,1150,0,0,-450,0,0,478,-104,-199,-194,0,-34,120,123,121,123,120,122,45,47,46,46,46,49,119,25,87,12,0,1
3.7846,,113,2.989010989010989,25.23076923076923,-24.87912087912088,85.4065934065934,17.626373626373628,2.4868123587038435,2108,2119,2353,2948,2248,1472,1200,0,0,-450,0,0,458,-115,-199,-99,0,-34,120,123,121,123,120,122,45,47,46,46,46,49,82,30,87,13,0,1
3.8181,,114,5.802197802197802,24.439560439560438,-24.87912087912088,84.35164835164835,17.626373626373628,2.4868123587038435,2149,2119,2353,2935,2248,1472,1150,0,0,-400,0,0,429,-151,-199,-115,0,-34,121,123,121,124,120,122,44,47,46,46,46,49,85,49,86,23,0,1
3.8516,,115,8.43956043956044,23.296703296703296,-24.87912087912088,83.2967032967033,17.626373626373628,2.4868123587038435,2188,2119,2353,2920,2248,1472,1150,0,0,-400,0,0,347,-195,-199,-187,0,-34,120,123,121,123,120,122,45,47,46,46,46,49,57,74,87,12,0,1
3.8852,,116,10.637362637362637,21.978021978021978,-24.87912087912088,82.50549450549451,17.53846153846154,2.4868123587038435,2223,2119,2353,2907,2249,1472,1100,0,0,-400,50,0,317,-246,-199,-179,0,-34,120,123,121,123,120,122,45,47,46,46,46,49,58,110,87,14,0,1
3.9187,,117,12.571428571428571,20.483516483516482,-24.87912087912088,82.15384615384616,17.53846153846154,2.4868123587038435,2259,2119,2353,2894,2249,1472,1050,0,0,-350,0,0,362,-296,-199,-66,-23,-34,120,122,121,123,120,122,44,47,46,46,46,49,46,164,87,6,1,1
3.9522,,118,13.89010989010989,18.725274725274726,-24.87912087912088,82.06593406593407,17.626373626373628,2.4868123587038435,2292,2119,2353,2884,2249,1472,1000,0,0,-400,0,0,317,-357,-199,-115,-23,-34,120,122,120,123,119,122,45,47,46,46,46,49,39,252,86,3,1,1
3.9856,,119,14.417582417582418,16.615384615384617,-24.791208791208792,82.24175824175825,17.714285714285715,2.4868123587038435,2322,2113,2353,2877,2249,1472,900,-100,0,-250,0,0,248,-410,-199,-97,0,-34,120,122,120,123,119,122,44,47,46,46,46,49,36,302,85,1,0,1
4.019,,120,14.68131868131868,14.32967032967033,-24.703296703296704,82.41758241758242,17.802197802197803,2.4868123587038435,2346,2103,2353,2873,2249,1472,800,-300,0,-100,0,0,193,-471,-196,-72,0,-34,120,122,120,123,119,121,44,47,46,46,46,49,16,268,83,1,0,1
4.0525,,121,14.68131868131868,11.428571428571429,-24.52747252747253,82.5934065934066,17.802197802197803,2.4868123587038435,2366,2088,2353,2871,2249,1472,700,-350,0,-100,0,0,114,-422,-192,-55,0,-34,120,122,120,122,119,121,45,47,46,46,46,49,7,282,80,2,0,2
4.086,,122,14.593406593406593,8.175824175824175,-24.439560439560438,82.68131868131869,17.802197802197803,2.4868123587038435,2381,2067,2353,2870,2249,1472,450,-550,0,-50,0,0,143,-549,-185,-44,0,-34,120,122,120,122,119,121,45,47,46,47,46,49,1,265,74,3,0,1
4.1195,,123,14.153846153846153,4.835164835164835,-24.439560439560438,82.68131868131869,17.802197802197803,2.4868123587038435,2391,2042,2353,2870,2249,1472,350,-700,0,0,0,0,-20,-586,-181,-41,0,-34,120,122,120,122,119,121,45,47,46,46,46,49,1,267,71,2,0,0
4.153,,124,13.714285714285714,1.3186813186813187,-24.439560439560438,82.68131868131869,17.714285714285715,2.4868123587038435,2397,2016,2353,2870,2250,1472,150,-850,0,0,50,0,48,-634,-181,-41,0,-34,120,122,120,122,119,121,45,47,46,46,46,49,0,296,71,3,0,1
4.1864,,125,13.45054945054945,-2.197802197802198,-24.439560439560438,82.68131868131869,17.714285714285715,2.4868123587038435,2398,1984,2353,2870,2250,1472,100,-900,0,0,0,0,28,-575,-181,-41,0,-34,120,122,120,122,119,121,44,47,46,46,46,49,1,306,72,3,0,1
4.22,,126,12.571428571428571,-5.626373626373627,-24.439560439560438,82.68131868131869,17.714285714285715,2.4868123587038435,2397,1948,2353,2870,2250,1472,0,-1050,0,0,0,0,30,-501,-181,-41,0,-34,120,122,120,122,119,121,45,47,46,46,46,49,1,285,72,2,0,1
4.2533,,127,11.780219780219781,-8.43956043956044,-24.439560439560438,82.68131868131869,17.714285714285715,2.4868123587038435,2396,1910,2353,2870,2250,1472,-50,-1100,0,0,0,0,-53,-591,-181,-41,0,-34,120,122,120,123,119,121,45,47,46,46,46,49,2,265,72,3,0,1
4.2868,,128,11.692307692307692,-11.252747252747254,-24.35164835164835,82.68131868131869,17.714285714285715,2.4868123587038435,2393,1872,2353,2870,2250,1472,-50,-1150,0,0,0,0,-61,-477,-181,-41,0,-34,120,122,120,123,119,121,45,47,46,46,46,49,5,254,73,2,0,1
4.3202,,129,11.692307692307692,-13.89010989010989,-24.35164835164835,82.68131868131869,17.36263736263736,2.4868123587038435,2389,1833,2353,2870,2250,1472,-100,-1150,0,0,0,0,-48,-571,-178,-41,0,-34,120,122,120,123,119,122,44,47,46,46,46,49,2,183,71,3,0,2
4.3536,,130,11.692307692307692,-16.439560439560438,-24.35164835164835,82.68131868131869,17.36263736263736,2.4868123587038435,2385,1792,2353,2870,2249,1472,-100,-1150,0,0,-50,0,-34,-532,-178,-41,-31,-34,120,122,120,123,119,122,44,47,46,46,46,49,1,175,70,4,4,1
4.387,,131,11.692307692307692,-18.725274725274726,-24.35164835164835,82.68131868131869,17.36263736263736,2.4868123587038435,2383,1756,2353,2870,2249,1472,-100,-1150,0,0,0,0,-27,-494,-178,-41,-30,-34,120,122,120,123,120,122,45,47,46,46,46,49,3,162,70,3,3,1
4.4204,,132,11.692307692307692,-20.923076923076923,-24.35164835164835,82.68131868131869,17.274725274725274,2.4868123587038435,2382,1719,2353,2870,2249,1472,-50,-1100,0,0,0,0,0,-362,-178,-41,-30,-34,120,123,121,123,120,122,45,47,46,46,46,49,0,107,70,3,3,1
4.4539,,133,11.692307692307692,-23.12087912087912,-24.35164835164835,82.68131868131869,17.186813186813186,2.4868123587038435,2382,1684,2353,2870,2249,1472,0,-1050,0,0,0,0,0,-405,-178,-41,-34,-34,121,123,121,123,120,122,45,47,46,46,46,49,0,103,70,3,3,1
4.4874,,134,11.692307692307692,-25.054945054945055,-24.35164835164835,82.68131868131869,17.186813186813186,2.4868123587038435,2382,1652,2353,2870,2249,1472,0,-1000,0,0,0,0,0,-410,-178,-41,-37,-34,121,123,121,124,120,123,44,47,46,46,46,49,0,90,70,3,4,1
4.5208,,135,11.692307692307692,-26.9010989010989,-24.35164835164835,82.68131868131869,17.0989010989011,2.4868123587038435,2382,1621,2353,2870,2249,1472,0,-950,0,0,0,0,0,-370,-178,-41,-37,-34,121,123,121,124,120,123,45,47,46,46,46,49,0,76,71,3,4,1
4.5542,,136,11.692307692307692,-28.65934065934066,-24.35164835164835,82.68131868131869,17.01098901098901,2.4868123587038435,2382,1592,2353,2870,2249,1472,0,-900,0,0,0,0,0,-331,-178,-41,-41,-34,121,123,121,124,120,123,45,47,46,46,46,49,0,94,70,3,4,1
4.5876,,137,11.692307692307692,-30.417582417582416,-24.35164835164835,82.68131868131869,17.01098901098901,2.4868123587038435,2382,1564,2353,2870,2249,1472,0,-850,0,0,0,0,0,-294,-178,-41,-44,-34,121,123,121,124,120,123,45,47,46,46,46,49,0,79,70,3,6,0
4.621,,138,11.692307692307692,-31.912087912087912,-24.35164835164835,82.68131868131869,17.01098901098901,2.4868123587038435,2382,1539,2353,2870,2249,1472,0,-800,0,0,0,0,0,-303,-178,-41,-44,-34,121,123,121,124,120,123,45,47,46,46,46,49,0,66,71,4,5,1
4.6544,,139,11.692307692307692,-33.23076923076923,-24.35164835164835,82.68131868131869,16.923076923076923,2.4868123587038435,2382,1514,2353,2870,2248,1472,0,-750,0,0,0,0,0,-264,-178,-41,-41,-34,121,123,121,124,120,123,45,47,46,46,46,49,0,52,71,3,4,1
4.6877,,140,11.692307692307692,-34.1978021978022,-24.35164835164835,82.76923076923077,16.923076923076923,2.4868123587038435,2382,1490,2353,2870,2248,1472,0,-750,0,0,0,0,0,-227,-178,-41,-44,-34,121,123,121,124,121,123,45,47,46,46,46,49,0,57,71,4,5,1
4.7211,,141,11.692307692307692,-34.637362637362635,-24.263736263736263,82.76923076923077,16.923076923076923,2.4868123587038435,2382,1470,2352,2870,2248,1472,0,-650,0,0,0,0,0,-259,-178,-37,-44,-34,121,123,121,124,121,123,45,47,46,47,46,49,0,33,63,2,5,1
4.7545,,142,11.692307692307692,-34.637362637362635,-24.263736263736263,83.03296703296704,16.923076923076923,2.4868123587038435,2382,1451,2352,2870,2248,1472,0,-550,0,0,0,0,0,-192,-171,-37,-44,-34,121,123,121,124,121,123,45,47,46,46,46,49,0,21,64,2,5,1
4.7879,,143,11.692307692307692,-34.37362637362637,-24.263736263736263,83.64835164835165,16.923076923076923,2.562170308967596,2382,1438,2352,2870,2248,1472,0,-450,0,0,0,0,0,-157,-171,-27,-44,-34,121,124,122,124,121,123,44,47,46,46,46,49,0,8,66,0,4,1
4.8214,,144,11.604395604395604,-33.75824175824176,-24.175824175824175,84.26373626373626,16.835164835164836,2.562170308967596,2382,1428,2352,2871,2248,1472,0,-300,0,50,0,0,0,-104,-171,41,-44,-30,121,124,122,124,121,123,45,47,46,46,46,49,0,7,66,1,5,1
4.8549,,145,11.516483516483516,-32.61538461538461,-24.175824175824175,84.7032967032967,16.835164835164836,2.562170308967596,2382,1423,2351,2873,2248,1472,0,-250,0,0,0,0,-23,-46,-167,59,-48,-30,121,124,122,124,121,123,45,47,46,46,46,49,1,2,63,4,6,0
4.8883,,146,10.813186813186814,-31.208791208791208,-24.175824175824175,84.79120879120879,16.571428571428573,2.562170308967596,2382,1420,2351,2877,2248,1472,0,-100,-50,100,0,0,-27,115,-164,48,-48,-30,121,124,122,124,121,123,45,47,46,46,46,49,2,13,60,1,6,2
4.9217,,147,9.406593406593407,-29.714285714285715,-24.175824175824175,84.7032967032967,15.780219780219781,2.562170308967596,2382,1419,2351,2881,2248,1472,0,-100,0,100,0,0,-63,29,-164,41,-58,-30,121,123,122,124,121,123,45,47,46,46,46,49,10,15,60,0,9,0
4.9552,,148,7.736263736263736,-28.13186813186813,-24.175824175824175,84.7032967032967,14.813186813186814,2.562170308967596,2378,1429,2351,2884,2247,1472,-100,300,0,50,0,0,-126,159,-164,27,-112,-30,121,123,122,124,121,123,45,47,46,46,46,49,13,10,59,1,20,1
4.9887,,149,5.8901098901098905,-26.46153846153846,-24.175824175824175,84.79120879120879,13.934065934065934,2.562170308967596,2369,1439,2349,2886,2241,1472,-150,300,0,50,-150,0,-170,184,-160,0,-132,-30,121,123,122,124,121,123,45,47,46,46,46,49,19,18,57,0,12,1
5.0221,,150,3.78021978021978,-25.054945054945055,-24.175824175824175,84.79120879120879,13.054945054945055,2.562170308967596,2354,1451,2346,2886,2233,1472,-450,350,-100,0,-200,0,-191,204,-146,0,-45,-30,121,123,122,124,121,123,45,47,46,46,46,49,16,25,41,0,17,0
5.0556,,151,1.2307692307692308,-23.824175824175825,-24.175824175824175,84.79120879120879,12.43956043956044,2.562170308967596,2337,1466,2343,2886,2224,1472,-500,400,-100,0,-250,0,-124,114,-136,0,-46,-30,121,123,122,124,121,123,45,47,46,46,46,49,12,16,38,0,16,0
5.089,,152,-1.5824175824175823,-22.681318681318682,-24.175824175824175,84.79120879120879,11.912087912087912,2.562170308967596,2319,1482,2341,2886,2216,1472,-500,450,-50,0,-250,0,-172,215,-129,0,-139,-30,121,123,122,124,121,123,45,47,46,46,46,49,18,17,34,0,20,0
5.1224,,153,-5.010989010989011,-21.45054945054945,-24.175824175824175,84.79120879120879,11.648351648351648,2.562170308967596,2298,1502,2339,2886,2208,1472,-600,600,-50,0,-250,0,-210,103,-125,0,-125,-30,121,124,122,124,121,123,45,47,46,46,46,49,24,7,33,0,19,1
5.1559,,154,-8.615384615384615,-20.21978021978022,-24.175824175824175,84.79120879120879,11.648351648351648,2.562170308967596,2274,1519,2339,2886,2202,1472,-650,600,-50,0,-250,0,-342,167,-122,0,-97,-30,121,123,122,124,121,123,44,47,46,46,46,49,29,6,34,0,8,0
5.1893,,155,-12.395604395604396,-18.9010989010989,-24.175824175824175,84.79120879120879,11.648351648351648,2.562170308967596,2246,1533,2339,2886,2197,1472,-750,350,0,0,-150,0,-298,75,-122,0,-79,-30,121,124,122,124,121,123,45,47,46,46,46,49,24,3,35,0,5,1
5.2228,,156,-15.736263736263735,-17.406593406593405,-24.175824175824175,84.79120879120879,11.648351648351648,2.562170308967596,2218,1548,2339,2886,2194,1472,-850,450,0,0,-50,0,-337,68,-122,0,-65,-30,121,124,122,124,121,123,45,47,46,46,46,49,39,5,34,0,5,0
5.2563,,157,-19.164835164835164,-16.0,-24.175824175824175,84.79120879120879,11.648351648351648,2.562170308967596,2182,1567,2340,2886,2191,1472,-1050,500,0,0,-100,0,-369,177,-122,0,-58,-30,121,124,122,124,121,123,44,47,46,46,46,49,38,1,35,0,7,0
5.2897,,158,-22.857142857142858,-15.12087912087912,-24.175824175824175,84.79120879120879,11.648351648351648,2.562170308967596,2146,1590,2341,2886,2189,1472,-1050,650,0,0,-50,0,-378,151,-125,0,-51,-30,121,124,122,124,121,123,45,47,46,46,46,49,42,0,36,0,6,0
5.3231,,159,-26.46153846153846,-14.68131868131868,-24.175824175824175,84.79120879120879,11.648351648351648,2.562170308967596,2112,1611,2341,2886,2188,1472,-1100,750,50,0,-50,0,-390,87,-129,0,-44,-30,121,124,122,124,121,123,45,47,46,46,46,49,47,0,37,0,5,0
5.3566,,160,-29.89010989010989,-14.593406593406593,-24.175824175824175,84.79120879120879,11.648351648351648,2.562170308967596,2075,1626,2341,2886,2187,1472,-1100,400,0,0,-50,0,-403,34,-129,0,-41,-30,121,124,122,124,121,123,44,47,46,47,46,49,54,1,38,0,6,0
5.39,,161,-32.967032967032964,-14.593406593406593,-24.175824175824175,84.79120879120879,11.648351648351648,2.562170308967596,2035,1635,2341,2886,2186,1472,-1150,350,0,0,0,0,-398,-34,-129,0,-37,-30,121,123,122,124,121,123,45,47,46,46,46,49,43,4,38,0,4,0
5.4234,,162,-35.956043956043956,-14.76923076923077,-24.175824175824175,84.79120879120879,11.648351648351648,2.562170308967596,1994,1638,2341,2886,2186,1472,-1200,100,0,0,0,0,-413,-44,-129,0,-37,-30,121,124,122,124,121,123,45,47,46,46,46,49,31,6,38,0,4,0
5.4569,,163,-38.68131868131868,-14.945054945054945,-24.175824175824175,84.79120879120879,11.648351648351648,2.562170308967596,1953,1638,2341,2886,2186,1472,-1250,50,0,0,0,0,-290,-51,-129,0,-37,-30,121,124,122,125,121,123,45,47,46,46,46,49,16,9,37,0,4,1
5.4903,,164,-41.40659340659341,-14.945054945054945,-24.175824175824175,84.87912087912088,11.648351648351648,2.562170308967596,1913,1638,2341,2886,2186,1472,-1250,0,0,0,0,0,-344,-58,-129,0,-37,-30,121,124,122,125,121,123,45,47,46,46,46,49,8,11,38,0,4,0
5.5236,,165,-43.78021978021978,-14.945054945054945,-24.175824175824175,84.96703296703296,11.648351648351648,2.562170308967596,1876,1638,2341,2886,2186,1472,-1100,0,0,0,0,0,-315,-58,-129,23,-37,-30,121,124,122,124,121,123,45,47,46,46,46,49,9,10,37,0,4,0
5.5571,,166,-45.714285714285715,-14.68131868131868,-24.175824175824175,84.96703296703296,11.648351648351648,2.562170308967596,1842,1637,2341,2888,2186,1472,-1100,-50,0,50,0,0,-229,-55,-129,23,-37,-30,121,124,122,124,121,123,44,47,46,46,46,49,5,10,37,0,4,0
5.5905,,167,-47.56043956043956,-14.505494505494505,-24.175824175824175,84.96703296703296,11.648351648351648,2.562170308967596,1812,1637,2341,2888,2185,1472,-850,0,0,0,-50,0,-366,-44,-129,0,-34,-30,121,124,122,124,121,123,45,47,46,46,46,49,5,5,38,0,4,0
5.6239,,168,-49.23076923076923,-14.417582417582418,-24.175824175824175,84.96703296703296,11.648351648351648,2.562170308967596,1784,1637,2341,2888,2185,1472,-800,0,0,0,0,0,-250,-37,-129,0,-34,-30,121,124,122,124,121,123,45,47,46,46,46,49,12,3,37,0,4,1
5.6574,,169,-50.285714285714285,-13.978021978021978,-24.175824175824175,84.96703296703296,11.648351648351648,2.562170308967596,1758,1637,2341,2888,2185,1472,-800,0,0,0,0,0,-214,-34,-129,0,-34,-30,121,124,122,124,121,123,44,47,46,46,46,49,15,2,37,0,4,1
5.6909,,170,-50.37362637362637,-13.538461538461538,-24.175824175824175,84.96703296703296,11.648351648351648,2.562170308967596,1736,1638,2341,2888,2185,1472,-750,0,0,0,0,0,-156,0,-129,0,-34,-30,121,124,122,124,121,123,45,47,46,47,46,49,12,1,37,0,4,0
5.7243,,171,-50.285714285714285,-13.274725274725276,-24.175824175824175,84.96703296703296,11.912087912087912,2.562170308967596,1718,1642,2341,2888,2185,1472,-600,100,0,0,0,0,-185,0,-129,0,-34,-30,121,124,122,125,121,123,45,47,46,47,46,49,8,0,37,0,4,0
5.7578,,172,-49.84615384615385,-13.186813186813186,-24.175824175824175,84.96703296703296,12.087912087912088,2.562170308967596,1705,1648,2341,2888,2185,1472,-400,200,0,0,0,0,-44,-193,-129,0,-23,-30,121,124,122,125,121,123,45,47,46,46,46,49,9,2,38,0,1,0
5.7912,,173,-49.582417582417584,-13.186813186813186,-24.175824175824175,84.96703296703296,12.351648351648352,2.562170308967596,1699,1650,2341,2888,2185,1472,-300,150,0,0,0,0,-76,-30,-129,0,0,-30,121,124,122,125,121,124,45,47,46,46,46,49,6,0,37,0,0,1
5.8246,,174,-48.7032967032967,-13.274725274725276,-24.263736263736263,84.96703296703296,12.43956043956044,2.562170308967596,1696,1651,2341,2888,2185,1472,-100,0,0,0,0,0,-58,-34,-129,0,27,-30,121,124,122,125,121,123,45,47,46,46,46,49,4,1,37,0,2,0
5.8581,,175,-46.94505494505494,-13.45054945054945,-24.263736263736263,84.96703296703296,12.43956043956044,2.562170308967596,1695,1651,2341,2888,2186,1472,0,0,0,0,50,0,28,-37,-132,0,27,-30,121,124,122,124,121,123,45,47,46,46,46,49,4,2,40,0,2,0
5.8915,,176,-44.65934065934066,-13.538461538461538,-24.263736263736263,84.96703296703296,12.43956043956044,2.4868123587038435,1698,1651,2341,2888,2186,1472,50,0,0,0,0,0,102,-44,-132,0,27,-30,121,124,122,124,121,123,45,47,46,46,46,49,11,3,40,0,2,1
5.9249,,177,-42.1978021978022,-13.626373626373626,-24.263736263736263,84.79120879120879,12.43956043956044,2.4868123587038435,1702,1651,2341,2888,2186,1472,150,0,0,0,0,0,179,-48,-132,0,27,-34,121,124,122,124,121,123,45,47,46,46,46,49,27,4,39,0,3,1
5.9584,,178,-39.38461538461539,-13.626373626373626,-24.263736263736263,84.79120879120879,12.527472527472527,2.4868123587038435,1715,1651,2341,2888,2186,1472,350,0,0,0,0,0,239,-51,-132,0,27,-34,121,124,122,124,121,123,45,47,46,46,46,49,28,5,39,0,3,1
5.9919,,179,-36.13186813186813,-13.626373626373626,-24.263736263736263,84.79120879120879,12.527472527472527,2.4868123587038435,1733,1651,2341,2889,2186,1472,450,0,0,0,0,0,199,-51,-132,-193,30,-34,121,124,122,124,121,123,45,47,46,46,46,49,38,4,39,0,4,1
6.0252,,180,-32.527472527472526,-13.45054945054945,-24.263736263736263,84.61538461538461,12.527472527472527,2.4868123587038435,1753,1651,2341,2889,2186,1472,600,0,0,50,0,0,346,-51,-132,-23,30,-34,121,124,122,124,121,123,45,47,46,46,46,49,46,4,39,0,2,1
6.0588,,181,-28.307692307692307,-13.274725274725276,-24.35164835164835,84.52747252747253,12.527472527472527,2.4868123587038435,1777,1651,2341,2889,2186,1472,700,0,0,0,0,0,311,-44,-132,-30,30,-34,121,123,122,124,121,123,45,47,46,46,46,49,61,4,39,1,3,1
6.0922,,182,-24.087912087912088,-13.098901098901099,-24.35164835164835,84.52747252747253,12.527472527472527,2.4868123587038435,1805,1651,2341,2889,2186,1472,750,0,0,0,0,0,372,-37,-136,-34,30,-34,121,123,121,124,121,123,45,47,46,46,46,49,73,2,42,2,3,1
6.1258,,183,-20.21978021978022,-12.923076923076923,-24.35164835164835,84.52747252747253,12.527472527472527,2.562170308967596,1838,1651,2341,2889,2186,1472,900,0,0,0,0,0,423,-30,-136,-34,30,-34,121,123,121,124,121,123,45,47,46,46,46,49,99,1,42,1,4,2
6.1593,,184,-16.703296703296704,-12.923076923076923,-24.35164835164835,84.43956043956044,12.527472527472527,2.562170308967596,1876,1651,2341,2889,2186,1472,1100,0,0,0,0,0,360,-23,-136,-34,30,-30,121,123,121,124,120,123,44,47,46,46,46,49,91,0,42,1,3,1
6.1928,,185,-13.098901098901099,-12.835164835164836,-24.35164835164835,84.43956043956044,12.527472527472527,2.562170308967596,1914,1651,2341,2889,2186,1472,1200,0,0,0,0,0,476,-23,-136,-37,30,-30,121,123,121,124,120,123,45,47,46,46,46,49,79,0,42,3,3,1
6.2262,,186,-9.494505494505495,-12.923076923076923,-24.35164835164835,84.43956043956044,12.527472527472527,2.562170308967596,1956,1652,2341,2889,2186,1472,1200,0,0,0,0,0,470,0,-136,-37,30,-30,121,123,121,124,121,123,45,47,46,46,46,49,77,0,42,2,3,1
6.2597,,187,-5.978021978021978,-13.098901098901099,-24.35164835164835,84.43956043956044,12.43956043956044,2.562170308967596,1999,1653,2341,2889,2186,1472,1250,50,0,0,0,0,460,-30,-136,-37,30,-30,121,123,121,124,121,123,45,47,46,46,46,49,70,3,43,2,3,0
6.2933,,188,-2.901098901098901,-13.274725274725276,-24.439560439560438,84.43956043956044,12.43956043956044,2.562170308967596,2041,1653,2341,2889,2186,1472,1250,0,0,0,0,0,452,-37,-136,-37,27,-30,121,123,122,124,121,123,45,47,46,46,46,49,42,2,42,2,3,0
6.3268,,189,-0.17582417582417584,-13.45054945054945,-24.439560439560438,84.43956043956044,12.43956043956044,2.562170308967596,2082,1653,2341,2889,2186,1472,1250,0,0,0,0,0,337,-44,-139,-37,27,-30,121,123,122,124,121,123,45,47,46,46,46,49,57,5,45,2,2,0
6.3603,,190,2.901098901098901,-13.538461538461538,-24.439560439560438,84.43956043956044,12.43956043956044,2.562170308967596,2121,1653,2341,2889,2186,1472,1150,0,0,0,0,0,430,-51,-139,-37,27,-30,121,123,122,124,121,123,45,47,46,46,46,49,45,6,43,2,2,0
6.3938,,191,5.978021978021978,-13.626373626373626,-24.439560439560438,84.43956043956044,12.43956043956044,2.562170308967596,2161,1653,2341,2889,2186,1472,1150,0,0,0,0,0,318,-55,-139,-37,27,-30,121,123,122,124,121,123,45,47,46,46,46,49,47,5,43,2,2,1
6.4272,,192,8.791208791208792,-13.626373626373626,-24.439560439560438,84.43956043956044,12.43956043956044,2.562170308967596,2196,1653,2341,2889,2186,1472,1100,0,0,0,0,0,392,-58,-139,-37,27,-30,121,123,122,124,121,123,44,47,46,46,46,49,34,7,44,2,2,0
6.4607,,193,11.692307692307692,-13.714285714285714,-24.439560439560438,84.43956043956044,12.43956043956044,2.562170308967596,2233,1653,2341,2889,2186,1472,1100,0,0,0,0,0,369,-58,-139,-37,27,-30,121,123,122,124,121,123,45,47,46,46,46,49,34,7,43,2,2,0
6.4942,,194,14.505494505494505,-13.714285714285714,-24.439560439560438,84.43956043956044,12.43956043956044,2.562170308967596,2269,1653,2341,2889,2186,1472,1000,0,0,0,0,0,353,-62,-139,-37,27,-30,121,123,121,124,121,123,45,47,46,47,46,49,45,8,43,1,2,1
6.5277,,195,17.142857142857142,-13.802197802197803,-24.439560439560438,84.43956043956044,12.43956043956044,2.562170308967596,2303,1653,2341,2889,2186,1472,1050,0,0,0,0,0,373,-62,-139,-37,27,-30,121,123,122,124,121,123,45,47,46,47,46,49,43,9,44,1,2,0
6.5612,,196,19.78021978021978,-13.802197802197803,-24.439560439560438,84.43956043956044,12.43956043956044,2.562170308967596,2337,1653,2341,2889,2186,1472,1000,0,0,0,0,0,357,-65,-139,-37,27,-30,121,123,122,124,121,123,45,47,46,46,46,49,44,10,44,3,2,1
6.5946,,197,22.32967032967033,-13.802197802197803,-24.439560439560438,84.43956043956044,12.43956043956044,2.562170308967596,2369,1653,2341,2889,2186,1472,1050,0,0,0,0,0,338,-65,-139,-37,27,-30,121,123,121,124,121,123,45,47,46,46,46,49,43,9,43,2,2,0
6.628,,198,24.615384615384617,-13.89010989010989,-24.52747252747253,84.43956043956044,12.43956043956044,2.562170308967596,2400,1653,2341,2889,2186,1472,950,0,0,0,0,0,323,-65,-139,-37,27,-30,121,123,122,124,121,123,44,47,46,46,46,49,38,9,44,2,2,0
6.6615,,199,26.725274725274726,-13.89010989010989,-24.52747252747253,84.43956043956044,12.43956043956044,2.562170308967596,2433,1653,2341,2889,2186,1472,900,0,0,0,0,0,296,-69,-143,-37,27,-30,121,123,121,124,121,123,45,47,46,46,46,49,37,10,47,2,2,1
6.6949,,200,28.747252747252748,-13.89010989010989,-24.52747252747253,84.43956043956044,12.43956043956044,2.562170308967596,2461,1653,2341,2889,2186,1472,900,0,0,0,0,0,305,-69,-143,-37,27,-30,121,123,121,124,121,123,45,47,46,46,46,49,39,10,46,3,2,1
6.7283,,201,30.945054945054945,-13.978021978021978,-24.52747252747253,84.43956043956044,12.43956043956044,2.562170308967596,2490,1653,2341,2889,2186,1472,850,0,0,0,0,0,278,-69,-143,-37,27,-30,121,123,121,124,121,123,45,47,46,46,46,49,30,10,47,3,2,1
6.7618,,202,33.142857142857146,-14.32967032967033,-24.52747252747253,84.43956043956044,12.43956043956044,2.562170308967596,2517,1653,2341,2889,2186,1472,800,0,0,0,0,0,264,-72,-143,-37,27,-30,121,123,121,124,121,123,45,47,46,46,46,49,34,12,46,2,2,1
6.7953,,203,35.252747252747255,-14.593406593406593,-24.52747252747253,84.43956043956044,12.43956043956044,2.562170308967596,2543,1653,2341,2889,2186,1472,750,0,0,0,0,0,254,-86,-143,-37,27,-30,121,123,121,124,121,123,45,47,46,46,46,49,31,18,46,2,2,0
6.8288,,204,37.0989010989011,-14.76923076923077,-24.52747252747253,84.43956043956044,12.43956043956044,2.562170308967596,2567,1653,2341,2889,2186,1472,750,0,0,0,0,0,272,-100,-143,-37,27,-30,121,123,121,124,121,123,44,47,46,46,46,49,43,23,45,2,2,1
6.8623,,205,38.857142857142854,-15.12087912087912,-24.52747252747253,84.43956043956044,12.43956043956044,2.562170308967596,2592,1653,2341,2889,2186,1472,750,0,0,0,0,0,257,-104,-143,-37,27,-30,121,123,121,124,121,123,45,47,46,46,46,49,43,26,46,1,3,0
6.8958,,206,40.61538461538461,-15.472527472527473,-24.52747252747253,84.43956043956044,12.43956043956044,2.562170308967596,2616,1652,2341,2889,2186,1472,700,0,0,0,0,0,236,-118,-143,-37,27,-30,121,123,121,124,121,123,45,47,46,46,46,49,24,32,46,2,3,1
6.9292,,207,42.10989010989011,-15.648351648351648,-24.52747252747253,84.43956043956044,12.43956043956044,2.562170308967596,2638,1652,2341,2889,2186,1472,700,-50,0,0,0,0,303,-129,-143,-37,27,-30,121,123,121,124,121,123,44,47,46,46,46,49,29,40,46,2,2,1
6.9627,,208,43.69230769230769,-16.175824175824175,-24.52747252747253,84.43956043956044,12.43956043956044,2.562170308967596,2661,1652,2341,2889,2186,1472,650,0,0,0,0,0,188,-136,-143,-37,27,-30,121,123,121,124,121,123,45,47,46,46,46,49,38,45,46,3,2,1
6.9963,,209,45.18681318681319,-16.615384615384617,-24.439560439560438,84.43956043956044,12.43956043956044,2.562170308967596,2681,1651,2341,2889,2186,1472,600,0,0,0,0,0,205,-173,-143,-37,27,-30,121,123,121,124,120,123,45,47,46,46,46,49,31,67,46,2,2,0
7.0297,,210,46.76923076923077,-16.791208791208792,-24.439560439560438,84.43956043956044,12.43956043956044,2.562170308967596,2701,1648,2341,2889,2186,1472,600,-100,0,0,0,0,275,-173,-139,-37,27,-30,121,123,121,124,120,123,45,47,46,46,46,49,34,59,44,2,1,1
7.0631,,211,48.175824175824175,-17.406593406593405,-24.52747252747253,84.43956043956044,12.43956043956044,2.562170308967596,2719,1645,2341,2889,2186,1472,550,-100,0,0,0,0,179,-72,-139,-37,27,-30,121,123,121,124,121,123,45,47,46,46,46,49,26,48,44,2,2,1
7.0965,,212,49.582417582417584,-17.846153846153847,-24.439560439560438,84.43956043956044,12.43956043956044,2.562170308967596,2738,1641,2341,2889,2186,1472,550,-150,0,0,0,0,161,-175,-143,-37,27,-30,121,123,121,124,120,123,45,47,46,46,46,49,22,53,46,1,2,1
7.13,,213,50.81318681318681,-18.197802197802197,-24.439560439560438,84.52747252747253,12.43956043956044,2.562170308967596,2756,1635,2341,2889,2186,1472,550,-150,0,0,0,0,237,-164,-139,-37,27,-30,121,123,121,124,120,123,45,47,46,46,46,49,34,54,43,2,2,0
7.1635,,214,51.956043956043956,-18.813186813186814,-24.439560439560438,84.52747252747253,12.43956043956044,2.562170308967596,2773,1628,2341,2889,2186,1472,550,-200,0,0,0,0,161,-81,-139,-34,27,-30,121,123,121,124,121,123,45,47,46,46,46,49,19,39,44,1,1,0
7.1969,,215,53.0989010989011,-19.252747252747252,-24.439560439560438,84.52747252747253,12.43956043956044,2.562170308967596,2789,1622,2341,2890,2186,1472,500,-150,0,0,0,0,230,-91,-139,-37,27,-30,121,123,122,124,121,123,45,47,46,46,46,49,20,44,44,1,2,1
7.2304,,216,54.32967032967033,-19.692307692307693,-24.439560439560438,84.52747252747253,12.43956043956044,2.562170308967596,2804,1615,2341,2890,2186,1472,500,-250,0,0,0,0,213,-154,-139,-37,27,-30,121,123,122,124,121,123,45,47,46,46,46,49,25,33,43,2,2,1
7.264,,217,55.472527472527474,-20.307692307692307,-24.439560439560438,84.61538461538461,12.43956043956044,2.562170308967596,2819,1608,2341,2890,2186,1472,450,-200,0,0,0,0,121,-58,-139,-37,27,-30,121,123,122,124,121,123,45,47,46,46,46,49,17,25,44,2,2,0
7.2975,,218,56.527472527472526,-20.747252747252748,-24.439560439560438,84.7032967032967,12.43956043956044,2.562170308967596,2834,1601,2341,2890,2186,1472,450,-150,0,0,0,0,103,-148,-139,-34,27,-30,121,123,121,124,121,123,45,47,46,46,46,49,22,37,44,2,2,1
7.3309,,219,57.31868131868132,-21.01098901098901,-24.439560439560438,84.7032967032967,12.43956043956044,2.562170308967596,2847,1595,2341,2890,2186,1472,400,-200,0,0,0,0,209,-157,-139,-30,27,-30,121,123,122,124,121,123,45,47,46,47,46,49,25,22,44,0,3,0
7.3645,,220,57.934065934065934,-21.45054945054945,-24.439560439560438,84.7032967032967,12.43956043956044,2.562170308967596,2860,1589,2341,2890,2186,1472,400,-200,0,0,0,0,94,-132,-139,-30,27,-30,121,123,122,124,121,123,45,47,46,46,46,49,19,25,43,0,2,1
7.3979,,221,58.02197802197802,-21.626373626373628,-24.439560439560438,84.79120879120879,12.43956043956044,2.562170308967596,2872,1583,2341,2890,2186,1472,350,-150,0,0,0,0,157,-130,-139,-30,27,-30,121,123,122,124,121,123,45,47,46,46,46,49,12,27,44,0,2,0
7.4313,,222,58.02197802197802,-21.89010989010989,-24.439560439560438,84.79120879120879,12.43956043956044,2.562170308967596,2882,1578,2341,2890,2186,1472,350,-150,0,0,0,0,111,-118,-139,-27,27,-30,121,124,122,124,121,123,45,47,46,46,46,49,2,18,44,0,1,0
7.4648,,223,58.02197802197802,-22.505494505494507,-24.35164835164835,84.87912087912088,12.43956043956044,2.562170308967596,2888,1573,2341,2890,2186,1472,200,-150,0,0,0,0,-27,-117,-139,-27,27,-30,121,124,122,124,121,123,44,47,46,46,46,49,6,27,43,0,2,0
7.4982,,224,57.84615384615385,-23.12087912087912,-24.35164835164835,84.87912087912088,12.0,2.562170308967596,2893,1569,2341,2890,2186,1472,150,-100,0,0,0,0,72,-139,-136,-23,27,-30,121,124,122,124,121,123,45,47,46,46,46,49,5,27,43,0,2,1
7.5316,,225,57.494505494505496,-23.912087912087912,-24.35164835164835,84.87912087912088,11.824175824175825,2.562170308967596,2895,1564,2341,2890,2186,1472,100,-150,0,0,0,0,55,-143,-136,-23,-26,-30,121,124,122,124,121,123,45,47,46,46,46,49,4,22,43,0,1,0
7.5651,,226,57.23076923076923,-24.791208791208792,-24.35164835164835,84.87912087912088,11.648351648351648,2.562170308967596,2896,1559,2341,2890,2186,1472,50,-150,0,0,0,0,37,-71,-136,-23,-30,-30,121,123,122,124,121,123,45,47,46,46,46,49,3,34,42,0,3,0
7.5985,,227,56.79120879120879,-25.75824175824176,-24.35164835164835,84.87912087912088,11.56043956043956,2.562170308967596,2896,1553,2341,2890,2186,1472,0,-150,0,0,0,0,27,-163,-136,-23,-37,-30,121,123,122,124,121,123,45,47,46,46,46,49,2,42,42,0,4,0
7.6319,,228,55.64835164835165,-26.725274725274726,-24.35164835164835,84.87912087912088,11.56043956043956,2.562170308967596,2896,1545,2341,2890,2186,1472,0,-200,0,0,0,0,-36,-200,-136,-23,-41,-30,121,123,122,124,121,123,45,47,46,46,46,49,3,30,42,0,4,0
7.6652,,229,54.065934065934066,-27.78021978021978,-24.35164835164835,84.79120879120879,11.472527472527473,2.562170308967596,2896,1537,2341,2890,2186,1472,0,-250,0,0,0,0,-95,-202,-136,-23,-41,-30,121,123,121,124,121,123,45,47,46,46,46,49,13,54,42,0,4,0
7.6986,,230,51.956043956043956,-29.01098901098901,-24.35164835164835,84.79120879120879,11.472527472527473,2.562170308967596,2892,1528,2341,2890,2186,1472,-100,-250,0,0,0,0,-147,-124,-136,-27,-44,-30,121,123,121,124,121,123,44,47,46,46,46,49,22,43,43,0,5,0
7.732,,231,49.582417582417584,-30.505494505494507,-24.35164835164835,84.87912087912088,11.472527472527473,2.562170308967596,2882,1516,2341,2890,2186,1472,-200,-300,0,0,0,0,-198,-220,-136,-27,-44,-30,121,123,121,124,121,123,45,47,46,46,46,49,19,42,43,0,4,0
7.7654,,232,47.032967032967036,-31.912087912087912,-24.35164835164835,84.87912087912088,11.472527472527473,2.562170308967596,2867,1503,2341,2890,2186,1472,-400,-350,0,0,0,0,-240,-231,-136,-23,-44,-30,121,123,121,124,121,123,45,47,46,46,46,49,26,48,42,0,5,0
7.7988,,233,44.48351648351648,-33.31868131868132,-24.35164835164835,84.87912087912088,11.472527472527473,2.562170308967596,2849,1490,2341,2890,2186,1472,-500,-400,0,0,0,0,-290,-172,-136,-23,-44,-30,121,123,121,124,120,123,45,47,46,46,46,49,32,34,42,0,4,0
7.8322,,234,41.75824175824176,-34.637362637362635,-24.35164835164835,84.87912087912088,11.296703296703297,2.562170308967596,2827,1475,2341,2890,2186,1472,-600,-400,0,0,0,0,-229,-171,-136,-23,-44,-30,121,123,121,124,120,123,44,47,46,46,46,49,32,47,41,0,4,0
7.8656,,235,38.76923076923077,-36.043956043956044,-24.35164835164835,84.87912087912088,10.241758241758241,2.562170308967596,2801,1460,2341,2890,2186,1472,-750,-450,0,0,0,0,-244,-164,-136,-23,-51,-30,121,123,121,124,121,123,45,47,46,46,46,49,32,35,42,0,8,0
7.8992,,236,35.78021978021978,-37.18681318681319,-24.35164835164835,84.87912087912088,8.043956043956044,2.562170308967596,2772,1444,2340,2890,2185,1472,-850,-450,-50,0,0,0,-254,-161,-132,-23,-110,-30,121,123,121,124,121,123,45,47,46,46,46,49,29,36,40,0,21,0
7.9326,,237,33.05494505494506,-38.24175824175824,-24.35164835164835,84.87912087912088,5.582417582417582,2.562170308967596,2744,1427,2340,2890,2178,1472,-900,-500,0,0,-200,0,-375,-168,-132,-23,-171,-30,121,123,121,124,121,123,45,47,46,46,46,49,23,27,40,0,27,0
7.966,,238,30.505494505494507,-39.20879120879121,-24.35164835164835,84.79120879120879,3.4725274725274726,2.562170308967596,2713,1411,2340,2890,2164,1472,-850,-500,0,0,-300,0,-290,-145,-132,-23,-243,-30,121,123,121,124,121,123,45,47,46,46,46,49,23,19,40,0,38,0
7.9995,,239,28.395604395604394,-40.0,-24.35164835164835,84.79120879120879,2.1538461538461537,2.562170308967596,2682,1395,2340,2890,2146,1472,-900,-450,0,0,-550,0,-282,-119,-132,-27,-264,-30,121,123,121,124,121,123,45,47,46,46,46,49,29,15,40,0,27,1
8.0329,,240,26.9010989010989,-40.61538461538461,-24.35164835164835,84.79120879120879,1.3626373626373627,2.562170308967596,2654,1380,2340,2890,2127,1472,-900,-500,0,0,-600,0,-261,-173,-132,-27,-239,-30,121,123,121,124,121,123,45,47,46,46,46,49,15,6,39,0,8,1
8.0663,,241,25.582417582417584,-41.05494505494506,-24.35164835164835,84.79120879120879,0.5714285714285714,2.562170308967596,2623,1367,2340,2890,2108,1472,-900,-450,0,0,-600,0,-200,-133,-132,-27,-180,-30,121,124,122,124,121,123,45,47,46,47,46,49,6,7,40,0,11,0
8.0997,,242,24.263736263736263,-41.67032967032967,-24.35164835164835,84.79120879120879,-0.21978021978021978,2.562170308967596,2597,1355,2340,2890,2093,1472,-750,-350,0,0,-450,0,-190,-46,-132,-27,-109,-30,121,124,122,124,121,123,44,47,46,46,46,49,7,6,40,0,10,0
8.1331,,243,22.945054945054945,-42.285714285714285,-24.35164835164835,84.79120879120879,-1.098901098901099,2.562170308967596,2577,1340,2340,2890,2081,1472,-750,-350,0,0,-400,0,-157,-106,-132,-27,-171,-30,121,124,122,124,121,123,45,47,46,46,46,49,6,2,40,0,11,0
8.1665,,244,21.626373626373628,-43.07692307692308,-24.35164835164835,84.79120879120879,-1.8021978021978022,2.562170308967596,2557,1332,2339,2890,2069,1472,-600,-300,0,0,-350,0,-219,-90,-129,-27,-161,-30,121,124,122,124,121,123,45,47,46,46,46,49,3,4,38,0,11,0
8.1999,,245,20.395604395604394,-44.043956043956044,-24.35164835164835,84.79120879120879,-2.1538461538461537,2.562170308967596,2538,1324,2339,2890,2058,1472,-550,-250,0,0,-350,0,-199,23,-129,-27,-135,-30,121,124,122,124,121,123,44,47,46,46,46,49,3,4,38,0,9,0
8.2333,,246,19.428571428571427,-44.92307692307692,-24.35164835164835,84.87912087912088,-2.4175824175824174,2.562170308967596,2520,1314,2338,2890,2048,1472,-500,-300,-50,0,-250,0,-88,-94,-125,-27,-104,-30,121,124,122,124,121,123,45,47,46,46,46,49,7,3,37,0,10,1
8.2667,,247,18.725274725274726,-45.714285714285715,-24.35164835164835,84.87912087912088,-2.5054945054945055,2.562170308967596,2505,1303,2334,2890,2041,1472,-500,-300,-50,0,-250,0,-94,-27,-118,-23,23,-30,121,124,122,124,121,123,45,47,46,46,46,49,5,3,23,0,6,0
8.3002,,248,18.021978021978022,-46.505494505494504,-24.35164835164835,84.87912087912088,-2.5054945054945055,2.562170308967596,2491,1293,2330,2890,2035,1472,-400,-300,-100,0,-150,0,-61,-100,-101,-23,41,-30,121,124,122,125,121,124,45,47,46,46,46,49,1,0,17,0,4,1
8.3337,,249,17.318681318681318,-46.94505494505494,-24.35164835164835,84.87912087912088,-2.5054945054945055,2.562170308967596,2480,1283,2328,2890,2032,1472,-400,-300,-150,0,-100,0,-129,-96,-90,-23,-65,-30,122,124,122,125,121,124,45,47,46,47,46,49,9,2,13,0,1,0
8.3671,,250,16.791208791208792,-47.2967032967033,-24.35164835164835,84.87912087912088,-2.5054945054945055,2.562170308967596,2470,1276,2327,2890,2030,1472,-350,-250,-50,0,-100,0,-110,-65,-86,-23,-55,-30,121,124,122,125,121,124,44,47,46,47,46,49,7,1,15,0,4,0
8.4006,,251,16.263736263736263,-47.472527472527474,-24.35164835164835,84.87912087912088,-2.5054945054945055,2.562170308967596,2461,1269,2326,2890,2028,1472,-250,-200,-50,0,-50,0,-120,-69,-83,-23,-51,-30,121,124,122,125,121,124,45,47,46,46,46,49,6,1,15,0,5,1
8.434,,252,15.912087912087912,-47.472527472527474,-24.35164835164835,84.87912087912088,-2.5054945054945055,2.562170308967596,2452,1263,2326,2890,2028,1472,-250,-200,0,0,0,0,-107,-48,-83,-23,-48,-30,121,124,122,125,121,123,45,47,46,46,46,49,1,2,15,0,4,0
8.4674,,253,15.648351648351648,-47.472527472527474,-24.35164835164835,84.87912087912088,-2.5054945054945055,2.562170308967596,2444,1259,2326,2890,2028,1472,-250,-150,0,0,0,0,-76,-30,-83,-23,-48,-30,121,124,122,125,121,123,45,47,46,46,46,49,0,3,16,0,5,0
8.5009,,254,15.648351648351648,-47.38461538461539,-24.263736263736263,84.87912087912088,-2.5054945054945055,2.562170308967596,2439,1256,2326,2890,2027,1472,-200,-100,0,0,-50,0,-62,0,-83,-23,-44,-30,122,124,122,125,121,124,44,47,46,46,46,49,5,0,16,0,5,0
8.5342,,255,15.648351648351648,-47.2967032967033,-24.263736263736263,84.87912087912088,-2.5934065934065935,2.562170308967596,2435,1254,2325,2890,2027,1472,-100,0,-50,0,0,0,69,27,-76,-23,-44,-30,121,124,122,125,121,124,45,47,46,46,46,49,2,0,13,0,5,0
8.5677,,256,15.648351648351648,-47.2967032967033,-24.263736263736263,84.7032967032967,-3.032967032967033,2.562170308967596,2432,1254,2325,2890,2027,1472,-100,-50,0,0,0,0,-41,30,-76,-23,-48,-30,121,124,122,125,121,123,45,47,46,46,46,49,3,1,13,0,6,0
8.6011,,257,15.648351648351648,-47.20879120879121,-24.263736263736263,84.7032967032967,-3.6483516483516483,2.562170308967596,2430,1254,2325,2890,2027,1472,-50,0,0,0,0,0,-30,30,-76,-30,-71,-30,121,124,122,125,121,123,44,47,46,46,46,49,2,1,13,1,13,0
8.6345,,258,15.648351648351648,-47.20879120879121,-24.263736263736263,84.7032967032967,-3.7362637362637363,2.562170308967596,2428,1254,2325,2890,2024,1472,-100,0,0,0,0,0,-23,34,-76,-30,-90,-30,121,124,122,125,121,124,45,47,46,46,46,49,1,2,12,1,14,0
8.6678,,259,15.736263736263735,-47.472527472527474,-24.263736263736263,84.87912087912088,-3.3846153846153846,2.562170308967596,2428,1254,2325,2890,2020,1472,0,0,0,0,-150,0,-23,34,-76,-30,-69,-30,121,124,122,125,121,124,45,47,46,46,46,49,2,3,12,0,9,0
8.7012,,260,15.736263736263735,-47.56043956043956,-24.263736263736263,84.87912087912088,-3.2967032967032965,2.562170308967596,2428,1254,2325,2890,2018,1472,0,0,0,0,-50,0,0,23,-76,-23,-48,-30,122,124,122,125,121,124,45,47,46,46,46,49,0,1,12,0,4,0
8.7347,,261,15.736263736263735,-47.56043956043956,-24.263736263736263,84.87912087912088,-3.208791208791209,2.562170308967596,2428,1253,2325,2890,2018,1472,0,-50,0,0,0,0,0,23,-76,-23,-44,-30,122,124,122,125,121,124,45,47,46,46,46,49,0,0,12,0,4,0
8.7681,,262,15.736263736263735,-47.20879120879121,-24.263736263736263,84.79120879120879,-3.120879120879121,2.562170308967596,2428,1253,2325,2890,2018,1472,0,0,0,0,0,0,0,23,-76,-23,-41,-30,122,124,122,125,121,124,45,47,46,46,46,49,0,0,12,0,4,1
8.8016,,263,15.736263736263735,-46.15384615384615,-24.175824175824175,84.61538461538461,-3.7362637362637363,2.562170308967596,2428,1253,2325,2890,2018,1472,0,0,0,0,0,0,0,37,-76,-27,-37,-30,122,124,122,125,121,124,45,47,46,46,46,49,0,3,13,0,4,1
8.835,,264,15.736263736263735,-42.989010989010985,-24.0,84.52747252747253,-3.8241758241758244,2.562170308967596,2428,1253,2325,2890,2018,1472,0,0,0,0,0,0,0,100,-72,-34,-65,-30,122,124,122,125,121,124,45,47,46,46,46,49,0,13,11,2,11,0
8.8684,,265,15.736263736263735,-37.010989010989015,-23.64835164835165,84.35164835164835,-3.8241758241758244,2.562170308967596,2428,1254,2325,2890,2016,1472,0,0,0,0,-50,0,0,186,-65,-37,-62,-30,121,124,122,125,121,123,45,47,46,46,46,49,0,54,9,2,5,0
8.9018,,266,15.736263736263735,-28.307692307692307,-23.64835164835165,83.2967032967033,-3.8241758241758244,2.562170308967596,2428,1263,2325,2890,2016,1472,0,200,0,0,0,0,0,267,-48,-44,-58,-30,121,124,122,124,121,123,44,47,46,46,46,49,0,133,4,4,9,0
8.9352,,267,15.648351648351648,-17.67032967032967,-23.912087912087912,79.6923076923077,-3.8241758241758244,2.562170308967596,2428,1282,2324,2890,2016,1472,0,350,0,0,0,0,0,478,69,-110,-58,-30,121,123,121,124,120,123,45,47,46,46,46,49,0,243,3,18,10,0
8.9686,,268,16.439560439560438,-6.241758241758242,-24.175824175824175,73.8021978021978,-3.8241758241758244,2.562170308967596,2428,1314,2320,2887,2016,1472,0,850,-100,0,0,0,-23,695,-48,-225,-58,-30,120,122,120,123,120,122,45,47,46,46,46,49,1,366,1,43,10,0
9.002,,269,16.967032967032967,3.6923076923076925,-24.263736263736263,65.89010989010988,-3.2967032967032965,2.562170308967596,2428,1359,2314,2873,2016,1472,0,1200,-150,-300,0,0,53,909,-34,-388,-58,-30,119,121,119,122,118,121,45,47,46,46,46,49,5,526,0,77,9,1
9.0353,,270,18.197802197802197,11.164835164835164,-24.175824175824175,58.417582417582416,-3.208791208791209,2.562170308967596,2428,1419,2313,2848,2016,1472,0,1800,-50,-750,0,0,72,967,-34,-430,-22,-30,118,120,118,121,118,120,45,47,46,46,46,49,10,593,0,138,4,0
9.0688,,271,19.076923076923077,16.35164835164835,-24.175824175824175,52.35164835164835,-3.032967032967033,2.4868123587038435,2430,1488,2313,2807,2016,1472,0,2000,0,-1050,0,0,134,993,-30,-584,-34,-30,118,120,118,121,117,120,45,47,46,47,46,49,17,520,0,153,4,1
9.1024,,272,19.252747252747252,18.54945054945055,-24.175824175824175,49.53846153846154,-2.9450549450549453,2.4868123587038435,2436,1572,2317,2754,2016,1472,150,2400,100,-1500,0,0,135,1000,-44,-667,-27,-34,118,120,118,121,117,120,45,47,46,47,46,49,24,393,2,129,2,2
9.136,,273,18.98901098901099,19.252747252747252,-24.175824175824175,49.362637362637365,-2.9450549450549453,2.4868123587038435,2442,1664,2318,2695,2015,1472,200,2750,0,-1700,0,0,19,908,-48,-562,0,-34,119,121,119,122,118,121,45,47,46,46,46,49,15,240,3,105,0,1
9.1693,,274,18.54945054945055,19.34065934065934,-24.0,49.362637362637365,-2.9450549450549453,2.4868123587038435,2446,1767,2318,2641,2015,1472,100,2800,0,-1750,-50,0,79,655,-48,-479,0,-34,120,122,120,123,120,122,44,47,46,46,46,49,6,68,4,53,0,2
9.2029,,275,18.285714285714285,19.076923076923077,-23.824175824175825,49.714285714285715,-2.9450549450549453,2.4868123587038435,2448,1848,2317,2587,2015,1472,150,2650,0,-1550,0,0,44,453,-41,-273,0,-34,121,123,121,124,120,123,45,47,46,46,46,49,5,8,1,7,0,1
9.2363,,276,18.10989010989011,19.076923076923077,-23.824175824175825,49.8021978021978,-2.9450549450549453,2.4868123587038435,2449,1924,2322,2550,2014,1472,0,2400,0,-1700,-50,0,41,200,-37,-181,0,-34,121,124,122,124,121,123,45,47,46,46,46,49,4,1,13,1,0,1
9.2697,,277,18.10989010989011,18.98901098901099,-23.912087912087912,49.8021978021978,-2.9450549450549453,2.4868123587038435,2449,1991,2333,2534,2017,1472,0,2050,300,-850,0,0,34,-73,-79,-93,-27,-34,121,124,122,124,121,123,45,47,46,46,46,49,3,49,18,5,2,1
9.3032,,278,18.10989010989011,18.725274725274726,-23.912087912087912,49.8021978021978,-2.857142857142857,2.4868123587038435,2450,2037,2337,2525,2017,1472,0,1600,200,-350,0,0,30,-178,-104,-143,-27,-34,121,123,121,124,120,123,45,47,46,46,46,49,2,148,35,11,3,1
9.3367,,279,18.285714285714285,18.373626373626372,-23.912087912087912,49.89010989010989,-2.769230769230769,2.4868123587038435,2451,2052,2339,2520,2017,1472,50,500,100,-150,0,0,27,-159,-111,-132,-23,-34,121,123,121,124,120,123,45,47,46,47,46,49,1,161,35,15,1,1
9.3701,,280,18.46153846153846,17.67032967032967,-23.824175824175825,49.97802197802198,-2.681318681318681,2.4868123587038435,2451,2049,2335,2514,2016,1472,0,-100,-100,-150,-50,0,34,-181,-97,-108,0,-34,121,123,121,124,120,123,45,47,46,47,46,49,3,71,15,7,0,1
9.4035,,281,18.63736263736264,17.142857142857142,-23.736263736263737,49.97802197802198,-2.681318681318681,2.4868123587038435,2450,2043,2334,2510,2016,1472,0,-200,-50,-150,0,0,44,-198,-90,-86,0,-34,121,123,121,124,120,123,45,47,46,47,46,49,4,56,17,10,0,1
9.4369,,282,18.725274725274726,16.791208791208792,-23.736263736263737,49.97802197802198,-2.681318681318681,2.4868123587038435,2450,2038,2333,2508,2016,1472,0,-150,0,-100,0,0,51,-99,-83,-76,0,-34,121,123,121,124,120,123,45,47,46,47,46,49,6,53,16,10,0,1
9.4703,,283,18.725274725274726,16.263736263736263,-23.64835164835165,50.065934065934066,-2.681318681318681,2.4868123587038435,2449,2037,2334,2506,2016,1472,0,-100,0,-50,0,0,58,-192,-171,-69,0,-34,121,123,121,124,120,123,45,47,46,47,46,49,9,71,16,5,0,1
9.5038,,284,18.813186813186814,15.56043956043956,-23.560439560439562,50.065934065934066,-2.681318681318681,2.4868123587038435,2449,2037,2335,2506,2016,1472,0,0,50,0,0,0,58,-230,-86,-65,0,-34,121,123,121,124,120,123,45,47,46,47,46,49,9,118,16,9,0,1
9.5372,,285,18.9010989010989,14.945054945054945,-23.560439560439562,50.065934065934066,-2.681318681318681,2.4868123587038435,2449,2038,2335,2506,2016,1472,0,0,50,0,0,0,62,-264,-83,-65,0,-34,121,123,121,124,120,123,45,47,46,47,46,49,10,148,16,10,0,1
9.5706,,286,18.9010989010989,14.153846153846153,-23.47252747252747,50.15384615384615,-2.681318681318681,2.4868123587038435,2450,2037,2335,2506,2016,1472,0,0,0,0,0,0,62,-273,-83,-65,0,-34,121,123,121,124,120,123,45,47,46,47,46,49,11,154,16,9,0,1
9.6041,,287,18.813186813186814,13.274725274725276,-23.47252747252747,50.94505494505494,-2.681318681318681,2.4868123587038435,2450,2034,2335,2506,2016,1472,0,-50,0,0,0,0,62,-302,-79,-62,0,-34,121,123,121,124,120,123,44,47,46,47,46,49,10,186,14,8,0,1
9.6376,,288,18.54945054945055,12.131868131868131,-23.47252747252747,52.967032967032964,-2.681318681318681,2.4868123587038435,2450,2028,2335,2506,2016,1472,0,-150,0,0,0,0,58,-309,-79,27,0,-34,121,123,121,124,120,123,45,47,46,46,46,49,9,188,14,2,0,2
9.671,,289,18.10989010989011,10.461538461538462,-23.47252747252747,55.604395604395606,-2.681318681318681,2.4868123587038435,2450,2023,2335,2507,2016,1472,0,-150,0,0,0,0,48,-274,-79,94,0,-34,121,123,121,124,120,123,45,47,46,46,46,49,5,200,14,11,0,1
9.7044,,290,17.582417582417584,8.175824175824175,-23.47252747252747,59.120879120879124,-2.681318681318681,2.4868123587038435,2450,2014,2335,2516,2016,1472,0,-200,0,150,0,0,25,-398,-79,188,0,-34,120,123,121,123,120,122,45,47,46,46,46,49,3,189,14,22,0,1
9.7379,,291,16.35164835164835,4.835164835164835,-23.47252747252747,62.989010989010985,-2.681318681318681,2.4868123587038435,2450,2000,2335,2531,2016,1472,0,-350,0,450,0,0,-30,-444,-79,264,0,-34,120,123,121,123,120,122,45,47,46,46,46,49,1,243,14,27,0,1
9.7713,,292,15.208791208791208,0.5274725274725275,-23.47252747252747,66.94505494505495,-2.9450549450549453,2.4868123587038435,2450,1984,2335,2554,2016,1472,0,-450,0,600,0,0,-96,-424,-79,247,0,-34,120,122,120,123,120,122,45,47,46,47,46,49,11,250,14,26,0,1
9.8048,,293,13.802197802197803,-5.010989010989011,-23.47252747252747,71.6043956043956,-3.120879120879121,2.4868123587038435,2445,1963,2335,2583,2016,1472,-100,-600,0,800,0,0,-137,-587,-79,312,-26,-34,120,122,120,123,119,122,45,47,46,46,46,49,18,309,13,27,0,1
9.8382,,294,11.252747252747254,-11.780219780219781,-23.47252747252747,75.56043956043956,-3.2967032967032965,2.4868123587038435,2437,1935,2335,2616,2016,1472,-250,-800,0,1000,0,0,-78,-602,-79,366,-30,-34,120,122,120,123,119,121,45,47,46,46,46,49,22,341,14,39,2,1
9.8718,,295,7.736263736263736,-18.9010989010989,-23.47252747252747,78.1978021978022,-2.857142857142857,2.4868123587038435,2426,1898,2335,2651,2016,1472,-300,-950,0,1000,0,0,-138,-709,-79,403,-37,-34,120,122,120,122,119,121,44,47,46,46,46,49,38,380,14,38,4,1
9.9053,,296,3.956043956043956,-24.967032967032967,-23.47252747252747,79.25274725274726,-2.681318681318681,2.4868123587038435,2411,1854,2335,2691,2016,1472,-400,-1200,0,1200,0,0,-307,-723,-79,384,0,-34,119,121,119,122,119,121,45,47,46,46,46,49,55,506,13,23,1,1
9.9388,,297,1.5824175824175823,-29.714285714285715,-23.384615384615383,79.51648351648352,-2.681318681318681,2.4868123587038435,2392,1804,2335,2731,2016,1472,-550,-1550,0,1200,0,0,-381,-784,-79,286,0,-34,119,121,119,122,119,121,45,47,46,46,46,49,61,536,13,6,0,2
9.9722,,298,0.967032967032967,-32.175824175824175,-23.384615384615383,79.86813186813187,-2.681318681318681,2.4868123587038435,2365,1743,2335,2767,2016,1472,-800,-1800,0,1050,0,0,-329,-815,-76,181,0,-34,119,121,120,122,119,121,45,47,46,47,46,49,70,490,12,1,0,1
10.0057,,299,1.1428571428571428,-33.05494505494506,-23.384615384615383,80.48351648351648,-2.5934065934065935,2.4868123587038435,2335,1679,2335,2791,2016,1472,-900,-1850,0,900,0,0,-253,-758,-76,87,0,-34,120,122,120,123,119,122,45,47,46,47,46,49,23,323,12,0,0,0
10.0391,,300,1.2307692307692308,-33.31868131868132,-23.384615384615383,82.06593406593407,-2.5934065934065935,2.4868123587038435,2308,1621,2334,2810,2016,1472,-950,-1800,-50,600,0,0,-107,-696,-72,48,23,-34,120,122,120,123,120,122,45,47,46,46,46,49,3,169,8,0,1,1
10.0726,,301,1.4945054945054945,-33.40659340659341,-23.47252747252747,84.26373626373626,-2.5934065934065935,2.4868123587038435,2289,1565,2333,2824,2016,1472,-600,-1800,0,450,0,0,-30,-470,-69,74,23,-34,121,123,121,124,120,123,45,47,46,46,46,49,0,48,10,11,1,1
10.106,,302,1.8461538461538463,-33.494505494505496,-23.47252747252747,86.1978021978022,-2.5934065934065935,2.4868123587038435,2276,1521,2332,2838,2016,1472,-550,-1400,0,350,0,0,-55,-220,-69,109,23,-34,121,123,122,124,121,123,45,47,46,46,46,49,0,22,12,10,1,1
10.1394,,303,1.8461538461538463,-33.582417582417584,-23.47252747252747,87.16483516483517,-2.5934065934065935,2.4868123587038435,2271,1487,2332,2856,2016,1472,-200,-1050,0,500,0,0,-21,-220,-69,229,23,-34,121,124,122,125,121,123,45,47,46,46,46,49,1,3,11,7,1,1
10.1729,,304,1.8461538461538463,-33.934065934065934,-23.47252747252747,87.34065934065934,-2.681318681318681,2.4868123587038435,2269,1459,2331,2875,2016,1472,-100,-1000,0,600,0,0,0,-104,-65,102,23,-34,122,124,122,125,121,124,45,47,46,46,46,49,0,0,10,2,1,1
10.2063,,305,1.8461538461538463,-34.10989010989011,-23.47252747252747,87.25274725274726,-2.681318681318681,2.4868123587038435,2268,1439,2331,2892,2016,1472,-50,-650,0,600,0,0,0,-125,-65,23,0,-34,122,124,122,125,121,124,44,47,46,46,46,49,0,0,9,0,0,1
10.2398,,306,1.8461538461538463,-34.10989010989011,-23.47252747252747,87.25274725274726,-2.681318681318681,2.4868123587038435,2270,1423,2329,2901,2016,1472,50,-500,-50,350,0,0,0,-72,-58,65,0,-34,122,124,122,125,121,124,45,47,46,46,46,49,0,0,5,0,0,1
10.2733,,307,1.7582417582417582,-34.10989010989011,-23.47252747252747,87.25274725274726,-2.681318681318681,2.4868123587038435,2270,1414,2327,2906,2016,1472,0,-300,-100,100,0,0,0,-37,-51,51,0,-34,122,124,122,125,121,124,45,47,46,46,46,49,0,0,3,0,0,2
10.3068,,308,1.6703296703296704,-33.934065934065934,-23.384615384615383,87.34065934065934,-2.681318681318681,2.4868123587038435,2269,1409,2327,2910,2016,1472,0,-200,-50,150,0,0,-23,-23,-48,37,0,-34,122,124,122,125,121,124,45,47,46,46,46,49,1,1,3,0,0,3
10.3402,,309,1.4945054945054945,-33.67032967032967,-23.384615384615383,87.34065934065934,-2.681318681318681,2.4868123587038435,2267,1407,2328,2913,2016,1472,-100,-100,50,50,0,0,0,27,-51,27,0,-34,122,124,122,125,121,124,45,47,46,46,46,49,0,1,4,0,0,2
10.3737,,310,1.2307692307692308,-33.494505494505496,-23.384615384615383,87.34065934065934,-2.857142857142857,2.4868123587038435,2267,1409,2330,2916,2016,1472,0,0,50,100,0,0,-23,30,-55,0,0,-34,122,124,122,125,121,124,45,47,46,46,46,49,1,1,5,0,0,1
10.4072,,311,1.1428571428571428,-33.40659340659341,-23.384615384615383,87.34065934065934,-3.120879120879121,2.4868123587038435,2267,1418,2330,2917,2016,1472,0,200,50,50,0,0,-34,-27,-58,0,0,-34,122,124,122,125,121,124,45,47,46,47,46,49,3,0,7,0,0,1
10.4406,,312,1.054945054945055,-33.05494505494506,-23.208791208791208,87.34065934065934,-3.208791208791209,2.4868123587038435,2265,1419,2330,2918,2016,1472,-50,50,0,50,0,0,-34,-27,-58,-23,-31,-34,122,124,122,125,121,124,45,47,46,47,46,49,2,1,8,0,3,2
10.474,,313,0.967032967032967,-32.26373626373626,-23.032967032967033,87.34065934065934,-3.2967032967032965,2.4868123587038435,2264,1420,2330,2918,2016,1472,-50,50,0,0,0,0,-30,0,-51,-23,-34,-34,122,124,122,125,121,124,45,47,46,47,46,49,1,0,4,0,4,1
10.5076,,314,0.5274725274725275,-31.560439560439562,-22.945054945054945,87.34065934065934,-3.2967032967032965,2.4868123587038435,2262,1421,2330,2918,2016,1472,-50,0,0,0,0,0,-27,67,-44,-23,-37,-34,122,124,122,125,121,124,45,47,46,47,46,49,2,5,3,0,4,2
10.541,,315,-0.7912087912087912,-30.505494505494507,-22.945054945054945,87.34065934065934,-3.2967032967032965,2.562170308967596,2261,1425,2331,2918,2016,1472,0,100,0,0,0,0,-41,67,-41,-23,-37,-34,122,124,122,125,121,124,45,47,46,46,46,49,3,4,5,0,3,2
10.5746,,316,-2.989010989010989,-29.274725274725274,-22.945054945054945,87.34065934065934,-3.3846153846153846,2.562170308967596,2255,1431,2331,2918,2016,1472,-200,200,0,0,0,0,-100,99,-44,-23,-37,-30,122,124,122,125,121,124,45,47,46,46,46,49,9,9,4,0,4,1
10.608,,317,-5.802197802197802,-28.395604395604394,-22.945054945054945,87.34065934065934,-3.3846153846153846,2.562170308967596,2247,1441,2331,2918,2016,1472,-150,200,0,0,0,0,-170,133,-44,-23,-41,-30,122,124,122,125,121,124,45,47,46,46,46,49,16,5,3,0,4,1
10.6414,,318,-9.406593406593407,-27.428571428571427,-22.945054945054945,87.34065934065934,-3.2967032967032965,2.562170308967596,2233,1451,2331,2918,2016,1472,-400,300,0,0,0,0,-230,122,-44,-23,-41,-30,122,124,122,125,121,124,44,47,46,46,46,49,25,2,4,0,4,0
10.6748,,319,-13.714285714285714,-26.021978021978022,-22.945054945054945,87.34065934065934,-3.120879120879121,2.562170308967596,2218,1460,2331,2918,2016,1472,-400,300,0,0,0,0,-309,42,-44,-23,-37,-30,122,124,122,125,121,124,45,47,46,46,46,49,23,4,4,0,4,1
10.7084,,320,-19.252747252747252,-24.52747252747253,-22.76923076923077,87.42857142857143,-2.9450549450549453,2.562170308967596,2192,1472,2331,2918,2016,1472,-700,300,0,0,0,0,-380,56,-44,-23,-30,-30,122,124,122,125,121,124,45,47,46,46,46,49,29,6,4,0,3,1
10.7419,,321,-23.64835164835165,-23.384615384615383,-21.802197802197803,87.42857142857143,-2.681318681318681,2.562170308967596,2161,1485,2331,2918,2016,1472,-850,350,0,0,0,0,-378,150,-37,0,-23,-30,122,124,122,125,121,124,45,47,46,46,46,49,51,3,2,0,1,1
10.7754,,322,-26.63736263736264,-22.76923076923077,-20.395604395604394,87.42857142857143,-2.5934065934065935,2.562170308967596,2123,1501,2332,2918,2016,1472,-1150,450,0,0,0,0,-440,75,0,0,0,-30,122,124,122,125,121,124,45,47,46,46,46,49,61,2,2,0,0,1
10.8089,,323,-28.483516483516482,-22.065934065934066,-18.63736263736264,87.34065934065934,-2.5934065934065935,2.562170308967596,2084,1515,2338,2918,2016,1472,-1200,450,150,0,0,0,-359,29,-22,0,23,-30,122,124,122,125,121,124,45,47,46,46,46,49,61,0,0,0,1,0
10.8422,,324,-29.0989010989011,-21.714285714285715,-16.87912087912088,87.25274725274726,-2.5934065934065935,2.562170308967596,2041,1527,2349,2918,2016,1472,-1250,400,250,0,0,0,-388,101,131,-23,23,-30,122,124,122,125,121,124,45,47,46,47,46,49,39,0,3,0,1,1
10.8757,,325,-29.186813186813186,-21.53846153846154,-15.56043956043956,87.16483516483517,-2.5934065934065935,2.562170308967596,2002,1538,2365,2918,2016,1472,-1150,300,450,0,0,0,-253,58,144,-27,23,-30,122,124,122,125,121,124,45,47,46,46,46,49,7,0,0,0,2,1
10.9093,,326,-29.186813186813186,-21.36263736263736,-14.68131868131868,87.16483516483517,-2.5934065934065935,2.562170308967596,1967,1546,2383,2918,2016,1472,-1150,300,500,0,0,0,-114,34,33,-30,23,-30,122,124,122,125,121,124,44,47,46,46,46,49,2,0,0,1,2,0
10.9428,,327,-29.274725274725274,-21.274725274725274,-14.32967032967033,87.16483516483517,-2.5054945054945055,2.562170308967596,1946,1553,2401,2918,2016,1472,-750,200,600,0,0,0,-54,23,25,-30,23,-30,122,124,122,125,121,124,45,47,46,46,46,49,0,1,0,1,2,1
10.9762,,328,-29.274725274725274,-21.274725274725274,-14.153846153846153,87.07692307692308,-2.4175824175824174,2.562170308967596,1930,1560,2414,2918,2016,1472,-600,250,500,0,0,0,-79,-34,48,-30,27,-30,122,124,122,125,121,124,45,47,46,46,46,49,0,4,0,1,3,1
11.0096,,329,-29.274725274725274,-21.0989010989011,-14.153846153846153,87.07692307692308,-1.4505494505494505,2.562170308967596,1924,1560,2423,2918,2016,1472,-250,50,250,0,0,0,-51,-37,0,-34,30,-30,122,124,122,125,121,124,45,47,46,46,46,49,0,2,0,2,3,1
11.0431,,330,-29.274725274725274,-20.571428571428573,-14.153846153846153,86.98901098901099,0.7472527472527473,2.562170308967596,1920,1560,2429,2918,2016,1472,-100,0,250,0,0,0,-34,-30,-37,-34,87,-30,122,124,122,125,121,124,45,47,46,46,46,49,0,1,16,1,12,0
11.0766,,331,-28.923076923076923,-20.13186813186813,-14.065934065934066,87.16483516483517,3.4725274725274726,2.562170308967596,1919,1560,2429,2918,2023,1472,-50,0,0,0,200,0,-30,107,-37,-37,63,-30,122,124,122,125,121,124,45,47,46,46,46,49,0,1,4,2,23,1
11.11,,332,-27.956043956043956,-19.604395604395606,-13.978021978021978,87.16483516483517,6.197802197802198,2.562170308967596,1919,1563,2429,2918,2036,1472,0,100,0,0,450,0,0,43,-34,-30,146,-30,122,124,122,125,121,124,45,47,46,46,46,49,1,0,1,1,24,0
11.1435,,333,-26.285714285714285,-18.54945054945055,-13.978021978021978,87.16483516483517,8.571428571428571,2.562170308967596,1919,1568,2429,2918,2055,1472,0,100,0,0,550,0,78,46,-30,-30,278,-30,122,124,122,125,121,124,45,47,46,46,46,49,9,1,1,0,21,0
11.1769,,334,-23.208791208791208,-17.75824175824176,-13.89010989010989,87.07692307692308,10.593406593406593,2.4868123587038435,1921,1574,2429,2918,2076,1472,50,150,0,0,650,0,56,81,-30,-30,207,-30,122,124,122,125,121,124,45,47,46,46,46,49,20,2,0,0,21,0
11.2104,,335,-18.813186813186814,-16.87912087912088,-13.802197802197803,87.07692307692308,12.615384615384615,2.4868123587038435,1930,1583,2429,2918,2100,1472,200,250,0,0,650,0,145,57,-27,-34,201,-34,122,124,122,125,121,124,45,47,46,46,46,49,23,0,0,1,24,1
11.2439,,336,-14.065934065934066,-16.087912087912088,-13.802197802197803,86.98901098901099,15.076923076923077,2.4868123587038435,1946,1593,2429,2918,2124,1472,400,250,0,0,700,0,323,-26,-23,-34,221,-34,122,124,122,125,121,124,45,47,46,46,46,49,55,0,0,2,14,0
11.2774,,337,-9.054945054945055,-15.56043956043956,-13.802197802197803,86.9010989010989,18.417582417582416,2.562170308967596,1969,1602,2429,2917,2149,1472,600,250,0,-50,700,0,349,78,-23,-34,311,-34,121,124,122,125,121,124,45,47,46,46,46,49,88,0,0,1,16,0
11.3109,,338,-3.956043956043956,-15.296703296703297,-13.802197802197803,86.81318681318682,23.604395604395606,2.562170308967596,1997,1610,2429,2917,2175,1472,800,300,0,0,800,0,434,60,-23,-37,250,-30,121,124,122,124,121,123,45,47,46,46,46,49,99,0,0,1,22,0
11.3445,,339,1.4065934065934067,-15.296703296703297,-13.802197802197803,86.98901098901099,30.63736263736264,2.637528259231349,2034,1618,2429,2917,2203,1472,1000,200,0,0,800,0,504,-87,-23,-41,327,-30,121,123,122,124,121,123,45,47,46,46,46,49,130,0,0,2,32,0
11.378,,340,6.065934065934066,-15.56043956043956,-13.802197802197803,87.07692307692308,38.637362637362635,2.637528259231349,2078,1626,2429,2917,2238,1472,1300,200,0,0,1000,0,555,-27,-23,-34,346,-27,121,123,122,124,121,123,45,47,46,46,46,49,121,0,0,1,55,0
11.4114,,341,9.758241758241759,-16.0,-13.802197802197803,87.07692307692308,45.67032967032967,2.562170308967596,2126,1628,2429,2917,2281,1472,1350,50,0,0,1250,0,516,-48,-23,-30,542,-27,121,123,121,124,120,123,45,47,46,46,46,49,105,6,0,1,83,0
11.4449,,342,12.483516483516484,-16.263736263736263,-13.802197802197803,87.16483516483517,52.08791208791209,2.562170308967596,2176,1628,2429,2917,2331,1472,1550,0,0,0,1500,0,505,-73,-23,-30,641,-30,121,123,121,124,120,123,45,47,46,46,46,49,95,11,0,0,84,0
11.4785,,343,15.12087912087912,-16.439560439560438,-13.802197802197803,87.25274725274726,57.27472527472528,2.562170308967596,2227,1628,2429,2917,2391,1472,1500,0,0,0,1750,0,454,-76,-23,-27,613,-30,121,123,121,124,120,123,44,47,46,46,46,49,61,14,0,0,76,0
11.5121,,344,17.494505494505493,-16.791208791208792,-13.802197802197803,87.07692307692308,61.582417582417584,2.562170308967596,2279,1628,2429,2917,2457,1472,1550,0,0,0,1850,0,379,-83,-23,-23,625,-30,121,123,121,124,121,123,45,47,46,47,46,49,36,16,0,0,57,0
11.5456,,345,19.076923076923077,-17.142857142857142,-13.978021978021978,86.9010989010989,63.956043956043956,2.562170308967596,2324,1628,2429,2917,2524,1472,1350,0,0,0,2000,0,395,-97,-23,-30,596,-30,121,124,122,124,121,123,45,47,46,46,46,49,14,23,0,1,57,0
11.5791,,346,19.604395604395606,-17.23076923076923,-14.065934065934066,86.9010989010989,64.83516483516483,2.562170308967596,2364,1628,2429,2917,2586,1472,1250,0,0,0,2000,0,352,-116,-30,-37,638,-30,121,124,122,125,121,123,45,47,46,46,46,49,4,31,1,2,16,0
11.6127,,347,19.692307692307693,-17.582417582417584,-13.89010989010989,87.07692307692308,64.83516483516483,2.562170308967596,2397,1628,2429,2917,2646,1472,1100,0,0,0,1800,0,218,-115,-34,-37,404,-30,122,124,122,125,121,124,45,47,46,46,46,49,0,32,1,2,2,0
11.6461,,348,19.692307692307693,-17.75824175824176,-13.89010989010989,87.25274725274726,64.48351648351648,2.562170308967596,2423,1628,2429,2917,2695,1472,850,0,0,0,1600,0,114,-129,-27,-30,273,-30,122,124,122,125,121,124,44,47,46,46,46,49,0,40,1,1,0,0
11.6796,,349,19.252747252747252,-17.75824175824176,-13.89010989010989,87.25274725274726,62.81318681318681,2.562170308967596,2441,1628,2429,2917,2729,1472,550,0,0,0,1100,0,44,-136,-27,-23,121,-30,122,124,122,125,121,124,45,47,46,46,46,49,0,45,1,0,0,0
11.7131,,350,18.9010989010989,-17.75824175824176,-13.802197802197803,87.34065934065934,59.032967032967036,2.562170308967596,2450,1628,2429,2917,2748,1472,250,0,0,0,600,0,76,-136,-27,-23,39,-30,122,124,122,125,121,124,45,47,46,46,46,49,0,43,1,0,0,0
11.7466,,351,18.46153846153846,-17.582417582417584,-13.802197802197803,87.25274725274726,53.40659340659341,2.562170308967596,2454,1628,2429,2917,2751,1472,150,0,0,0,250,0,46,-136,-23,0,-117,-30,122,124,122,125,121,124,44,47,46,46,46,49,3,43,0,0,21,0
11.7801,,352,16.791208791208792,-17.406593406593405,-13.89010989010989,86.98901098901099,46.37362637362637,2.562170308967596,2454,1628,2429,2917,2740,1472,0,0,0,0,-250,0,25,-129,-23,-23,-292,-30,121,124,122,125,121,124,45,47,46,46,46,49,2,39,0,0,62,0
11.8135,,353,14.68131868131868,-17.318681318681318,-13.89010989010989,87.16483516483517,38.9010989010989,2.562170308967596,2453,1628,2429,2917,2716,1472,0,0,0,0,-450,0,-92,-122,-27,-34,-447,-30,121,124,122,124,121,123,45,47,46,47,46,49,9,35,0,2,81,1
11.847,,354,12.483516483516484,-17.406593406593405,-13.714285714285714,87.51648351648352,29.846153846153847,2.562170308967596,2448,1628,2429,2917,2682,1472,-100,0,0,0,-900,0,-159,-118,-27,-27,-498,-30,121,123,122,124,121,123,45,47,46,46,46,49,22,32,0,0,118,1
11.8805,,355,10.10989010989011,-17.934065934065934,-13.802197802197803,87.95604395604396,19.824175824175825,2.562170308967596,2436,1628,2430,2917,2635,1472,-250,0,50,0,-1300,0,-219,-122,-23,0,-619,-30,121,123,121,124,120,123,45,47,46,46,46,49,20,34,1,0,133,0
11.9139,,356,7.912087912087912,-19.164835164835164,-13.978021978021978,88.3956043956044,10.505494505494505,2.562170308967596,2419,1628,2431,2918,2577,1472,-500,0,0,0,-1700,0,-170,-156,-30,41,-670,-30,121,123,121,124,120,123,45,47,46,46,46,49,17,49,0,2,144,1
11.9474,,357,6.241758241758242,-20.923076923076923,-13.802197802197803,88.3956043956044,3.7362637362637363,2.637528259231349,2399,1627,2431,2921,2508,1472,-550,0,0,0,-1850,0,-275,-218,-37,45,-783,-30,121,123,121,124,120,122,45,47,46,46,46,49,20,68,2,1,156,0
11.9808,,358,4.65934065934066,-21.978021978021978,-13.802197802197803,88.48351648351648,0.13186813186813187,2.637528259231349,2376,1621,2431,2924,2435,1472,-700,-150,0,100,-2200,0,-253,-268,-30,30,-836,-27,121,123,121,123,120,122,44,47,46,46,46,49,8,95,0,0,176,0
12.0144,,359,2.989010989010989,-22.76923076923077,-13.802197802197803,88.48351648351648,-0.8351648351648352,2.637528259231349,2353,1611,2431,2926,2353,1472,-700,-300,0,100,-2400,0,-140,-261,-30,27,-802,-27,121,123,121,124,120,123,45,47,46,46,46,49,13,111,0,0,81,0
12.0479,,360,1.8461538461538463,-23.736263736263737,-13.802197802197803,88.3956043956044,-1.098901098901099,2.637528259231349,2331,1600,2431,2928,2273,1472,-650,-300,0,50,-2400,0,-244,-273,-30,0,-722,-27,121,123,121,124,120,123,45,47,46,46,46,49,3,86,0,0,24,0
12.0813,,361,1.4065934065934067,-24.35164835164835,-13.802197802197803,88.3956043956044,-1.010989010989011,2.637528259231349,2312,1586,2431,2929,2202,1472,-600,-350,0,50,-2200,0,-119,-180,-30,0,-435,-27,121,124,122,124,121,123,45,47,46,46,46,49,1,52,0,0,6,0
12.1148,,362,1.4065934065934067,-24.87912087912088,-13.802197802197803,88.48351648351648,-0.8351648351648352,2.637528259231349,2295,1573,2431,2929,2146,1472,-550,-450,0,0,-2000,0,-47,-134,-30,0,-252,-27,121,124,122,125,121,123,45,47,46,46,46,49,0,51,0,0,1,0
12.1484,,363,1.4065934065934067,-25.75824175824176,-13.802197802197803,88.48351648351648,-0.7472527472527473,2.637528259231349,2282,1562,2431,2929,2107,1472,-450,-350,0,0,-1450,0,-83,-195,-30,0,-269,-27,122,124,122,125,121,124,45,47,46,46,46,49,0,36,0,0,0,0
12.182,,364,1.4065934065934067,-26.813186813186814,-13.802197802197803,88.57142857142857,-0.7472527472527473,2.637528259231349,2275,1551,2431,2929,2082,1472,-200,-300,0,0,-850,0,-55,-115,-30,0,-83,-27,122,124,122,125,121,124,44,47,46,46,46,49,1,44,0,0,0,0
12.2156,,365,1.4065934065934067,-27.86813186813187,-13.802197802197803,88.57142857142857,-0.6593406593406593,2.637528259231349,2270,1540,2431,2929,2068,1472,-150,-350,0,0,-400,0,-44,-227,-30,0,-132,-27,122,124,122,125,121,124,45,47,46,46,46,49,2,42,1,0,0,0
12.249,,366,1.4065934065934067,-28.483516483516482,-13.802197802197803,88.74725274725274,-0.6593406593406593,2.637528259231349,2268,1529,2431,2929,2061,1472,-50,-350,0,0,-300,0,-34,-226,-30,0,-97,-27,122,124,122,125,121,124,45,47,46,46,46,49,0,41,0,0,0,0
12.2824,,367,1.4065934065934067,-28.747252747252748,-13.714285714285714,88.74725274725274,-0.5714285714285714,2.637528259231349,2266,1518,2431,2930,2057,1472,-50,-350,0,0,-150,0,-27,-188,-30,27,-79,-27,122,124,122,125,121,124,45,47,46,46,46,49,0,36,0,0,8,0
12.3158,,368,1.7582417582417582,-28.747252747252748,-13.714285714285714,89.27472527472527,-0.5714285714285714,2.7128862094951014,2266,1509,2431,2931,2054,1472,0,-250,0,50,-100,0,-23,-72,-27,0,-62,-27,122,124,122,125,121,124,45,47,46,46,46,49,1,28,0,0,10,0
12.3491,,369,2.021978021978022,-28.13186813186813,-13.714285714285714,90.32967032967034,-0.4835164835164835,2.7882441597588548,2266,1501,2431,2933,2052,1472,0,-250,0,0,-100,0,23,-129,-27,54,-55,-23,122,124,122,125,121,124,45,47,46,46,46,49,1,15,0,1,6,0
12.3825,,370,2.021978021978022,-27.252747252747252,-13.714285714285714,91.64835164835165,-0.04395604395604396,3.541823662396383,2266,1497,2431,2937,2050,1472,0,-200,0,100,-50,0,34,-75,-27,91,-48,0,122,124,122,125,121,124,45,47,46,46,46,49,4,7,0,6,5,0
12.4161,,371,1.8461538461538463,-24.87912087912088,-13.714285714285714,93.4065934065934,0.7472527472527473,5.0489826676714396,2266,1496,2430,2944,2050,1472,0,-50,0,150,-50,0,34,-29,-23,121,-21,78,122,124,122,125,121,124,45,47,46,46,46,49,3,3,0,3,3,8
12.4495,,372,1.6703296703296704,-21.53846153846154,-13.802197802197803,95.42857142857143,1.4505494505494505,6.782215523737754,2266,1496,2430,2954,2050,1476,0,0,0,250,0,50,27,99,-23,71,54,155,122,124,122,125,121,124,45,47,46,46,46,49,2,9,0,14,5,20
12.4829,,373,1.6703296703296704,-17.846153846153847,-13.802197802197803,97.53846153846153,1.89010989010989,7.912584777694047,2266,1505,2430,2968,2051,1485,0,200,0,400,0,200,0,113,-27,187,63,127,122,124,122,125,121,124,45,47,46,47,46,49,1,21,0,9,10,32
12.5164,,374,2.10989010989011,-13.010989010989011,-13.802197802197803,99.64835164835165,1.978021978021978,8.364732479276563,2266,1523,2430,2985,2057,1502,0,550,0,500,150,450,0,195,-27,228,78,237,122,124,122,125,121,124,45,47,46,46,46,49,0,22,0,16,8,25
12.5498,,375,2.2857142857142856,-7.736263736263736,-13.802197802197803,102.10989010989012,2.4175824175824174,8.138658628485306,2265,1548,2430,3003,2060,1518,0,750,0,550,100,550,50,283,-27,243,-66,92,122,124,122,125,121,124,45,47,46,46,46,49,5,42,0,15,3,7
12.5832,,376,2.3736263736263736,-4.043956043956044,-13.362637362637363,102.63736263736264,2.9450549450549453,7.837226827430293,2265,1581,2430,3022,2064,1529,0,900,0,600,100,350,48,369,-27,72,62,111,122,124,122,125,121,123,45,47,46,46,46,49,5,45,0,4,2,1
12.6167,,377,2.5494505494505493,-1.4945054945054945,-12.747252747252746,102.63736263736264,3.5604395604395602,7.761868877166542,2265,1618,2430,3035,2069,1534,0,1150,0,400,100,150,51,396,23,108,64,76,121,124,122,125,121,124,45,47,46,46,46,49,7,29,0,1,4,2
12.6501,,378,3.1648351648351647,0.0,-12.747252747252746,102.46153846153847,3.912087912087912,7.008289374529013,2265,1662,2433,3038,2073,1536,0,1250,0,200,150,100,58,365,41,93,72,62,122,124,122,125,121,124,45,47,46,46,46,49,9,18,0,3,9,6
12.6835,,379,3.5164835164835164,0.3516483516483517,-13.010989010989011,102.28571428571429,3.7362637362637363,4.596834966088922,2266,1708,2440,3041,2078,1537,0,1350,150,100,150,50,101,234,0,86,74,-42,122,124,122,125,121,124,45,47,46,46,46,49,18,2,0,10,6,1
12.717,,380,3.5164835164835164,-0.26373626373626374,-13.45054945054945,102.10989010989012,3.8241758241758244,1.8085908063300677,2269,1748,2443,3041,2082,1535,50,1350,200,50,150,0,88,147,-41,83,48,-136,122,124,122,125,121,124,45,47,46,47,46,49,14,0,5,14,2,18
12.7503,,381,3.6043956043956045,-0.967032967032967,-15.384615384615385,101.93406593406593,3.4725274725274726,2.185380557648832,2272,1781,2444,3041,2084,1524,100,1150,50,0,100,-200,76,61,-63,83,41,-270,122,124,122,125,121,123,45,47,46,46,46,49,9,22,11,16,3,40
12.7838,,382,3.956043956043956,-2.989010989010989,-18.54945054945055,101.93406593406593,3.3846153846153846,2.3360964581763377,2274,1797,2445,3041,2086,1508,100,600,50,0,100,-500,69,-66,-168,83,0,-131,121,124,122,124,121,123,45,47,46,47,46,49,11,41,49,16,1,17
12.8171,,383,4.043956043956044,-5.714285714285714,-22.153846153846153,101.93406593406593,3.2967032967032965,2.3360964581763377,2277,1800,2444,3041,2086,1492,50,100,0,0,0,-500,85,-143,-278,83,0,-31,121,123,122,124,121,123,45,47,46,46,46,49,12,49,111,15,0,2
12.8507,,384,4.043956043956044,-9.758241758241759,-26.46153846153846,101.93406593406593,3.120879120879121,2.3360964581763377,2280,1798,2436,3041,2086,1485,100,-50,-300,0,0,-150,69,-275,-397,83,0,-93,121,123,121,123,120,122,45,47,46,46,46,49,4,121,178,16,0,0
12.8841,,385,3.956043956043956,-15.032967032967033,-31.208791208791208,101.84615384615384,2.241758241758242,2.3360964581763377,2281,1788,2419,3041,2086,1482,50,-250,-450,0,0,-150,62,-391,-502,83,-27,-76,120,122,120,123,120,122,45,47,46,46,46,49,7,151,214,16,1,7
12.9175,,386,3.868131868131868,-19.86813186813187,-35.86813186813187,101.23076923076923,2.065934065934066,2.3360964581763377,2282,1771,2394,3041,2086,1480,50,-500,-700,0,0,-50,55,-434,-511,83,-81,-69,120,122,120,122,119,121,45,47,46,46,46,49,6,223,286,14,13,8
12.9509,,387,3.868131868131868,-23.47252747252747,-40.79120879120879,100.08791208791209,2.241758241758242,2.3360964581763377,2282,1749,2365,3041,2085,1479,0,-600,-800,0,0,-50,51,-629,-586,83,-65,-65,119,121,119,122,118,121,45,47,46,46,46,49,5,267,287,15,12,8
12.9843,,388,3.956043956043956,-25.23076923076923,-44.395604395604394,99.20879120879121,2.769230769230769,2.3360964581763377,2283,1716,2328,3041,2083,1478,50,-900,-1050,0,-50,-50,48,-604,-657,83,-55,-62,119,121,119,122,118,120,45,47,46,46,46,49,4,337,296,16,4,8
13.0178,,389,3.956043956043956,-24.615384615384617,-45.53846153846154,99.12087912087912,3.032967032967033,2.3360964581763377,2284,1678,2284,3041,2082,1478,50,-1150,-1250,0,-50,0,48,-579,-678,30,17,-62,119,121,119,122,118,121,45,47,46,47,46,49,5,281,292,4,1,8
13.0511,,390,4.483516483516484,-22.153846153846153,-45.010989010989015,99.56043956043956,3.120879120879121,2.3360964581763377,2284,1639,2235,3041,2082,1478,0,-1150,-1350,0,0,0,48,-423,-501,48,0,-62,120,122,120,122,119,121,45,47,46,47,46,49,4,135,208,4,0,8
13.0845,,391,5.362637362637362,-17.054945054945055,-42.81318681318681,99.91208791208791,3.208791208791209,2.260738507912585,2284,1609,2193,3041,2082,1478,0,-1050,-1450,0,0,0,74,-169,-381,65,0,-62,120,123,121,123,120,122,45,47,46,46,46,49,11,24,59,11,0,9
13.1179,,392,6.593406593406593,-11.604395604395604,-39.824175824175825,100.79120879120879,3.6483516483516483,2.260738507912585,2287,1591,2160,3041,2082,1478,50,-650,-1050,0,0,0,108,47,-215,79,23,-69,121,123,121,124,121,123,45,47,46,46,46,49,22,17,16,16,2,11
13.1513,,393,7.824175824175824,-6.153846153846154,-36.92307692307692,101.49450549450549,4.351648351648351,2.260738507912585,2294,1588,2145,3042,2082,1478,200,-200,-350,50,0,0,155,235,55,79,52,-69,121,124,122,124,121,123,45,47,46,46,46,49,22,62,2,15,5,10
13.1847,,394,8.0,-0.8791208791208791,-33.23076923076923,102.10989010989012,4.8791208791208796,2.260738507912585,2302,1600,2141,3042,2084,1478,250,300,-200,0,0,0,167,323,180,79,83,-69,121,123,122,124,121,123,44,47,46,46,46,49,22,116,14,15,10,11
13.2182,,395,8.0,2.989010989010989,-29.0989010989011,102.10989010989012,4.8791208791208796,2.260738507912585,2310,1615,2139,3042,2088,1478,250,450,-200,0,150,0,122,570,270,79,73,-69,121,123,121,124,120,123,45,47,46,46,46,49,8,326,56,14,4,10
13.2517,,396,8.175824175824175,5.978021978021978,-25.934065934065934,102.02197802197803,4.8791208791208796,2.260738507912585,2315,1635,2154,3042,2093,1478,200,450,300,0,150,0,101,604,376,79,51,-69,120,122,120,123,119,121,45,47,46,46,46,49,12,507,89,15,3,11
13.2851,,397,8.527472527472527,7.736263736263736,-23.64835164835165,101.93406593406593,4.7032967032967035,2.3360964581763377,2320,1668,2179,3042,2096,1478,100,800,650,0,100,0,97,651,349,79,44,-69,120,122,120,122,119,121,45,47,46,46,46,49,8,401,93,15,2,10
13.3185,,398,8.967032967032967,8.87912087912088,-22.417582417582416,101.84615384615384,4.43956043956044,2.4114544084400906,2324,1718,2220,3042,2098,1478,150,1450,1150,0,50,0,97,501,327,79,27,-62,120,122,120,123,120,122,45,47,46,46,46,49,9,182,46,14,1,8
13.3519,,399,8.967032967032967,9.31868131868132,-22.32967032967033,101.84615384615384,4.351648351648351,2.4114544084400906,2330,1778,2257,3042,2099,1478,150,1600,1350,0,50,0,99,325,235,79,0,-58,121,123,121,124,120,123,45,47,46,46,46,49,8,31,7,15,0,7
13.3852,,400,8.967032967032967,9.23076923076923,-22.32967032967033,101.75824175824175,4.615384615384615,2.4114544084400906,2332,1826,2286,3042,2098,1478,100,1350,750,0,-50,0,79,139,104,79,0,-58,121,124,122,124,121,123,45,47,46,47,46,49,10,4,1,14,0,8
13.4187,,401,8.967032967032967,8.791208791208792,-22.417582417582416,101.75824175824175,4.615384615384615,2.4114544084400906,2333,1872,2314,3042,2097,1478,50,1400,950,0,0,0,76,-80,-45,79,23,-58,121,124,122,125,121,123,45,47,46,47,46,49,11,1,0,15,1,8
13.4521,,402,8.791208791208792,8.175824175824175,-22.417582417582416,101.75824175824175,4.791208791208791,2.4114544084400906,2334,1912,2334,3042,2098,1478,0,1150,550,0,50,0,76,-131,0,79,23,-58,121,124,122,124,121,123,44,47,46,46,46,49,14,79,2,14,1,8
13.4855,,403,8.703296703296703,7.384615384615385,-22.32967032967033,101.75824175824175,4.791208791208791,2.4114544084400906,2339,1929,2343,3042,2099,1478,100,800,400,0,50,0,-62,-167,-62,79,27,-58,121,123,121,124,120,123,45,47,46,46,46,49,5,137,32,15,3,7
13.5191,,404,8.791208791208792,7.1208791208791204,-22.32967032967033,101.75824175824175,4.791208791208791,2.4114544084400906,2342,1927,2343,3042,2099,1478,100,0,0,0,0,0,-83,-207,-62,79,27,-58,121,123,121,124,121,123,45,47,46,46,46,49,1,94,13,14,2,7
13.5525,,405,8.87912087912088,7.1208791208791204,-22.32967032967033,101.84615384615384,4.791208791208791,2.4114544084400906,2342,1920,2340,3042,2099,1478,50,-200,-50,0,0,0,37,-171,-51,79,27,-58,121,123,122,124,121,123,45,47,46,46,46,49,1,42,5,15,3,7
13.5861,,406,8.87912087912088,7.032967032967033,-22.32967032967033,101.93406593406593,4.791208791208791,2.4114544084400906,2342,1912,2339,3042,2099,1478,0,-250,-50,0,0,0,41,-139,-48,79,27,-58,121,124,122,124,121,123,44,47,46,46,46,49,2,28,4,15,2,8
13.6195,,407,8.87912087912088,7.032967032967033,-22.153846153846153,101.93406593406593,4.791208791208791,2.4114544084400906,2343,1907,2340,3042,2099,1478,0,-150,0,0,0,0,41,-129,-48,79,27,-58,121,124,122,124,121,123,45,47,46,47,46,49,4,18,4,14,2,8
13.653,,408,8.87912087912088,7.032967032967033,-22.153846153846153,101.93406593406593,4.791208791208791,2.4114544084400906,2343,1908,2341,3042,2099,1478,50,-50,50,0,0,0,37,-125,-48,79,27,-58,121,124,122,124,121,123,45,47,46,47,46,49,4,34,3,14,2,7
13.6864,,409,8.87912087912088,7.032967032967033,-22.24175824175824,101.93406593406593,4.791208791208791,2.4114544084400906,2343,1909,2342,3042,2099,1478,0,50,0,0,0,0,37,-132,-48,79,27,-58,121,124,122,124,121,123,45,47,46,46,46,49,4,41,4,15,3,8
13.72,,410,8.703296703296703,7.032967032967033,-22.24175824175824,101.93406593406593,4.8791208791208796,2.4114544084400906,2344,1909,2342,3042,2099,1478,50,0,0,0,0,0,34,-132,-55,79,27,-58,121,124,122,124,121,123,45,47,46,46,46,49,3,41,5,15,1,8
13.7535,,411,8.263736263736265,6.945054945054945,-22.417582417582416,101.75824175824175,5.406593406593407,2.4868123587038435,2345,1909,2342,3042,2099,1478,50,0,0,0,0,0,23,-132,-55,79,30,-58,121,124,122,125,121,123,45,47,46,47,46,49,2,40,5,14,3,8
13.787,,412,8.0,7.2967032967032965,-22.681318681318682,101.4065934065934,6.725274725274725,3.014318010550113,2345,1908,2342,3042,2100,1478,0,-50,0,0,0,0,-37,-132,-62,79,65,-55,121,124,122,124,121,123,45,47,46,46,46,49,2,37,8,15,4,6
13.8204,,413,8.0,7.824175824175824,-23.64835164835165,99.73626373626374,9.274725274725276,3.9939713639788996,2344,1908,2342,3042,2103,1478,-50,0,0,0,50,0,-34,-118,-72,79,120,23,121,124,122,125,121,123,45,47,46,46,46,49,2,31,12,15,17,1
13.8537,,414,8.703296703296703,8.527472527472527,-24.35164835164835,95.6043956043956,11.736263736263735,6.179351921627732,2343,1908,2342,3042,2112,1478,0,0,0,0,150,0,-30,-90,-133,69,192,83,121,124,122,124,121,123,44,47,46,46,46,49,1,21,32,11,24,10
13.8871,,415,10.10989010989011,9.406593406593407,-24.967032967032967,90.68131868131869,13.142857142857142,10.550113036925396,2342,1908,2342,3042,2127,1482,-50,0,0,0,400,50,43,-59,-140,-77,236,188,121,124,122,124,121,123,45,47,46,46,46,49,5,10,49,4,29,25
13.9206,,416,13.538461538461538,10.285714285714286,-24.87912087912088,85.4065934065934,13.23076923076923,17.03089675960814,2343,1909,2341,3039,2146,1494,0,0,0,-50,600,200,112,22,-183,-216,159,298,121,123,121,124,121,123,45,47,46,46,46,49,16,3,63,38,18,48
13.954,,417,16.615384615384617,11.604395604395604,-24.791208791208792,81.0989010989011,12.967032967032967,25.094197437829692,2349,1913,2341,3022,2164,1521,150,150,0,-550,550,800,115,0,-157,-426,65,395,121,123,121,124,120,123,45,47,46,46,46,49,34,1,56,73,3,98
13.9874,,418,18.9010989010989,13.45054945054945,-24.791208791208792,78.81318681318682,12.967032967032967,31.72569706103994,2362,1922,2341,2990,2176,1557,300,200,0,-900,450,1050,306,70,-153,-422,90,500,121,123,121,123,120,122,45,47,46,46,46,49,56,0,53,74,4,109
14.0209,,419,20.043956043956044,14.593406593406593,-24.791208791208792,78.46153846153847,13.31868131868132,36.925395629238885,2378,1933,2341,2951,2181,1605,450,300,0,-1100,250,1350,348,18,-153,-421,65,500,121,123,121,123,120,122,45,47,46,46,46,49,91,0,52,63,3,85
14.0544,,420,21.0989010989011,15.032967032967033,-24.52747252747253,78.72527472527473,13.31868131868132,38.6586284853052,2396,1948,2341,2913,2187,1654,500,500,0,-1150,150,1450,232,-37,-153,-299,62,500,121,123,121,123,120,122,45,47,46,46,46,49,78,0,53,21,3,74
14.0878,,421,21.89010989010989,14.593406593406593,-24.35164835164835,80.65934065934066,13.31868131868132,38.58327053504145,2416,1963,2341,2884,2191,1702,600,450,0,-1000,150,1450,318,54,-142,-172,48,500,121,123,121,124,120,123,45,47,46,46,46,49,73,1,46,3,2,64
14.1213,,422,22.065934065934066,13.802197802197803,-24.52747252747253,84.35164835164835,13.406593406593407,38.35719668425019,2436,1973,2342,2865,2194,1752,600,400,50,-650,50,1500,180,-55,-139,-107,37,500,121,123,121,124,120,123,45,47,46,47,46,49,29,27,42,0,2,72
14.1548,,423,21.802197802197803,11.604395604395604,-24.439560439560438,88.74725274725274,13.406593406593407,36.397889977392616,2453,1976,2343,2861,2196,1802,600,200,50,-350,150,1450,100,-112,-150,102,30,500,121,123,121,124,120,123,45,47,46,47,46,49,17,35,51,3,1,71
14.1883,,424,21.274725274725274,8.967032967032967,-24.263736263736263,93.4065934065934,12.791208791208792,31.348907309721174,2466,1974,2343,2870,2198,1851,450,50,0,100,50,1450,40,-208,-146,155,-94,411,121,123,121,124,120,123,45,47,46,47,46,49,10,46,48,27,1,46
14.2219,,425,20.395604395604394,6.153846153846154,-24.263736263736263,97.8021978021978,11.912087912087912,23.51168048229088,2473,1970,2342,2890,2198,1894,300,-50,-50,500,0,1350,76,-299,-136,351,-35,127,121,123,121,124,120,123,45,47,46,46,46,49,3,137,42,43,4,11
14.2555,,426,18.54945054945055,2.197802197802198,-24.263736263736263,100.87912087912088,10.417582417582418,11.529766390354181,2476,1963,2342,2917,2197,1911,100,-250,0,850,0,550,-111,-385,-136,345,-93,-167,121,123,121,123,120,122,45,47,46,46,46,49,2,158,42,52,14,28
14.2889,,427,16.439560439560438,-1.934065934065934,-24.087912087912088,102.1978021978022,10.241758241758241,0.6782215523737753,2475,1952,2342,2952,2193,1903,0,-300,0,950,-50,0,-102,-401,-136,349,-56,-387,120,122,120,123,119,122,45,47,46,46,46,49,12,292,41,35,21,114
14.3223,,428,14.32967032967033,-7.824175824175824,-22.32967032967033,102.46153846153847,9.89010989010989,2.3360964581763377,2470,1932,2342,2986,2185,1866,-50,-500,0,1000,-250,-950,-173,-500,-129,222,-93,-500,120,122,120,122,119,121,45,47,46,46,46,49,19,287,38,4,4,103
14.3556,,429,12.307692307692308,-15.648351648351648,-18.813186813186814,102.28571428571429,9.538461538461538,5.727204220045215,2458,1902,2342,3011,2178,1823,-350,-850,0,800,-200,-1350,-127,-594,-31,107,-83,-500,120,122,120,122,119,121,45,47,46,46,46,49,14,292,11,1,8,77
14.389,,430,10.021978021978022,-21.89010989010989,-15.472527472527473,102.1978021978022,9.010989010989011,4.672192916352675,2444,1865,2344,3026,2173,1774,-450,-1000,0,600,-150,-1400,-255,-684,0,146,-92,-500,120,122,120,122,119,121,45,47,46,46,46,49,29,356,3,0,11,70
14.4225,,431,6.945054945054945,-26.63736263736264,-12.571428571428571,102.1978021978022,8.307692307692308,2.4868123587038435,2427,1815,2359,3035,2168,1725,-450,-1400,300,300,-150,-1450,-287,-792,216,115,-96,-500,120,122,120,122,119,121,45,47,46,46,46,49,47,438,10,2,3,61
14.456,,432,4.571428571428571,-29.274725274725274,-10.021978021978022,102.1978021978022,7.252747252747253,2.110022607385079,2408,1758,2382,3039,2162,1675,-550,-1600,600,250,-150,-1450,-248,-819,173,90,-23,-500,120,122,120,122,119,121,45,47,46,47,46,49,54,330,1,8,11,54
14.4894,,433,4.131868131868132,-30.32967032967033,-7.912087912087912,102.10989010989012,6.549450549450549,2.4114544084400906,2381,1696,2408,3040,2155,1627,-650,-1750,700,50,-250,-1550,-256,-682,188,86,-128,-470,120,122,120,123,119,122,45,47,46,47,46,49,54,224,0,15,7,42
14.5229,,434,4.21978021978022,-30.417582417582416,-5.538461538461538,102.10989010989012,6.373626373626373,2.4868123587038435,2353,1640,2435,3040,2146,1580,-950,-1750,800,0,-250,-1400,-143,-542,169,86,-102,-320,120,123,121,123,120,122,45,47,46,47,46,49,16,164,0,17,10,11
14.5563,,435,4.21978021978022,-30.76923076923077,-3.076923076923077,102.10989010989012,6.197802197802198,2.562170308967596,2331,1587,2463,3040,2139,1546,-650,-1550,850,0,-200,-1000,-79,-482,274,86,-90,-245,121,123,121,124,120,123,45,47,46,47,46,49,2,52,0,18,4,1
14.5897,,436,4.21978021978022,-30.945054945054945,-1.4065934065934067,102.02197802197803,6.1098901098901095,2.562170308967596,2315,1545,2491,3040,2133,1524,-500,-1200,800,0,-150,-850,-97,-318,183,86,-76,-142,121,124,122,124,121,123,45,47,46,47,46,49,0,17,0,17,3,0
14.6231,,437,3.956043956043956,-30.945054945054945,-0.8791208791208791,102.02197802197803,6.021978021978022,2.562170308967596,2306,1514,2518,3041,2130,1508,-300,-1000,800,0,-150,-500,-58,-284,155,83,55,-164,122,124,122,125,121,123,45,47,46,47,46,49,0,3,0,16,2,2
14.6566,,438,3.78021978021978,-30.945054945054945,-0.7912087912087912,102.02197802197803,5.670329670329671,2.562170308967596,2301,1493,2542,3042,2127,1498,-200,-700,750,0,-50,-300,-44,-196,51,79,-58,-125,122,124,122,125,121,124,44,47,46,47,46,49,0,0,0,14,5,4
14.69,,439,3.6923076923076925,-30.945054945054945,-0.7912087912087912,102.02197802197803,5.230769230769231,2.562170308967596,2297,1478,2561,3042,2125,1491,-100,-550,700,50,-50,-250,-37,-51,-52,79,-62,20,122,124,122,125,121,124,45,47,46,46,46,49,1,0,0,14,9,4
14.7234,,440,3.6043956043956045,-30.945054945054945,-0.7912087912087912,102.02197802197803,4.967032967032967,2.562170308967596,2297,1468,2570,3042,2121,1488,-50,-300,300,0,-100,-150,-37,-111,-76,79,-83,-86,122,124,122,125,121,124,45,47,46,46,46,49,1,1,0,14,2,6
14.7569,,441,3.5164835164835164,-30.857142857142858,-0.7912087912087912,102.02197802197803,4.967032967032967,2.562170308967596,2296,1464,2577,3042,2119,1485,50,-250,250,0,-100,-100,-41,-90,0,79,48,-79,122,124,122,125,121,124,45,47,46,46,46,49,3,3,0,15,4,5
14.7904,,442,3.5164835164835164,-30.681318681318682,-0.7912087912087912,101.93406593406593,4.967032967032967,2.562170308967596,2291,1462,2580,3042,2116,1484,-50,-100,150,0,-100,-100,-30,-76,-30,79,-58,-72,122,124,122,125,121,124,45,47,46,47,46,49,3,9,0,15,7,11
14.8238,,443,3.5164835164835164,-30.32967032967033,-0.7912087912087912,101.84615384615384,4.967032967032967,2.562170308967596,2288,1462,2580,3042,2113,1482,-100,0,50,0,-100,-50,0,-69,-34,79,69,-65,122,124,122,125,121,124,45,47,46,46,46,49,0,10,1,15,3,8
14.8572,,444,3.340659340659341,-29.978021978021978,-0.7912087912087912,101.67032967032966,4.967032967032967,2.562170308967596,2287,1462,2580,3042,2112,1482,-50,0,0,0,-50,0,0,-55,-34,79,-44,-65,122,124,122,125,121,124,45,47,46,46,46,49,0,6,1,14,5,9
14.8906,,445,2.6373626373626373,-29.186813186813186,-0.5274725274725275,101.23076923076923,4.8791208791208796,2.562170308967596,2287,1462,2580,3042,2111,1482,0,0,0,0,0,0,0,-35,-34,79,-41,-65,122,124,122,125,121,124,45,47,46,46,46,49,0,3,1,15,4,10
14.924,,446,-0.43956043956043955,-27.428571428571427,-0.5274725274725275,100.52747252747253,4.527472527472527,2.637528259231349,2288,1462,2580,3042,2111,1482,50,0,0,0,0,0,-69,0,-23,79,-44,-65,122,124,122,125,121,124,45,47,46,46,46,49,7,1,0,15,4,9
14.9574,,447,-5.8901098901098905,-25.054945054945055,-0.5274725274725275,99.82417582417582,4.175824175824176,2.93896006028636,2285,1465,2580,3042,2111,1482,-50,50,0,0,0,0,-155,113,-23,79,-58,-62,122,124,122,125,121,124,45,47,46,46,46,49,21,0,0,15,10,8
14.9908,,448,-12.219780219780219,-22.417582417582416,-0.5274725274725275,99.20879120879121,4.351648351648351,3.391107761868877,2272,1475,2580,3042,2109,1482,-200,200,0,0,0,0,-321,173,-23,72,-65,-44,122,124,122,125,121,124,45,47,46,47,46,49,49,13,0,11,12,3
15.0243,,449,-19.516483516483518,-18.9010989010989,-0.6153846153846154,99.03296703296704,4.967032967032967,5.124340617935192,2247,1491,2580,3042,2107,1482,-650,400,0,0,-50,0,-355,232,-23,29,-51,31,122,124,122,125,121,124,45,47,46,47,46,49,88,23,0,3,6,1
15.0578,,450,-26.10989010989011,-15.56043956043956,-0.6153846153846154,99.03296703296704,5.054945054945055,8.364732479276563,2210,1512,2580,3042,2105,1483,-1050,600,0,0,-50,0,-399,203,-27,41,30,93,122,124,122,125,121,124,45,47,46,46,46,49,97,21,0,2,1,10
15.0912,,451,-30.76923076923077,-12.747252747252746,-0.43956043956043955,99.03296703296704,4.791208791208791,13.489073097211756,2164,1540,2580,3042,2105,1488,-1250,700,0,0,0,150,-504,330,-27,41,0,264,121,124,122,124,121,123,45,47,46,46,46,49,104,11,0,2,0,50
15.1246,,452,-33.142857142857146,-10.54945054945055,-0.43956043956043955,99.12087912087912,4.175824175824176,20.497362471740768,2115,1569,2581,3042,2105,1509,-1450,900,0,0,0,450,-551,251,0,41,-27,333,121,123,122,124,121,123,45,47,46,46,46,49,97,3,13,2,2,59
15.158,,453,-34.285714285714285,-9.23076923076923,-0.43956043956043955,99.12087912087912,4.175824175824176,28.25923134890731,2060,1604,2582,3042,2105,1541,-1600,1050,50,0,0,1000,-513,215,-27,44,-55,500,121,123,122,124,121,123,44,47,46,46,46,49,97,1,3,3,9,80
15.1914,,454,-34.285714285714285,-8.43956043956044,-0.43956043956043955,99.12087912087912,4.8791208791208796,35.19216277317257,2005,1640,2582,3042,2103,1583,-1600,1050,0,0,-50,1350,-532,180,-27,44,-44,500,121,123,122,124,121,123,45,47,46,46,46,49,33,0,0,3,5,86
15.2249,,455,-34.285714285714285,-7.736263736263736,-0.43956043956043955,99.12087912087912,5.230769230769231,41.3715146948003,1956,1670,2582,3042,2102,1633,-1500,950,0,0,-50,1450,-229,73,-27,44,0,500,121,124,122,124,121,123,45,47,46,47,46,49,4,0,0,4,1,75
15.2584,,456,-33.67032967032967,-6.857142857142857,-0.43956043956043955,99.20879120879121,5.582417582417582,45.139412207987945,1917,1696,2582,3042,2102,1683,-1200,800,0,0,0,1500,-157,87,-27,44,34,500,122,124,122,124,121,123,45,47,46,46,46,49,1,10,0,4,3,74
15.2918,,457,-32.967032967032964,-5.978021978021978,-0.5274725274725275,99.20879120879121,7.428571428571429,45.591559909570464,1891,1712,2583,3042,2102,1731,-950,650,50,0,0,1500,-107,-60,-30,48,48,500,122,124,122,125,121,123,44,47,46,46,46,49,0,3,1,4,7,73
15.3252,,458,-30.505494505494507,-5.362637362637362,-0.7032967032967034,99.20879120879121,10.32967032967033,44.46119065561417,1878,1723,2583,3042,2105,1781,-550,350,0,0,0,1450,-31,44,-34,48,138,500,122,124,122,124,121,123,45,47,46,46,46,49,3,1,2,4,6,72
15.3586,,459,-26.63736263736264,-5.010989010989011,-0.7912087912087912,99.12087912087912,13.31868131868132,40.54257724189902,1875,1730,2582,3042,2115,1831,-100,250,0,0,250,1500,83,57,-41,48,135,500,121,124,122,124,121,123,45,47,46,46,46,49,15,0,3,4,21,70
15.392,,460,-21.186813186813186,-4.571428571428571,-1.1428571428571428,98.94505494505495,14.901098901098901,32.78070836473248,1880,1737,2582,3042,2134,1881,-50,200,-50,0,400,1400,171,27,-41,44,281,500,121,124,122,124,121,123,45,47,46,46,46,49,61,0,3,3,19,69
15.4255,,461,-14.417582417582418,-3.78021978021978,-1.4065934065934067,98.24175824175825,15.340659340659341,22.38131122833459,1896,1744,2582,3042,2157,1929,400,200,0,0,600,1500,305,0,-55,37,183,500,121,123,122,124,121,123,45,47,46,46,46,49,94,0,7,1,10,56
15.4589,,462,-7.032967032967033,-2.989010989010989,-1.4065934065934067,96.04395604395604,15.868131868131869,8.440090429540316,1920,1753,2582,3042,2176,1973,750,250,0,0,650,1350,445,0,-65,-31,178,133,121,124,122,124,121,123,45,47,46,46,46,49,130,0,10,0,8,14
15.4923,,463,0.6153846153846154,-1.934065934065934,-1.2307692307692308,92.96703296703296,16.395604395604394,0.0,1958,1762,2582,3039,2193,1991,1100,250,0,-50,450,400,566,116,-65,-90,89,-102,121,123,121,124,121,123,45,47,46,46,46,49,162,0,9,8,2,43
15.5258,,464,7.1208791208791204,-0.43956043956043955,-0.967032967032967,91.56043956043956,17.0989010989011,3.9939713639788996,2004,1772,2582,3035,2206,1982,1300,250,0,-100,450,-50,683,0,-58,-232,54,-500,121,123,121,123,120,122,44,47,46,46,46,49,217,0,6,31,6,137
15.5593,,465,11.428571428571429,0.6153846153846154,-0.967032967032967,91.38461538461539,17.274725274725274,7.234363225320271,2060,1783,2582,3017,2216,1942,1600,300,0,-500,300,-1150,681,-40,-48,-155,131,-500,120,123,121,123,120,122,45,47,46,46,46,49,193,0,4,23,3,107
15.5927,,466,12.571428571428571,0.7912087912087912,-0.967032967032967,91.2967032967033,17.36263736263736,5.35041446872645,2118,1794,2582,2998,2226,1896,1750,350,0,-650,250,-1300,694,-49,-48,-150,83,-500,121,123,121,123,120,122,45,47,46,46,46,49,198,0,4,3,5,77
15.6262,,467,12.659340659340659,0.5274725274725275,-0.8791208791208791,91.38461538461539,17.53846153846154,2.4114544084400906,2183,1805,2582,2987,2232,1845,1900,350,0,-300,200,-1500,593,0,-48,-111,62,-500,121,123,121,124,120,123,45,47,46,47,46,49,134,0,4,3,5,72
15.6597,,468,12.307692307692308,0.08791208791208792,-0.8791208791208791,91.47252747252747,17.45054945054945,2.4114544084400906,2243,1812,2583,2980,2237,1798,1850,250,50,-250,150,-1450,465,-133,-48,34,58,-500,121,123,122,124,120,123,45,47,46,46,46,49,43,18,4,1,3,58
15.6931,,469,11.604395604395604,-0.17582417582417584,-0.967032967032967,91.47252747252747,16.835164835164836,2.7882441597588548,2292,1812,2583,2976,2240,1747,1450,0,0,-200,100,-1500,203,-76,-48,-62,41,-500,121,124,122,124,121,123,45,47,46,46,46,49,5,17,4,1,3,59
15.7266,,470,10.725274725274724,-0.5274725274725275,-0.967032967032967,91.47252747252747,16.571428571428573,2.7882441597588548,2329,1812,2583,2973,2241,1696,1350,0,0,-100,100,-1450,115,-79,-51,-51,-34,-500,121,124,122,124,121,123,45,47,46,46,46,49,1,19,4,3,2,53
15.76,,471,10.021978021978022,-0.43956043956043955,-0.967032967032967,91.47252747252747,16.307692307692307,2.7882441597588548,2352,1812,2583,2971,2241,1644,750,0,0,-100,0,-1550,-51,-93,-51,-44,-34,-500,121,124,122,125,121,123,45,47,46,46,46,49,0,26,4,1,4,53
15.7934,,472,9.582417582417582,-0.26373626373626374,-0.8791208791208791,91.47252747252747,16.21978021978022,2.7882441597588548,2359,1812,2583,2970,2242,1598,250,0,0,-50,50,-1450,27,-90,-51,-41,-48,-343,122,124,122,125,121,124,45,47,46,47,46,49,6,23,4,1,7,27
15.8268,,473,9.406593406593407,-0.08791208791208792,-0.8791208791208791,91.47252747252747,15.516483516483516,2.7882441597588548,2360,1812,2583,2970,2241,1559,50,0,0,0,0,-1300,-37,-83,-48,-41,-51,-269,122,124,122,125,121,124,45,47,46,47,46,49,2,19,4,2,8,3
15.8602,,474,9.31868131868132,-0.08791208791208792,-0.8791208791208791,91.47252747252747,14.901098901098901,2.7882441597588548,2355,1812,2583,2970,2240,1532,-150,0,0,0,-50,-850,0,-76,-48,-41,-90,-160,122,124,122,125,121,124,45,47,46,47,46,49,1,17,4,3,18,3
15.8936,,475,9.23076923076923,-0.08791208791208792,-0.8791208791208791,91.47252747252747,14.725274725274724,2.7882441597588548,2353,1812,2583,2969,2234,1515,-100,0,0,0,-50,-650,0,-76,-48,-41,-85,-174,122,124,122,125,121,124,45,47,46,46,46,49,0,17,4,4,12,4
15.927,,476,9.23076923076923,-0.08791208791208792,-0.8791208791208791,91.47252747252747,14.725274725274724,2.7882441597588548,2352,1812,2583,2969,2230,1504,-50,0,0,-50,-150,-400,0,-76,-48,-37,-69,-129,122,124,122,125,121,124,45,47,46,46,46,49,0,17,4,2,7,2
15.9606,,477,9.23076923076923,-0.17582417582417584,-0.8791208791208791,91.47252747252747,14.725274725274724,2.7882441597588548,2352,1812,2583,2969,2226,1497,0,0,0,0,-150,-250,0,-76,-48,-37,-58,-111,122,124,122,125,121,124,45,47,46,46,46,49,0,18,4,3,4,6
15.994,,478,9.31868131868132,-0.26373626373626374,-0.8791208791208791,91.47252747252747,14.725274725274724,2.7882441597588548,2352,1812,2583,2969,2224,1492,0,0,0,0,-100,-150,0,-79,-48,-37,69,-90,122,124,122,125,121,124,45,47,46,46,46,49,0,18,4,3,2,7
16.0276,,479,9.31868131868132,-0.3516483516483517,-0.8791208791208791,91.47252747252747,14.725274725274724,2.7882441597588548,2352,1812,2583,2969,2223,1490,0,0,0,0,0,-100,23,-83,-48,-37,-44,-79,122,124,122,125,121,124,45,47,46,46,46,49,1,20,4,2,4,7
16.0611,,480,9.31868131868132,-0.3516483516483517,-0.8791208791208791,91.47252747252747,14.725274725274724,2.7882441597588548,2353,1812,2583,2969,2222,1488,50,0,0,0,0,-100,0,-86,-48,-37,-41,-72,122,124,122,125,121,124,45,47,46,46,46,49,0,22,4,2,5,12
16.0945,,481,9.31868131868132,-0.43956043956043955,-0.8791208791208791,91.47252747252747,14.725274725274724,2.7882441597588548,2353,1812,2583,2969,2221,1488,0,0,0,0,0,0,0,-86,-48,-37,-37,-72,122,124,122,125,121,124,45,47,46,47,46,49,0,22,4,2,4,13
16.128,,482,9.31868131868132,-0.5274725274725275,-0.8791208791208791,91.47252747252747,14.637362637362637,2.7882441597588548,2353,1812,2583,2969,2221,1488,0,0,0,0,-50,0,0,-90,-48,-37,-37,-72,122,124,122,125,121,124,45,47,46,46,46,49,0,24,4,2,4,14
16.1615,,483,9.142857142857142,-0.6153846153846154,-0.8791208791208791,91.56043956043956,14.197802197802197,2.7882441597588548,2353,1812,2583,2969,2221,1488,0,0,0,0,0,0,0,-93,-48,-37,-41,-72,122,124,122,125,121,124,45,47,46,47,46,49,0,24,4,2,4,14
16.1952,,484,8.615384615384615,-0.6153846153846154,-0.8791208791208791,91.64835164835165,13.582417582417582,2.7882441597588548,2353,1812,2583,2969,2221,1488,0,0,0,0,0,0,0,-97,-48,-34,-62,-72,122,124,122,125,121,124,45,47,46,47,46,49,0,28,4,1,9,14
16.2287,,485,7.1208791208791204,-0.7912087912087912,-0.8791208791208791,91.91208791208791,13.31868131868132,2.7128862094951014,2353,1812,2583,2969,2219,1488,0,0,0,0,0,0,-45,-97,-48,-30,-85,-72,122,124,122,125,121,124,45,47,46,47,46,49,5,27,4,1,8,14
16.2622,,486,5.274725274725275,-0.967032967032967,-0.7912087912087912,92.26373626373626,13.31868131868132,2.7128862094951014,2351,1812,2583,2969,2215,1488,-50,0,0,0,-100,0,-120,-104,-48,0,-72,-79,122,124,122,125,121,124,45,47,46,47,46,49,2,32,4,0,8,15
16.2956,,487,2.989010989010989,-1.054945054945055,-0.7032967032967034,92.52747252747253,13.31868131868132,2.7128862094951014,2343,1812,2583,2969,2211,1486,-200,0,0,0,-100,-50,-91,-111,-44,32,55,-72,122,124,122,125,121,124,45,47,46,47,46,49,23,36,4,0,6,14
16.3291,,488,0.08791208791208792,-1.5824175824175823,-0.7032967032967034,93.05494505494505,13.23076923076923,2.7128862094951014,2330,1812,2583,2969,2208,1485,-400,0,0,0,-100,0,-136,-115,-41,37,69,-69,122,124,122,125,121,124,45,47,46,47,46,49,29,36,3,2,3,10
16.3626,,489,-2.8131868131868134,-2.4615384615384617,-0.7032967032967034,93.49450549450549,13.23076923076923,2.7128862094951014,2314,1812,2583,2969,2206,1484,-450,0,0,0,-50,-50,-192,-144,-41,65,-48,-65,122,124,122,125,121,124,45,47,46,46,46,49,31,53,2,7,2,9
16.396,,490,-6.241758241758242,-3.1648351648351647,-0.7032967032967034,93.49450549450549,13.23076923076923,2.7128862094951014,2294,1812,2583,2970,2204,1484,-600,0,0,0,-100,0,-236,-189,-41,72,-37,-65,121,124,122,124,121,123,45,47,46,46,46,49,50,75,2,6,3,10
16.4295,,491,-9.758241758241759,-4.131868131868132,-0.7032967032967034,93.58241758241758,13.23076923076923,2.7128862094951014,2270,1811,2583,2975,2204,1484,-650,0,0,150,0,0,-367,-196,-41,-59,-37,-65,121,124,122,124,121,123,45,47,46,46,46,49,47,87,3,1,4,9
16.4631,,492,-13.098901098901099,-4.65934065934066,-0.7032967032967034,93.58241758241758,13.23076923076923,2.7128862094951014,2240,1809,2583,2977,2204,1484,-800,-50,0,50,0,0,-419,-256,-41,51,-37,-65,121,123,122,124,121,123,45,47,46,46,46,49,45,129,3,2,4,9
16.4965,,493,-16.175824175824175,-4.835164835164835,-0.7032967032967034,93.58241758241758,13.23076923076923,2.637528259231349,2209,1804,2583,2980,2204,1484,-900,-50,0,100,0,0,-350,-242,-41,44,-37,-65,121,123,122,124,121,123,45,47,46,46,46,49,46,97,3,1,4,9
16.5299,,494,-19.34065934065934,-4.835164835164835,-0.7032967032967034,93.58241758241758,13.31868131868132,2.637528259231349,2174,1800,2583,2981,2204,1484,-1000,-150,0,50,0,0,-352,-227,-41,37,-37,-69,121,123,122,124,121,123,45,47,46,46,46,49,33,100,2,1,4,11
16.5633,,495,-22.417582417582416,-4.835164835164835,-0.7032967032967034,93.58241758241758,13.31868131868132,2.637528259231349,2136,1795,2583,2981,2204,1484,-1100,-100,0,0,0,0,-345,-210,-41,37,-34,-69,121,124,122,124,121,123,45,47,46,47,46,49,18,76,2,2,3,11
16.5967,,496,-25.054945054945055,-4.747252747252747,-0.7032967032967034,93.58241758241758,13.31868131868132,2.637528259231349,2100,1791,2583,2981,2204,1484,-1150,-150,0,0,0,0,-360,-111,-41,37,-34,-69,121,124,122,124,121,123,45,47,46,47,46,49,17,76,3,2,3,10
16.6301,,497,-27.516483516483518,-4.571428571428571,-0.7032967032967034,93.58241758241758,13.31868131868132,2.637528259231349,2063,1789,2583,2982,2204,1484,-1100,-50,0,50,0,0,-336,-181,-41,34,-34,-69,121,124,122,125,121,123,45,47,46,47,46,49,11,75,3,1,4,11
16.6636,,498,-29.802197802197803,-4.483516483516484,-0.7032967032967034,93.58241758241758,13.31868131868132,2.637528259231349,2027,1788,2583,2983,2204,1484,-1100,-50,0,0,0,0,-303,-171,-41,30,-34,-69,122,124,122,125,121,123,45,47,46,46,46,49,9,66,3,2,4,11
16.697,,499,-31.560439560439562,-4.3076923076923075,-0.7032967032967034,93.58241758241758,13.582417582417582,2.637528259231349,1996,1788,2583,2983,2204,1484,-1000,0,0,0,0,0,-275,-167,-41,30,-34,-69,122,124,122,125,121,123,45,47,46,46,46,49,3,63,2,1,4,11
16.7305,,500,-32.967032967032964,-4.131868131868132,-0.7032967032967034,93.58241758241758,13.846153846153847,2.637528259231349,1965,1788,2583,2983,2204,1484,-900,0,0,0,0,0,-227,-160,-41,30,-23,-69,122,124,122,125,121,123,45,47,46,46,46,49,1,57,2,0,2,11
16.7639,,501,-34.1978021978022,-4.043956043956044,-0.7032967032967034,93.58241758241758,13.934065934065934,2.637528259231349,1937,1788,2583,2983,2204,1484,-850,0,0,0,0,0,-215,-153,-41,30,0,-69,122,124,122,125,121,124,45,47,46,46,46,49,0,53,2,0,0,10
16.7973,,502,-35.34065934065934,-3.956043956043956,-0.7032967032967034,93.58241758241758,14.021978021978022,2.637528259231349,1912,1788,2583,2983,2204,1484,-800,0,0,0,0,0,-163,-150,-41,30,23,-69,122,124,122,125,121,124,45,47,46,46,46,49,0,52,3,0,2,10
16.8309,,503,-36.48351648351648,-3.956043956043956,-0.7032967032967034,93.58241758241758,14.021978021978022,2.637528259231349,1892,1788,2583,2983,2204,1484,-700,0,0,0,0,0,-122,-146,-41,30,27,-69,122,124,122,125,121,124,45,47,46,46,46,49,1,50,2,0,2,10
16.8643,,504,-37.53846153846154,-3.956043956043956,-0.7032967032967034,93.58241758241758,14.021978021978022,2.637528259231349,1873,1788,2583,2983,2204,1484,-550,0,0,0,0,0,-94,-146,-41,30,27,-69,122,124,122,125,121,124,45,47,46,46,46,49,3,50,3,0,2,10
16.8977,,505,-38.417582417582416,-3.956043956043956,-0.7032967032967034,93.58241758241758,14.10989010989011,2.637528259231349,1857,1788,2583,2983,2204,1484,-450,0,0,0,0,0,-160,-146,-41,30,27,-69,122,124,122,125,121,124,45,47,46,46,46,49,3,50,3,0,3,10
16.9311,,506,-39.032967032967036,-3.956043956043956,-0.7032967032967034,93.49450549450549,14.10989010989011,2.637528259231349,1845,1788,2583,2983,2204,1484,-350,0,0,0,0,0,-174,-146,-41,30,30,-69,122,124,122,125,121,123,45,47,46,46,46,49,7,49,3,0,3,11
16.9645,,507,-39.20879120879121,-3.868131868131868,-0.7032967032967034,93.49450549450549,14.10989010989011,2.637528259231349,1834,1788,2583,2983,2204,1484,-350,0,0,0,0,0,-146,-146,-41,27,30,-69,122,124,122,125,121,123,45,47,46,46,46,49,4,50,2,0,2,11
16.9979,,508,-39.032967032967036,-3.868131868131868,-0.7032967032967034,93.31868131868131,14.10989010989011,2.637528259231349,1824,1788,2583,2983,2204,1484,-300,0,0,0,0,0,20,-143,-41,27,30,-69,122,124,122,125,121,123,45,47,46,46,46,49,2,47,2,0,3,11
17.0313,,509,-38.417582417582416,-3.78021978021978,-0.7912087912087912,93.23076923076923,14.197802197802197,2.637528259231349,1819,1788,2583,2983,2204,1484,-200,0,0,0,0,0,-69,-143,-41,0,30,-69,122,124,122,125,121,124,45,47,46,47,46,49,5,47,3,0,3,11
17.0648,,510,-37.8021978021978,-3.78021978021978,-0.7912087912087912,93.14285714285714,14.197802197802197,2.637528259231349,1817,1788,2583,2983,2204,1484,-150,0,0,0,0,0,-16,-139,-44,0,34,-69,122,124,122,125,121,124,45,47,46,46,46,49,2,44,3,0,4,11
17.0983,,511,-36.395604395604394,-3.78021978021978,-0.7912087912087912,93.14285714285714,14.197802197802197,2.637528259231349,1816,1788,2583,2983,2204,1484,-50,0,0,0,0,0,0,-139,-44,0,34,-69,122,124,122,125,121,124,45,47,46,46,46,49,3,45,3,0,3,11
17.1318,,512,-34.81318681318681,-3.78021978021978,-0.7912087912087912,93.05494505494505,14.197802197802197,2.637528259231349,1817,1788,2583,2983,2204,1484,0,0,0,0,0,0,103,-139,-44,0,34,-69,122,124,122,125,121,124,45,47,46,46,46,49,15,45,4,0,4,11
17.1652,,513,-33.23076923076923,-3.78021978021978,-0.7912087912087912,93.05494505494505,14.197802197802197,2.637528259231349,1820,1788,2583,2983,2204,1484,50,0,0,0,0,0,157,-139,-44,-23,34,-69,122,124,122,125,121,124,45,47,46,46,46,49,15,45,4,0,4,10
17.1986,,514,-31.208791208791208,-3.78021978021978,-0.7912087912087912,93.05494505494505,14.197802197802197,2.637528259231349,1830,1788,2583,2983,2204,1484,300,0,0,0,0,0,96,-139,-44,-23,34,-69,122,124,122,125,121,124,45,47,46,47,46,49,23,44,4,0,3,10
17.2321,,515,-28.747252747252748,-3.78021978021978,-0.7912087912087912,92.96703296703296,14.197802197802197,2.637528259231349,1843,1788,2583,2983,2204,1484,400,0,0,0,0,0,147,-139,-44,-23,34,-69,122,124,122,125,121,124,45,47,46,47,46,49,34,44,4,0,4,10
17.2656,,516,-26.197802197802197,-3.78021978021978,-0.7912087912087912,92.96703296703296,14.197802197802197,2.637528259231349,1859,1788,2583,2983,2204,1484,400,0,0,0,0,0,275,-139,-44,-27,34,-69,121,124,122,125,121,123,45,47,46,47,46,49,44,45,4,0,4,10
17.299,,517,-23.384615384615383,-3.78021978021978,-0.7912087912087912,92.96703296703296,14.197802197802197,2.637528259231349,1877,1788,2583,2983,2204,1484,550,0,0,0,0,0,227,-139,-44,-27,34,-69,121,124,122,125,121,123,45,47,46,47,46,49,59,45,4,0,4,11
17.3324,,518,-20.835164835164836,-3.78021978021978,-0.7912087912087912,92.96703296703296,14.461538461538462,2.637528259231349,1897,1788,2583,2983,2204,1484,550,0,0,0,0,0,261,-139,-44,-27,34,-69,121,124,122,125,121,123,45,47,46,47,46,49,55,44,4,0,4,11
17.3658,,519,-18.285714285714285,-3.78021978021978,-0.7912087912087912,92.96703296703296,15.428571428571429,2.637528259231349,1921,1788,2583,2983,2204,1484,650,0,0,0,0,0,278,-139,-44,-27,44,-69,121,124,122,125,121,123,45,47,46,46,46,49,53,44,4,0,5,10
17.3992,,520,-15.736263736263735,-3.78021978021978,-0.7912087912087912,92.96703296703296,16.395604395604394,2.637528259231349,1948,1788,2583,2983,2207,1484,750,0,0,0,50,0,307,-139,-44,-27,105,-69,121,124,122,125,121,123,45,47,46,46,46,49,41,45,3,1,8,11
17.4326,,521,-13.274725274725276,-3.78021978021978,-0.7912087912087912,92.96703296703296,17.01098901098901,2.637528259231349,1975,1788,2583,2983,2214,1484,850,0,0,0,150,0,306,-139,-44,-27,112,-69,121,124,122,125,121,123,45,47,46,46,46,49,36,44,4,0,4,11
17.466,,522,-10.725274725274724,-3.78021978021978,-0.8791208791208791,92.96703296703296,17.36263736263736,2.637528259231349,2003,1788,2583,2983,2222,1484,800,0,0,0,200,0,301,-139,-44,-27,91,-69,121,124,122,125,121,123,45,47,46,47,46,49,35,45,3,0,9,11
17.4994,,523,-8.175824175824175,-3.78021978021978,-0.8791208791208791,92.96703296703296,17.45054945054945,2.637528259231349,2032,1788,2583,2983,2229,1484,850,0,0,0,200,0,384,-139,-48,-27,76,-69,121,124,122,125,121,123,45,47,46,46,46,49,36,46,4,0,5,11
17.5328,,524,-5.802197802197802,-3.78021978021978,-0.967032967032967,92.87912087912088,17.45054945054945,2.637528259231349,2059,1788,2583,2983,2233,1484,850,0,0,0,150,0,319,-139,-48,-27,65,-69,121,124,122,125,121,123,45,47,46,47,46,49,39,45,4,0,4,11
17.5662,,525,-3.340659340659341,-3.78021978021978,-0.967032967032967,92.87912087912088,17.45054945054945,2.637528259231349,2088,1788,2583,2983,2238,1484,850,0,0,0,100,0,310,-139,-51,-30,48,-69,121,124,122,125,121,123,45,47,46,47,46,49,52,45,4,1,4,11
17.5995,,526,-1.2307692307692308,-3.78021978021978,-0.967032967032967,92.87912087912088,17.45054945054945,2.637528259231349,2117,1788,2583,2983,2241,1484,850,0,0,0,100,0,304,-139,-51,-30,37,-69,121,124,122,125,121,123,45,47,46,47,46,49,59,45,5,1,2,10
17.6329,,527,0.7032967032967034,-3.868131868131868,-1.054945054945055,92.87912087912088,17.45054945054945,2.637528259231349,2143,1788,2583,2983,2242,1484,800,0,0,0,50,0,286,-139,-51,-30,30,-69,121,124,122,125,121,123,45,47,46,46,46,49,57,44,4,0,2,11
17.6664,,528,2.7252747252747254,-4.043956043956044,-1.054945054945055,92.87912087912088,17.45054945054945,2.637528259231349,2171,1788,2583,2984,2244,1484,850,0,0,50,50,0,256,-143,-55,-34,27,-69,121,124,122,125,121,123,45,47,46,46,46,49,58,48,6,2,1,11
17.6998,,529,4.483516483516484,-4.3076923076923075,-1.054945054945055,92.87912087912088,17.45054945054945,2.637528259231349,2197,1788,2583,2986,2244,1484,750,0,0,50,0,0,273,-150,-55,-37,23,-69,121,124,122,124,121,123,45,47,46,46,46,49,49,52,6,1,2,10
17.7333,,530,5.802197802197802,-4.65934065934066,-1.054945054945055,92.87912087912088,17.45054945054945,2.637528259231349,2222,1788,2583,2986,2244,1484,750,0,0,50,0,0,250,-160,-55,-41,23,-69,121,124,122,124,121,123,45,47,46,46,46,49,43,61,5,3,2,11
17.7669,,531,6.769230769230769,-4.923076923076923,-1.1428571428571428,92.87912087912088,17.36263736263736,2.637528259231349,2245,1788,2583,2986,2244,1484,750,0,0,0,0,0,296,-174,-55,-41,23,-69,121,124,122,124,121,123,45,47,46,46,46,49,31,71,6,3,1,10
17.8003,,532,7.736263736263736,-4.923076923076923,-1.2307692307692308,92.87912087912088,17.36263736263736,2.637528259231349,2266,1788,2583,2986,2244,1484,650,0,0,0,0,0,244,-185,-58,-41,0,-69,121,124,122,124,121,123,45,47,46,46,46,49,25,78,7,3,0,10
17.8338,,533,8.087912087912088,-5.186813186813187,-1.2307692307692308,92.96703296703296,17.36263736263736,2.637528259231349,2284,1788,2583,2986,2244,1484,550,0,0,0,0,0,129,-185,-62,-41,0,-69,121,124,122,124,121,123,45,47,46,47,46,49,20,78,8,3,0,10
17.8673,,534,8.087912087912088,-5.362637362637362,-1.054945054945055,93.05494505494505,17.45054945054945,2.637528259231349,2299,1788,2583,2986,2244,1484,500,0,0,0,0,0,174,-196,-62,-37,0,-69,121,124,122,124,121,123,45,47,46,47,46,49,8,87,8,2,0,11
17.9008,,535,8.0,-5.450549450549451,-0.8791208791208791,93.23076923076923,17.45054945054945,2.637528259231349,2310,1788,2583,2986,2244,1484,350,0,0,0,0,0,44,-203,-55,-34,23,-69,121,124,122,124,121,123,45,47,46,47,46,49,7,93,5,1,1,11
17.9342,,536,7.648351648351649,-5.626373626373627,-0.8791208791208791,93.31868131868131,17.45054945054945,2.637528259231349,2317,1788,2583,2986,2244,1484,300,0,0,0,0,0,97,-206,-48,-27,23,-69,121,124,122,124,121,123,45,47,46,47,46,49,9,96,4,0,1,11
17.9678,,537,7.56043956043956,-5.714285714285714,-0.8791208791208791,93.31868131868131,17.36263736263736,2.637528259231349,2320,1788,2583,2986,2244,1484,150,0,0,0,0,0,69,-213,-48,-23,23,-69,121,124,122,124,121,123,45,47,46,47,46,49,6,102,4,0,1,11
18.0012,,538,7.56043956043956,-6.241758241758242,-0.8791208791208791,93.4065934065934,16.835164835164836,2.637528259231349,2321,1788,2583,2986,2244,1484,50,0,0,0,0,0,62,-217,-48,-23,0,-69,121,124,122,124,121,123,45,47,46,47,46,49,9,105,4,0,0,10
18.0347,,539,7.384615384615385,-7.56043956043956,-0.7912087912087912,93.49450549450549,16.571428571428573,2.637528259231349,2321,1787,2583,2987,2244,1484,0,0,0,50,0,0,62,-253,-48,-23,-47,-69,121,124,122,124,121,123,45,47,46,47,46,49,10,130,4,0,4,11
18.0683,,540,7.208791208791209,-9.23076923076923,-0.7912087912087912,93.49450549450549,16.483516483516482,2.637528259231349,2321,1782,2583,2987,2244,1484,0,-100,0,0,0,0,55,-303,-44,0,-44,-69,121,123,122,124,121,123,45,47,46,46,46,49,8,123,4,0,5,10
18.1017,,541,7.208791208791209,-11.428571428571429,-0.7912087912087912,93.49450549450549,16.307692307692307,2.637528259231349,2321,1774,2583,2987,2244,1484,0,-250,0,0,0,0,48,-338,-44,0,-48,-69,121,123,122,124,121,123,44,47,46,46,46,49,5,169,4,0,6,10
18.1352,,542,7.208791208791209,-14.065934065934066,-0.7912087912087912,93.49450549450549,15.868131868131869,2.637528259231349,2321,1760,2583,2987,2244,1484,0,-400,0,0,0,0,48,-293,-44,0,-55,-69,121,123,122,124,121,123,45,47,46,46,46,49,5,175,3,0,9,10
18.1687,,543,7.1208791208791204,-16.967032967032967,-0.7912087912087912,93.49450549450549,14.637362637362637,2.637528259231349,2321,1743,2583,2987,2244,1484,0,-450,0,0,0,0,48,-435,-44,0,-86,-69,121,123,121,124,121,123,45,47,46,46,46,49,5,150,3,0,14,10
18.2021,,544,7.1208791208791204,-20.043956043956044,-0.7912087912087912,93.4065934065934,13.406593406593407,2.637528259231349,2321,1721,2583,2987,2240,1484,0,-650,0,0,-100,0,44,-385,-44,0,-138,-69,121,123,121,124,120,123,45,47,46,47,46,49,4,168,4,0,19,11
18.2356,,545,7.1208791208791204,-22.945054945054945,-0.7912087912087912,93.4065934065934,12.791208791208792,2.637528259231349,2321,1694,2583,2987,2232,1484,0,-700,0,0,-150,0,44,-413,-44,-23,-159,-69,121,123,121,124,120,123,45,47,46,46,46,49,4,187,3,0,17,11
18.269,,546,7.1208791208791204,-25.318681318681318,-0.7912087912087912,93.4065934065934,12.527472527472527,2.637528259231349,2321,1665,2583,2987,2221,1484,0,-800,0,0,-300,0,44,-428,-44,-23,-123,-69,121,123,121,124,120,123,45,47,46,47,46,49,4,168,3,0,9,11
18.3024,,547,7.1208791208791204,-27.692307692307693,-0.7912087912087912,93.4065934065934,12.527472527472527,2.637528259231349,2321,1636,2583,2988,2214,1484,0,-900,0,0,-250,0,44,-412,-44,-27,-101,-69,121,123,121,124,121,123,45,47,46,47,46,49,4,149,4,0,8,10
18.3358,,548,7.1208791208791204,-29.89010989010989,-0.7912087912087912,93.4065934065934,12.43956043956044,2.637528259231349,2321,1604,2583,2988,2208,1484,0,-950,0,0,-150,0,44,-421,-44,-27,-86,-69,121,123,121,124,121,123,45,47,46,47,46,49,5,119,3,0,8,10
18.3692,,549,7.1208791208791204,-31.824175824175825,-0.7912087912087912,93.31868131868131,12.43956043956044,2.637528259231349,2321,1571,2583,2988,2204,1484,0,-950,0,0,-100,0,44,-393,-44,-27,-72,-69,121,123,122,124,121,123,45,47,46,46,46,49,5,99,4,0,9,10
18.4026,,550,7.032967032967033,-33.84615384615385,-0.7912087912087912,93.31868131868131,12.43956043956044,2.637528259231349,2321,1542,2583,2988,2202,1484,0,-950,0,0,-100,0,44,-353,-44,-30,-62,-69,121,124,122,124,121,123,45,47,46,47,46,49,4,71,3,1,8,11
18.4361,,551,7.032967032967033,-35.69230769230769,-0.7912087912087912,93.31868131868131,12.43956043956044,2.637528259231349,2322,1511,2583,2988,2199,1484,50,-900,0,0,-50,0,37,-321,-44,-30,-51,-69,121,124,122,124,121,123,45,47,46,46,46,49,4,62,4,1,6,11
18.4697,,552,7.032967032967033,-37.45054945054945,-0.7912087912087912,93.31868131868131,12.43956043956044,2.637528259231349,2322,1483,2583,2988,2197,1484,0,-850,0,0,-100,0,37,-287,-44,-30,-44,-69,121,124,122,125,121,123,45,47,46,47,46,49,4,55,4,1,2,10
18.5031,,553,6.945054945054945,-38.94505494505494,-0.7912087912087912,93.31868131868131,12.43956043956044,2.637528259231349,2322,1456,2583,2988,2195,1484,0,-800,0,0,-50,0,37,-293,-44,-30,-41,-69,121,124,122,125,121,123,45,47,46,46,46,49,4,45,4,1,3,10
18.5365,,554,6.681318681318682,-40.35164835164835,-0.7912087912087912,93.31868131868131,12.43956043956044,2.637528259231349,2322,1433,2583,2988,2195,1484,0,-800,0,0,-50,0,34,-257,-44,-30,-37,-69,121,124,122,125,121,123,45,47,46,46,46,49,3,53,4,0,4,10
18.5699,,555,5.802197802197802,-41.582417582417584,-0.7912087912087912,93.4065934065934,12.43956043956044,2.637528259231349,2322,1410,2583,2988,2195,1484,0,-750,0,0,0,0,23,-223,-44,-30,-37,-69,122,124,122,125,121,123,45,47,46,46,46,49,1,46,4,0,4,11
18.6033,,556,4.65934065934066,-42.72527472527472,-0.7032967032967034,93.4065934065934,12.351648351648352,2.637528259231349,2322,1388,2583,2988,2195,1484,0,-650,0,0,0,0,-61,-270,-44,-27,-37,-69,122,124,122,125,121,124,45,47,46,46,46,49,6,25,3,1,4,10
18.6369,,557,3.340659340659341,-43.78021978021978,-0.7032967032967034,93.4065934065934,12.351648351648352,2.637528259231349,2320,1369,2583,2988,2195,1484,-50,-600,0,0,0,0,-113,-274,-41,-27,-41,-69,122,124,122,125,121,124,45,47,46,46,46,49,13,20,3,0,6,11
18.6704,,558,1.934065934065934,-44.92307692307692,-0.7032967032967034,93.4065934065934,12.263736263736265,2.637528259231349,2313,1351,2583,2989,2194,1484,-200,-500,0,0,-50,0,-148,-243,-41,-30,-37,-69,122,124,122,125,121,124,45,47,46,47,46,49,13,24,2,1,3,10
18.7038,,559,0.6153846153846154,-45.89010989010989,-0.7032967032967034,93.4065934065934,12.175824175824175,2.637528259231349,2303,1334,2583,2989,2194,1484,-300,-500,0,0,0,0,-165,-226,-41,-30,-41,-69,122,124,122,125,121,124,45,47,46,46,46,49,6,25,2,1,4,10
18.7373,,560,-0.43956043956043955,-46.76923076923077,-0.7032967032967034,93.4065934065934,11.208791208791208,2.637528259231349,2289,1319,2583,2989,2194,1484,-400,-450,0,0,0,0,-80,-196,-41,-30,-44,-69,122,124,122,125,121,124,45,47,46,47,46,49,8,19,2,1,5,11
18.7709,,561,-1.054945054945055,-47.38461538461539,-0.7032967032967034,93.4065934065934,9.89010989010989,2.637528259231349,2274,1305,2582,2989,2193,1484,-500,-450,0,0,0,0,-55,-89,-37,-30,-98,-69,122,124,122,125,121,124,44,47,46,46,46,49,12,26,3,0,18,10
18.8044,,562,-1.1428571428571428,-48.0,-0.7032967032967034,93.4065934065934,8.835164835164836,2.637528259231349,2262,1291,2582,2989,2187,1484,-350,-400,0,0,-100,0,-136,-169,-37,-30,-60,-69,122,124,122,125,121,124,45,47,46,46,46,49,3,11,2,1,22,11
18.8378,,563,-1.2307692307692308,-48.527472527472526,-0.6153846153846154,93.4065934065934,8.219780219780219,2.637528259231349,2252,1280,2582,2989,2177,1484,-300,-350,0,0,-300,0,-83,-149,-37,-30,-150,-69,122,124,122,125,121,124,45,47,46,47,46,49,0,6,2,1,17,11
18.8714,,564,-1.3186813186813187,-48.61538461538461,-0.6153846153846154,93.4065934065934,7.78021978021978,2.8636021100226077,2246,1269,2582,2989,2167,1484,-200,-300,0,0,-300,0,-62,-119,-34,-30,-122,-69,122,124,122,125,121,124,45,47,46,47,46,49,3,3,1,1,6,11
18.9049,,565,-1.4065934065934067,-48.61538461538461,-0.6153846153846154,93.4065934065934,7.516483516483516,3.089675960813866,2242,1261,2582,2989,2159,1484,-150,-300,0,0,-250,0,-48,37,-34,-30,20,-55,122,124,122,125,121,124,45,47,46,46,46,49,2,0,0,1,5,6
18.9384,,566,-1.4945054945054945,-48.7032967032967,-0.6153846153846154,93.4065934065934,7.164835164835165,3.089675960813866,2239,1255,2582,2989,2152,1484,-100,-150,0,0,-200,0,-41,-62,-34,-30,-83,-44,122,124,122,125,121,124,45,47,46,46,46,49,3,0,1,1,6,3
18.9719,,567,-1.4945054945054945,-49.31868131868132,-0.6153846153846154,93.49450549450549,6.989010989010989,2.8636021100226077,2236,1249,2582,2989,2146,1484,-100,-200,0,0,-150,0,-37,-48,-34,-30,-88,-44,122,124,122,125,121,124,44,47,46,46,46,49,2,1,1,0,6,4
19.0053,,568,-1.4945054945054945,-50.637362637362635,-0.6153846153846154,93.49450549450549,7.164835164835165,2.8636021100226077,2234,1243,2582,2989,2142,1484,-50,-200,0,0,-150,0,-30,-65,-34,-27,-72,-55,122,124,122,125,121,124,45,47,46,46,46,49,0,7,2,0,7,7
19.0389,,569,-1.4945054945054945,-52.13186813186813,-0.6153846153846154,93.49450549450549,7.78021978021978,2.93896006028636,2233,1239,2582,2989,2139,1484,-50,-100,0,0,-100,0,-23,-113,-34,-27,-55,-55,122,124,122,125,121,124,45,47,46,46,46,49,1,15,0,0,2,6
19.0722,,570,-1.4945054945054945,-53.714285714285715,-0.6153846153846154,93.49450549450549,7.956043956043956,3.014318010550113,2232,1231,2582,2989,2138,1484,-50,-150,0,0,-50,0,0,-141,-34,-27,17,-51,122,124,122,125,121,124,45,47,46,47,46,49,0,11,1,0,1,4
19.1056,,571,-1.4945054945054945,-55.032967032967036,-0.6153846153846154,93.49450549450549,7.956043956043956,3.089675960813866,2232,1221,2582,2989,2138,1484,0,-300,0,0,0,0,0,-169,-34,-27,0,-48,122,124,122,125,121,124,45,47,46,46,46,49,0,17,1,0,0,4
19.139,,572,-1.4945054945054945,-55.824175824175825,-0.6153846153846154,93.49450549450549,7.868131868131868,3.089675960813866,2232,1209,2582,2989,2138,1484,0,-300,0,0,0,0,0,-197,-34,-27,0,-44,122,124,122,125,121,124,45,47,46,46,46,49,0,7,1,0,0,4
19.1724,,573,-1.4945054945054945,-56.08791208791209,-0.6153846153846154,93.49450549450549,7.516483516483516,3.089675960813866,2232,1195,2582,2989,2138,1484,0,-450,0,0,0,0,0,-77,-34,-27,0,-44,122,124,122,125,121,124,45,47,46,46,46,49,0,5,0,0,0,4
19.2058,,574,-1.5824175824175823,-56.35164835164835,-0.6153846153846154,93.49450549450549,7.428571428571429,2.7882441597588548,2232,1180,2582,2989,2138,1484,0,-400,0,0,0,0,0,-101,-34,-27,-34,-44,122,124,122,125,121,124,45,47,46,47,46,49,0,1,0,0,3,4
19.2392,,575,-1.5824175824175823,-56.43956043956044,-0.6153846153846154,93.49450549450549,7.252747252747253,2.7128862094951014,2232,1169,2582,2989,2138,1484,0,-300,0,0,0,0,-23,-72,-34,-27,-37,-58,122,124,122,125,121,124,45,47,46,47,46,49,1,1,0,0,4,9
19.2726,,576,-1.6703296703296704,-56.967032967032964,-0.6153846153846154,93.49450549450549,7.164835164835165,2.637528259231349,2232,1163,2582,2989,2138,1484,0,-200,0,0,0,0,-23,-55,-34,-27,-44,-65,122,124,122,125,121,124,45,47,46,46,46,49,2,0,2,0,5,11
19.306,,577,-1.934065934065934,-57.67032967032967,-0.6153846153846154,93.4065934065934,7.076923076923077,2.637528259231349,2232,1157,2581,2990,2138,1484,0,-150,-50,0,0,0,-27,-68,-30,-27,-48,-69,122,124,122,125,121,124,45,47,46,47,46,49,2,2,0,0,7,11
19.3394,,578,-2.901098901098901,-58.285714285714285,-0.6153846153846154,93.4065934065934,7.076923076923077,2.637528259231349,2232,1150,2580,2990,2138,1484,0,-200,-50,0,0,0,-37,-76,-27,-34,-51,-69,122,124,122,125,121,124,45,47,46,47,46,49,4,1,0,1,8,10
19.3729,,579,-3.956043956043956,-59.252747252747255,-0.5274725274725275,93.4065934065934,7.076923076923077,2.637528259231349,2231,1144,2580,2990,2138,1484,0,-200,0,0,0,0,-94,-60,-27,-34,-51,-69,122,124,122,125,121,124,45,47,46,47,46,49,8,0,0,1,8,11
19.4063,,580,-5.186813186813187,-60.395604395604394,-0.26373626373626374,93.31868131868131,7.076923076923077,2.637528259231349,2226,1137,2580,2990,2138,1484,-50,-200,0,0,0,0,-113,30,-23,-34,-51,-69,122,124,122,125,121,124,45,47,46,46,46,49,16,0,0,1,8,10
19.4397,,581,-6.241758241758242,-61.53846153846154,0.0,93.4065934065934,7.076923076923077,2.637528259231349,2216,1129,2580,2990,2138,1484,-300,-250,0,0,0,0,-152,-122,0,-37,-51,-69,122,124,122,125,121,124,45,47,46,46,46,49,10,1,0,1,7,11
19.4731,,582,-6.857142857142857,-62.94505494505494,0.7032967032967034,93.4065934065934,7.076923076923077,2.637528259231349,2206,1119,2583,2990,2138,1484,-300,-300,50,0,0,0,-150,-131,23,-34,-51,-69,122,124,122,125,121,124,45,47,46,47,46,49,10,2,0,1,7,10
19.5065,,583,-7.032967032967033,-64.52747252747253,1.8461538461538463,93.4065934065934,7.164835164835165,2.637528259231349,2195,1109,2588,2990,2138,1484,-350,-300,150,0,0,0,-30,-62,46,-34,-51,-69,122,124,122,125,121,124,45,47,46,47,46,49,6,11,1,1,7,11
19.5399,,584,-7.032967032967033,-65.75824175824175,3.5164835164835164,93.31868131868131,7.164835164835165,2.637528259231349,2186,1095,2594,2990,2138,1484,-300,-350,200,0,0,0,37,-75,76,-34,-48,-69,122,124,122,125,121,124,45,47,46,46,46,49,1,4,0,1,6,11
19.5734,,585,-7.032967032967033,-67.16483516483517,5.802197802197802,93.23076923076923,7.164835164835165,2.637528259231349,2180,1080,2602,2990,2138,1484,-150,-450,200,0,0,0,-62,-144,117,-37,-48,-69,122,124,122,125,121,124,45,47,46,46,46,49,3,7,8,2,6,10
19.6069,,586,-7.032967032967033,-68.65934065934066,8.351648351648352,93.05494505494505,7.164835164835165,2.637528259231349,2177,1065,2614,2990,2138,1484,-100,-450,350,0,0,0,-51,-88,180,-41,-48,-69,122,124,122,125,121,124,45,47,46,46,46,49,2,1,6,3,5,10
19.6403,,587,-7.032967032967033,-70.15384615384616,11.076923076923077,92.96703296703296,7.076923076923077,2.637528259231349,2173,1048,2630,2990,2138,1484,-150,-500,450,0,0,0,-37,-84,226,-48,-48,-69,122,124,122,125,121,124,45,47,46,46,46,49,2,0,12,4,6,10
19.6737,,588,-7.032967032967033,-71.56043956043956,13.626373626373626,92.87912087912088,7.076923076923077,2.637528259231349,2171,1030,2651,2990,2138,1484,-100,-500,550,0,0,0,-27,-76,173,-51,-51,-69,122,124,122,125,121,124,45,47,46,47,46,49,1,0,11,5,8,11
19.7071,,589,-7.032967032967033,-72.79120879120879,15.912087912087912,92.79120879120879,7.076923076923077,2.637528259231349,2170,1013,2676,2990,2138,1484,-50,-500,700,0,0,0,-23,-65,186,-55,-51,-69,122,124,122,125,121,124,45,47,46,46,46,49,1,0,8,6,8,11
19.7405,,590,-7.032967032967033,-74.02197802197803,18.021978021978022,92.79120879120879,7.076923076923077,2.637528259231349,2170,997,2701,2990,2138,1484,0,-450,800,0,0,0,-23,-166,210,-58,-51,-69,122,124,122,125,121,124,45,47,46,47,46,49,1,0,2,7,8,10
19.7739,,591,-7.1208791208791204,-75.25274725274726,20.043956043956044,92.79120879120879,7.076923076923077,2.637528259231349,2170,982,2728,2990,2138,1484,0,-450,800,0,0,0,-23,-154,196,-58,-51,-69,122,124,122,125,121,124,45,47,46,47,46,49,0,0,1,8,8,10
19.8074,,592,-7.1208791208791204,-76.3076923076923,21.89010989010989,92.79120879120879,7.076923076923077,2.637528259231349,2170,967,2754,2990,2138,1484,0,-450,800,0,0,0,-27,-144,180,-58,-51,-69,122,124,122,125,121,124,45,47,46,46,46,49,2,0,0,7,8,10
19.8409,,593,-7.1208791208791204,-77.36263736263736,23.64835164835165,92.79120879120879,7.076923076923077,2.637528259231349,2170,953,2780,2990,2138,1484,0,-400,800,0,0,0,-27,-129,240,-58,-51,-69,122,124,122,125,121,124,45,47,46,47,46,49,2,0,0,7,8,10
19.8743,,594,-7.1208791208791204,-78.50549450549451,25.406593406593405,92.79120879120879,7.076923076923077,2.637528259231349,2170,940,2805,2990,2138,1484,0,-450,700,0,0,0,-27,-115,128,-58,-51,-69,122,124,122,125,121,124,45,47,46,47,46,49,1,0,0,6,8,10
19.9078,,595,-7.1208791208791204,-79.64835164835165,27.252747252747252,92.79120879120879,7.076923076923077,2.637528259231349,2170,927,2828,2990,2138,1484,0,-350,750,0,0,0,-27,-141,141,-58,-51,-69,122,124,122,125,121,124,45,47,46,47,46,49,1,0,0,8,8,11
19.9413,,596,-7.208791208791209,-80.52747252747253,28.923076923076923,92.79120879120879,7.076923076923077,2.637528259231349,2168,913,2851,2990,2138,1484,-50,-400,650,0,0,0,-23,-134,216,-58,-51,-69,122,124,122,125,121,124,45,47,46,47,46,49,0,2,0,7,8,10
19.9749,,597,-7.208791208791209,-80.52747252747253,30.153846153846153,92.79120879120879,6.989010989010989,2.637528259231349,2168,901,2872,2990,2138,1484,-50,-400,700,0,0,0,-23,-28,197,-58,-51,-69,122,124,122,125,121,124,45,47,46,47,46,49,0,0,0,9,7,10
20.0084,,598,-7.208791208791209,-80.52747252747253,31.032967032967033,92.79120879120879,6.989010989010989,2.637528259231349,2168,892,2894,2990,2138,1484,0,-350,650,0,0,0,-23,-62,73,-58,-55,-69,122,124,122,125,121,124,45,47,46,47,46,49,1,2,0,8,8,10
20.0419,,599,-7.2967032967032965,-80.52747252747253,31.384615384615383,92.79120879120879,6.989010989010989,2.637528259231349,2167,887,2913,2990,2138,1484,-50,-150,550,0,0,0,0,-41,27,-58,-55,-69,122,124,122,125,121,124,45,47,46,47,46,49,0,0,0,7,8,11
20.0752,,600,-7.824175824175824,-80.61538461538461,31.736263736263737,92.7032967032967,6.989010989010989,2.637528259231349,2167,883,2928,2990,2138,1484,0,-100,500,0,0,0,-23,-30,78,-58,-55,-69,122,124,122,125,121,124,45,47,46,46,46,49,1,0,0,8,9,10
20.1087,,601,-8.43956043956044,-80.61538461538461,32.0,92.7032967032967,6.989010989010989,2.637528259231349,2167,881,2937,2990,2138,1484,0,-100,350,0,0,0,-56,-23,53,-62,-55,-69,122,124,122,125,121,124,45,47,46,46,46,49,6,0,0,9,8,11
20.1423,,602,-8.967032967032967,-80.61538461538461,32.879120879120876,92.7032967032967,7.076923076923077,2.637528259231349,2166,879,2944,2990,2138,1484,0,-50,250,0,0,0,41,0,34,-62,-55,-69,122,124,122,125,121,124,45,47,46,47,46,49,5,0,0,9,8,10
20.1758,,603,-9.142857142857142,-80.61538461538461,33.934065934065934,92.7032967032967,7.076923076923077,2.637528259231349,2159,878,2949,2990,2138,1484,-200,-50,150,0,0,0,52,0,65,-62,-51,-69,122,124,122,125,121,124,45,47,46,47,46,49,1,0,1,9,8,11
20.2093,,604,-9.142857142857142,-80.61538461538461,35.252747252747255,91.82417582417582,7.164835164835165,2.637528259231349,2153,878,2958,2990,2138,1484,-200,0,200,0,0,0,-48,0,74,-62,-51,-69,122,124,122,125,121,124,45,47,46,47,46,49,4,0,0,9,7,11
20.2428,,605,-9.142857142857142,-80.61538461538461,36.83516483516483,89.71428571428571,7.076923076923077,2.637528259231349,2151,878,2966,2990,2138,1484,-100,0,250,0,0,0,-41,0,120,-121,-48,-69,122,124,122,125,121,124,45,47,46,47,46,49,3,0,0,24,6,11
20.2762,,606,-9.142857142857142,-80.61538461538461,38.505494505494504,87.34065934065934,7.076923076923077,2.637528259231349,2149,878,2979,2985,2138,1484,-100,0,300,-50,0,0,-34,0,138,-107,-51,-69,122,124,122,125,121,124,45,47,46,47,46,49,1,0,0,40,7,11
20.3097,,607,-9.142857142857142,-80.61538461538461,40.61538461538461,84.87912087912088,7.076923076923077,2.637528259231349,2147,878,2994,2974,2138,1484,-50,0,400,-250,0,0,-27,0,151,-250,-51,-69,122,124,122,125,121,123,45,47,46,47,46,49,0,0,0,43,7,10
20.3431,,608,-9.23076923076923,-80.61538461538461,42.81318681318681,82.76923076923077,7.076923076923077,2.637528259231349,2145,878,3011,2956,2138,1484,-50,0,500,-450,0,0,0,0,88,-201,-51,-69,121,124,122,125,121,123,45,47,46,46,46,49,0,0,0,49,8,11
20.3765,,609,-9.23076923076923,-80.61538461538461,45.27472527472528,81.18681318681318,7.076923076923077,2.637528259231349,2145,878,3029,2936,2138,1484,0,0,550,-550,0,0,-23,0,127,-318,-51,-69,121,124,122,124,121,123,45,47,46,47,46,49,1,0,0,60,8,10
20.41,,610,-9.23076923076923,-80.61538461538461,47.91208791208791,80.04395604395604,7.076923076923077,2.637528259231349,2145,878,3050,2914,2138,1484,0,0,650,-650,0,0,-23,0,148,-303,-51,-69,121,124,122,125,121,123,45,47,46,46,46,49,1,0,0,27,7,11
20.4436,,611,-9.23076923076923,-80.61538461538461,50.54945054945055,79.07692307692308,7.076923076923077,2.637528259231349,2145,878,3074,2893,2138,1484,0,0,700,-650,0,0,-23,0,165,-262,-51,-69,122,124,122,125,121,124,45,47,46,47,46,49,0,0,0,15,7,10
20.477,,612,-9.23076923076923,-80.61538461538461,53.0989010989011,78.54945054945055,7.076923076923077,2.637528259231349,2145,878,3101,2875,2138,1484,0,0,750,-550,0,0,-23,0,262,-136,-51,-69,121,124,122,125,121,123,45,47,46,46,46,49,1,0,0,17,7,11
20.5104,,613,-9.31868131868132,-80.61538461538461,55.56043956043956,78.02197802197803,7.076923076923077,2.637528259231349,2145,878,3127,2859,2138,1484,0,0,800,-550,0,0,-23,0,176,-171,-51,-69,122,124,122,125,121,124,45,47,46,46,46,49,0,0,0,15,8,11
20.5438,,614,-9.582417582417582,-80.61538461538461,57.934065934065934,77.4065934065934,7.076923076923077,2.637528259231349,2145,878,3156,2848,2138,1484,0,0,850,-350,0,0,-27,0,283,-175,-51,-69,122,124,122,125,121,124,45,47,46,47,46,49,2,0,0,12,8,10
20.5772,,615,-9.67032967032967,-80.61538461538461,59.34065934065934,77.05494505494505,7.076923076923077,2.637528259231349,2145,879,3186,2837,2138,1484,0,0,850,-350,0,0,-37,0,184,-157,-51,-69,122,124,122,125,121,124,45,47,46,47,46,49,4,0,0,8,7,10
20.6107,,616,-10.197802197802197,-80.52747252747253,59.956043956043956,77.05494505494505,7.076923076923077,2.637528259231349,2144,879,3214,2828,2138,1484,0,50,900,-300,0,0,-41,0,129,-122,-51,-69,122,124,122,125,121,124,45,47,46,46,46,49,1,0,0,16,8,10
20.6441,,617,-11.076923076923077,-80.43956043956044,60.30769230769231,77.05494505494505,7.076923076923077,2.637528259231349,2141,879,3241,2822,2138,1484,-50,0,850,-250,0,0,67,0,26,-97,-51,-69,122,124,122,125,121,124,45,47,46,46,46,49,3,0,0,11,7,10
20.6775,,618,-12.219780219780219,-80.43956043956044,61.362637362637365,77.05494505494505,7.164835164835165,2.637528259231349,2137,882,3260,2819,2138,1484,-100,50,600,-50,0,0,-84,0,-66,-90,-51,-69,122,124,122,125,121,124,45,47,46,46,46,49,14,0,0,9,8,10
20.7109,,619,-13.538461538461538,-80.43956043956044,63.120879120879124,77.05494505494505,7.516483516483516,2.637528259231349,2131,886,3270,2817,2138,1484,-200,150,300,-50,0,0,-126,-30,95,-79,-48,-69,122,124,122,125,121,124,45,47,46,46,46,49,13,12,0,10,6,11
20.7445,,620,-14.76923076923077,-80.43956043956044,65.23076923076923,77.05494505494505,7.6923076923076925,2.637528259231349,2122,884,3281,2815,2137,1484,-250,0,300,-100,-50,0,-147,-30,128,-72,-29,-69,122,124,122,125,121,124,45,47,46,46,46,49,15,2,0,10,3,10
20.7778,,621,-15.736263736263735,-80.43956043956044,67.51648351648352,77.05494505494505,7.6923076923076925,2.637528259231349,2111,879,3296,2813,2137,1484,-300,-200,450,-50,0,0,-65,23,159,-65,-23,-69,122,124,122,125,121,124,45,47,46,47,46,49,14,1,0,10,1,10
20.8114,,622,-16.263736263736263,-80.43956043956044,69.27472527472527,76.96703296703296,7.6923076923076925,2.637528259231349,2097,878,3314,2813,2137,1484,-400,-50,450,-50,0,0,-130,27,99,-65,-23,-69,122,124,122,125,121,124,45,47,46,47,46,49,4,0,0,10,2,10
20.8449,,623,-16.35164835164835,-80.43956043956044,70.5934065934066,76.96703296703296,7.78021978021978,2.637528259231349,2085,878,3334,2813,2137,1484,-400,0,600,0,0,0,-34,27,116,-69,-23,-69,122,124,122,125,121,124,45,47,46,46,46,49,5,0,0,10,2,10
20.8783,,624,-16.35164835164835,-80.43956043956044,72.0,76.96703296703296,7.78021978021978,2.637528259231349,2079,880,3357,2813,2137,1484,-200,50,700,0,0,0,-79,23,168,-69,0,-69,122,124,122,125,121,124,45,47,46,47,46,49,5,0,0,11,0,10
20.9119,,625,-16.263736263736263,-80.52747252747253,73.4065934065934,76.96703296703296,7.78021978021978,2.637528259231349,2076,880,3379,2813,2137,1484,-100,50,650,0,0,0,-69,0,55,-69,0,-69,122,124,122,125,121,124,45,47,46,47,46,49,1,0,0,10,0,10
20.9453,,626,-16.175824175824175,-80.52747252747253,74.72527472527473,76.96703296703296,7.604395604395604,2.637528259231349,2071,879,3399,2813,2137,1484,-100,0,600,0,0,0,-48,0,121,-69,0,-69,122,124,122,125,121,124,45,47,46,46,46,49,0,0,0,11,0,10
20.9789,,627,-16.087912087912088,-80.52747252747253,76.21978021978022,76.96703296703296,7.604395604395604,2.637528259231349,2067,879,3418,2813,2137,1484,-150,0,550,0,0,0,-27,0,99,-69,-27,-69,122,124,122,125,121,124,45,47,46,47,46,49,1,0,0,10,2,11
21.0124,,628,-16.0,-80.52747252747253,77.36263736263736,76.96703296703296,7.252747252747253,2.637528259231349,2066,879,3433,2813,2137,1484,0,0,500,0,0,0,0,0,39,-69,-27,-69,122,124,122,125,121,124,44,47,46,47,46,49,0,0,0,11,2,10
21.0459,,629,-15.56043956043956,-80.52747252747253,77.62637362637362,76.96703296703296,7.252747252747253,2.637528259231349,2067,879,3448,2813,2137,1484,0,50,400,0,0,0,0,0,25,-69,-44,-69,122,124,122,125,121,124,45,47,46,47,46,49,0,0,0,10,5,11
21.0793,,630,-15.56043956043956,-80.52747252747253,77.8021978021978,76.96703296703296,7.252747252747253,2.637528259231349,2067,879,3460,2813,2137,1484,0,0,400,0,0,0,33,0,48,-69,-41,-69,122,124,122,125,121,124,45,47,46,47,46,49,2,0,0,10,4,11
21.1128,,631,-15.56043956043956,-80.52747252747253,78.41758241758242,77.05494505494505,7.164835164835165,2.637528259231349,2067,882,3466,2812,2137,1484,0,50,250,0,0,0,30,-23,27,-69,-41,-69,122,124,122,125,121,124,45,47,46,47,46,49,2,6,1,10,4,11
21.1462,,632,-15.736263736263735,-80.52747252747253,79.73626373626374,77.05494505494505,7.428571428571429,2.637528259231349,2067,882,3473,2811,2137,1484,0,0,200,-100,0,0,30,-23,34,-58,-44,-69,122,124,122,125,121,124,45,47,46,47,46,49,3,1,0,6,6,10
21.1795,,633,-15.736263736263735,-80.52747252747253,81.31868131868131,77.05494505494505,7.604395604395604,2.637528259231349,2067,879,3479,2811,2137,1484,0,-100,150,0,0,0,23,0,80,-58,-33,-69,122,124,122,125,121,124,45,47,46,46,46,49,2,0,1,8,3,11
21.213,,634,-16.087912087912088,-80.52747252747253,82.81318681318682,77.05494505494505,7.6923076923076925,2.637528259231349,2067,879,3489,2811,2137,1484,0,0,300,0,0,0,23,0,124,-58,-27,-69,122,124,122,125,121,124,45,47,46,47,46,49,2,0,1,7,2,11
21.2465,,635,-16.087912087912088,-80.52747252747253,84.13186813186813,77.05494505494505,7.6923076923076925,2.637528259231349,2067,879,3502,2806,2132,1484,0,0,350,0,0,0,-23,0,133,-44,-23,-69,122,124,122,125,121,124,45,47,46,47,46,49,0,0,0,4,1,11
21.2799,,636,-16.087912087912088,-80.52747252747253,85.27472527472527,77.05494505494505,7.6923076923076925,2.637528259231349,2067,878,3514,2801,2130,1484,0,-50,350,-200,-100,0,-23,23,135,-23,34,-69,122,124,122,125,121,124,45,47,46,46,46,49,1,0,0,0,4,10
21.3134,,637,-16.087912087912088,-80.52747252747253,86.06593406593407,77.05494505494505,7.6923076923076925,2.637528259231349,2067,878,3522,2799,2129,1484,0,0,200,-50,-50,0,-23,23,146,0,37,-69,122,124,122,125,121,124,45,47,46,46,46,49,1,0,3,0,4,10
21.3469,,638,-15.912087912087912,-80.52747252747253,86.76923076923077,77.05494505494505,7.6923076923076925,2.637528259231349,2067,877,3527,2798,2127,1484,0,-50,200,0,-50,0,-23,27,169,0,41,-69,122,124,122,125,121,124,45,47,46,46,46,49,1,0,18,0,4,11
21.3803,,639,-15.56043956043956,-80.52747252747253,87.73626373626374,77.05494505494505,7.6923076923076925,2.637528259231349,2067,877,3530,2797,2127,1484,0,0,100,0,0,0,0,27,183,23,44,-69,121,124,122,125,121,123,45,47,46,46,46,49,0,0,49,0,5,10
21.4139,,640,-15.56043956043956,-80.52747252747253,88.61538461538461,77.05494505494505,7.6923076923076925,2.637528259231349,2067,877,3531,2797,2126,1484,0,0,50,-50,0,0,30,27,215,23,48,-69,121,124,122,124,121,123,45,47,46,46,46,49,3,0,85,0,5,10
21.4473,,641,-15.56043956043956,-80.52747252747253,89.75824175824175,77.14285714285714,7.6923076923076925,2.637528259231349,2067,877,3538,2797,2126,1484,0,0,50,0,0,0,30,27,222,23,48,-69,121,124,122,124,121,123,45,47,46,46,46,49,3,0,67,0,5,10
21.4807,,642,-15.56043956043956,-80.52747252747253,89.84615384615384,77.14285714285714,7.78021978021978,2.637528259231349,2067,877,3545,2797,2127,1484,0,0,200,0,50,0,30,27,261,27,44,-69,121,124,122,124,121,123,45,47,46,46,46,49,3,0,81,0,4,11
21.5141,,643,-15.56043956043956,-80.52747252747253,89.84615384615384,77.14285714285714,7.78021978021978,2.7128862094951014,2067,876,3552,2796,2127,1484,0,-50,200,0,0,0,30,30,210,27,48,-69,121,124,122,124,121,123,45,47,46,46,46,49,3,0,64,0,5,10
21.5475,,644,-15.56043956043956,-80.52747252747253,89.84615384615384,77.14285714285714,7.78021978021978,2.7128862094951014,2067,876,3554,2796,2127,1484,0,0,100,-50,0,0,30,30,199,30,48,-65,121,124,122,124,121,123,45,47,46,46,46,49,3,1,80,2,6,9
21.5809,,645,-15.56043956043956,-80.52747252747253,89.84615384615384,77.14285714285714,7.78021978021978,2.7128862094951014,2067,876,3554,2796,2127,1484,0,0,0,0,0,0,30,30,199,30,48,-65,121,124,122,124,121,123,45,47,46,46,46,49,4,1,87,2,6,9
21.6143,,646,-15.56043956043956,-80.52747252747253,89.84615384615384,77.14285714285714,7.78021978021978,2.7128862094951014,2067,876,3554,2796,2127,1484,0,0,0,0,0,0,30,30,199,30,48,-65,121,124,122,124,121,123,45,47,46,46,46,49,3,0,87,2,7,9
21.6478,,647,-15.56043956043956,-80.52747252747253,89.84615384615384,77.14285714285714,7.78021978021978,2.7128862094951014,2067,876,3554,2796,2127,1484,0,0,0,0,0,0,30,30,199,30,48,-65,121,124,122,124,121,123,45,47,46,46,46,49,3,1,89,3,7,10
21.6812,,648,-15.56043956043956,-80.52747252747253,89.84615384615384,77.14285714285714,7.78021978021978,2.7128862094951014,2067,876,3554,2796,2127,1484,0,0,0,0,0,0,30,30,199,30,48,-65,121,124,122,124,121,123,45,47,46,47,46,49,2,0,87,2,7,9
