t,marker,frame_idx,goal_pos.shoulder_pan,goal_pos.shoulder_lift,goal_pos.elbow_flex,goal_pos.wrist_flex,goal_pos.wrist_roll,goal_pos.gripper,pos.shoulder_pan,pos.shoulder_lift,pos.elbow_flex,pos.wrist_flex,pos.wrist_roll,pos.gripper,vel.shoulder_pan,vel.shoulder_lift,vel.elbow_flex,vel.wrist_flex,vel.wrist_roll,vel.gripper,load.shoulder_pan,load.shoulder_lift,load.elbow_flex,load.wrist_flex,load.wrist_roll,load.gripper,volt.shoulder_pan,volt.shoulder_lift,volt.elbow_flex,volt.wrist_flex,volt.wrist_roll,volt.gripper,temp.shoulder_pan,temp.shoulder_lift,temp.elbow_flex,temp.wrist_flex,temp.wrist_roll,temp.gripper,curr.shoulder_pan,curr.shoulder_lift,curr.elbow_flex,curr.wrist_flex,curr.wrist_roll,curr.gripper
0.0,,0,-3.78021978021978,-78.50549450549451,91.42857142857143,68.7032967032967,2.065934065934066,2.4868123587038435,2041,763,3693,2722,1993,1612,0,0,0,0,0,0,0,0,0,0,0,0,121,123,121,124,120,123,40,41,41,43,41,41,0,0,0,0,0,0
0.0334,,1,-3.78021978021978,-78.50549450549451,91.42857142857143,68.7032967032967,2.065934065934066,2.4868123587038435,2042,763,3693,2721,1993,1612,0,0,0,0,0,0,97,92,-92,-103,97,-125,121,123,121,124,120,123,40,41,41,43,41,41,13,10,9,6,11,16
0.0669,,2,-3.868131868131868,-78.50549450549451,91.42857142857143,68.7032967032967,2.065934065934066,2.4868123587038435,2050,770,3691,2715,2003,1602,150,150,0,-200,300,-300,292,203,-179,-62,263,-163,120,122,120,123,119,122,40,41,41,43,41,42,62,75,51,3,41,43
0.1004,,3,-3.868131868131868,-78.50549450549451,91.42857142857143,68.7032967032967,2.065934065934066,2.4868123587038435,2074,791,3679,2709,2018,1579,500,350,-250,-200,450,-500,358,331,-229,-41,232,-319,120,122,120,123,119,122,40,41,41,43,41,41,80,85,33,2,24,65
0.1338,,4,-3.868131868131868,-78.50549450549451,91.42857142857143,68.7032967032967,2.065934065934066,2.4868123587038435,2106,816,3668,2706,2034,1550,900,750,-350,-100,550,-850,306,265,-174,-23,146,-268,120,122,120,123,119,122,40,41,41,43,41,42,67,48,24,0,11,27
0.1672,,5,-3.868131868131868,-78.50549450549451,91.42857142857143,68.7032967032967,2.065934065934066,2.4868123587038435,2134,839,3662,2701,2044,1525,900,700,-200,-150,300,-850,210,266,-157,27,122,-231,121,123,121,124,120,122,40,41,41,43,41,42,11,12,20,1,4,3
0.2006,,6,-3.868131868131868,-78.50549450549451,91.42857142857143,68.7032967032967,2.065934065934066,2.4868123587038435,2157,854,3656,2700,2050,1510,800,450,-200,-50,200,-600,111,203,-132,30,93,-167,121,123,121,124,120,123,40,41,41,43,41,41,1,23,26,0,4,8
0.234,,7,-3.868131868131868,-78.50549450549451,91.42857142857143,68.7032967032967,2.065934065934066,2.4868123587038435,2172,863,3651,2700,2055,1499,550,350,-150,0,200,-300,136,76,-115,30,76,-139,121,123,121,124,120,123,40,41,41,43,41,42,2,26,12,0,5,8
0.2674,,8,-3.868131868131868,-78.50549450549451,91.42857142857143,68.7032967032967,2.065934065934066,2.4868123587038435,2181,870,3648,2700,2058,1492,300,200,-100,0,100,-250,97,136,-101,30,62,-111,121,123,122,124,121,123,40,41,41,43,41,42,2,26,17,0,4,4
0.3008,,9,-3.868131868131868,-78.50549450549451,91.42857142857143,68.7032967032967,2.065934065934066,2.4868123587038435,2187,874,3645,2700,2060,1488,150,150,-50,0,50,-150,-37,118,-90,30,55,-90,121,123,122,124,121,123,40,41,41,43,41,41,5,25,18,0,4,9
0.3342,,10,-3.868131868131868,-78.50549450549451,91.42857142857143,68.7032967032967,2.065934065934066,2.4868123587038435,2191,878,3644,2700,2062,1485,150,100,-50,0,50,-100,65,108,-86,30,48,-79,121,123,122,124,121,123,40,41,41,43,41,42,5,20,16,0,3,10
0.3676,,11,-3.956043956043956,-78.50549450549451,91.42857142857143,68.7032967032967,2.065934065934066,2.4868123587038435,2193,880,3642,2700,2063,1483,100,50,-50,0,50,-50,55,97,-79,30,44,-72,121,123,122,124,121,123,40,41,41,43,41,41,7,20,13,0,3,10
0.401,,12,-4.131868131868132,-78.50549450549451,91.42857142857143,68.7032967032967,2.065934065934066,2.4868123587038435,2195,881,3641,2700,2064,1482,50,50,-50,0,50,-50,44,93,-76,30,41,-69,121,123,122,124,121,123,40,41,41,43,41,41,3,17,13,0,1,8
0.4345,,13,-4.21978021978022,-78.50549450549451,91.42857142857143,68.7032967032967,2.065934065934066,2.4868123587038435,2196,883,3641,2700,2065,1482,0,0,0,0,50,0,37,86,-76,30,37,-69,121,123,122,124,121,123,40,41,41,43,41,42,3,16,13,0,1,9
0.4679,,14,-4.3076923076923075,-78.50549450549451,91.42857142857143,68.7032967032967,2.065934065934066,2.4868123587038435,2197,883,3641,2700,2065,1482,0,0,0,0,0,0,30,86,-76,30,37,-69,121,123,122,124,121,123,40,41,41,43,41,42,1,18,13,0,1,9
0.5014,,15,-4.395604395604396,-78.50549450549451,91.42857142857143,68.7032967032967,2.065934065934066,2.4868123587038435,2197,883,3641,2699,2065,1482,0,0,0,0,0,0,23,86,-76,34,37,-69,121,123,122,124,121,123,40,41,41,43,41,42,1,17,13,2,1,8
0.5349,,16,-4.483516483516484,-78.50549450549451,91.42857142857143,68.7032967032967,2.065934065934066,2.4868123587038435,2197,883,3641,2699,2065,1482,0,0,0,0,0,0,0,86,-76,34,37,-69,121,123,122,124,121,123,40,41,41,43,41,41,0,18,13,0,2,8
0.5682,,17,-4.483516483516484,-78.50549450549451,91.42857142857143,68.7032967032967,2.065934065934066,2.4868123587038435,2197,883,3641,2699,2065,1482,0,0,0,0,0,0,0,86,-76,34,37,-69,121,123,122,124,121,123,40,41,41,43,41,42,0,18,13,0,1,8
0.6017,,18,-4.571428571428571,-78.50549450549451,91.42857142857143,68.7032967032967,2.065934065934066,2.4868123587038435,2197,883,3641,2699,2065,1482,0,0,0,0,0,0,0,86,-76,34,37,-69,121,123,122,124,121,123,40,41,41,43,41,41,0,17,12,0,2,9
0.6351,,19,-4.571428571428571,-78.50549450549451,91.42857142857143,68.7032967032967,1.8021978021978022,2.4868123587038435,2197,883,3641,2699,2065,1482,0,0,0,0,0,0,0,86,-76,34,37,-69,121,123,122,124,121,123,40,41,41,43,41,42,0,17,13,0,3,9
0.6685,,20,-4.571428571428571,-78.50549450549451,91.42857142857143,68.7032967032967,1.6263736263736264,2.4868123587038435,2197,883,3641,2699,2065,1482,0,0,0,0,0,0,0,86,-76,34,27,-69,121,123,122,124,121,123,40,41,41,43,41,42,0,17,13,0,0,9
0.7019,,21,-4.571428571428571,-78.50549450549451,91.42857142857143,68.7032967032967,1.6263736263736264,2.4868123587038435,2197,883,3641,2699,2065,1482,0,0,0,0,0,0,0,86,-76,34,0,-69,121,124,122,124,121,123,40,41,41,43,41,42,0,17,13,0,0,9
0.7353,,22,-4.571428571428571,-78.50549450549451,91.42857142857143,68.7032967032967,1.5384615384615385,2.4868123587038435,2197,883,3641,2699,2065,1482,0,0,0,0,0,0,0,86,-76,34,0,-69,121,124,122,124,121,123,40,41,41,43,41,41,0,18,13,0,0,8
0.7687,,23,-4.571428571428571,-78.50549450549451,91.42857142857143,68.7032967032967,1.5384615384615385,2.4868123587038435,2197,883,3641,2699,2065,1482,0,0,0,0,0,0,0,86,-76,34,0,-69,121,124,122,124,121,123,40,41,41,43,41,42,0,17,12,0,0,9
0.8022,,24,-4.483516483516484,-78.50549450549451,91.42857142857143,68.7032967032967,1.5384615384615385,2.4114544084400906,2197,883,3641,2699,2065,1482,0,0,0,0,0,0,0,86,-76,34,0,-69,121,124,122,124,121,123,40,41,41,43,41,41,0,18,13,0,0,9
0.8356,,25,-4.3076923076923075,-78.50549450549451,91.16483516483517,68.7032967032967,1.5384615384615385,2.4114544084400906,2197,883,3641,2699,2065,1482,0,0,0,0,0,0,0,86,-76,34,0,-72,121,124,122,124,121,123,40,41,41,43,41,41,0,17,14,0,0,10
0.8691,,26,-4.21978021978022,-78.41758241758242,90.9010989010989,68.79120879120879,1.5384615384615385,2.4114544084400906,2197,883,3641,2699,2065,1482,0,0,0,0,0,0,23,86,-86,34,0,-72,121,124,122,124,121,123,40,41,41,43,41,41,0,17,18,0,0,9
0.9026,,27,-4.131868131868132,-78.41758241758242,90.81318681318682,68.79120879120879,1.5384615384615385,2.4114544084400906,2197,883,3641,2699,2065,1482,0,0,0,0,0,0,27,90,-97,37,0,-72,121,123,122,124,121,123,40,41,41,43,41,42,1,19,23,1,0,10
0.9361,,28,-4.131868131868132,-78.41758241758242,90.72527472527473,68.79120879120879,1.5384615384615385,2.4114544084400906,2197,883,3641,2699,2065,1482,0,0,0,0,0,0,30,90,-101,37,0,-72,121,123,122,124,121,123,40,41,41,43,41,42,3,20,24,0,0,10
0.9696,,29,-4.131868131868132,-78.41758241758242,90.46153846153847,68.79120879120879,1.5384615384615385,2.4114544084400906,2197,883,3640,2699,2065,1482,0,0,0,0,0,0,30,90,-104,37,0,-72,121,123,122,124,121,123,40,41,41,43,41,41,2,19,24,1,0,9
1.0031,,30,-4.043956043956044,-78.32967032967034,89.75824175824175,68.87912087912088,1.5384615384615385,2.4114544084400906,2197,883,3639,2699,2065,1482,0,0,-50,0,0,0,30,90,-108,37,0,-72,121,123,122,124,121,123,40,41,41,43,41,42,2,19,17,1,0,9
1.0365,,31,-3.956043956043956,-78.06593406593407,88.7032967032967,68.96703296703296,1.5384615384615385,2.4114544084400906,2197,884,3637,2699,2065,1482,0,0,-50,0,0,0,34,90,-142,41,0,-72,121,124,122,124,121,123,40,41,41,43,41,42,3,14,36,1,0,10
1.07,,32,-3.868131868131868,-77.8021978021978,87.56043956043956,68.96703296703296,1.5384615384615385,2.4114544084400906,2197,887,3633,2700,2065,1482,0,50,-100,0,0,0,37,90,-174,41,0,-72,121,123,122,124,121,123,40,41,41,43,41,41,4,17,34,2,0,10
1.1035,,33,-3.956043956043956,-77.8021978021978,86.50549450549451,68.96703296703296,1.5384615384615385,2.4114544084400906,2197,891,3627,2701,2066,1482,0,100,-150,0,0,0,41,94,-214,37,0,-72,121,123,122,124,121,123,40,41,41,43,41,42,4,9,60,1,0,9
1.1369,,34,-4.21978021978022,-77.71428571428571,85.8021978021978,68.87912087912088,1.4505494505494505,2.4114544084400906,2197,894,3620,2702,2067,1482,0,100,-200,0,50,0,37,76,-229,34,0,-72,121,123,122,124,121,123,40,41,41,43,41,42,4,9,54,1,0,9
1.1704,,35,-4.3076923076923075,-77.71428571428571,85.01098901098901,68.87912087912088,1.4505494505494505,2.4114544084400906,2197,899,3613,2704,2071,1482,0,150,-250,50,150,0,27,65,-216,27,-41,-72,121,123,122,124,121,123,40,41,41,43,41,42,2,4,49,0,1,9
1.2038,,36,-4.21978021978022,-77.71428571428571,84.21978021978022,68.87912087912088,1.4505494505494505,2.4114544084400906,2197,902,3607,2707,2072,1482,0,100,-200,100,50,0,23,-66,-228,0,-44,-72,121,123,122,124,121,123,40,41,41,43,41,41,1,1,81,0,1,10
1.2372,,37,-3.956043956043956,-77.71428571428571,83.42857142857143,68.87912087912088,1.4505494505494505,2.4114544084400906,2197,905,3601,2708,2071,1482,0,100,-150,50,0,0,27,41,-230,-23,-41,-72,121,123,122,124,121,123,40,41,41,43,41,41,2,1,101,0,0,9
1.2706,,38,-3.868131868131868,-77.62637362637362,82.37362637362638,68.87912087912088,1.4505494505494505,2.4868123587038435,2197,908,3595,2708,2070,1482,0,100,-150,0,0,0,37,34,-263,-23,-37,-72,121,123,121,124,120,123,40,41,41,43,41,42,4,1,109,0,0,10
1.304,,39,-3.868131868131868,-77.53846153846153,81.31868131868131,68.87912087912088,1.4505494505494505,2.562170308967596,2197,911,3589,2708,2069,1482,0,100,-200,0,-50,0,41,23,-287,-23,-37,-69,121,123,121,124,120,123,40,41,41,43,41,41,4,0,94,0,1,8
1.3374,,40,-3.868131868131868,-77.45054945054945,80.08791208791209,68.96703296703296,1.4505494505494505,2.7128862094951014,2197,912,3581,2708,2069,1482,0,0,-200,0,-50,0,41,23,-207,-23,-34,-65,121,123,121,124,120,123,40,41,41,43,41,42,4,0,134,0,1,7
1.3708,,41,-3.956043956043956,-77.0989010989011,78.85714285714286,68.96703296703296,1.4505494505494505,2.7882441597588548,2197,912,3573,2709,2069,1482,0,0,-250,0,0,0,41,27,-315,-23,-34,-58,121,123,121,124,120,123,40,41,41,43,41,41,4,0,135,0,0,4
1.4042,,42,-4.043956043956044,-75.6923076923077,77.18681318681318,68.96703296703296,1.4505494505494505,2.8636021100226077,2197,914,3563,2709,2069,1482,0,50,-300,0,0,0,37,-71,-345,-23,-34,-51,121,123,121,124,120,123,40,41,41,43,41,42,4,1,145,0,2,3
1.4376,,43,-4.131868131868132,-73.14285714285714,75.16483516483517,68.96703296703296,1.4505494505494505,2.8636021100226077,2197,915,3551,2709,2069,1482,0,0,-350,0,0,0,34,106,-367,-23,-34,-48,121,123,121,124,120,122,40,41,41,43,41,41,3,17,143,0,1,3
1.471,,44,-4.131868131868132,-69.71428571428571,72.79120879120879,68.87912087912088,1.4505494505494505,2.8636021100226077,2197,920,3536,2709,2069,1482,0,50,-400,0,0,0,30,202,-310,-23,-34,-48,120,123,121,123,120,122,40,41,41,43,41,41,2,30,167,0,1,2
1.5044,,45,-4.131868131868132,-66.02197802197803,69.97802197802197,68.79120879120879,1.4505494505494505,2.8636021100226077,2197,936,3518,2709,2069,1482,0,450,-500,0,0,0,30,195,-423,-27,-34,-48,120,123,121,123,120,122,40,41,41,43,41,42,2,31,163,0,1,3
1.5377,,46,-3.956043956043956,-61.8021978021978,66.63736263736264,68.79120879120879,1.4505494505494505,2.8636021100226077,2197,959,3498,2709,2069,1482,0,600,-600,0,0,0,30,337,-372,-30,-34,-48,120,123,121,123,120,122,40,41,41,43,41,42,2,45,192,0,0,3
1.5711,,47,-3.956043956043956,-57.40659340659341,63.20879120879121,68.79120879120879,1.4505494505494505,2.8636021100226077,2197,990,3474,2709,2069,1482,0,850,-700,0,0,0,37,311,-431,-30,-34,-48,120,122,120,123,120,122,40,41,41,43,41,42,4,49,186,0,0,3
1.6046,,48,-3.868131868131868,-53.18681318681319,59.86813186813187,68.87912087912088,1.4505494505494505,2.8636021100226077,2197,1024,3448,2709,2069,1482,0,1000,-750,0,0,0,37,362,-474,-30,-34,-48,120,122,120,123,119,122,40,41,41,43,41,42,4,46,235,0,1,2
1.6379,,49,-3.868131868131868,-49.67032967032967,56.967032967032964,68.87912087912088,1.4505494505494505,2.8636021100226077,2197,1060,3419,2709,2069,1482,0,1050,-850,0,0,0,41,400,-503,-27,-34,-48,120,122,120,123,119,122,40,41,41,43,41,42,4,44,218,0,0,3
1.6714,,50,-3.868131868131868,-46.24175824175824,54.417582417582416,68.79120879120879,1.4505494505494505,2.8636021100226077,2197,1100,3387,2709,2069,1482,0,1150,-950,0,0,0,41,411,-508,-27,-34,-48,120,122,120,123,119,122,40,41,41,43,41,41,4,27,225,0,1,3
1.7048,,51,-3.956043956043956,-43.34065934065934,52.13186813186813,68.7032967032967,1.4505494505494505,2.8636021100226077,2197,1142,3353,2709,2069,1482,0,1200,-1000,0,0,0,41,403,-489,-30,-34,-48,120,122,120,123,119,122,40,41,41,43,41,42,4,28,202,0,2,3
1.7382,,52,-4.043956043956044,-40.61538461538461,49.582417582417584,68.7032967032967,1.4505494505494505,2.8636021100226077,2197,1183,3321,2709,2069,1482,0,1200,-1000,0,0,0,37,411,-493,-34,-34,-48,120,122,121,123,119,122,40,41,41,43,41,42,4,5,202,0,0,3
1.7716,,53,-4.043956043956044,-37.714285714285715,47.120879120879124,68.7032967032967,1.4505494505494505,2.8636021100226077,2197,1221,3289,2709,2069,1482,0,1200,-950,0,0,0,34,375,-472,-34,-34,-48,120,122,121,123,120,122,40,41,41,43,41,42,3,9,174,0,0,3
1.805,,54,-3.868131868131868,-34.54945054945055,44.747252747252745,68.7032967032967,1.4505494505494505,2.8636021100226077,2197,1259,3257,2709,2069,1482,0,1100,-900,0,0,0,34,353,-456,-34,-34,-48,120,122,121,123,120,122,40,41,41,43,41,42,3,15,149,0,1,3
1.8384,,55,-3.78021978021978,-31.12087912087912,42.10989010989011,68.7032967032967,1.4505494505494505,2.8636021100226077,2196,1297,3228,2709,2069,1482,0,1150,-950,0,0,0,44,336,-437,-34,-34,-48,120,122,121,123,120,122,40,41,41,43,41,41,5,2,158,0,1,2
1.8718,,56,-3.78021978021978,-27.692307692307693,39.2967032967033,68.7032967032967,1.4505494505494505,2.8636021100226077,2196,1334,3199,2709,2069,1482,0,1150,-850,0,0,0,48,358,-549,-34,-34,-48,120,123,121,123,120,122,40,41,41,43,41,42,6,12,172,0,1,3
1.9052,,57,-3.6923076923076925,-24.0,36.747252747252745,68.79120879120879,1.5384615384615385,2.8636021100226077,2196,1373,3170,2709,2069,1482,0,1150,-800,0,0,0,48,355,-467,-34,-34,-48,120,122,121,123,120,122,40,41,41,43,41,42,6,1,171,0,1,3
1.9386,,58,-3.6923076923076925,-20.65934065934066,34.285714285714285,68.79120879120879,1.5384615384615385,2.7882441597588548,2196,1413,3141,2709,2069,1482,0,1150,-850,0,0,0,51,266,-553,-30,-30,-48,120,122,121,123,120,122,40,41,41,43,41,41,7,0,178,0,0,2
1.972,,59,-3.6923076923076925,-17.67032967032967,31.912087912087912,68.79120879120879,1.6263736263736264,2.7128862094951014,2196,1449,3112,2709,2069,1482,0,1150,-900,0,0,0,51,348,-453,-30,-30,-51,120,122,121,123,120,122,40,41,41,43,41,42,8,3,154,0,1,4
2.0054,,60,-3.6923076923076925,-14.76923076923077,29.714285714285715,68.79120879120879,1.8021978021978022,2.7128862094951014,2196,1490,3082,2709,2069,1482,0,1200,-900,0,0,0,51,241,-437,-30,-27,-58,120,123,121,123,120,122,40,41,41,43,41,42,7,1,159,0,0,5
2.0388,,61,-3.6923076923076925,-12.307692307692308,27.78021978021978,68.79120879120879,1.978021978021978,2.562170308967596,2196,1531,3052,2709,2069,1482,0,1200,-850,0,0,0,51,330,-448,-30,0,-58,121,123,121,123,120,122,40,41,41,43,41,42,7,0,161,0,0,4
2.0722,,62,-3.6923076923076925,-10.461538461538462,26.021978021978022,68.79120879120879,2.065934065934066,2.562170308967596,2196,1572,3026,2709,2069,1482,0,1200,-850,0,0,0,51,287,-419,-30,0,-65,121,123,121,123,120,122,40,41,41,43,41,42,7,0,174,0,0,8
2.1056,,63,-3.6923076923076925,-8.967032967032967,24.52747252747253,68.79120879120879,2.065934065934066,2.562170308967596,2196,1609,2999,2709,2069,1482,0,1150,-800,0,0,0,51,219,-387,-30,23,-65,121,123,121,124,120,122,40,41,41,43,41,41,7,0,145,0,0,7
2.139,,64,-3.6923076923076925,-7.824175824175824,23.208791208791208,68.79120879120879,2.065934065934066,2.562170308967596,2196,1644,2974,2709,2069,1482,0,1100,-750,0,0,0,51,141,-352,-30,23,-65,121,123,121,124,120,122,40,41,41,43,41,42,7,0,146,0,0,7
2.1724,,65,-3.6923076923076925,-6.769230769230769,21.802197802197803,68.79120879120879,2.1538461538461537,2.4868123587038435,2196,1675,2953,2709,2069,1482,0,950,-650,0,0,0,51,60,-352,-30,23,-65,121,123,121,124,120,123,40,41,41,43,41,42,8,0,144,0,0,8
2.2058,,66,-3.6923076923076925,-6.065934065934066,20.395604395604394,68.7032967032967,2.1538461538461537,2.4868123587038435,2196,1699,2934,2709,2070,1482,0,750,-550,0,0,0,51,136,-419,-30,23,-69,121,123,121,124,120,123,40,41,41,43,41,42,8,0,151,0,0,9
2.2392,,67,-3.4285714285714284,-5.186813186813187,19.164835164835164,68.7032967032967,2.1538461538461537,2.4114544084400906,2196,1717,2916,2709,2070,1482,0,650,-550,0,0,0,51,73,-319,-34,23,-69,121,123,121,124,120,122,40,41,41,43,41,42,7,0,137,0,0,9
2.2727,,68,-2.5494505494505493,-4.131868131868132,17.75824175824176,68.7032967032967,2.1538461538461537,2.4114544084400906,2196,1729,2899,2709,2070,1482,0,400,-500,0,0,0,62,-49,-300,-34,23,-72,121,123,121,124,120,122,40,41,41,43,41,42,10,0,129,1,0,9
2.3061,,69,-1.4945054945054945,-2.989010989010989,16.087912087912088,68.7032967032967,2.1538461538461537,2.4114544084400906,2196,1739,2883,2709,2070,1482,0,300,-450,0,0,0,112,-51,-384,-34,23,-72,120,123,121,123,120,122,40,41,41,43,41,42,24,0,152,0,0,10
2.3394,,70,0.0,-1.3186813186813187,14.32967032967033,68.7032967032967,2.1538461538461537,2.4114544084400906,2200,1750,2866,2709,2070,1482,100,300,-500,0,0,0,156,98,-413,-34,23,-72,120,123,121,123,120,122,40,41,41,43,41,41,28,0,168,0,0,10
2.3728,,71,1.8461538461538463,0.43956043956043955,12.483516483516484,68.7032967032967,2.1538461538461537,2.4114544084400906,2206,1762,2848,2709,2070,1482,150,350,-550,0,0,0,198,124,-416,-34,23,-72,120,123,121,123,120,122,40,41,41,43,41,42,28,0,162,1,0,9
2.4062,,72,3.6043956043956045,2.2857142857142856,10.54945054945055,68.7032967032967,2.1538461538461537,2.4114544084400906,2215,1779,2830,2709,2070,1482,300,500,-550,0,0,0,152,50,-420,-34,23,-72,120,123,121,123,120,122,40,41,41,43,41,41,63,0,164,0,0,9
2.4397,,73,4.923076923076923,4.3076923076923075,8.703296703296703,68.7032967032967,2.1538461538461537,2.4114544084400906,2228,1798,2810,2709,2070,1482,300,550,-550,0,0,0,259,49,-423,-34,23,-72,120,122,121,123,119,122,40,41,41,43,41,42,47,0,137,0,0,9
2.4731,,74,5.802197802197802,6.065934065934066,7.208791208791209,68.7032967032967,2.1538461538461537,2.4114544084400906,2243,1820,2790,2709,2070,1482,450,650,-600,0,0,0,190,46,-421,-34,23,-72,120,122,121,123,119,122,40,41,41,43,41,42,45,0,159,0,0,9
2.5065,,75,6.5054945054945055,7.384615384615385,5.802197802197802,68.7032967032967,2.1538461538461537,2.4114544084400906,2258,1844,2771,2709,2070,1482,500,700,-600,0,0,0,246,60,-345,-34,23,-72,120,123,121,123,120,122,40,41,41,43,41,42,39,0,145,0,0,10
2.5399,,76,7.032967032967033,8.43956043956044,4.483516483516484,68.7032967032967,2.1538461538461537,2.4114544084400906,2273,1866,2751,2709,2070,1482,450,700,-550,0,0,0,213,108,-326,-34,23,-72,120,123,121,123,120,122,40,41,41,43,41,42,33,0,143,0,0,10
2.5733,,77,7.208791208791209,9.494505494505495,3.2527472527472527,68.7032967032967,2.1538461538461537,2.4114544084400906,2285,1883,2733,2709,2070,1482,400,550,-550,0,0,0,91,-44,-395,-34,23,-72,120,123,121,123,120,122,40,41,41,43,41,41,24,0,151,0,0,10
2.6067,,78,7.2967032967032965,10.373626373626374,1.934065934065934,68.7032967032967,2.1538461538461537,2.4114544084400906,2295,1897,2717,2709,2070,1482,300,350,-500,0,0,0,139,66,-379,-34,23,-72,121,123,121,123,120,122,40,41,41,43,41,42,19,0,139,0,0,9
2.6401,,79,7.2967032967032965,11.252747252747254,0.6153846153846154,68.7032967032967,2.1538461538461537,2.4114544084400906,2303,1909,2703,2709,2070,1482,250,350,-450,0,0,0,122,42,-402,-34,23,-72,120,123,121,123,120,122,40,41,41,43,41,41,17,0,157,0,0,10
2.6735,,80,7.2967032967032965,12.307692307692308,-0.8791208791208791,68.7032967032967,2.1538461538461537,2.4114544084400906,2308,1919,2687,2709,2070,1482,150,350,-450,0,0,0,101,-49,-309,-34,23,-72,121,123,121,123,120,122,40,41,41,43,41,42,16,0,130,0,0,10
2.7069,,81,7.2967032967032965,13.538461538461538,-2.4615384615384617,68.7032967032967,2.1538461538461537,2.4114544084400906,2310,1930,2671,2709,2070,1482,50,350,-450,0,0,0,90,66,-397,-34,23,-72,121,123,121,123,120,122,40,41,41,43,41,42,18,1,150,0,0,10
2.7403,,82,7.2967032967032965,14.945054945054945,-4.395604395604396,68.79120879120879,2.1538461538461537,2.4114544084400906,2312,1942,2656,2709,2070,1482,100,300,-450,0,0,0,83,-44,-312,-34,23,-72,121,123,121,123,120,122,40,41,41,43,41,42,16,0,169,0,0,9
2.7736,,83,7.2967032967032965,16.52747252747253,-6.417582417582418,68.79120879120879,2.1538461538461537,2.4114544084400906,2312,1954,2639,2709,2070,1482,0,350,-450,0,0,0,83,84,-415,-30,23,-72,120,123,121,123,120,122,40,41,41,43,41,42,16,0,180,0,0,9
2.807,,84,7.2967032967032965,18.021978021978022,-8.175824175824175,68.79120879120879,1.978021978021978,2.4114544084400906,2313,1968,2621,2709,2070,1482,50,400,-550,0,0,0,79,32,-365,-30,23,-72,120,123,121,123,120,122,40,41,41,43,41,41,17,0,193,0,0,10
2.8405,,85,7.2967032967032965,19.428571428571427,-10.10989010989011,68.79120879120879,1.89010989010989,2.4114544084400906,2313,1987,2602,2709,2070,1482,0,500,-550,0,0,0,79,113,-363,-30,0,-72,120,123,121,123,120,122,40,41,41,43,41,42,16,0,179,0,0,10
2.8738,,86,7.2967032967032965,20.65934065934066,-12.131868131868131,68.79120879120879,1.7142857142857142,2.4114544084400906,2313,2003,2581,2709,2070,1482,0,550,-650,0,0,0,79,101,-363,-30,0,-72,120,123,121,123,120,122,40,41,41,43,41,42,17,5,176,0,0,9
2.9072,,87,7.472527472527473,22.153846153846153,-14.065934065934066,68.79120879120879,1.6263736263736264,2.4114544084400906,2313,2021,2560,2709,2070,1482,0,500,-600,0,0,0,79,-39,-366,-30,-27,-72,120,123,121,123,120,122,40,41,41,43,41,42,17,1,165,0,0,9
2.9406,,88,7.736263736263736,23.47252747252747,-16.0,68.87912087912088,1.6263736263736264,2.4114544084400906,2313,2036,2539,2709,2070,1482,0,450,-600,0,0,0,86,85,-450,-30,-30,-72,120,123,121,123,120,122,40,41,41,43,41,42,19,0,153,0,0,10
2.9741,,89,8.0,24.791208791208792,-17.934065934065934,68.87912087912088,1.6263736263736264,2.4114544084400906,2313,2052,2519,2709,2070,1482,0,400,-650,0,0,0,97,102,-391,-27,-30,-72,120,123,121,123,120,122,40,41,41,43,41,41,24,0,182,0,1,9
3.0074,,90,8.175824175824175,26.197802197802197,-19.86813186813187,68.87912087912088,1.6263736263736264,2.4114544084400906,2313,2066,2497,2709,2070,1482,0,450,-650,0,0,0,108,-23,-384,-27,-30,-72,120,122,121,123,120,122,40,41,41,43,41,42,31,0,176,0,0,9
3.0408,,91,8.615384615384615,27.604395604395606,-21.53846153846154,68.87912087912088,1.6263736263736264,2.4114544084400906,2314,2082,2474,2709,2070,1482,0,450,-650,0,0,0,111,-27,-377,-27,-30,-72,120,122,121,123,120,122,40,41,41,43,41,41,33,2,167,0,1,9
3.0742,,92,9.23076923076923,28.923076923076923,-23.208791208791208,68.87912087912088,1.6263736263736264,2.4114544084400906,2317,2099,2453,2709,2070,1482,50,500,-700,0,0,0,118,83,-357,-27,-30,-72,120,122,121,123,120,122,40,41,41,43,41,42,35,0,172,0,0,10
3.1076,,93,9.494505494505495,30.24175824175824,-24.791208791208792,68.87912087912088,1.6263736263736264,2.4114544084400906,2321,2114,2431,2709,2070,1482,100,450,-600,0,0,0,151,103,-374,-27,-30,-72,120,122,121,123,120,122,40,41,41,43,41,42,40,0,155,0,0,9
3.141,,94,10.285714285714286,31.64835164835165,-26.285714285714285,68.79120879120879,1.6263736263736264,2.4114544084400906,2326,2129,2411,2709,2070,1482,150,450,-600,0,0,0,125,-22,-359,-27,-30,-72,120,123,121,123,120,122,40,41,41,43,41,42,27,0,164,0,1,9
3.1744,,95,10.989010989010989,33.05494505494506,-28.043956043956044,68.79120879120879,1.6263736263736264,2.4114544084400906,2331,2144,2392,2709,2070,1482,150,450,-600,0,0,0,157,94,-344,-30,-30,-72,120,123,121,123,120,122,40,41,41,43,41,42,39,0,170,0,0,9
3.2078,,96,11.516483516483516,34.54945054945055,-29.89010989010989,68.79120879120879,1.6263736263736264,2.4114544084400906,2337,2160,2372,2709,2070,1482,200,450,-550,0,0,0,150,89,-426,-30,-30,-72,120,122,121,123,120,122,40,41,41,43,41,42,21,0,178,0,1,9
3.2412,,97,12.219780219780219,36.043956043956044,-31.64835164835165,68.79120879120879,1.5384615384615385,2.4114544084400906,2343,2177,2351,2709,2070,1482,200,500,-600,0,0,0,168,84,-337,-30,-30,-72,120,122,121,123,120,122,40,41,41,43,41,42,36,0,159,0,0,10
3.2746,,98,12.747252747252746,37.362637362637365,-33.40659340659341,68.79120879120879,1.4505494505494505,2.4114544084400906,2350,2194,2332,2709,2070,1482,200,500,-600,0,0,0,173,22,-359,-30,-34,-72,120,122,121,123,120,122,40,41,41,43,41,42,36,0,157,0,1,9
3.308,,99,13.186813186813186,38.505494505494504,-35.07692307692308,68.7032967032967,1.4505494505494505,2.4114544084400906,2357,2210,2313,2709,2070,1482,200,500,-550,0,0,0,158,94,-356,-30,-37,-72,120,122,121,123,120,122,40,41,41,43,41,41,24,0,167,0,2,10
3.3414,,100,13.362637362637363,39.64835164835165,-36.57142857142857,68.7032967032967,1.4505494505494505,2.4114544084400906,2363,2226,2293,2709,2070,1482,200,500,-600,0,0,0,143,-46,-348,-34,-37,-72,120,122,121,123,120,122,40,41,41,43,41,42,32,5,156,1,3,10
3.3748,,101,13.45054945054945,40.35164835164835,-37.8021978021978,68.7032967032967,1.4505494505494505,2.4114544084400906,2368,2241,2274,2709,2070,1482,200,450,-550,0,0,0,129,-57,-419,-34,-37,-72,120,122,121,123,120,122,40,41,41,43,41,41,20,1,154,0,2,10
3.4081,,102,13.45054945054945,40.967032967032964,-38.857142857142854,68.61538461538461,1.4505494505494505,2.4114544084400906,2373,2254,2256,2709,2070,1482,150,400,-600,0,0,0,33,0,-338,-34,-37,-72,120,123,121,123,120,122,40,41,41,43,41,42,22,0,160,0,2,9
3.4415,,103,13.45054945054945,41.40659340659341,-40.0,68.61538461538461,1.4505494505494505,2.4114544084400906,2377,2266,2238,2709,2070,1482,100,350,-500,0,0,0,104,30,-394,-37,-37,-72,120,123,121,123,120,122,40,41,41,43,41,42,20,0,156,1,2,10
3.4749,,104,13.45054945054945,41.84615384615385,-40.967032967032964,68.52747252747253,1.4505494505494505,2.4114544084400906,2379,2275,2223,2710,2070,1482,100,300,-500,50,0,0,93,-32,-295,-41,-37,-72,120,123,121,123,120,122,40,41,41,43,41,42,19,22,145,2,3,9
3.5083,,105,13.45054945054945,42.285714285714285,-42.10989010989011,68.43956043956044,1.4505494505494505,2.4114544084400906,2380,2281,2210,2710,2070,1482,50,250,-450,0,0,0,90,-133,-274,-44,-37,-72,120,123,121,123,120,122,40,41,41,43,41,42,19,17,123,1,3,10
3.5417,,106,13.45054945054945,42.637362637362635,-43.252747252747255,68.35164835164835,1.3626373626373627,2.4114544084400906,2380,2286,2198,2710,2070,1482,0,200,-350,0,0,0,90,-48,-362,-48,-37,-72,120,123,121,123,120,122,40,41,41,43,41,42,20,10,162,3,2,10
3.5751,,107,13.45054945054945,43.252747252747255,-44.57142857142857,68.35164835164835,1.2747252747252746,2.4114544084400906,2380,2291,2183,2710,2070,1482,0,100,-400,0,0,0,90,-37,-295,-51,-41,-72,120,123,121,123,120,122,40,41,41,43,41,42,20,25,130,4,3,10
3.6085,,108,13.45054945054945,44.043956043956044,-45.97802197802198,68.35164835164835,1.2747252747252746,2.4114544084400906,2380,2295,2170,2710,2070,1482,0,100,-400,0,0,0,90,-106,-383,-51,-44,-72,120,123,121,123,120,122,40,41,41,43,41,42,20,6,157,4,4,10
3.6419,,109,13.45054945054945,45.010989010989015,-47.56043956043956,68.35164835164835,1.2747252747252746,2.4114544084400906,2380,2301,2155,2710,2070,1482,0,150,-450,0,0,0,90,24,-293,-51,-44,-72,120,123,121,123,120,122,40,41,41,43,41,41,20,7,132,5,4,10
3.6753,,110,13.45054945054945,46.065934065934066,-49.142857142857146,68.35164835164835,1.2747252747252746,2.4114544084400906,2380,2311,2139,2710,2070,1482,0,200,-450,0,0,0,90,-92,-297,-51,-44,-72,120,123,121,123,120,122,40,41,41,43,41,42,20,2,130,4,3,9
3.7087,,111,13.45054945054945,47.38461538461539,-50.989010989010985,68.0,1.2747252747252746,2.4114544084400906,2380,2321,2122,2710,2070,1482,0,300,-450,0,0,0,90,-89,-298,-51,-44,-72,120,123,121,123,120,122,40,41,41,43,41,42,21,0,159,5,3,10
3.7421,,112,13.802197802197803,48.527472527472526,-52.395604395604394,67.12087912087912,1.2747252747252746,2.4114544084400906,2380,2333,2107,2710,2070,1482,0,350,-450,0,0,0,90,0,-423,-65,-44,-72,120,123,121,123,120,122,40,41,41,43,41,41,21,0,189,9,4,9
3.7755,,113,13.89010989010989,49.494505494505496,-53.27472527472528,66.15384615384616,1.2747252747252746,2.4114544084400906,2380,2349,2089,2710,2070,1482,0,450,-500,0,0,0,104,0,-326,-126,-44,-72,120,122,121,123,120,122,40,41,41,43,41,41,27,0,191,22,4,10
3.8088,,114,14.065934065934066,50.02197802197802,-53.45054945054945,64.57142857142857,1.2747252747252746,2.4114544084400906,2380,2363,2072,2704,2070,1482,0,400,-500,-200,0,0,108,27,-369,-147,-44,-72,120,122,121,123,120,122,40,41,41,43,41,41,29,0,146,19,4,9
3.8422,,115,14.153846153846153,50.285714285714285,-53.45054945054945,62.9010989010989,1.2747252747252746,2.4114544084400906,2380,2375,2060,2696,2070,1482,0,350,-400,-200,0,0,115,-133,-315,-187,-44,-72,120,122,121,123,120,122,40,41,41,43,41,42,32,16,138,29,4,9
3.8756,,116,14.153846153846153,50.81318681318681,-53.45054945054945,61.494505494505496,1.2747252747252746,2.4114544084400906,2382,2381,2053,2685,2070,1482,50,250,-250,-300,0,0,111,-52,-294,-126,-44,-72,120,122,121,123,120,122,40,41,41,43,41,42,30,13,129,45,4,9
3.909,,117,14.241758241758241,51.16483516483517,-53.45054945054945,60.26373626373626,1.2747252747252746,2.4114544084400906,2383,2386,2047,2672,2070,1482,50,150,-150,-400,0,0,108,-38,-273,-127,-44,-72,120,122,121,123,120,122,40,41,41,43,41,41,28,10,115,34,4,10
3.9424,,118,14.241758241758241,51.34065934065934,-53.45054945054945,59.032967032967036,1.3626373626373627,2.4114544084400906,2384,2389,2043,2658,2070,1482,0,100,-150,-450,0,0,108,-51,-255,-147,-44,-72,120,123,121,123,120,122,40,41,41,43,41,42,31,12,121,33,4,10
3.9758,,119,14.241758241758241,51.51648351648352,-53.45054945054945,57.8021978021978,1.3626373626373627,2.4114544084400906,2384,2392,2040,2644,2070,1482,0,100,-100,-400,0,0,108,-58,-157,-143,-41,-72,120,122,121,123,120,122,40,41,41,43,41,41,29,11,116,26,3,10
4.0092,,120,14.32967032967033,51.956043956043956,-53.45054945054945,56.395604395604394,1.3626373626373627,2.4114544084400906,2384,2395,2039,2631,2070,1482,0,50,-50,-400,0,0,108,-147,-238,-224,-41,-72,120,123,121,123,120,122,40,41,41,43,41,42,29,9,120,33,3,10
4.0426,,121,14.417582417582418,52.13186813186813,-53.45054945054945,54.989010989010985,1.3626373626373627,2.4114544084400906,2384,2398,2039,2617,2070,1482,0,100,0,-400,0,0,111,-39,-238,-229,-41,-72,120,123,121,123,120,122,40,41,41,43,41,42,30,7,123,35,2,9
4.076,,122,14.593406593406593,52.30769230769231,-53.362637362637365,53.582417582417584,1.3626373626373627,2.4114544084400906,2384,2401,2039,2603,2070,1482,0,100,0,-400,0,0,115,-55,-238,-169,-41,-72,120,123,121,123,120,122,40,41,41,43,41,42,31,8,123,29,2,10
4.1094,,123,14.68131868131868,52.83516483516483,-53.362637362637365,52.175824175824175,1.3626373626373627,2.4114544084400906,2384,2404,2039,2588,2070,1482,0,100,0,-450,0,0,122,-62,-234,-253,-41,-72,120,122,121,123,119,122,40,41,41,43,41,42,36,11,119,31,2,10
4.1428,,124,14.68131868131868,53.27472527472528,-53.45054945054945,50.417582417582416,1.3626373626373627,2.4114544084400906,2385,2408,2039,2572,2070,1482,0,50,0,-450,0,0,122,-49,-234,-249,-41,-72,120,122,121,123,119,122,40,41,41,43,41,42,34,8,119,32,3,10
4.1762,,125,14.857142857142858,53.62637362637363,-53.45054945054945,48.92307692307692,1.3626373626373627,2.4114544084400906,2386,2412,2039,2555,2070,1482,50,150,0,-450,0,0,122,-48,-238,-261,-41,-72,120,122,120,123,119,122,40,41,41,43,41,42,39,7,123,40,3,9
4.2096,,126,15.032967032967033,54.24175824175824,-53.45054945054945,47.604395604395606,1.3626373626373627,2.4114544084400906,2388,2416,2039,2539,2070,1482,50,150,0,-500,0,0,122,-127,-238,-252,-41,-72,120,122,121,123,120,122,40,41,41,43,41,42,35,8,123,44,4,10
4.2429,,127,15.032967032967033,54.59340659340659,-53.45054945054945,46.1978021978022,1.2747252747252746,2.4114544084400906,2390,2421,2039,2522,2070,1482,50,100,0,-500,0,0,33,-26,-238,-268,-41,-72,120,122,121,123,120,122,40,41,41,43,41,42,30,4,123,38,3,9
4.2763,,128,15.12087912087912,55.032967032967036,-53.45054945054945,44.7032967032967,1.2747252747252746,2.4114544084400906,2392,2427,2039,2505,2070,1482,100,200,0,-500,0,0,111,-48,-238,-175,-44,-72,120,122,121,123,120,122,40,41,41,43,41,41,25,7,123,31,4,10
4.3097,,129,15.208791208791208,55.56043956043956,-53.45054945054945,43.38461538461539,1.2747252747252746,2.4114544084400906,2395,2432,2039,2490,2070,1482,100,150,0,-500,0,0,104,-136,-238,-172,-44,-72,120,122,121,123,120,122,40,41,41,43,41,42,25,5,123,30,4,10
4.3431,,130,15.384615384615385,55.824175824175825,-53.45054945054945,42.065934065934066,1.2747252747252746,2.4114544084400906,2396,2437,2039,2473,2070,1482,50,150,0,-500,0,0,104,-24,-238,-244,-44,-72,120,123,121,123,120,122,40,41,41,43,41,42,25,12,125,39,4,9
4.3766,,131,15.472527472527473,56.08791208791209,-53.45054945054945,40.747252747252745,1.2747252747252746,2.4114544084400906,2398,2442,2039,2457,2070,1482,50,150,0,-450,0,0,108,-136,-238,-236,-44,-72,120,122,121,123,120,122,40,41,41,43,41,41,25,12,124,37,4,9
4.41,,132,15.56043956043956,56.61538461538461,-53.45054945054945,39.252747252747255,1.2747252747252746,2.4114544084400906,2399,2446,2039,2443,2070,1482,50,100,0,-450,0,0,104,-55,-238,-172,-44,-72,120,123,121,123,120,122,40,41,41,43,41,42,25,13,123,37,4,9
4.4434,,133,15.824175824175825,56.967032967032964,-53.45054945054945,37.84615384615385,1.2747252747252746,2.4114544084400906,2400,2450,2039,2427,2070,1482,50,100,0,-450,0,0,104,-45,-238,-260,-44,-72,120,123,121,123,120,122,40,41,41,43,41,41,26,23,124,40,4,9
4.4768,,134,15.912087912087912,57.142857142857146,-53.45054945054945,36.43956043956044,1.2747252747252746,2.4114544084400906,2401,2454,2039,2411,2070,1482,0,150,0,-450,0,0,115,-51,-238,-255,-44,-72,120,123,121,123,120,122,40,41,41,43,41,42,19,11,124,38,4,9
4.5102,,135,15.912087912087912,57.582417582417584,-53.45054945054945,35.20879120879121,1.2747252747252746,2.4114544084400906,2401,2458,2039,2395,2070,1482,0,100,0,-500,0,0,115,-55,-238,-160,-44,-72,120,123,121,123,120,122,40,41,41,43,41,42,29,11,123,29,4,10
4.5436,,136,16.087912087912088,57.84615384615385,-53.45054945054945,34.32967032967033,1.2747252747252746,2.4114544084400906,2401,2462,2039,2380,2070,1482,0,150,0,-450,0,0,115,-44,-238,-261,-44,-72,120,123,121,123,120,122,40,41,41,43,41,42,31,27,124,35,4,10
4.5771,,137,16.175824175824175,57.934065934065934,-53.45054945054945,34.15384615384615,1.2747252747252746,2.4114544084400906,2401,2466,2039,2365,2069,1482,0,150,0,-450,-50,0,122,-58,-238,-232,-41,-72,120,123,121,123,120,122,40,41,41,43,41,42,36,15,124,30,3,10
4.6105,,138,16.175824175824175,58.1978021978022,-53.45054945054945,34.15384615384615,1.2747252747252746,2.4114544084400906,2401,2470,2039,2353,2069,1482,0,100,0,-400,0,0,125,-65,-238,-171,-41,-72,120,123,121,123,120,122,40,41,41,43,41,41,39,13,123,12,4,10
4.6439,,139,16.175824175824175,58.37362637362637,-53.362637362637365,34.15384615384615,1.2747252747252746,2.4114544084400906,2401,2472,2039,2345,2069,1482,0,100,0,-300,0,0,125,-59,-238,-139,-41,-72,120,123,121,123,120,122,40,41,41,43,41,42,37,33,124,16,3,9
4.6773,,140,16.175824175824175,58.37362637362637,-53.362637362637365,34.15384615384615,1.2747252747252746,2.4114544084400906,2401,2475,2039,2339,2069,1482,0,100,0,-200,0,0,125,-65,-234,-115,-41,-72,120,123,121,123,120,122,40,41,41,43,41,42,37,22,120,19,3,9
4.7106,,141,16.175824175824175,58.37362637362637,-53.27472527472528,34.15384615384615,1.2747252747252746,2.4114544084400906,2401,2477,2039,2335,2069,1482,0,50,0,-100,0,0,125,-76,-234,-104,-41,-72,120,123,121,123,120,122,40,41,41,43,41,41,37,14,119,16,3,9
4.7441,,142,16.175824175824175,58.37362637362637,-53.27472527472528,34.24175824175824,1.2747252747252746,2.4114544084400906,2401,2477,2039,2333,2069,1482,0,0,0,-50,0,0,125,-76,-231,-97,-41,-72,120,123,121,123,120,122,40,41,41,43,41,42,38,13,117,9,3,9
4.7775,,143,16.175824175824175,58.37362637362637,-53.27472527472528,34.32967032967033,1.2747252747252746,2.4114544084400906,2401,2477,2039,2332,2069,1482,0,0,0,-50,0,0,125,-76,-231,-86,-41,-72,120,123,121,123,120,122,40,41,41,43,41,42,37,13,117,15,3,9
4.8108,,144,16.175824175824175,58.10989010989011,-53.27472527472528,34.417582417582416,1.3626373626373627,2.4114544084400906,2401,2477,2039,2332,2069,1482,0,0,0,0,0,0,125,-76,-231,-83,-41,-72,120,123,121,123,120,122,40,41,41,43,41,42,38,13,118,15,2,9
4.8442,,145,16.175824175824175,57.84615384615385,-53.27472527472528,34.505494505494504,1.3626373626373627,2.4114544084400906,2401,2477,2039,2332,2069,1482,0,0,0,0,0,0,125,-86,-231,-79,-37,-72,120,123,121,123,120,122,40,41,41,43,41,42,37,19,117,13,2,10
4.8776,,146,16.0,57.40659340659341,-53.27472527472528,34.505494505494504,1.3626373626373627,2.4114544084400906,2401,2477,2039,2332,2069,1482,0,0,0,0,0,0,125,-97,-231,-76,-37,-72,120,123,121,123,120,122,40,41,41,43,41,42,37,24,117,12,2,10
4.911,,147,15.648351648351648,56.967032967032964,-53.27472527472528,34.59340659340659,1.3626373626373627,2.4114544084400906,2401,2477,2039,2332,2069,1482,0,0,0,0,0,0,118,-115,-231,-76,-37,-72,120,123,121,123,120,122,40,41,41,43,41,41,33,34,117,11,2,10
4.9444,,148,15.296703296703297,56.35164835164835,-53.27472527472528,34.76923076923077,1.3626373626373627,2.4114544084400906,2401,2477,2039,2332,2069,1482,0,0,0,0,0,0,97,-132,-231,-72,-37,-72,120,122,121,123,120,122,40,41,41,43,41,42,25,47,117,10,2,10
4.9778,,149,14.68131868131868,55.73626373626374,-53.18681318681319,34.76923076923077,1.3626373626373627,2.4114544084400906,2401,2477,2039,2332,2069,1482,0,0,0,0,0,0,89,-175,-231,-65,-37,-72,120,122,120,123,120,122,40,41,41,43,41,42,20,69,116,9,3,10
5.0112,,150,13.714285714285714,54.94505494505494,-53.18681318681319,34.76923076923077,1.3626373626373627,2.4114544084400906,2401,2477,2039,2332,2069,1482,0,0,0,0,0,0,53,-195,-227,-65,-37,-72,120,122,120,123,119,122,40,41,41,43,41,42,10,90,113,9,2,10
5.0446,,151,13.010989010989011,54.24175824175824,-53.0989010989011,34.857142857142854,1.3626373626373627,2.4114544084400906,2401,2477,2039,2332,2069,1482,0,0,0,0,0,0,-25,-231,-227,-65,-37,-72,120,122,120,123,119,122,40,41,41,43,41,42,2,113,112,8,1,10
5.078,,152,11.868131868131869,53.62637362637363,-53.0989010989011,34.857142857142854,1.3626373626373627,2.4114544084400906,2400,2477,2039,2332,2069,1482,0,0,0,0,0,0,-30,-245,-224,-62,-37,-72,120,122,120,123,119,122,40,41,41,43,41,42,1,132,109,6,1,9
5.1114,,153,10.725274725274724,52.92307692307692,-53.0989010989011,34.857142857142854,1.3626373626373627,2.4114544084400906,2396,2477,2039,2332,2069,1482,-100,0,0,0,0,0,-95,-286,-224,-62,-37,-72,120,122,120,123,119,122,40,41,41,43,41,42,0,155,110,6,1,10
5.1448,,154,9.582417582417582,52.21978021978022,-53.0989010989011,34.857142857142854,1.3626373626373627,2.4114544084400906,2390,2477,2039,2332,2069,1482,-100,0,0,0,0,0,-27,-314,-224,-62,-37,-72,120,122,120,123,119,121,40,41,41,43,41,42,10,186,110,7,1,9
5.1782,,155,8.351648351648352,51.86813186813187,-53.0989010989011,34.857142857142854,1.3626373626373627,2.4114544084400906,2382,2477,2039,2332,2069,1482,-250,0,0,0,0,0,-129,-335,-224,-62,-37,-72,120,122,120,122,119,121,40,41,41,43,41,41,9,217,110,6,2,9
5.2116,,156,7.1208791208791204,51.604395604395606,-53.0989010989011,34.857142857142854,1.3626373626373627,2.4114544084400906,2373,2477,2039,2332,2069,1482,-250,0,0,0,0,0,-144,-336,-224,-62,-37,-72,119,121,120,122,119,121,40,41,41,43,41,42,13,228,110,6,1,10
5.245,,157,5.8901098901098905,51.16483516483517,-53.0989010989011,34.857142857142854,1.3626373626373627,2.4114544084400906,2364,2477,2039,2332,2069,1482,-300,0,0,0,0,0,-176,-347,-224,-62,-37,-72,119,121,119,122,118,121,40,41,41,43,41,41,9,241,109,5,2,9
5.2784,,158,4.571428571428571,51.07692307692308,-53.0989010989011,34.857142857142854,1.3626373626373627,2.4114544084400906,2353,2477,2039,2332,2069,1482,-300,0,0,0,0,0,-185,-375,-224,-62,-37,-72,119,121,119,122,118,121,40,41,41,43,41,42,17,265,109,6,2,9
5.3118,,159,3.340659340659341,50.72527472527472,-53.18681318681319,34.857142857142854,1.3626373626373627,2.4114544084400906,2341,2477,2039,2332,2069,1482,-350,0,0,0,0,0,-195,-368,-224,-62,-37,-72,119,121,119,122,118,121,40,41,41,43,41,42,24,271,108,6,1,10
5.3452,,160,2.10989010989011,50.37362637362637,-53.0989010989011,34.857142857142854,1.3626373626373627,2.4114544084400906,2329,2477,2039,2332,2069,1482,-350,0,0,0,0,0,-195,-382,-227,-62,-37,-72,119,121,119,122,118,121,40,41,41,43,41,42,22,290,112,7,1,10
5.3786,,161,0.6153846153846154,50.37362637362637,-53.0989010989011,34.857142857142854,1.3626373626373627,2.4114544084400906,2316,2476,2039,2332,2069,1482,-400,0,0,0,0,0,-188,-393,-224,-62,-37,-72,119,121,119,122,118,121,40,41,41,43,41,42,21,310,108,7,1,9
5.4119,,162,-0.967032967032967,50.285714285714285,-53.18681318681319,34.857142857142854,1.3626373626373627,2.4114544084400906,2300,2476,2039,2332,2069,1482,-450,0,0,0,0,0,-134,-393,-224,-62,-37,-72,119,121,119,122,118,121,40,41,41,43,41,42,17,316,109,6,2,10
5.4453,,163,-2.4615384615384617,50.285714285714285,-53.18681318681319,34.857142857142854,1.3626373626373627,2.4114544084400906,2285,2474,2039,2332,2069,1482,-450,-100,0,0,0,0,-226,-389,-227,-62,-37,-72,119,121,119,122,118,121,40,41,41,43,41,42,15,332,111,7,1,10
5.4787,,164,-3.956043956043956,50.10989010989011,-53.18681318681319,34.857142857142854,1.3626373626373627,2.4114544084400906,2269,2471,2039,2332,2069,1482,-500,-50,0,0,0,0,-224,-382,-227,-62,-37,-72,119,121,119,122,118,121,40,41,41,43,41,42,16,288,111,6,3,10
5.5121,,165,-5.450549450549451,49.934065934065934,-53.18681318681319,34.857142857142854,1.3626373626373627,2.4114544084400906,2253,2467,2039,2332,2069,1482,-500,-100,0,0,0,0,-134,-375,-227,-62,-37,-72,119,121,119,122,118,121,40,41,41,43,41,42,12,239,113,7,2,10
5.5455,,166,-6.945054945054945,49.934065934065934,-53.18681318681319,34.857142857142854,1.3626373626373627,2.4114544084400906,2236,2463,2039,2332,2069,1482,-500,-150,0,0,0,0,-128,-365,-227,-62,-37,-72,119,121,120,122,119,121,40,41,41,43,41,42,14,229,111,7,2,10
5.5789,,167,-8.263736263736265,49.934065934065934,-53.18681318681319,34.857142857142854,1.3626373626373627,2.4114544084400906,2219,2458,2039,2332,2069,1482,-500,-150,0,0,0,0,-237,-354,-227,-62,-37,-72,120,122,120,122,119,121,40,41,41,43,41,41,22,196,114,7,2,10
5.6123,,168,-9.582417582417582,49.934065934065934,-53.18681318681319,34.76923076923077,1.3626373626373627,2.4114544084400906,2201,2454,2039,2332,2069,1482,-550,-150,0,0,0,0,-135,-336,-227,-62,-37,-72,120,122,120,122,119,121,40,41,41,43,41,42,11,189,112,8,1,9
5.6457,,169,-10.989010989010989,49.934065934065934,-53.18681318681319,34.76923076923077,1.3626373626373627,2.4114544084400906,2184,2452,2038,2332,2069,1482,-550,-100,-50,0,0,0,-119,-326,-224,-65,-37,-72,120,122,120,123,119,121,40,41,41,43,41,41,10,206,111,8,1,10
5.6791,,170,-12.219780219780219,49.934065934065934,-53.18681318681319,34.76923076923077,1.3626373626373627,2.4114544084400906,2167,2452,2038,2332,2069,1482,-500,0,0,0,0,0,-196,-326,-224,-65,-37,-72,120,122,120,123,119,121,40,41,41,43,41,42,8,216,110,8,1,10
5.7125,,171,-13.626373626373626,49.934065934065934,-53.18681318681319,34.76923076923077,1.3626373626373627,2.4114544084400906,2150,2452,2038,2332,2069,1482,-550,0,0,0,0,0,-207,-326,-224,-65,-37,-72,120,122,120,123,119,121,40,41,41,43,41,42,9,214,110,9,2,9
5.7459,,172,-14.857142857142858,49.934065934065934,-53.18681318681319,34.76923076923077,1.3626373626373627,2.4114544084400906,2134,2452,2038,2332,2069,1482,-450,0,0,0,0,0,-201,-326,-224,-65,-37,-72,120,122,120,122,119,121,40,41,41,43,41,42,13,216,109,8,2,9
5.7793,,173,-16.087912087912088,49.934065934065934,-53.18681318681319,34.76923076923077,1.3626373626373627,2.4114544084400906,2119,2452,2038,2332,2069,1482,-500,0,0,0,0,0,-101,-326,-224,-65,-37,-72,120,122,120,122,119,121,40,41,41,43,41,42,11,218,110,9,2,10
5.8127,,174,-17.142857142857142,49.934065934065934,-53.18681318681319,34.76923076923077,1.3626373626373627,2.4114544084400906,2105,2452,2038,2332,2069,1482,-450,0,0,0,0,0,-181,-326,-224,-65,-37,-72,120,122,120,122,119,121,40,41,41,43,41,42,4,218,110,7,1,9
5.8461,,175,-18.197802197802197,49.934065934065934,-53.18681318681319,34.76923076923077,1.3626373626373627,2.4114544084400906,2091,2452,2038,2332,2069,1482,-450,0,0,0,0,0,-78,-326,-224,-65,-37,-72,120,122,120,122,119,121,40,41,41,43,41,42,4,217,109,9,2,10
5.8795,,176,-19.252747252747252,49.934065934065934,-53.18681318681319,34.76923076923077,1.3626373626373627,2.4114544084400906,2077,2452,2038,2332,2069,1482,-400,0,0,0,0,0,-96,-326,-224,-65,-37,-72,120,122,120,122,119,121,40,41,41,43,41,42,16,217,110,9,2,9
5.9129,,177,-20.13186813186813,49.934065934065934,-53.18681318681319,34.76923076923077,1.3626373626373627,2.4114544084400906,2064,2452,2038,2332,2069,1482,-400,0,0,0,0,0,-86,-326,-224,-65,-37,-72,120,122,120,122,119,121,40,41,41,43,41,41,5,217,110,8,2,10
5.9463,,178,-21.0989010989011,49.934065934065934,-53.18681318681319,34.76923076923077,1.3626373626373627,2.4114544084400906,2051,2452,2038,2332,2069,1482,-400,0,0,0,0,0,-66,-326,-224,-65,-37,-72,120,122,120,122,119,121,40,41,41,43,41,42,6,219,109,9,2,10
5.9797,,179,-21.978021978021978,49.934065934065934,-53.18681318681319,34.76923076923077,1.3626373626373627,2.4114544084400906,2039,2452,2038,2332,2069,1482,-350,0,0,0,0,0,-144,-326,-224,-65,-37,-72,120,122,120,122,119,121,40,41,41,43,41,41,3,218,109,9,2,9
6.0132,,180,-22.76923076923077,49.934065934065934,-53.18681318681319,34.76923076923077,1.3626373626373627,2.4114544084400906,2026,2452,2038,2332,2069,1482,-350,0,0,0,0,0,-37,-326,-224,-65,-37,-72,120,122,120,122,119,121,40,41,41,43,41,42,5,219,110,8,2,9
6.0466,,181,-23.736263736263737,49.934065934065934,-53.18681318681319,34.76923076923077,1.3626373626373627,2.4114544084400906,2015,2452,2038,2332,2069,1482,-400,0,0,0,0,0,-138,-326,-224,-65,-37,-72,120,122,120,122,119,121,40,41,41,43,41,42,2,219,109,9,2,9
6.08,,182,-24.52747252747253,49.934065934065934,-53.18681318681319,34.76923076923077,1.3626373626373627,2.4114544084400906,2003,2452,2038,2332,2069,1482,-300,0,0,0,0,0,-138,-326,-224,-65,-37,-72,120,122,120,122,119,121,40,41,41,43,41,42,3,219,109,8,2,10
6.1134,,183,-25.406593406593405,49.934065934065934,-53.27472527472528,34.68131868131868,1.3626373626373627,2.4114544084400906,1993,2452,2038,2332,2069,1482,-300,0,0,0,0,0,-117,-326,-224,-65,-37,-72,120,122,120,122,119,121,40,41,41,43,41,42,1,219,110,9,2,9
6.1468,,184,-26.10989010989011,49.84615384615385,-53.27472527472528,34.68131868131868,1.3626373626373627,2.4114544084400906,1984,2452,2038,2332,2069,1482,-300,0,0,0,0,0,-123,-326,-227,-69,-37,-72,120,122,120,122,119,121,40,41,41,43,41,42,4,219,113,9,3,10
6.1802,,185,-26.9010989010989,49.84615384615385,-53.27472527472528,34.68131868131868,1.3626373626373627,2.4114544084400906,1976,2452,2038,2332,2069,1482,-250,0,0,0,0,0,-129,-329,-227,-69,-37,-72,120,122,120,122,119,121,40,41,41,43,41,42,10,224,113,10,1,9
6.2136,,186,-27.692307692307693,49.84615384615385,-53.27472527472528,34.68131868131868,1.3626373626373627,2.4114544084400906,1967,2452,2038,2332,2069,1482,-250,0,0,0,0,0,-132,-329,-227,-69,-37,-72,120,122,120,122,119,121,40,41,41,43,41,42,13,223,111,9,2,9
6.247,,187,-28.307692307692307,49.582417582417584,-53.27472527472528,34.68131868131868,1.3626373626373627,2.4114544084400906,1958,2452,2038,2332,2069,1482,-300,0,0,0,0,0,-126,-329,-227,-69,-37,-72,120,122,120,122,119,121,40,41,41,43,41,42,5,222,111,10,2,9
6.2804,,188,-29.0989010989011,49.582417582417584,-53.27472527472528,34.68131868131868,1.3626373626373627,2.4114544084400906,1949,2452,2038,2332,2069,1482,-250,0,0,0,0,0,-105,-340,-227,-69,-37,-72,120,122,120,122,119,121,40,41,41,43,41,42,6,255,111,10,2,9
6.3138,,189,-29.802197802197803,49.494505494505496,-53.27472527472528,34.68131868131868,1.3626373626373627,2.4114544084400906,1939,2452,2038,2332,2069,1482,-250,0,0,0,0,0,-19,-340,-227,-69,-37,-72,119,121,120,122,119,121,40,41,41,43,41,42,5,259,111,10,2,10
6.3472,,190,-30.505494505494507,49.494505494505496,-53.27472527472528,34.68131868131868,1.3626373626373627,2.4114544084400906,1930,2452,2038,2332,2069,1482,-300,0,0,0,0,0,-30,-343,-227,-69,-37,-72,119,121,120,122,119,121,40,41,41,43,41,42,6,264,112,10,1,9
6.3807,,191,-31.208791208791208,49.494505494505496,-53.27472527472528,34.68131868131868,1.3626373626373627,2.4114544084400906,1921,2452,2038,2332,2069,1482,-300,0,0,0,0,0,-111,-343,-227,-69,-37,-72,119,121,120,122,119,121,40,41,41,43,41,41,1,265,112,10,2,10
6.4141,,192,-32.0,49.494505494505496,-53.27472527472528,34.76923076923077,1.3626373626373627,2.4114544084400906,1912,2452,2038,2332,2069,1482,-250,0,0,0,0,0,-103,-343,-227,-69,-37,-72,119,121,120,122,119,121,40,41,41,43,41,42,1,264,111,10,1,10
6.4475,,193,-32.61538461538461,49.494505494505496,-53.27472527472528,34.76923076923077,1.4505494505494505,2.4114544084400906,1905,2452,2038,2332,2069,1482,-200,0,0,0,0,0,-17,-343,-227,-65,-37,-72,119,121,120,122,118,121,40,41,41,43,41,42,6,264,111,8,2,9
6.4809,,194,-33.142857142857146,49.494505494505496,-53.27472527472528,34.76923076923077,1.4505494505494505,2.4114544084400906,1898,2452,2038,2332,2069,1482,-200,0,0,0,0,0,-30,-343,-227,-65,-34,-72,119,121,120,122,118,121,40,41,41,43,41,42,5,264,111,9,0,10
6.5143,,195,-33.40659340659341,49.494505494505496,-53.18681318681319,34.76923076923077,1.4505494505494505,2.4114544084400906,1892,2452,2038,2332,2069,1482,-150,0,0,0,0,0,-111,-343,-227,-65,-34,-72,119,121,120,122,119,121,40,41,41,43,41,42,4,265,111,9,0,10
6.5477,,196,-33.67032967032967,49.494505494505496,-53.18681318681319,34.76923076923077,1.4505494505494505,2.4114544084400906,1885,2452,2038,2332,2069,1482,-150,0,0,0,0,0,-83,-343,-224,-65,-34,-72,119,121,120,122,119,121,40,41,41,43,41,41,2,264,108,9,1,10
6.5811,,197,-33.67032967032967,49.494505494505496,-53.18681318681319,34.76923076923077,1.5384615384615385,2.4114544084400906,1879,2452,2038,2332,2069,1482,-200,0,0,0,0,0,-69,-343,-224,-65,-34,-72,119,121,120,122,119,121,40,41,41,43,41,42,4,264,109,8,1,10
6.6145,,198,-33.67032967032967,49.494505494505496,-53.18681318681319,34.857142857142854,1.5384615384615385,2.4114544084400906,1874,2452,2038,2332,2069,1482,-150,0,0,0,0,0,-48,-343,-224,-65,-30,-72,119,121,120,122,119,121,40,41,41,43,41,42,1,264,109,8,0,10
6.6479,,199,-33.67032967032967,49.31868131868132,-53.18681318681319,34.94505494505494,1.7142857142857142,2.4114544084400906,1869,2452,2038,2332,2069,1482,-100,0,0,0,0,0,-37,-343,-224,-62,-30,-72,119,121,119,122,118,121,40,41,41,43,41,42,1,264,109,7,0,9
6.6813,,200,-33.582417582417584,48.26373626373626,-53.0989010989011,35.64835164835165,1.8021978021978022,2.4114544084400906,1867,2452,2038,2332,2069,1482,-100,0,0,0,0,0,94,-350,-224,-58,-23,-72,119,121,119,122,118,121,40,41,41,43,41,42,0,286,109,5,0,9
6.7147,,201,-33.582417582417584,46.857142857142854,-53.0989010989011,37.582417582417584,1.8021978021978022,2.4114544084400906,1866,2451,2038,2332,2069,1482,-50,0,0,0,0,0,0,-418,-220,24,0,-72,119,121,120,122,118,121,40,41,41,43,41,42,0,325,105,1,0,10
6.7481,,202,-33.84615384615385,45.010989010989015,-53.0989010989011,40.48351648351648,1.8021978021978022,2.4114544084400906,1866,2447,2038,2332,2069,1482,0,-150,0,0,0,0,0,-370,-220,93,0,-72,119,121,120,122,119,121,40,41,41,43,41,41,0,360,105,9,0,9
6.7815,,203,-34.637362637362635,42.46153846153846,-53.0989010989011,44.26373626373626,1.8021978021978022,2.4114544084400906,1866,2438,2038,2341,2069,1482,0,-250,0,150,0,0,-27,-503,-220,193,0,-72,119,121,119,122,119,121,40,41,41,43,41,42,2,392,104,22,0,9
6.8149,,204,-35.34065934065934,39.472527472527474,-53.0989010989011,49.362637362637365,1.978021978021978,2.4114544084400906,1866,2426,2038,2358,2069,1482,0,-350,0,450,0,0,-81,-483,-220,276,0,-72,119,121,119,122,118,121,40,41,41,43,41,42,8,401,106,25,0,9
6.8482,,205,-35.604395604395606,36.395604395604394,-53.0989010989011,55.252747252747255,2.065934065934066,2.4114544084400906,1864,2408,2038,2382,2069,1482,0,-500,0,700,0,0,-95,-540,-220,288,0,-72,119,121,119,122,118,121,40,41,41,43,41,41,9,471,104,39,0,9
6.8816,,206,-35.69230769230769,32.879120879120876,-53.0989010989011,60.879120879120876,2.1538461538461537,2.4114544084400906,1859,2387,2038,2413,2069,1482,-150,-600,0,850,0,0,-76,-583,-220,383,23,-72,119,121,119,121,118,120,40,41,41,43,41,42,2,459,104,55,0,9
6.915,,207,-35.69230769230769,28.747252747252748,-53.0989010989011,66.06593406593407,2.1538461538461537,2.4868123587038435,1853,2361,2038,2452,2069,1482,-150,-750,0,1100,0,0,-55,-630,-220,467,27,-72,119,121,119,121,118,120,40,41,41,43,41,41,0,517,104,46,0,9
6.9484,,208,-35.604395604395606,24.703296703296704,-53.0989010989011,70.1978021978022,2.1538461538461537,2.4868123587038435,1848,2332,2038,2499,2069,1482,-200,-850,0,1250,0,0,-41,-677,-220,432,27,-69,119,120,119,121,118,120,40,41,41,43,41,42,2,519,104,61,0,9
6.9818,,209,-35.16483516483517,20.571428571428573,-53.0989010989011,73.18681318681318,2.241758241758242,2.4868123587038435,1845,2298,2038,2547,2069,1482,-100,-1050,0,1450,0,0,-23,-729,-220,438,27,-69,119,121,119,121,118,120,40,41,41,43,41,42,1,535,104,47,0,9
7.0152,,210,-34.989010989010985,16.263736263736263,-53.0989010989011,75.91208791208791,2.769230769230769,2.4868123587038435,1843,2259,2038,2600,2069,1482,-50,-1100,0,1550,0,0,37,-758,-220,431,30,-69,119,121,119,121,118,120,40,41,41,43,41,41,2,515,105,17,1,9
7.0486,,211,-34.9010989010989,12.043956043956044,-53.010989010989015,78.10989010989012,4.43956043956044,2.4868123587038435,1843,2218,2038,2649,2070,1482,0,-1200,0,1400,0,0,41,-692,-220,468,-64,-69,119,121,119,122,118,120,40,41,41,43,41,42,4,501,105,8,3,9
7.082,,212,-34.81318681318681,8.87912087912088,-53.010989010989015,80.04395604395604,6.549450549450549,2.4868123587038435,1844,2175,2038,2692,2074,1482,50,-1300,0,1400,100,0,41,-698,-217,311,127,-69,119,121,119,122,118,121,40,41,41,43,41,42,4,489,101,5,10,9
7.1154,,213,-34.72527472527472,6.417582417582418,-52.92307692307692,82.15384615384616,8.747252747252746,2.4868123587038435,1845,2128,2038,2734,2085,1482,0,-1400,0,1250,250,0,44,-704,-217,321,186,-69,119,121,119,122,118,121,40,41,41,43,41,42,4,499,102,1,25,8
7.1488,,214,-34.37362637362637,4.3076923076923075,-52.92307692307692,85.05494505494505,10.153846153846153,2.4868123587038435,1845,2079,2038,2773,2099,1482,0,-1400,0,1150,450,0,44,-732,-213,257,225,-69,120,121,120,122,119,121,40,41,41,43,41,42,4,422,99,0,20,8
7.1822,,215,-33.582417582417584,2.2857142857142856,-52.92307692307692,88.83516483516483,10.32967032967033,2.4868123587038435,1846,2032,2038,2805,2116,1482,0,-1450,0,1050,500,0,58,-650,-213,282,217,-69,120,122,120,122,119,121,40,41,41,43,41,41,4,275,98,4,10,8
7.2156,,216,-32.79120879120879,0.26373626373626374,-52.92307692307692,92.52747252747253,10.065934065934066,2.4868123587038435,1848,1990,2038,2835,2133,1482,50,-1350,0,950,550,0,93,-564,-213,302,136,-69,120,122,120,123,119,122,40,41,41,43,41,42,12,181,99,24,1,9
7.249,,217,-32.175824175824175,-2.021978021978022,-52.92307692307692,95.95604395604396,9.978021978021978,2.4868123587038435,1852,1949,2037,2869,2143,1482,100,-1250,-50,950,350,0,126,-489,-210,328,83,-69,120,122,121,123,120,122,40,41,41,43,41,42,13,172,98,23,3,9
7.2824,,218,-31.64835164835165,-4.3076923076923075,-52.92307692307692,97.36263736263736,9.978021978021978,2.4868123587038435,1857,1912,2035,2906,2148,1482,150,-1050,-100,1050,150,0,38,-486,-206,339,65,-69,121,123,121,123,120,122,40,41,41,43,41,42,19,156,72,16,3,8
7.3158,,219,-30.505494505494507,-5.802197802197802,-52.65934065934066,97.36263736263736,9.978021978021978,2.4868123587038435,1863,1881,2031,2940,2152,1482,150,-1050,-100,1100,150,0,121,-449,-192,311,51,-69,121,123,121,123,120,122,40,41,41,43,41,42,15,132,50,4,1,9
7.3492,,220,-29.01098901098901,-7.032967032967033,-52.57142857142857,97.36263736263736,9.978021978021978,2.4868123587038435,1868,1849,2029,2972,2155,1482,200,-950,-100,950,100,0,160,-390,-171,164,37,-69,121,123,121,124,120,123,40,41,41,43,41,42,19,153,63,0,1,9
7.3826,,221,-28.043956043956044,-8.351648351648352,-52.57142857142857,97.36263736263736,10.065934065934066,2.4868123587038435,1877,1820,2027,2996,2157,1482,250,-850,-50,850,100,0,182,-323,-160,150,30,-69,121,123,121,124,120,123,40,41,41,43,41,42,27,110,61,0,0,9
7.416,,222,-28.13186813186813,-9.23076923076923,-52.57142857142857,97.36263736263736,10.065934065934066,2.4868123587038435,1889,1796,2025,3011,2159,1482,300,-800,-50,500,0,0,193,-321,-69,86,30,-69,121,123,121,124,120,123,40,41,41,43,41,42,23,83,50,0,0,8
7.4494,,223,-28.13186813186813,-9.67032967032967,-52.57142857142857,97.36263736263736,10.065934065934066,2.4868123587038435,1899,1772,2024,3017,2160,1482,300,-700,-50,150,0,0,40,-256,-150,62,23,-69,121,123,122,124,121,123,40,41,41,43,41,42,12,68,52,0,0,9
7.4828,,224,-27.604395604395606,-9.67032967032967,-52.57142857142857,97.36263736263736,10.241758241758241,2.4868123587038435,1907,1753,2023,3022,2161,1482,250,-650,0,150,50,0,-23,-271,-146,51,0,-69,121,124,122,124,121,123,40,41,41,43,41,42,7,41,55,0,0,9
7.5162,,225,-27.428571428571427,-9.67032967032967,-52.57142857142857,97.36263736263736,10.32967032967033,2.4868123587038435,1913,1738,2021,3024,2161,1482,200,-500,-50,50,0,0,-24,-121,-139,37,27,-69,121,124,122,124,121,123,40,41,41,43,41,42,7,24,39,0,0,9
7.5496,,226,-27.34065934065934,-9.67032967032967,-52.57142857142857,97.36263736263736,10.32967032967033,2.4868123587038435,1918,1728,2019,3026,2161,1482,150,-300,-50,100,0,0,79,-79,-132,30,30,-69,121,124,122,124,121,123,40,41,41,43,41,42,9,15,37,0,1,9
7.583,,227,-27.34065934065934,-9.67032967032967,-52.57142857142857,97.36263736263736,10.241758241758241,2.4868123587038435,1922,1720,2018,3028,2161,1482,100,-250,-50,50,0,0,72,-146,-129,23,30,-69,121,124,122,125,121,123,40,41,41,43,41,42,7,15,36,0,1,9
7.6164,,228,-27.516483516483518,-9.67032967032967,-52.57142857142857,97.36263736263736,10.153846153846153,2.4868123587038435,1924,1715,2018,3029,2161,1482,100,-100,0,0,0,0,62,-125,-129,0,27,-69,122,124,122,125,121,123,40,41,41,43,41,42,9,19,38,0,1,9
7.6498,,229,-27.604395604395606,-9.67032967032967,-52.48351648351648,97.36263736263736,10.065934065934066,2.4868123587038435,1926,1713,2018,3029,2161,1482,100,-100,0,0,0,0,48,-111,-129,0,23,-69,122,124,122,125,121,124,40,41,41,43,41,42,3,28,39,0,0,9
7.6832,,230,-27.86813186813187,-9.406593406593407,-52.48351648351648,97.36263736263736,9.978021978021978,2.4868123587038435,1926,1711,2018,3029,2161,1482,0,-50,0,0,0,0,44,-104,-125,0,0,-69,122,124,122,125,121,124,40,41,41,43,41,42,4,25,36,0,0,9
7.7166,,231,-28.043956043956044,-9.23076923076923,-52.48351648351648,97.36263736263736,9.978021978021978,2.4868123587038435,1926,1711,2018,3029,2161,1482,0,0,0,0,0,0,33,-93,-125,0,0,-69,122,124,122,125,121,124,40,41,41,43,41,42,2,19,36,0,0,9
7.75,,232,-28.21978021978022,-9.142857142857142,-52.395604395604394,97.45054945054945,9.978021978021978,2.4868123587038435,1926,1711,2018,3029,2161,1482,0,0,0,0,0,0,27,-86,-125,0,0,-69,122,124,122,125,121,124,40,41,41,43,41,42,2,17,36,0,0,9
7.7835,,233,-28.395604395604394,-8.967032967032967,-52.30769230769231,97.45054945054945,9.89010989010989,2.4868123587038435,1926,1711,2018,3030,2161,1482,0,0,0,0,0,0,0,-83,-122,0,0,-69,122,124,122,125,121,124,40,41,41,43,41,41,0,16,35,0,0,9
7.8169,,234,-28.923076923076923,-8.703296703296703,-52.043956043956044,97.45054945054945,9.89010989010989,2.4868123587038435,1926,1711,2018,3030,2161,1482,0,0,0,0,0,0,0,-76,-118,0,0,-69,122,124,122,125,121,124,40,41,41,43,41,42,0,12,31,0,0,9
7.8503,,235,-30.417582417582416,-8.351648351648352,-50.285714285714285,97.45054945054945,9.89010989010989,2.4868123587038435,1926,1711,2018,3030,2161,1482,0,0,0,0,0,0,-41,-65,-108,0,0,-69,122,124,122,125,121,124,40,41,41,43,41,41,5,9,26,0,0,9
7.8838,,236,-32.527472527472526,-8.0,-47.2967032967033,97.45054945054945,9.89010989010989,2.4868123587038435,1923,1711,2018,3030,2161,1482,-50,0,0,0,0,0,-106,-42,-40,0,0,-69,122,124,122,125,121,124,40,41,41,43,41,42,16,5,10,0,0,9
7.9173,,237,-34.72527472527472,-7.824175824175824,-43.604395604395606,97.36263736263736,9.89010989010989,2.4868123587038435,1916,1711,2021,3030,2161,1482,-200,0,150,0,0,0,-187,-34,128,0,0,-69,122,124,122,125,121,124,40,41,41,43,41,42,18,2,9,0,0,9
7.9508,,238,-36.83516483516483,-7.384615384615385,-39.472527472527474,97.0989010989011,9.89010989010989,2.4868123587038435,1902,1711,2035,3030,2161,1482,-400,0,300,0,0,0,-226,-30,226,0,0,-69,122,124,122,125,121,124,40,41,41,43,41,42,23,0,20,0,0,9
7.9842,,239,-39.64835164835165,-7.1208791208791204,-34.72527472527472,97.0989010989011,9.89010989010989,2.4868123587038435,1885,1711,2055,3030,2161,1482,-500,0,600,0,0,0,-247,0,222,-27,0,-69,122,124,122,125,121,124,40,41,41,43,41,42,25,0,27,0,0,9
8.0177,,240,-42.989010989010985,-6.769230769230769,-29.978021978021978,97.0989010989011,9.89010989010989,2.4868123587038435,1865,1711,2085,3030,2161,1482,-550,0,750,0,0,0,-200,30,295,-27,0,-69,122,124,122,125,121,124,40,41,41,43,41,42,31,1,35,0,0,9
8.0512,,241,-46.59340659340659,-6.769230769230769,-25.67032967032967,97.0989010989011,9.89010989010989,2.4868123587038435,1842,1715,2121,3030,2161,1482,-650,100,1000,0,0,0,-260,44,275,-27,0,-69,122,124,122,125,121,124,40,41,41,43,41,42,43,1,25,0,0,8
8.0846,,242,-49.40659340659341,-6.681318681318682,-21.53846153846154,97.01098901098901,9.89010989010989,2.4868123587038435,1817,1720,2164,3030,2161,1482,-700,150,1200,0,0,0,-308,0,399,-27,0,-69,122,124,122,125,121,124,40,41,41,43,41,42,51,0,6,0,0,8
8.118,,243,-51.51648351648352,-6.593406593406593,-18.197802197802197,97.01098901098901,10.065934065934066,2.4868123587038435,1787,1724,2208,3030,2161,1482,-850,200,1350,0,0,0,-323,-30,316,-30,0,-69,122,124,122,125,121,124,40,41,41,43,41,42,51,2,1,0,0,9
8.1515,,244,-52.48351648351648,-6.153846153846154,-16.087912087912088,96.92307692307692,10.32967032967033,2.4868123587038435,1757,1725,2258,3029,2161,1482,-900,50,1450,0,0,0,-300,-30,289,-27,0,-69,122,124,122,125,121,124,40,41,41,43,41,42,45,1,0,0,0,9
8.185,,245,-52.395604395604394,-5.626373626373627,-15.384615384615385,96.83516483516483,10.417582417582418,2.4868123587038435,1730,1727,2306,3029,2161,1482,-850,50,1450,0,0,0,-266,0,210,-30,30,-69,122,124,122,125,121,124,40,41,41,43,41,42,27,0,0,0,1,9
8.2186,,246,-52.043956043956044,-5.186813186813187,-15.384615384615385,96.65934065934066,10.505494505494505,2.4868123587038435,1709,1733,2349,3029,2161,1482,-600,150,1250,0,0,0,-146,0,212,-34,34,-69,122,124,122,125,121,124,40,41,41,43,41,42,14,0,0,0,1,9
8.2521,,247,-51.16483516483517,-5.0989010989010985,-15.472527472527473,96.57142857142857,10.505494505494505,2.4868123587038435,1692,1739,2381,3029,2160,1482,-550,200,1100,0,0,0,-153,20,51,-41,37,-69,122,124,122,125,121,124,40,41,41,43,41,41,5,0,0,2,12,9
8.2855,,248,-49.40659340659341,-5.0989010989010985,-15.472527472527473,96.21978021978022,10.593406593406593,2.4868123587038435,1683,1743,2400,3029,2161,1482,-300,100,650,0,0,0,-60,-34,51,-44,37,-69,122,124,122,125,121,124,40,41,41,43,41,42,1,9,7,3,2,9
8.319,,249,-46.505494505494504,-5.0989010989010985,-15.56043956043956,95.16483516483517,10.68131868131868,2.4868123587038435,1682,1746,2409,3028,2163,1482,-150,100,350,0,50,0,57,-44,0,-55,34,-69,122,124,122,125,121,124,40,41,41,43,41,42,4,5,1,7,0,9
8.3525,,250,-41.67032967032967,-5.274725274725275,-15.56043956043956,92.87912087912088,10.68131868131868,2.4868123587038435,1685,1746,2413,3026,2165,1482,50,50,200,-50,50,0,67,-44,-37,-116,34,-69,122,124,122,125,121,124,40,41,41,43,41,42,20,5,3,15,1,9
8.3859,,251,-34.72527472527472,-5.274725274725275,-15.56043956043956,89.97802197802197,10.68131868131868,2.4868123587038435,1696,1745,2413,3019,2165,1482,250,-50,0,-150,0,0,274,-48,-37,-184,30,-69,122,124,122,125,121,124,40,41,41,43,41,42,41,6,2,16,1,8
8.4193,,252,-26.021978021978022,-5.0989010989010985,-15.56043956043956,87.07692307692308,10.68131868131868,2.4868123587038435,1717,1745,2413,3006,2165,1482,500,0,0,-300,0,0,348,-48,-37,-175,30,-69,121,124,122,124,121,123,40,41,41,43,41,42,58,6,2,32,1,9
8.4527,,253,-16.87912087912088,-4.747252747252747,-15.472527472527473,83.73626373626374,10.68131868131868,2.4868123587038435,1750,1745,2413,2986,2165,1482,850,0,0,-550,0,0,510,-41,-37,-311,30,-69,121,124,122,124,121,123,40,41,41,43,41,42,123,4,1,51,1,9
8.4861,,254,-6.769230769230769,-3.6923076923076925,-15.472527472527473,80.04395604395604,10.593406593406593,2.4868123587038435,1791,1747,2413,2962,2165,1482,1150,50,0,-600,0,0,680,-118,-34,-358,30,-69,121,123,121,124,120,123,40,41,41,43,41,42,211,6,1,42,0,9
8.5195,,255,3.4285714285714284,-1.8461538461538463,-15.472527472527473,76.52747252747253,10.593406593406593,2.4868123587038435,1841,1748,2413,2937,2166,1482,1500,0,0,-750,50,0,738,0,-34,-315,-94,-69,121,123,121,124,120,122,40,41,41,43,41,42,332,3,0,57,0,9
8.5529,,256,12.747252747252746,0.43956043956043955,-15.472527472527473,72.65934065934066,10.417582417582418,2.4868123587038435,1901,1756,2413,2905,2166,1482,1750,200,0,-900,0,0,887,120,-34,-344,23,-69,120,122,121,123,120,122,40,41,41,43,41,42,397,0,1,52,0,9
8.5863,,257,21.53846153846154,2.8131868131868134,-15.472527472527473,68.61538461538461,9.978021978021978,2.4868123587038435,1977,1771,2413,2870,2166,1482,2200,350,0,-1050,0,0,993,162,-34,-391,0,-69,120,122,120,123,119,122,40,41,41,43,41,41,359,0,1,57,0,9
8.6197,,258,29.626373626373628,4.835164835164835,-15.472527472527473,65.62637362637362,9.89010989010989,2.4868123587038435,2061,1791,2413,2835,2166,1482,2400,550,0,-1050,0,0,1000,183,-34,-416,-34,-69,120,122,121,123,120,122,40,41,41,43,41,42,330,0,0,64,2,9
8.6531,,259,35.956043956043956,6.5054945054945055,-15.472527472527473,64.13186813186813,9.89010989010989,2.4868123587038435,2143,1817,2413,2795,2166,1482,2550,750,0,-1200,0,0,1000,81,-34,-319,-37,-69,120,123,121,123,120,122,40,41,41,43,41,41,286,0,1,43,2,9
8.6865,,260,40.79120879120879,7.472527472527473,-15.384615384615385,64.04395604395604,9.802197802197803,2.4868123587038435,2232,1846,2413,2754,2166,1482,2600,850,0,-1150,0,0,1000,163,-34,-331,-37,-69,120,123,121,124,120,122,40,41,41,43,41,42,317,0,1,18,2,9
8.7199,,261,43.86813186813187,7.824175824175824,-15.032967032967033,64.13186813186813,9.802197802197803,2.4868123587038435,2323,1871,2413,2723,2166,1482,2650,800,0,-1100,0,0,1000,-29,-30,-219,-41,-69,121,123,121,124,120,123,40,41,41,43,41,42,263,0,0,5,3,9
8.7533,,262,45.362637362637365,7.824175824175824,-14.593406593406593,64.21978021978022,9.802197802197803,2.4868123587038435,2410,1889,2416,2701,2166,1482,2750,600,0,-700,0,0,984,0,-23,-121,-41,-69,121,123,121,124,120,123,40,41,41,43,41,42,177,17,15,1,3,9
8.7868,,263,46.065934065934066,7.2967032967032965,-13.714285714285714,64.21978021978022,9.802197802197803,2.4868123587038435,2499,1899,2422,2687,2166,1482,2700,350,150,-500,0,0,794,-62,-27,-146,-41,-69,121,123,121,124,121,123,40,41,41,43,41,42,115,41,6,1,3,9
8.8202,,264,46.15384615384615,6.945054945054945,-13.362637362637363,64.21978021978022,9.89010989010989,2.4868123587038435,2577,1901,2426,2679,2166,1482,2300,50,150,-250,0,0,555,-93,52,-111,-41,-69,121,124,122,124,121,123,40,41,41,43,41,42,14,33,1,10,3,9
8.8536,,265,46.15384615384615,6.065934065934066,-13.098901098901099,64.21978021978022,9.89010989010989,2.4868123587038435,2646,1900,2436,2674,2166,1482,2050,0,200,-200,0,0,353,-109,-193,-90,-37,-69,122,124,122,125,121,124,40,41,41,43,41,42,2,31,4,4,2,9
8.887,,266,46.15384615384615,5.538461538461538,-13.010989010989011,64.21978021978022,9.89010989010989,2.4868123587038435,2693,1899,2439,2670,2166,1482,1500,0,100,-100,0,0,237,-158,-30,-79,-37,-69,122,124,122,125,121,124,40,41,41,43,41,42,0,49,1,9,2,9
8.9205,,267,46.065934065934066,4.835164835164835,-13.010989010989011,64.21978021978022,9.89010989010989,2.4868123587038435,2732,1899,2441,2669,2167,1482,1300,0,100,-100,0,0,86,-157,-34,-72,-41,-69,122,124,122,125,121,124,40,41,41,43,41,42,0,62,1,7,2,9
8.9539,,268,45.97802197802198,3.956043956043956,-13.010989010989011,64.21978021978022,9.89010989010989,2.4868123587038435,2758,1900,2442,2668,2167,1482,950,50,50,-50,0,0,69,-198,-37,-69,-41,-69,122,124,122,125,121,123,40,41,41,43,41,41,0,86,2,7,3,9
8.9873,,269,45.62637362637363,3.2527472527472527,-13.010989010989011,64.21978021978022,9.89010989010989,2.4868123587038435,2767,1900,2442,2668,2167,1482,350,0,0,0,0,0,-83,-247,-37,-69,-41,-69,121,124,122,124,121,123,40,41,41,43,41,42,0,117,2,9,4,9
9.0207,,270,45.362637362637365,2.2857142857142856,-13.010989010989011,64.21978021978022,9.89010989010989,2.4868123587038435,2768,1897,2441,2668,2167,1482,150,-50,0,0,0,0,0,-261,-37,-69,-41,-69,121,124,122,124,121,123,40,41,41,43,41,42,0,140,1,10,3,9
9.0541,,271,45.18681318681319,1.5824175824175823,-13.010989010989011,64.21978021978022,9.89010989010989,2.4868123587038435,2765,1891,2441,2667,2166,1482,-150,-150,-50,-50,-50,0,0,-289,-34,-65,-37,-69,121,124,122,124,121,123,40,41,41,43,41,41,0,102,1,12,3,9
9.0874,,272,45.18681318681319,0.8791208791208791,-13.010989010989011,64.21978021978022,9.89010989010989,2.4868123587038435,2763,1885,2441,2667,2166,1482,-50,-200,0,0,0,0,0,-186,-34,-65,-37,-69,121,124,122,124,121,123,40,41,41,43,41,42,0,119,0,9,2,9
9.1208,,273,45.18681318681319,0.17582417582417584,-13.010989010989011,64.21978021978022,9.89010989010989,2.4868123587038435,2763,1879,2441,2667,2166,1482,0,-200,0,0,0,0,0,-196,-34,-65,-37,-69,121,123,122,124,121,123,40,41,41,43,41,41,0,143,0,9,2,9
9.1543,,274,45.18681318681319,-0.17582417582417584,-13.010989010989011,64.3076923076923,9.89010989010989,2.4868123587038435,2762,1871,2441,2667,2166,1482,0,-200,0,0,0,0,0,-302,-34,-65,-37,-69,121,123,122,124,121,123,40,41,41,43,41,42,0,139,0,9,1,9
9.1877,,275,45.18681318681319,-0.3516483516483517,-13.010989010989011,64.3076923076923,9.978021978021978,2.4868123587038435,2762,1863,2441,2667,2166,1482,0,-250,0,0,0,0,0,-267,-34,-62,-37,-69,121,123,122,124,121,123,40,41,41,43,41,42,0,105,0,8,2,9
9.2211,,276,45.27472527472528,-0.5274725274725275,-13.010989010989011,64.3076923076923,9.978021978021978,2.4114544084400906,2764,1855,2441,2667,2166,1482,0,-300,0,0,0,0,0,-157,-34,-62,-34,-69,121,124,122,124,121,123,40,41,41,43,41,42,15,94,0,7,1,9
9.2545,,277,45.62637362637363,-0.6153846153846154,-13.010989010989011,64.3076923076923,10.065934065934066,2.4114544084400906,2765,1849,2441,2667,2166,1482,50,-200,0,0,0,0,-23,-227,-34,-62,-34,-72,121,124,122,124,121,123,40,41,41,43,41,42,4,87,1,8,1,9
9.2879,,278,45.89010989010989,-0.7032967032967034,-13.010989010989011,64.3956043956044,10.065934065934066,2.4114544084400906,2765,1845,2441,2667,2166,1482,0,-100,0,0,0,0,30,-217,-34,-62,-30,-72,121,124,122,124,121,123,40,41,41,43,41,42,1,91,0,8,0,10
9.3213,,279,45.97802197802198,-0.967032967032967,-13.010989010989011,64.74725274725274,10.065934065934066,2.4114544084400906,2765,1841,2441,2667,2166,1482,0,-100,0,0,0,0,34,-206,-34,-58,-30,-72,121,124,122,124,121,123,40,41,41,43,41,42,4,89,1,5,0,10
9.3547,,280,45.97802197802198,-1.4945054945054945,-13.010989010989011,65.36263736263736,10.065934065934066,2.4114544084400906,2764,1838,2441,2667,2166,1482,-50,-100,0,0,0,0,41,-206,-34,-37,-30,-72,121,124,122,124,121,123,40,41,41,43,41,41,7,96,1,2,1,9
9.3881,,281,45.97802197802198,-2.197802197802198,-13.010989010989011,66.41758241758242,10.065934065934066,2.4114544084400906,2764,1835,2441,2667,2166,1482,0,-50,0,0,0,0,41,-218,-34,28,-30,-72,121,124,122,124,121,123,40,41,41,43,41,42,4,93,2,0,1,10
9.4214,,282,45.89010989010989,-3.340659340659341,-13.010989010989011,67.47252747252747,10.065934065934066,2.4114544084400906,2764,1831,2441,2668,2166,1482,0,-100,0,0,0,0,41,-241,-34,75,-30,-72,121,124,122,124,121,123,40,41,41,43,41,41,4,116,1,4,0,10
9.4548,,283,45.714285714285715,-4.571428571428571,-12.923076923076923,68.52747252747253,9.978021978021978,2.4114544084400906,2764,1826,2441,2674,2166,1482,0,-100,0,150,0,0,37,-289,-34,91,-30,-72,121,124,122,124,121,123,40,41,41,43,41,42,4,158,0,4,3,10
9.4882,,284,45.62637362637363,-5.626373626373627,-12.923076923076923,69.31868131868131,9.978021978021978,2.4114544084400906,2764,1818,2441,2681,2166,1482,0,-200,0,250,0,0,30,-223,-30,103,-34,-72,121,124,122,124,121,123,40,41,41,43,41,42,2,153,0,6,2,10
9.5216,,285,45.53846153846154,-6.681318681318682,-12.923076923076923,70.10989010989012,9.89010989010989,2.4114544084400906,2764,1808,2441,2690,2166,1482,0,-300,0,250,0,0,27,-311,-30,31,-34,-72,121,123,122,124,121,123,40,41,41,43,41,42,1,123,0,2,2,10
9.555,,286,45.45054945054945,-7.648351648351649,-12.923076923076923,70.72527472527473,9.89010989010989,2.4114544084400906,2764,1796,2441,2699,2166,1482,0,-300,0,300,0,0,23,-219,-30,116,-37,-72,121,123,122,124,121,123,40,41,41,43,41,42,0,119,0,3,2,9
9.5884,,287,45.362637362637365,-8.43956043956044,-12.923076923076923,71.25274725274726,9.89010989010989,2.4114544084400906,2764,1783,2441,2708,2166,1482,0,-400,0,250,0,0,0,-289,-30,90,-37,-72,121,124,122,124,121,123,40,41,41,43,41,41,0,124,0,2,3,10
9.6218,,288,45.362637362637365,-8.87912087912088,-12.923076923076923,72.13186813186813,10.065934065934066,2.4114544084400906,2764,1772,2441,2715,2166,1482,0,-400,0,200,0,0,0,-301,-30,80,-37,-72,121,124,122,124,121,123,40,41,41,43,41,42,0,104,0,4,2,10
9.6552,,289,45.362637362637365,-8.967032967032967,-12.923076923076923,73.27472527472527,10.065934065934066,2.4114544084400906,2764,1760,2441,2723,2166,1482,0,-350,0,200,0,0,0,-257,-30,122,-30,-72,121,124,122,125,121,123,40,41,41,43,41,42,0,79,0,4,0,10
9.6886,,290,45.362637362637365,-8.967032967032967,-12.923076923076923,74.85714285714286,10.32967032967033,2.4114544084400906,2764,1751,2441,2732,2166,1482,0,-300,0,250,0,0,0,-135,-30,136,-30,-72,122,124,122,125,121,123,40,41,41,43,41,42,0,70,0,5,1,10
9.7219,,291,45.362637362637365,-8.87912087912088,-12.923076923076923,76.43956043956044,10.505494505494505,2.4114544084400906,2764,1744,2441,2743,2166,1482,0,-250,0,300,0,0,0,-192,-30,159,0,-72,122,124,122,125,121,124,40,41,41,43,41,42,0,49,0,4,0,9
9.7553,,292,45.362637362637365,-8.87912087912088,-12.923076923076923,78.1978021978022,10.593406593406593,2.4114544084400906,2764,1739,2441,2758,2166,1482,0,-150,0,400,0,0,0,-174,-30,167,0,-72,122,124,122,125,121,124,40,41,41,43,41,41,0,62,0,2,0,9
9.7887,,293,45.362637362637365,-8.87912087912088,-12.923076923076923,80.3956043956044,10.68131868131868,2.4114544084400906,2764,1735,2441,2774,2166,1482,0,-100,0,500,0,0,0,-160,-30,175,23,-72,122,124,122,125,121,124,40,41,41,43,41,42,0,49,0,4,0,9
9.8221,,294,45.362637362637365,-8.87912087912088,-12.923076923076923,82.24175824175825,10.68131868131868,2.4868123587038435,2764,1735,2441,2791,2166,1482,0,-100,0,450,0,0,0,-157,-30,224,27,-72,122,124,122,125,121,124,40,41,41,43,41,42,0,57,0,14,0,10
9.8555,,295,45.362637362637365,-8.87912087912088,-12.923076923076923,83.38461538461539,10.68131868131868,2.4868123587038435,2764,1735,2441,2809,2166,1482,0,0,0,550,0,0,0,-157,-30,230,27,-69,122,124,122,125,121,124,40,41,41,43,41,42,0,59,0,11,0,9
9.8889,,296,45.362637362637365,-8.87912087912088,-12.923076923076923,84.7032967032967,10.68131868131868,2.4868123587038435,2764,1735,2441,2829,2166,1482,0,0,0,550,0,0,0,-157,-30,195,27,-69,122,124,122,125,121,124,40,41,41,43,41,42,0,59,0,6,0,9
9.9223,,297,45.45054945054945,-8.87912087912088,-12.923076923076923,86.10989010989012,10.68131868131868,2.4868123587038435,2764,1735,2441,2847,2166,1482,0,0,0,550,0,0,0,-157,-30,182,27,-69,122,124,122,125,121,124,40,41,41,43,41,42,0,59,0,2,0,9
9.9557,,298,45.45054945054945,-8.87912087912088,-12.923076923076923,87.6043956043956,10.76923076923077,2.4868123587038435,2764,1735,2441,2863,2166,1482,0,0,0,550,0,0,0,-157,-30,113,27,-69,122,124,122,125,121,124,40,41,41,43,41,42,0,59,0,1,0,9
9.989,,299,45.53846153846154,-8.967032967032967,-12.923076923076923,89.62637362637362,10.76923076923077,2.4114544084400906,2764,1735,2441,2879,2166,1482,0,0,0,500,0,0,0,-157,-30,113,30,-69,122,124,122,125,121,124,40,41,41,43,41,42,0,59,0,2,0,8
10.0224,,300,45.53846153846154,-8.967032967032967,-12.923076923076923,91.91208791208791,10.505494505494505,2.4114544084400906,2764,1735,2441,2896,2166,1482,0,0,0,500,0,0,23,-160,-30,219,30,-72,122,124,122,125,121,124,40,41,41,43,41,42,1,62,0,2,0,10
10.0558,,301,45.362637362637365,-8.967032967032967,-12.923076923076923,93.58241758241758,10.32967032967033,2.4114544084400906,2764,1735,2441,2914,2166,1482,0,0,0,550,0,0,23,-160,-30,240,0,-72,121,124,122,125,121,123,40,41,41,43,41,42,1,61,0,2,0,9
10.0892,,302,45.27472527472528,-8.967032967032967,-12.923076923076923,94.98901098901099,10.32967032967033,2.4114544084400906,2764,1735,2441,2935,2166,1482,0,0,0,600,0,0,0,-160,-30,142,0,-72,121,124,122,125,121,123,40,41,41,43,41,42,0,61,0,11,0,10
10.1226,,303,45.27472527472528,-8.967032967032967,-12.923076923076923,96.13186813186813,10.241758241758241,2.4114544084400906,2764,1735,2441,2955,2166,1482,0,0,0,600,0,0,0,-160,-30,152,0,-72,121,124,122,125,121,123,40,41,41,43,41,42,0,61,0,10,0,10
10.156,,304,45.27472527472528,-8.967032967032967,-12.923076923076923,96.57142857142857,10.153846153846153,2.4114544084400906,2764,1735,2441,2973,2166,1482,0,0,0,550,0,0,0,-160,-30,120,-23,-72,121,124,122,125,121,124,40,41,41,43,41,42,0,61,0,4,0,10
10.1894,,305,45.45054945054945,-9.142857142857142,-12.835164835164836,96.65934065934066,10.153846153846153,2.4114544084400906,2764,1735,2441,2989,2166,1482,0,0,0,550,0,0,0,-160,-30,136,-27,-72,121,124,122,125,121,124,40,41,41,43,41,42,0,62,0,2,0,10
10.2228,,306,45.62637362637363,-9.406593406593407,-12.483516483516484,96.65934065934066,10.241758241758241,2.4114544084400906,2764,1735,2441,3001,2166,1482,0,0,0,450,0,0,0,-167,-27,-27,-27,-72,122,124,122,125,121,124,40,41,41,43,41,42,0,68,0,0,0,10
10.2562,,307,45.8021978021978,-10.373626373626374,-11.076923076923077,96.65934065934066,10.241758241758241,2.4114544084400906,2764,1734,2441,3007,2166,1482,0,-50,0,200,0,0,27,-174,0,69,-23,-72,122,124,122,125,121,124,40,41,41,43,41,42,2,73,0,0,0,10
10.2895,,308,45.8021978021978,-12.219780219780219,-8.967032967032967,96.65934065934066,10.241758241758241,2.4114544084400906,2764,1733,2447,3011,2166,1482,0,0,100,100,0,0,34,-233,-32,58,-23,-72,121,124,122,125,121,123,40,41,41,43,41,42,3,98,0,2,0,9
10.3229,,309,45.53846153846154,-14.68131868131868,-6.153846153846154,96.57142857142857,10.153846153846153,2.4114544084400906,2764,1725,2458,3015,2166,1482,0,-250,300,150,0,0,34,-286,46,44,-23,-72,121,124,122,125,121,123,40,41,41,43,41,42,3,84,0,0,0,10
10.3563,,310,45.18681318681319,-18.10989010989011,-2.6373626373626373,96.3076923076923,10.065934065934066,2.4114544084400906,2764,1712,2475,3016,2166,1482,0,-300,450,0,0,0,23,-339,183,37,-27,-72,121,124,122,124,121,123,40,41,41,43,41,41,1,126,0,0,0,10
10.3897,,311,45.0989010989011,-21.89010989010989,1.054945054945055,96.04395604395604,9.978021978021978,2.4868123587038435,2764,1695,2495,3017,2166,1482,0,-500,600,50,0,0,-24,-414,167,0,-30,-72,121,123,122,124,121,123,40,41,41,43,41,42,1,146,2,0,0,10
10.4231,,312,44.83516483516483,-25.934065934065934,4.043956043956044,95.51648351648352,9.978021978021978,2.4868123587038435,2764,1671,2522,3017,2166,1482,0,-600,700,0,0,0,-27,-392,306,-24,-34,-69,121,123,122,124,121,123,40,41,41,43,41,42,1,136,3,0,2,8
10.4565,,313,44.043956043956044,-30.153846153846153,6.857142857142857,94.81318681318682,9.978021978021978,2.4868123587038435,2764,1642,2553,3017,2166,1482,0,-800,850,0,0,0,-37,-442,237,-58,-34,-69,121,123,122,124,121,123,40,41,41,43,41,42,3,199,0,4,1,9
10.49,,314,43.51648351648352,-33.84615384615385,9.582417582417582,94.54945054945055,9.978021978021978,2.4868123587038435,2764,1607,2587,3016,2166,1482,0,-1000,1000,0,0,0,-81,-484,229,-89,-34,-69,121,123,122,124,121,123,40,41,41,43,41,42,11,173,0,8,2,9
10.5234,,315,43.51648351648352,-37.45054945054945,12.043956043956044,94.28571428571429,9.978021978021978,2.4868123587038435,2760,1570,2620,3012,2166,1482,-150,-1100,1050,-100,0,0,-92,-435,241,-69,-34,-69,121,123,122,124,121,123,40,41,41,43,41,42,11,158,0,2,2,9
10.5568,,316,43.51648351648352,-40.7032967032967,14.065934065934066,94.28571428571429,9.978021978021978,2.4868123587038435,2756,1529,2655,3009,2166,1482,-150,-1200,1050,-50,0,0,-65,-524,217,-65,-34,-69,121,123,122,124,121,123,40,41,41,43,41,41,6,121,0,2,1,9
10.5902,,317,43.51648351648352,-43.252747252747255,16.087912087912088,94.28571428571429,9.978021978021978,2.4868123587038435,2751,1485,2687,3007,2166,1482,-150,-1300,1050,-100,0,0,-48,-506,173,-62,-34,-69,121,123,122,124,121,123,40,41,41,43,41,42,2,121,0,1,1,9
10.6236,,318,43.42857142857143,-45.362637362637365,18.10989010989011,94.28571428571429,9.978021978021978,2.4868123587038435,2748,1445,2719,3006,2166,1482,-100,-1250,950,0,0,0,-34,-376,138,-55,-34,-69,121,124,122,124,121,123,40,41,41,43,41,41,2,85,0,3,1,9
10.657,,319,43.42857142857143,-47.64835164835165,20.043956043956044,94.28571428571429,9.978021978021978,2.4868123587038435,2746,1403,2747,3005,2166,1482,-50,-1250,850,-50,0,0,-30,-398,112,-51,-34,-69,121,124,122,125,121,123,40,41,41,43,41,42,1,73,0,2,1,9
10.6904,,320,43.42857142857143,-49.67032967032967,21.45054945054945,94.10989010989012,10.153846153846153,2.4868123587038435,2745,1365,2774,3004,2166,1482,-50,-1150,750,0,0,0,-27,-387,123,-48,-34,-69,122,124,122,125,121,124,40,41,41,43,41,42,1,53,0,3,1,9
10.7238,,321,43.42857142857143,-51.51648351648352,22.153846153846153,93.49450549450549,10.32967032967033,2.4868123587038435,2745,1332,2797,3004,2166,1482,0,-1100,800,0,0,0,-27,-338,83,-55,-27,-69,122,124,122,125,121,124,40,41,41,43,41,42,1,34,0,6,0,9
10.7572,,322,43.42857142857143,-53.53846153846154,22.417582417582416,93.49450549450549,10.505494505494505,2.4868123587038435,2744,1299,2819,3004,2166,1482,0,-1000,700,0,0,0,-23,-289,-24,-97,0,-69,122,124,122,125,121,124,40,41,41,43,41,42,0,20,0,15,0,9
10.7906,,323,43.42857142857143,-54.94505494505494,22.76923076923077,93.49450549450549,10.505494505494505,2.4868123587038435,2743,1270,2831,3002,2166,1482,-50,-900,450,0,0,0,0,-257,-73,-76,0,-69,122,124,122,125,121,124,40,41,41,43,41,42,0,24,1,11,0,9
10.824,,324,43.42857142857143,-56.08791208791209,23.296703296703296,93.49450549450549,10.505494505494505,2.4868123587038435,2743,1243,2839,3000,2166,1482,0,-750,250,-100,0,0,0,-292,50,-65,0,-69,122,124,122,125,121,124,40,41,41,43,41,42,0,29,2,6,0,9
10.8574,,325,43.34065934065934,-56.43956043956044,24.0,93.49450549450549,10.505494505494505,2.4868123587038435,2743,1221,2845,2998,2166,1482,0,-700,200,-50,0,0,0,-199,-70,-58,0,-69,122,124,122,125,121,124,40,41,41,43,41,42,0,13,0,5,0,8
10.8908,,326,43.34065934065934,-56.43956043956044,24.791208791208792,93.4065934065934,10.505494505494505,2.4868123587038435,2742,1200,2852,2998,2166,1482,-50,-650,150,0,0,0,0,-192,-64,-58,0,-69,122,124,122,125,121,124,40,41,41,43,41,42,0,3,0,5,0,9
10.9242,,327,43.34065934065934,-56.43956043956044,25.846153846153847,92.79120879120879,10.505494505494505,2.4868123587038435,2742,1185,2859,2998,2166,1482,0,-450,200,0,0,0,0,-132,59,-62,0,-69,122,124,122,125,121,124,40,41,41,43,41,42,0,0,0,8,0,9
10.9576,,328,43.34065934065934,-56.43956043956044,27.34065934065934,91.47252747252747,10.505494505494505,2.4868123587038435,2742,1169,2867,2998,2166,1482,0,-350,250,0,0,0,0,-69,71,-99,0,-69,122,124,122,125,121,124,40,41,41,43,41,42,0,2,0,16,0,9
10.991,,329,43.34065934065934,-56.43956043956044,29.274725274725274,89.27472527472527,10.593406593406593,2.4868123587038435,2742,1163,2877,2993,2166,1482,0,-200,250,-100,0,0,0,-55,120,-151,0,-69,122,124,122,125,121,124,40,41,41,43,41,42,0,3,1,14,0,9
11.0244,,330,43.34065934065934,-56.26373626373626,31.736263736263737,86.81318681318682,10.593406593406593,2.4868123587038435,2741,1158,2890,2984,2166,1482,0,-150,350,-200,0,0,0,83,152,-208,23,-69,122,124,122,125,121,124,40,41,41,43,41,42,0,0,0,43,0,9
11.0577,,331,43.42857142857143,-56.08791208791209,34.46153846153846,84.26373626373626,10.593406593406593,2.4868123587038435,2741,1157,2904,2970,2166,1482,0,-150,450,-400,0,0,0,0,108,-267,23,-69,122,124,122,125,121,124,40,41,41,43,41,42,0,0,0,50,0,9
11.0912,,332,43.42857142857143,-56.0,37.18681318681319,81.45054945054945,10.593406593406593,2.4868123587038435,2740,1157,2925,2951,2166,1482,-50,0,550,-500,0,0,23,0,143,-304,23,-69,122,124,122,125,121,124,40,41,41,43,41,42,0,0,4,32,0,9
11.1245,,333,43.42857142857143,-56.0,39.64835164835165,78.72527472527473,10.593406593406593,2.4868123587038435,2740,1159,2949,2929,2166,1482,0,50,700,-650,0,0,23,0,162,-250,23,-69,122,124,122,125,121,124,40,41,41,43,41,42,1,0,1,45,0,9
11.1579,,334,43.51648351648352,-55.91208791208791,42.1978021978022,76.26373626373626,10.505494505494505,2.4868123587038435,2740,1165,2976,2905,2166,1482,0,200,800,-700,0,0,23,-118,188,-266,23,-69,122,124,122,125,121,124,40,41,41,43,41,42,1,2,0,50,0,9
11.1913,,335,43.51648351648352,-55.91208791208791,44.395604395604394,74.15384615384616,10.32967032967033,2.4868123587038435,2740,1167,3005,2877,2166,1482,0,100,900,-800,0,0,27,-41,183,-289,0,-69,122,124,122,125,121,124,40,41,41,43,41,42,2,1,0,50,0,8
11.2247,,336,43.604395604395606,-55.91208791208791,46.32967032967033,72.13186813186813,10.241758241758241,2.4868123587038435,2740,1167,3036,2849,2166,1482,0,0,900,-850,0,0,27,-41,162,-273,0,-69,122,124,122,125,121,124,40,41,41,43,41,42,2,0,0,49,0,9
11.2581,,337,43.78021978021978,-55.824175824175825,48.0,70.1978021978022,10.241758241758241,2.4868123587038435,2740,1166,3064,2821,2166,1482,0,-50,900,-800,0,0,30,-37,123,-254,-23,-69,122,124,122,125,121,124,40,41,41,43,41,42,3,1,0,24,0,8
11.2915,,338,44.043956043956044,-55.73626373626374,49.142857142857146,68.7032967032967,10.241758241758241,2.4868123587038435,2740,1166,3093,2797,2166,1482,0,0,850,-750,0,0,37,-34,120,-233,-23,-69,122,124,122,125,121,124,40,41,41,43,41,42,4,0,0,20,0,9
11.3249,,339,44.13186813186813,-55.64835164835165,50.02197802197802,67.20879120879121,10.241758241758241,2.562170308967596,2740,1166,3119,2772,2166,1482,0,0,800,-800,0,0,48,-30,149,-280,-23,-69,122,124,122,125,121,124,40,41,41,43,41,42,6,0,0,29,0,9
11.3583,,340,44.21978021978022,-55.032967032967036,50.46153846153846,65.97802197802197,10.241758241758241,2.637528259231349,2741,1166,3139,2748,2166,1482,50,0,700,-700,0,0,48,-27,-29,-197,-23,-65,122,124,122,125,121,124,40,41,41,43,41,42,6,0,0,27,0,6
11.3917,,341,44.21978021978022,-53.8021978021978,50.46153846153846,65.01098901098901,10.241758241758241,2.637528259231349,2743,1168,3153,2730,2166,1482,50,50,450,-700,0,0,44,32,37,-255,-23,-62,122,124,122,125,121,124,40,41,41,43,41,41,3,0,8,29,0,5
11.4251,,342,44.30769230769231,-51.956043956043956,50.285714285714285,63.78021978021978,10.241758241758241,2.7128862094951014,2745,1171,3162,2712,2166,1482,50,100,250,-550,0,0,37,85,-115,-219,-23,-62,122,124,122,125,121,124,40,41,41,43,41,42,3,0,2,17,0,5
11.4585,,343,44.395604395604394,-49.84615384615385,50.10989010989011,62.285714285714285,10.153846153846153,2.7128862094951014,2746,1178,3164,2697,2166,1482,50,250,50,-450,0,0,41,148,-44,-219,-23,-58,122,124,122,125,121,124,40,41,41,43,41,42,4,7,7,23,0,4
11.4919,,344,44.395604395604394,-47.73626373626374,50.10989010989011,60.61538461538461,10.153846153846153,2.7128862094951014,2746,1189,3164,2682,2166,1482,0,300,0,-450,0,0,41,194,-51,-155,-27,-58,122,124,122,125,121,124,40,41,41,43,41,42,4,12,5,39,0,4
11.5253,,345,44.395604395604394,-45.45054945054945,50.10989010989011,59.120879120879124,10.153846153846153,2.7882441597588548,2746,1205,3164,2667,2166,1482,0,450,0,-500,0,0,41,223,-51,-251,-27,-58,122,124,122,125,121,124,40,41,41,43,41,42,4,12,4,37,0,4
11.5587,,346,44.48351648351648,-43.42857142857143,49.934065934065934,57.53846153846154,10.153846153846153,2.7882441597588548,2746,1224,3164,2650,2166,1482,0,550,0,-450,0,0,41,159,-51,-250,-27,-51,122,124,122,125,121,124,40,41,41,43,41,41,4,18,4,24,0,3
11.5922,,347,44.57142857142857,-41.67032967032967,49.75824175824176,55.956043956043956,10.153846153846153,2.7882441597588548,2746,1245,3164,2633,2166,1482,0,600,0,-450,0,0,44,246,-58,-249,-27,-51,122,124,122,125,121,124,40,41,41,43,41,42,5,17,7,36,0,3
11.6255,,348,44.83516483516483,-40.26373626373626,49.75824175824176,54.46153846153846,10.153846153846153,2.8636021100226077,2746,1266,3164,2617,2166,1482,0,650,0,-500,0,0,48,261,-65,-159,-27,-51,122,124,122,125,121,124,40,41,41,43,41,42,7,8,10,29,0,3
11.6589,,349,45.53846153846154,-39.032967032967036,49.75824175824176,52.967032967032964,10.153846153846153,2.8636021100226077,2746,1289,3164,2600,2166,1482,0,650,0,-450,0,0,58,231,-65,-268,-27,-48,122,124,122,125,121,124,40,41,41,43,41,41,9,1,10,39,0,2
11.6923,,350,46.065934065934066,-37.8021978021978,49.75824175824176,51.472527472527474,10.153846153846153,2.93896006028636,2748,1311,3164,2582,2166,1482,50,650,0,-500,0,0,91,191,-65,-172,-27,-48,122,124,122,125,121,124,40,41,41,43,41,42,13,0,10,28,0,2
11.7257,,351,46.857142857142854,-36.57142857142857,49.75824175824176,50.15384615384615,10.153846153846153,2.93896006028636,2752,1331,3165,2565,2166,1482,100,600,50,-550,0,0,86,162,-69,-164,-27,-44,122,124,122,125,121,124,40,41,41,43,41,42,15,0,9,20,0,2
11.7592,,352,48.0,-35.34065934065934,49.75824175824176,48.83516483516483,10.241758241758241,2.93896006028636,2757,1349,3165,2547,2166,1482,150,500,0,-500,0,0,131,172,-69,-234,-27,-44,122,124,122,125,121,124,40,41,41,43,41,42,11,0,10,26,0,2
11.7926,,353,48.879120879120876,-34.285714285714285,49.67032967032967,47.604395604395606,10.241758241758241,2.93896006028636,2763,1366,3165,2531,2166,1482,200,500,0,-500,0,0,152,158,-69,-137,-23,-44,122,124,122,125,121,124,40,41,41,43,41,42,21,0,10,24,0,1
11.8261,,354,49.934065934065934,-33.40659340659341,49.67032967032967,46.81318681318681,10.241758241758241,2.93896006028636,2772,1382,3165,2515,2166,1482,250,500,0,-450,0,0,146,46,-72,-239,-23,-44,122,124,122,125,121,124,40,41,41,43,41,42,15,0,11,20,0,1
11.8595,,355,50.9010989010989,-32.79120879120879,49.67032967032967,46.37362637362637,10.241758241758241,2.93896006028636,2782,1397,3165,2500,2166,1482,300,450,0,-450,0,0,158,105,-72,-116,-23,-44,122,124,122,125,121,124,40,41,41,43,41,42,9,0,13,14,0,1
11.8929,,356,51.69230769230769,-32.527472527472526,49.582417582417584,46.02197802197802,10.241758241758241,2.93896006028636,2792,1408,3165,2488,2166,1482,300,400,0,-400,0,0,177,69,-72,-69,-23,-44,122,124,122,125,121,124,40,41,41,43,41,42,11,0,12,15,0,1
11.9264,,357,52.30769230769231,-32.527472527472526,49.582417582417584,45.934065934065934,10.153846153846153,2.93896006028636,2802,1417,3165,2478,2166,1482,300,250,0,-300,0,0,77,-62,-76,-44,-23,-44,122,124,122,125,121,124,40,41,41,43,41,41,22,0,13,10,0,2
11.9598,,358,52.83516483516483,-32.527472527472526,49.40659340659341,45.84615384615385,10.153846153846153,2.93896006028636,2813,1423,3165,2471,2166,1482,300,200,0,-250,0,0,54,-87,-76,-115,-27,-44,122,124,122,125,121,124,40,41,41,43,41,42,15,0,13,14,0,2
11.9933,,359,53.27472527472528,-32.43956043956044,48.61538461538461,45.75824175824176,10.153846153846153,2.93896006028636,2821,1428,3165,2466,2166,1482,250,150,0,-200,0,0,123,0,-83,-97,-27,-44,122,124,122,125,121,124,40,41,41,43,41,42,13,0,16,16,0,1
12.0266,,360,53.62637362637363,-31.560439560439562,47.38461538461539,45.75824175824176,10.153846153846153,2.93896006028636,2829,1430,3165,2463,2166,1482,200,100,0,-100,0,0,19,-27,-128,-86,-27,-44,122,124,122,125,121,124,40,41,41,43,41,42,17,0,35,10,0,2
12.0601,,361,53.97802197802198,-30.24175824175824,45.27472527472528,45.84615384615385,10.065934065934066,2.93896006028636,2836,1431,3165,2461,2166,1482,200,0,0,-50,0,0,111,51,-183,-79,-27,-44,121,124,122,125,121,124,40,41,41,43,41,42,11,5,63,6,0,1
12.0935,,362,54.15384615384615,-27.956043956043956,42.637362637362635,45.934065934065934,10.065934065934066,2.93896006028636,2841,1437,3165,2459,2166,1482,150,150,0,-100,0,0,-20,103,-274,-69,-30,-44,121,124,122,124,121,123,40,41,41,43,41,42,12,6,124,3,1,2
12.127,,363,54.59340659340659,-25.142857142857142,40.0,46.10989010989011,9.978021978021978,2.93896006028636,2845,1447,3160,2459,2166,1482,150,250,-150,0,0,0,86,161,-278,-65,-30,-44,121,123,122,124,120,123,40,41,41,43,41,42,4,7,180,8,0,1
12.1604,,364,54.94505494505494,-22.24175824175824,37.18681318681319,46.10989010989011,9.274725274725276,2.93896006028636,2849,1464,3149,2459,2166,1482,100,400,-200,0,0,0,90,127,-350,-58,-34,-44,121,123,121,124,120,123,40,41,41,43,41,42,8,4,196,5,1,2
12.1938,,365,55.472527472527474,-19.428571428571427,34.72527472527472,46.10989010989011,8.395604395604396,2.93896006028636,2853,1484,3134,2459,2166,1482,100,600,-450,0,0,0,86,163,-403,-58,-70,-44,121,123,121,124,120,123,40,41,41,43,41,42,16,1,217,5,10,2
12.2272,,366,55.91208791208791,-16.703296703296704,32.35164835164835,46.10989010989011,7.6923076923076925,2.93896006028636,2857,1510,3113,2459,2166,1482,100,750,-600,0,0,0,116,206,-447,-58,-120,-44,121,123,121,123,120,122,40,41,41,43,41,42,11,0,238,6,23,2
12.2606,,367,56.0,-14.241758241758241,30.32967032967033,46.10989010989011,7.604395604395604,2.93896006028636,2861,1539,3089,2459,2161,1482,150,850,-700,0,-50,0,106,214,-459,-58,-130,-44,121,123,121,123,120,122,40,41,41,43,41,42,9,0,256,5,14,2
12.294,,368,56.26373626373626,-12.395604395604396,28.571428571428573,46.1978021978022,7.516483516483516,2.93896006028636,2865,1570,3065,2459,2157,1482,100,850,-700,0,-150,0,86,202,-451,-58,-97,-44,121,123,121,124,120,122,40,41,41,43,41,42,9,0,221,5,8,2
12.3276,,369,56.26373626373626,-10.989010989010989,27.428571428571427,46.10989010989011,7.164835164835165,2.93896006028636,2869,1601,3039,2459,2153,1482,100,950,-750,0,-100,0,83,159,-422,-55,-86,-44,121,123,121,124,120,122,40,41,41,43,41,42,10,0,189,5,11,2
12.361,,370,56.26373626373626,-9.846153846153847,26.373626373626372,46.10989010989011,6.9010989010989015,2.93896006028636,2873,1631,3015,2459,2150,1482,100,900,-700,0,-100,0,-45,181,-365,-58,-90,-44,121,123,121,124,120,123,40,41,41,43,41,42,5,0,184,6,16,2
12.3945,,371,56.35164835164835,-8.87912087912088,25.406593406593405,46.10989010989011,6.813186813186813,2.93896006028636,2875,1659,2994,2459,2146,1482,100,850,-650,0,-100,0,65,76,-364,-58,-90,-44,121,123,121,124,120,123,40,41,41,43,41,42,6,0,159,5,13,2
12.428,,372,56.35164835164835,-8.263736263736265,24.703296703296704,46.10989010989011,6.813186813186813,2.93896006028636,2877,1681,2977,2459,2143,1482,50,700,-500,0,-100,0,-59,107,-418,-58,-83,-44,121,123,121,124,120,123,40,41,41,43,41,42,6,0,171,5,13,2
12.4614,,373,56.35164835164835,-7.736263736263736,24.175824175824175,46.02197802197802,6.813186813186813,2.93896006028636,2877,1695,2963,2459,2141,1482,50,600,-500,0,-50,0,58,-61,-377,-58,-72,-44,121,123,121,124,120,123,40,41,41,43,41,41,9,7,158,5,10,2
12.4948,,374,56.35164835164835,-7.1208791208791204,23.47252747252747,45.934065934065934,6.725274725274725,2.93896006028636,2877,1705,2950,2459,2140,1482,0,350,-400,0,-50,0,58,33,-258,-62,-69,-44,121,123,121,124,120,123,40,41,41,43,41,42,8,10,161,7,11,2
12.5282,,375,56.35164835164835,-6.417582417582418,22.681318681318682,46.02197802197802,6.725274725274725,2.93896006028636,2877,1713,2940,2459,2139,1482,0,250,-350,0,-50,0,58,25,-366,-65,-69,-44,121,123,121,124,120,123,40,41,41,43,41,42,10,2,165,9,10,2
12.5616,,376,56.35164835164835,-5.802197802197802,21.978021978021978,46.02197802197802,6.725274725274725,2.93896006028636,2877,1722,2929,2459,2139,1482,0,300,-350,0,0,0,58,51,-353,-62,-69,-44,121,123,121,124,120,123,40,41,41,43,41,42,9,1,121,6,11,2
12.595,,377,56.35164835164835,-5.0989010989010985,21.186813186813186,45.934065934065934,6.725274725274725,2.93896006028636,2877,1733,2918,2459,2139,1482,0,300,-300,0,0,0,58,-133,-250,-62,-69,-44,121,123,121,124,120,123,40,41,41,43,41,42,10,0,138,7,10,2
12.6283,,378,56.35164835164835,-4.21978021978022,20.13186813186813,46.02197802197802,6.725274725274725,2.93896006028636,2877,1740,2909,2459,2139,1482,0,200,-250,0,0,0,58,27,-334,-65,-69,-44,121,123,121,124,120,123,40,41,41,43,41,42,8,4,148,9,11,2
12.6617,,379,56.35164835164835,-3.5164835164835164,19.428571428571427,46.10989010989011,6.725274725274725,2.93896006028636,2877,1748,2901,2459,2139,1482,0,250,-250,0,0,0,58,0,-257,-62,-69,-44,121,123,121,124,120,123,40,41,41,43,41,42,9,1,169,7,11,2
12.6951,,380,56.35164835164835,-2.989010989010989,19.076923076923077,46.10989010989011,6.725274725274725,2.93896006028636,2877,1757,2891,2459,2139,1482,0,250,-300,0,0,0,58,0,-262,-58,-69,-44,121,123,121,124,120,123,40,41,41,43,41,42,8,0,165,5,10,2
12.7285,,381,56.26373626373626,-2.7252747252747254,19.076923076923077,46.02197802197802,6.725274725274725,2.93896006028636,2877,1765,2881,2459,2139,1482,0,250,-300,0,0,0,58,26,-309,-58,-69,-44,121,123,121,124,120,123,40,41,41,43,41,42,9,3,135,5,11,1
12.7619,,382,56.0,-2.6373626373626373,19.076923076923077,46.02197802197802,6.725274725274725,2.93896006028636,2877,1770,2875,2459,2139,1482,0,200,-250,0,0,0,55,-30,-280,-62,-69,-44,121,123,121,124,120,123,40,41,41,43,41,42,8,3,139,6,11,1
12.7953,,383,55.64835164835165,-2.6373626373626373,19.164835164835164,46.1978021978022,6.725274725274725,2.93896006028636,2877,1772,2873,2459,2139,1482,0,100,-100,0,0,0,44,-37,-269,-62,-69,-44,121,123,121,124,120,123,40,41,41,43,41,42,4,3,157,7,11,2
12.8287,,384,55.2967032967033,-2.6373626373626373,19.252747252747252,46.285714285714285,6.725274725274725,2.93896006028636,2877,1772,2871,2459,2139,1482,0,0,-50,0,0,0,23,-37,-259,-55,-69,-44,121,123,121,124,120,123,40,41,41,43,41,42,2,2,160,5,10,2
12.8621,,385,54.59340659340659,-2.8131868131868134,19.252747252747252,46.285714285714285,6.725274725274725,2.93896006028636,2877,1772,2869,2459,2139,1482,0,0,0,0,0,0,0,-37,-252,-51,-69,-44,121,123,121,124,120,123,40,41,41,43,41,42,1,2,135,4,11,3
12.8955,,386,53.714285714285715,-3.076923076923077,19.252747252747252,46.285714285714285,6.725274725274725,2.93896006028636,2876,1772,2869,2459,2139,1482,0,0,-50,0,0,0,-60,-44,-248,-51,-69,-44,121,123,121,124,120,123,40,41,41,43,41,42,6,3,131,4,11,2
12.9289,,387,53.010989010989015,-3.2527472527472527,19.252747252747252,46.285714285714285,6.725274725274725,2.93896006028636,2875,1772,2869,2459,2139,1482,-50,0,0,0,0,0,-90,-55,-248,-51,-69,-44,121,123,121,124,120,123,40,41,41,43,41,42,10,7,131,4,10,1
12.9623,,388,51.86813186813187,-3.4285714285714284,19.252747252747252,46.37362637362637,6.725274725274725,2.93896006028636,2869,1772,2869,2459,2139,1482,-200,0,0,0,0,0,-80,-62,-248,-51,-69,-44,121,123,121,124,120,123,40,41,41,43,41,42,5,9,131,4,10,1
12.9956,,389,50.989010989010985,-3.5164835164835164,19.252747252747252,46.37362637362637,6.725274725274725,2.93896006028636,2863,1772,2869,2459,2138,1482,-150,0,0,0,-50,0,-137,-69,-248,-48,-65,-44,121,123,121,124,120,123,40,41,41,43,41,42,17,11,131,4,7,2
13.029,,390,50.285714285714285,-3.5164835164835164,19.252747252747252,46.37362637362637,6.725274725274725,2.93896006028636,2854,1772,2869,2459,2138,1482,-250,0,0,0,0,0,-47,-72,-248,-48,-65,-44,121,123,121,124,120,123,40,41,41,43,41,42,13,11,130,4,9,1
13.0624,,391,49.582417582417584,-3.6043956043956045,19.252747252747252,46.37362637362637,6.725274725274725,2.93896006028636,2845,1772,2868,2459,2138,1482,-300,0,0,0,0,0,-120,-72,-245,-48,-65,-44,121,123,121,124,120,123,40,41,41,43,41,42,12,11,130,3,9,1
13.0958,,392,48.61538461538461,-3.6043956043956045,19.252747252747252,46.37362637362637,6.725274725274725,2.93896006028636,2835,1772,2868,2459,2137,1482,-300,0,0,0,0,0,-112,-76,-245,-48,-62,-44,121,123,121,124,120,123,40,41,41,43,41,42,6,13,128,4,5,2
13.1292,,393,47.73626373626374,-3.5164835164835164,19.252747252747252,46.37362637362637,6.725274725274725,2.93896006028636,2826,1772,2868,2459,2134,1482,-250,0,0,0,-100,0,-140,-76,-245,-48,-51,-44,121,123,122,124,121,123,40,41,41,43,41,42,6,13,128,3,4,2
13.1626,,394,46.94505494505494,-3.5164835164835164,19.252747252747252,46.37362637362637,6.725274725274725,2.93896006028636,2816,1772,2868,2459,2132,1482,-300,0,0,0,-50,0,-134,-72,-245,-48,-48,-44,121,123,122,124,121,123,40,41,41,43,41,42,6,11,127,3,2,1
13.196,,395,45.89010989010989,-3.5164835164835164,19.252747252747252,46.37362637362637,6.725274725274725,2.93896006028636,2807,1772,2868,2459,2131,1482,-250,0,0,0,-50,0,-130,-72,-245,-48,-41,-44,121,123,122,124,121,123,40,41,41,43,41,42,4,11,127,4,3,2
13.2294,,396,44.92307692307692,-3.5164835164835164,19.252747252747252,46.37362637362637,6.725274725274725,2.93896006028636,2797,1772,2868,2459,2130,1482,-300,0,0,0,-50,0,-50,-72,-245,-48,-37,-44,121,123,122,124,121,123,40,41,41,43,41,42,10,11,125,3,1,2
13.2628,,397,43.78021978021978,-3.5164835164835164,19.252747252747252,46.37362637362637,6.725274725274725,2.93896006028636,2787,1772,2868,2459,2130,1482,-300,0,0,0,0,0,-42,-72,-245,-48,-37,-44,121,123,122,124,121,123,40,41,41,43,41,42,7,12,125,3,2,2
13.2962,,398,42.54945054945055,-3.5164835164835164,19.252747252747252,46.37362637362637,6.725274725274725,2.93896006028636,2777,1772,2868,2459,2130,1482,-300,0,0,0,0,0,-162,-72,-245,-48,-37,-44,121,123,122,124,120,123,40,41,41,43,41,42,8,12,125,3,2,1
13.3296,,399,41.31868131868132,-3.5164835164835164,19.252747252747252,46.37362637362637,6.725274725274725,2.93896006028636,2765,1772,2868,2459,2130,1482,-350,0,0,0,0,0,-82,-72,-245,-48,-37,-44,121,123,122,124,120,123,40,41,41,43,41,42,21,11,126,4,2,1
13.363,,400,40.26373626373626,-3.5164835164835164,19.252747252747252,46.37362637362637,6.725274725274725,2.93896006028636,2754,1772,2868,2459,2130,1482,-300,0,0,0,0,0,-173,-72,-245,-48,-37,-44,121,123,121,124,120,123,40,41,41,43,41,42,13,11,125,4,3,0
13.3964,,401,39.032967032967036,-3.5164835164835164,19.252747252747252,46.37362637362637,6.725274725274725,2.93896006028636,2741,1772,2868,2459,2130,1482,-400,0,0,0,0,0,-74,-72,-245,-48,-37,-44,121,123,122,124,120,123,40,41,41,43,41,42,14,11,125,3,2,1
13.4297,,402,37.8021978021978,-3.4285714285714284,19.252747252747252,46.37362637362637,6.725274725274725,2.93896006028636,2728,1772,2868,2459,2130,1482,-400,0,0,0,0,0,-76,-72,-245,-48,-37,-44,121,123,121,124,120,123,40,41,41,43,41,42,10,11,125,3,3,0
13.4631,,403,36.57142857142857,-3.2527472527472527,19.252747252747252,46.37362637362637,6.725274725274725,2.93896006028636,2714,1772,2868,2459,2130,1482,-400,0,0,0,0,0,-186,-69,-245,-48,-37,-44,121,123,121,124,120,123,40,41,41,43,41,42,14,10,126,4,1,0
13.4965,,404,35.42857142857143,-3.076923076923077,19.252747252747252,46.37362637362637,6.725274725274725,2.93896006028636,2701,1772,2868,2459,2130,1482,-450,0,0,0,0,0,-181,-62,-245,-48,-37,-44,121,123,121,124,121,123,40,41,41,43,41,42,14,7,125,3,1,1
13.5299,,405,34.1978021978022,-2.901098901098901,19.252747252747252,46.37362637362637,6.725274725274725,2.93896006028636,2687,1772,2868,2459,2130,1482,-400,0,0,0,0,0,-170,-55,-245,-48,-37,-44,121,123,121,124,121,123,40,41,41,43,41,42,9,5,125,3,2,0
13.5633,,406,32.79120879120879,-2.8131868131868134,19.252747252747252,46.285714285714285,6.725274725274725,2.93896006028636,2673,1772,2868,2459,2130,1482,-400,0,0,0,0,0,-81,-48,-245,-48,-37,-44,121,123,121,124,121,123,40,41,41,43,41,42,5,4,125,2,2,1
13.5967,,407,31.47252747252747,-2.8131868131868134,19.252747252747252,46.285714285714285,6.725274725274725,2.93896006028636,2660,1772,2868,2459,2130,1482,-400,0,0,0,0,0,-198,-44,-245,-51,-37,-44,121,123,122,124,121,123,40,41,41,43,41,42,14,3,125,4,3,1
13.6301,,408,30.153846153846153,-2.8131868131868134,19.252747252747252,46.1978021978022,6.725274725274725,2.93896006028636,2646,1772,2868,2459,2130,1482,-400,0,0,0,0,0,-112,-44,-245,-51,-37,-44,121,123,122,124,120,123,40,41,41,43,41,42,9,3,125,4,2,2
13.6635,,409,28.835164835164836,-2.8131868131868134,19.164835164835164,46.10989010989011,6.725274725274725,2.93896006028636,2632,1772,2868,2459,2130,1482,-450,0,0,0,0,0,-195,-44,-245,-55,-37,-44,121,123,121,124,120,123,40,41,41,43,41,42,12,3,125,5,2,2
13.6969,,410,27.692307692307693,-2.8131868131868134,19.164835164835164,46.02197802197802,6.637362637362638,2.93896006028636,2617,1772,2868,2459,2130,1482,-450,0,0,0,0,0,-190,-44,-248,-58,-37,-44,121,123,122,124,120,123,40,41,41,43,41,42,11,3,129,5,2,1
13.7302,,411,26.46153846153846,-2.7252747252747254,19.164835164835164,45.934065934065934,6.637362637362638,2.93896006028636,2602,1772,2868,2459,2130,1482,-450,0,0,0,0,0,-83,-44,-248,-62,-41,-44,121,123,122,124,120,123,40,41,41,43,41,42,13,4,126,7,3,1
13.7636,,412,25.406593406593405,-2.7252747252747254,19.076923076923077,45.84615384615385,6.549450549450549,3.014318010550113,2587,1772,2868,2459,2130,1482,-400,0,0,0,0,0,-193,-41,-248,-65,-41,-44,121,123,122,124,120,123,40,41,41,43,41,42,12,2,120,10,3,1
13.797,,413,24.439560439560438,-2.6373626373626373,19.076923076923077,45.75824175824176,6.549450549450549,3.014318010550113,2572,1772,2868,2459,2130,1482,-400,0,0,0,0,0,-175,-41,-252,-69,-44,-41,121,123,122,124,120,123,40,41,41,43,41,41,6,2,118,11,4,1
13.8304,,414,23.560439560439562,-2.5494505494505493,18.98901098901099,45.582417582417584,6.549450549450549,3.014318010550113,2560,1772,2867,2459,2130,1482,-400,0,0,0,0,0,-161,-37,-252,-72,-44,-41,121,124,122,124,120,123,40,41,41,43,41,42,6,2,117,11,4,1
13.8638,,415,22.593406593406595,-2.2857142857142856,18.725274725274726,45.23076923076923,6.549450549450549,3.014318010550113,2547,1773,2863,2457,2130,1482,-350,50,-150,-50,0,0,-57,-37,-238,-72,-44,-41,121,124,122,124,121,123,40,41,41,43,41,41,10,2,112,10,4,1
13.8972,,416,21.802197802197803,-1.8461538461538463,18.10989010989011,44.879120879120876,6.549450549450549,3.014318010550113,2536,1773,2857,2454,2130,1482,-400,0,-150,-100,0,0,-164,-27,-227,-76,-44,-41,121,124,122,124,121,123,40,41,41,43,41,42,8,1,105,5,4,1
13.9306,,417,21.274725274725274,-0.967032967032967,17.318681318681318,44.879120879120876,6.549450549450549,3.014318010550113,2524,1776,2850,2450,2130,1482,-350,50,-200,-100,0,0,-58,0,-256,-76,-44,-41,121,124,122,124,121,123,40,41,41,43,41,42,12,0,95,7,4,1
13.964,,418,21.01098901098901,0.17582417582417584,15.912087912087912,44.879120879120876,6.549450549450549,3.014318010550113,2512,1783,2843,2447,2130,1482,-350,200,-250,-100,0,0,-114,127,-263,-65,-44,-41,121,124,122,124,121,123,40,41,41,43,41,42,2,0,82,5,4,1
13.9974,,419,20.923076923076923,1.6703296703296704,14.32967032967033,44.879120879120876,6.549450549450549,3.014318010550113,2503,1793,2834,2445,2130,1482,-350,300,-250,-50,0,0,-76,63,-203,-58,-44,-41,121,124,122,124,121,123,40,41,41,43,41,42,4,0,99,4,3,1
14.0308,,420,20.923076923076923,3.2527472527472527,12.659340659340659,44.879120879120876,6.549450549450549,3.014318010550113,2497,1804,2824,2443,2130,1482,-250,300,-300,-50,0,0,-55,83,-230,-55,-44,-41,121,124,122,124,121,123,40,41,41,43,41,42,4,0,113,4,4,1
14.0642,,421,20.923076923076923,5.010989010989011,10.813186813186814,44.879120879120876,6.549450549450549,3.014318010550113,2493,1818,2814,2443,2130,1482,-100,350,-300,-50,0,0,-44,94,-360,-51,-44,-41,121,124,122,124,121,123,40,41,41,43,41,42,2,0,135,3,4,1
14.0975,,422,20.923076923076923,6.681318681318682,8.967032967032967,44.879120879120876,6.549450549450549,3.014318010550113,2490,1833,2800,2443,2130,1482,-100,450,-450,0,0,0,-34,131,-384,-51,-44,-41,121,123,122,124,121,123,40,41,41,43,41,42,0,0,155,4,3,1
14.1309,,423,20.923076923076923,8.43956043956044,7.2967032967032965,44.879120879120876,6.549450549450549,3.014318010550113,2488,1854,2784,2443,2130,1482,-50,600,-450,0,0,0,-23,39,-402,-51,-44,-41,121,123,122,124,121,123,40,41,41,43,41,42,0,0,155,5,4,1
14.1643,,424,20.923076923076923,10.10989010989011,5.538461538461538,44.879120879120876,6.549450549450549,3.014318010550113,2486,1876,2767,2443,2130,1482,0,650,-500,0,0,0,0,113,-404,-51,-44,-41,121,123,121,124,120,123,40,41,41,43,41,42,0,0,154,5,4,1
14.1977,,425,20.923076923076923,11.516483516483516,3.868131868131868,44.879120879120876,6.549450549450549,3.014318010550113,2486,1896,2751,2443,2130,1482,-50,700,-500,0,0,0,0,-20,-411,-51,-44,-41,121,123,121,124,120,123,40,41,41,43,41,42,0,0,179,4,4,1
14.2311,,426,20.923076923076923,13.098901098901099,2.3736263736263736,44.879120879120876,6.549450549450549,3.014318010550113,2486,1916,2734,2443,2130,1482,0,600,-500,0,0,0,0,106,-437,-51,-44,-41,121,123,121,124,120,123,40,41,41,43,41,42,0,0,196,5,4,0
14.2644,,427,20.923076923076923,14.593406593406593,0.8791208791208791,44.879120879120876,6.637362637362638,3.014318010550113,2486,1932,2716,2443,2130,1482,0,500,-500,0,0,0,0,18,-345,-51,-44,-41,121,123,121,124,120,123,40,41,41,43,41,42,0,0,149,4,4,1
14.2979,,428,20.923076923076923,15.736263736263735,-0.43956043956043955,44.879120879120876,6.637362637362638,3.014318010550113,2486,1949,2700,2443,2130,1482,0,450,-500,0,0,0,0,101,-425,-51,-41,-41,121,123,121,124,120,123,40,41,41,43,41,42,0,0,156,4,2,0
14.3312,,429,20.923076923076923,16.703296703296704,-1.4065934065934067,44.879120879120876,6.637362637362638,3.014318010550113,2486,1965,2682,2443,2130,1482,0,500,-500,0,0,0,0,75,-318,-51,-41,-41,121,123,121,124,120,123,40,41,41,43,41,42,0,0,146,4,2,0
14.3646,,430,20.923076923076923,17.142857142857142,-1.934065934065934,44.879120879120876,6.637362637362638,3.014318010550113,2486,1979,2665,2443,2130,1482,0,450,-500,0,0,0,0,53,-280,-51,-41,-41,121,123,121,124,120,123,40,41,41,43,41,42,0,0,136,4,3,0
14.398,,431,20.923076923076923,17.142857142857142,-2.10989010989011,44.967032967032964,6.637362637362638,3.014318010550113,2486,1992,2650,2443,2130,1482,0,350,-400,0,0,0,0,32,-355,-51,-41,-41,121,123,121,124,120,123,40,41,41,43,41,42,0,14,129,4,3,0
14.4314,,432,20.835164835164836,16.615384615384617,-2.10989010989011,45.142857142857146,6.637362637362638,3.014318010550113,2486,2000,2640,2443,2130,1482,0,350,-400,0,0,0,0,-44,-305,-48,-41,-41,121,123,122,124,121,123,40,41,41,43,41,42,0,24,109,4,3,0
14.4648,,433,20.483516483516482,16.263736263736263,-2.10989010989011,45.31868131868132,6.637362637362638,3.014318010550113,2486,2002,2633,2443,2130,1482,0,100,-200,0,0,0,0,-83,-277,-41,-41,-41,121,123,122,124,120,123,40,41,41,43,41,41,0,18,126,2,3,0
14.4982,,434,20.13186813186813,15.208791208791208,-1.934065934065934,45.494505494505496,6.285714285714286,3.014318010550113,2485,2002,2629,2443,2130,1482,0,0,-150,0,0,0,-30,-90,-259,-34,-41,-41,121,123,122,124,120,123,40,41,41,43,41,42,2,20,132,0,3,0
14.5316,,435,19.956043956043956,14.241758241758241,-1.7582417582417582,45.67032967032967,5.582417582417582,3.014318010550113,2483,2002,2625,2443,2130,1482,-50,0,-150,0,0,0,-46,-154,-241,-27,-62,-41,121,123,122,124,120,123,40,41,41,43,41,42,2,42,114,0,7,0
14.565,,436,19.604395604395606,13.186813186813186,-1.7582417582417582,46.285714285714285,4.7032967032967035,3.014318010550113,2480,2002,2622,2443,2129,1482,-50,0,-100,0,0,0,-34,-192,-224,0,-102,-41,121,123,121,124,120,123,40,41,41,43,41,42,2,74,107,0,15,0
14.5984,,437,19.076923076923077,11.868131868131869,-1.8461538461538463,47.604395604395606,4.0,3.014318010550113,2476,2002,2622,2444,2125,1482,-100,0,-50,0,-100,0,-34,-237,-220,57,-124,-41,121,123,121,124,120,123,40,41,41,43,41,42,2,104,104,2,9,0
14.6318,,438,18.197802197802197,10.637362637362637,-1.8461538461538463,48.83516483516483,3.6483516483516483,3.014318010550113,2473,2001,2621,2447,2118,1482,-100,0,-50,50,-150,0,-47,-285,-220,106,-112,-41,121,123,121,124,120,123,40,41,41,43,41,41,3,164,107,7,9,1
14.6652,,439,17.142857142857142,9.23076923076923,-1.7582417582417582,49.97802197802198,3.6483516483516483,3.014318010550113,2470,1998,2621,2456,2112,1482,-50,-50,0,150,-200,0,-98,-318,-220,122,-97,-41,121,123,121,124,120,122,40,41,41,43,41,42,10,190,106,6,12,1
14.6986,,440,16.263736263736263,7.912087912087912,-1.7582417582417582,51.2967032967033,3.6483516483516483,3.014318010550113,2464,1992,2621,2466,2107,1482,-200,-150,0,300,-100,0,-120,-370,-217,126,-83,-41,121,123,121,123,120,122,40,41,41,43,41,42,13,214,104,4,8,0
14.732,,441,15.296703296703297,6.945054945054945,-1.7582417582417582,52.527472527472526,3.5604395604395602,3.014318010550113,2456,1982,2621,2478,2104,1482,-200,-250,0,350,-150,0,-122,-389,-217,48,-69,-41,120,123,121,123,120,122,40,41,41,43,41,41,13,203,103,4,5,1
14.7654,,442,13.978021978021978,5.714285714285714,-1.7582417582417582,53.934065934065934,3.5604395604395602,3.014318010550113,2448,1970,2621,2490,2100,1482,-250,-350,0,400,-100,0,-135,-375,-217,161,-62,-41,120,123,121,123,120,122,40,41,41,43,41,42,7,194,103,2,6,1
14.7988,,443,12.571428571428571,4.571428571428571,-1.7582417582417582,55.51648351648352,3.5604395604395602,3.014318010550113,2440,1957,2620,2502,2098,1482,-250,-350,-50,350,-50,0,-153,-295,-213,84,-51,-41,121,123,121,124,120,122,40,41,41,43,41,42,20,143,99,7,5,1
14.8322,,444,11.076923076923077,3.340659340659341,-1.7582417582417582,57.45054945054945,3.5604395604395602,3.014318010550113,2428,1942,2620,2517,2096,1482,-300,-450,0,400,-50,0,-102,-363,-213,94,-48,-41,121,123,121,123,120,122,40,41,41,43,41,42,26,156,100,3,1,2
14.8656,,445,9.23076923076923,2.197802197802198,-1.6703296703296704,59.472527472527474,3.912087912087912,3.014318010550113,2415,1928,2620,2532,2095,1482,-350,-450,0,450,-50,0,-201,-302,-213,201,-41,-41,121,123,121,123,120,122,40,41,41,43,41,42,23,131,101,18,2,1
14.899,,446,7.2967032967032965,1.1428571428571428,-1.6703296703296704,61.494505494505496,4.175824175824176,3.014318010550113,2401,1912,2620,2550,2094,1482,-400,-450,0,550,0,0,-134,-372,-210,150,-23,-41,121,123,121,124,120,122,40,41,41,43,41,42,24,163,97,12,0,1
14.9324,,447,5.802197802197802,0.17582417582417584,-1.6703296703296704,63.34065934065934,4.263736263736264,3.014318010550113,2384,1897,2620,2569,2094,1482,-500,-450,0,600,0,0,-236,-356,-210,162,0,-41,121,123,121,124,120,122,40,41,41,43,41,42,22,138,98,13,0,1
14.9658,,448,4.483516483516484,-0.5274725274725275,-1.6703296703296704,65.01098901098901,4.351648351648351,3.014318010550113,2366,1884,2620,2589,2094,1482,-550,-400,0,600,0,0,-136,-247,-210,159,23,-41,121,123,121,124,120,122,40,41,41,43,41,42,26,141,97,5,0,0
14.9991,,449,3.2527472527472527,-1.2307692307692308,-1.6703296703296704,66.32967032967034,4.351648351648351,3.014318010550113,2348,1871,2620,2610,2094,1482,-600,-400,0,600,0,0,-232,-334,-210,146,27,-41,121,123,121,124,120,122,40,41,41,43,41,42,5,136,98,4,0,1
15.0325,,450,2.10989010989011,-1.8461538461538463,-1.6703296703296704,67.47252747252747,5.054945054945055,3.014318010550113,2327,1859,2620,2629,2094,1482,-600,-350,0,550,0,0,-205,-318,-210,207,27,-41,121,123,121,124,120,123,40,41,41,43,41,42,2,99,98,8,0,0
15.0659,,451,0.8791208791208791,-2.197802197802198,-1.6703296703296704,68.7032967032967,6.461538461538462,2.8636021100226077,2309,1848,2620,2647,2094,1482,-550,-300,0,550,0,0,-178,-289,-210,213,69,-41,121,123,121,124,120,123,40,41,41,43,41,42,2,100,98,7,7,1
15.0993,,452,-0.5274725274725275,-2.5494505494505493,-1.6703296703296704,70.02197802197803,8.395604395604396,2.7882441597588548,2294,1839,2620,2663,2098,1482,-500,-300,0,500,50,0,-81,-171,-210,111,38,-48,121,123,121,124,120,123,40,41,41,43,41,42,3,97,98,2,12,3
15.1327,,453,-1.934065934065934,-2.7252747252747254,-1.6703296703296704,71.42857142857143,10.241758241758241,2.7128862094951014,2281,1830,2620,2679,2107,1482,-400,-250,0,500,250,0,-110,-153,-210,102,179,-51,121,123,121,124,120,123,40,41,41,43,41,42,3,103,97,2,24,4
15.1661,,454,-3.4285714285714284,-3.2527472527472527,-1.6703296703296704,73.01098901098901,11.472527472527473,2.637528259231349,2268,1823,2620,2695,2121,1482,-350,-200,0,450,400,0,-204,-227,-210,186,208,-58,121,123,121,124,120,123,40,41,41,43,41,42,8,94,97,3,15,4
15.1995,,455,-5.0989010989010985,-3.6043956043956045,-1.6703296703296704,74.5934065934066,12.263736263736265,2.637528259231349,2253,1818,2620,2710,2137,1482,-450,-200,0,500,450,0,-122,-239,-210,127,109,-62,121,123,121,124,120,123,40,41,41,43,41,42,13,99,98,4,10,6
15.2329,,456,-6.5054945054945055,-3.956043956043956,-1.6703296703296704,76.08791208791209,12.967032967032967,2.562170308967596,2238,1812,2620,2727,2152,1482,-450,-200,0,500,450,0,-218,-220,-210,215,155,-62,121,123,121,124,120,123,40,41,41,43,41,42,16,80,97,14,4,7
15.2663,,457,-8.263736263736265,-4.571428571428571,-1.6703296703296704,77.58241758241758,13.31868131868132,2.562170308967596,2221,1807,2620,2744,2164,1482,-550,-150,0,500,350,0,-117,-217,-210,210,50,-65,121,123,121,124,120,123,40,41,41,43,41,42,12,95,98,7,7,8
15.2997,,458,-10.197802197802197,-4.923076923076923,-1.6703296703296704,79.16483516483517,13.406593406593407,2.562170308967596,2202,1803,2620,2762,2175,1482,-550,-200,0,550,350,0,-148,-251,-210,199,114,-65,121,123,121,124,120,123,40,41,41,43,41,42,11,92,97,4,6,7
15.3332,,459,-12.131868131868131,-4.923076923076923,-1.6703296703296704,80.48351648351648,13.406593406593407,2.562170308967596,2184,1797,2620,2780,2182,1482,-550,-150,0,550,250,0,-244,-227,-210,105,83,-65,121,123,121,124,120,123,40,41,41,43,41,42,17,78,97,4,3,8
15.3666,,460,-13.978021978021978,-5.010989010989011,-1.6703296703296704,81.8021978021978,13.406593406593407,2.562170308967596,2167,1793,2619,2797,2187,1482,-500,-150,-50,550,100,0,-166,-206,-206,119,65,-65,121,123,121,124,120,123,40,41,41,43,41,42,16,74,96,5,3,6
15.4,,461,-16.175824175824175,-5.010989010989011,-1.6703296703296704,83.12087912087912,13.406593406593407,2.562170308967596,2146,1789,2619,2813,2190,1482,-600,-100,0,500,150,0,-165,-192,-206,196,51,-65,121,123,121,124,120,123,40,41,41,43,41,42,17,72,95,4,3,7
15.4334,,462,-18.373626373626372,-4.923076923076923,-1.5824175824175823,84.35164835164835,13.406593406593407,2.562170308967596,2125,1786,2619,2829,2193,1482,-600,-50,0,450,50,0,-176,-181,-206,188,41,-65,121,123,121,124,120,123,40,41,41,43,41,42,18,70,94,12,2,8
15.4668,,463,-20.395604395604394,-4.923076923076923,-1.5824175824175823,85.49450549450549,13.406593406593407,2.562170308967596,2105,1785,2619,2844,2194,1482,-650,-50,0,500,50,0,-209,-174,-203,173,37,-65,121,123,121,124,120,123,40,41,41,43,41,42,29,69,93,8,1,8
15.5002,,464,-22.681318681318682,-4.923076923076923,-1.5824175824175823,86.63736263736264,13.406593406593407,2.562170308967596,2082,1785,2619,2860,2196,1482,-650,0,0,450,0,0,-293,-174,-203,157,-87,-65,121,123,121,124,120,123,40,41,41,43,41,42,14,72,92,11,0,8
15.5336,,465,-25.054945054945055,-4.923076923076923,-1.5824175824175823,87.51648351648352,13.406593406593407,2.4868123587038435,2058,1785,2619,2873,2196,1482,-650,0,0,400,0,0,-296,-174,-203,179,30,-65,121,123,121,124,120,123,40,41,41,43,41,42,14,72,91,5,0,8
15.567,,466,-27.252747252747252,-4.923076923076923,-1.5824175824175823,88.48351648351648,13.406593406593407,2.4868123587038435,2034,1785,2619,2886,2196,1482,-700,0,0,400,0,0,-215,-174,-203,156,30,-69,121,123,121,124,120,123,40,41,41,43,41,42,20,72,92,5,0,9
15.6004,,467,-29.186813186813186,-4.923076923076923,-1.5824175824175823,89.36263736263736,13.406593406593407,2.4868123587038435,2010,1785,2619,2898,2196,1482,-750,0,0,400,0,0,-236,-174,-203,154,30,-69,121,123,121,124,120,123,40,41,41,43,41,42,25,72,92,5,1,9
15.6338,,468,-30.857142857142858,-4.923076923076923,-1.5824175824175823,90.32967032967034,13.406593406593407,2.4868123587038435,1985,1785,2619,2908,2196,1482,-750,0,0,350,0,0,-225,-174,-203,134,30,-69,121,123,121,124,120,123,40,41,41,43,41,42,11,72,92,1,0,9
15.6673,,469,-32.35164835164835,-4.923076923076923,-1.5824175824175823,91.2967032967033,13.406593406593407,2.562170308967596,1960,1785,2619,2920,2196,1482,-750,0,0,400,0,0,-197,-174,-203,161,30,-69,121,123,121,124,120,123,40,41,41,43,41,42,3,72,92,3,0,9
15.7007,,470,-33.75824175824176,-4.835164835164835,-1.5824175824175823,92.52747252747253,13.406593406593407,2.637528259231349,1937,1785,2619,2931,2196,1482,-700,0,0,300,0,0,-248,-174,-203,66,30,-65,121,123,121,124,120,123,40,41,41,43,41,42,5,73,92,11,0,7
15.7341,,471,-35.07692307692308,-4.65934065934066,-1.5824175824175823,93.84615384615384,13.406593406593407,2.637528259231349,1914,1785,2619,2941,2196,1482,-700,0,0,300,0,0,-127,-171,-203,167,30,-62,121,123,121,124,120,123,40,41,41,43,41,42,7,69,92,5,0,5
15.7675,,472,-36.48351648351648,-4.395604395604396,-1.4945054945054945,95.34065934065934,13.406593406593407,2.4868123587038435,1894,1785,2619,2954,2196,1482,-600,0,0,350,0,0,-137,-164,-203,84,30,-62,121,123,121,124,120,123,40,41,41,43,41,42,4,62,92,18,0,5
15.8009,,473,-38.065934065934066,-4.395604395604396,-1.4945054945054945,96.83516483516483,13.406593406593407,2.4868123587038435,1877,1785,2619,2967,2196,1482,-450,0,0,400,0,0,-215,-153,-199,94,30,-69,121,123,121,124,120,123,40,41,41,43,41,42,7,56,90,9,1,9
15.8343,,474,-39.472527472527474,-4.835164835164835,-1.1428571428571428,97.0989010989011,13.406593406593407,2.4868123587038435,1863,1785,2619,2983,2196,1482,-450,0,0,450,0,0,-222,-153,-199,120,30,-69,121,123,121,124,120,123,40,41,41,43,41,42,13,57,90,22,1,9
15.8677,,475,-40.527472527472526,-5.186813186813187,-0.43956043956043955,97.0989010989011,13.406593406593407,2.4868123587038435,1846,1785,2619,2996,2196,1482,-500,0,0,450,0,0,-211,-171,-185,136,30,-69,121,123,121,124,120,123,40,41,41,43,41,42,13,71,76,3,0,8
15.9011,,476,-41.934065934065934,-6.153846153846154,0.3516483516483517,97.0989010989011,12.967032967032967,2.4868123587038435,1830,1785,2619,3005,2196,1482,-500,0,0,300,0,0,-93,-185,-149,-20,30,-69,121,123,122,124,121,123,40,41,41,43,41,42,11,83,55,1,1,9
15.9346,,477,-43.604395604395606,-6.945054945054945,1.5824175824175823,97.01098901098901,12.87912087912088,2.4868123587038435,1816,1784,2619,3010,2196,1482,-450,0,0,150,0,0,-215,-250,-104,76,0,-69,121,123,122,124,121,123,40,41,41,43,41,42,17,113,34,5,0,9
15.968,,478,-45.010989010989015,-7.824175824175824,2.989010989010989,97.01098901098901,12.87912087912088,2.4868123587038435,1800,1779,2619,3014,2196,1482,-450,-100,0,100,0,0,-138,-256,-49,-59,-23,-69,121,123,122,124,121,123,40,41,41,43,41,42,16,118,13,2,0,8
16.0016,,479,-46.24175824175824,-8.703296703296703,4.571428571428571,97.01098901098901,12.967032967032967,2.4868123587038435,1784,1772,2619,3016,2195,1482,-450,-200,0,100,0,0,-130,-273,36,55,-23,-69,121,123,122,124,121,123,40,41,41,43,41,42,13,96,2,2,0,8
16.0351,,480,-47.64835164835165,-9.582417582417582,6.241758241758242,96.92307692307692,13.142857142857142,2.4868123587038435,1769,1761,2624,3017,2195,1482,-450,-300,50,50,-50,0,-119,-171,83,48,0,-69,121,123,122,124,121,123,40,41,41,43,41,42,17,98,0,4,0,8
16.0685,,481,-48.879120879120876,-10.285714285714286,7.736263736263736,96.92307692307692,13.142857142857142,2.4868123587038435,1755,1750,2634,3018,2195,1482,-450,-350,250,0,0,0,-233,-255,28,41,23,-69,121,124,122,124,121,123,40,41,41,43,41,42,32,91,3,0,1,8
16.1019,,482,-49.934065934065934,-10.901098901098901,9.142857142857142,96.92307692307692,13.142857142857142,2.4868123587038435,1740,1739,2648,3019,2193,1482,-450,-350,450,0,0,0,-139,-258,141,37,27,-69,121,124,122,124,121,123,40,41,41,43,41,42,30,80,0,1,0,9
16.1353,,483,-51.16483516483517,-11.604395604395604,10.54945054945055,96.92307692307692,13.23076923076923,2.4868123587038435,1726,1729,2664,3019,2193,1482,-400,-300,450,0,-50,0,-123,-243,140,37,30,-69,121,124,122,124,121,123,40,41,41,43,41,42,18,73,0,1,0,9
16.1687,,484,-52.395604395604394,-12.307692307692308,11.956043956043956,96.92307692307692,13.23076923076923,2.4868123587038435,1713,1720,2681,3019,2193,1482,-400,-300,500,0,0,0,-122,-146,42,37,34,-69,121,124,122,124,121,123,40,41,41,43,41,42,28,67,0,1,1,9
16.2021,,485,-53.53846153846154,-13.186813186813186,13.274725274725276,96.92307692307692,13.23076923076923,2.4868123587038435,1700,1711,2697,3019,2192,1482,-400,-300,500,0,-50,0,-202,-219,34,37,37,-69,121,124,122,124,121,123,40,41,41,43,41,42,27,56,0,1,2,9
16.2356,,486,-54.857142857142854,-13.978021978021978,14.68131868131868,96.92307692307692,13.23076923076923,2.4868123587038435,1687,1703,2714,3019,2192,1482,-400,-250,500,0,0,0,-224,-253,49,37,37,-69,121,124,122,124,121,123,40,41,41,43,41,42,37,67,0,1,2,9
16.269,,487,-56.175824175824175,-14.68131868131868,15.824175824175825,96.92307692307692,13.23076923076923,2.4868123587038435,1674,1693,2731,3019,2192,1482,-400,-250,500,0,0,0,-229,-241,42,37,37,-69,121,124,122,124,121,123,40,41,41,43,41,42,30,61,0,1,2,9
16.3025,,488,-57.494505494505496,-15.12087912087912,16.791208791208792,96.92307692307692,13.23076923076923,2.4868123587038435,1661,1684,2747,3019,2192,1482,-350,-300,450,0,0,0,-229,-149,107,37,37,-69,121,124,122,124,121,123,40,41,41,43,41,42,43,67,0,1,2,9
16.336,,489,-58.72527472527472,-15.384615384615385,17.67032967032967,96.92307692307692,13.23076923076923,2.4868123587038435,1647,1676,2760,3019,2192,1482,-450,-300,450,0,0,0,-228,-203,89,37,37,-69,121,124,122,124,121,123,40,41,41,43,41,42,35,63,0,0,2,9
16.3694,,490,-59.51648351648352,-15.472527472527473,18.285714285714285,96.92307692307692,13.23076923076923,2.4868123587038435,1633,1669,2772,3019,2191,1482,-400,-250,350,0,-50,0,-218,-185,74,37,41,-69,121,124,122,124,121,123,40,41,41,43,41,42,29,54,0,0,3,9
16.4028,,491,-59.604395604395606,-15.472527472527473,18.725274725274726,96.92307692307692,13.23076923076923,2.4868123587038435,1620,1663,2781,3019,2191,1482,-350,-200,300,0,0,0,-133,-86,83,37,41,-69,122,124,122,124,121,123,40,41,41,43,41,42,36,50,0,0,3,9
16.4362,,492,-59.86813186813187,-15.472527472527473,19.252747252747252,96.92307692307692,13.23076923076923,2.4868123587038435,1608,1658,2790,3019,2191,1482,-400,-150,250,0,0,0,-72,-153,59,37,41,-69,122,124,122,125,121,123,40,41,41,43,41,42,27,39,0,1,3,9
16.4696,,493,-59.956043956043956,-15.472527472527473,19.86813186813187,96.92307692307692,13.23076923076923,2.4868123587038435,1600,1655,2797,3019,2191,1482,-300,-100,200,0,0,0,-136,-143,-70,37,41,-69,122,124,122,125,121,124,40,41,41,43,41,42,13,30,0,0,3,9
16.503,,494,-59.956043956043956,-15.56043956043956,20.747252747252748,96.92307692307692,13.23076923076923,2.4868123587038435,1594,1653,2804,3019,2190,1482,-200,-50,200,0,-50,0,-115,-132,48,37,44,-69,122,124,122,125,121,124,40,41,41,43,41,42,18,39,0,0,4,9
16.5365,,495,-60.13186813186813,-15.648351648351648,21.626373626373628,96.92307692307692,13.23076923076923,2.4868123587038435,1590,1652,2811,3019,2190,1482,-150,-50,200,0,0,0,-104,-132,61,37,44,-69,122,124,122,125,121,124,40,41,41,43,41,42,15,41,0,0,3,9
16.5699,,496,-60.83516483516483,-16.0,22.945054945054945,96.92307692307692,13.23076923076923,2.4868123587038435,1587,1651,2819,3019,2191,1482,-100,-50,200,0,50,0,20,-132,83,37,41,-69,122,124,122,125,121,124,40,41,41,43,41,42,14,41,0,0,2,9
16.6034,,497,-61.97802197802198,-16.615384615384617,24.52747252747253,96.92307692307692,13.23076923076923,2.4868123587038435,1584,1651,2828,3019,2192,1482,-100,0,300,0,0,0,-46,-146,109,37,37,-69,121,124,122,125,121,124,40,41,41,43,41,42,24,51,0,0,1,9
16.6368,,498,-63.2967032967033,-17.582417582417584,26.10989010989011,96.92307692307692,13.23076923076923,2.4868123587038435,1579,1650,2840,3019,2192,1482,-150,0,300,0,0,0,-169,-182,130,37,37,-69,121,124,122,124,121,123,40,41,41,43,41,42,19,77,0,0,1,9
16.6702,,499,-64.79120879120879,-18.9010989010989,27.86813186813187,96.92307692307692,13.31868131868132,2.4868123587038435,1572,1646,2855,3019,2192,1482,-200,-150,450,0,0,0,-190,-211,46,37,37,-69,121,124,122,124,121,123,40,41,41,43,41,42,29,76,0,0,2,9
16.7036,,500,-65.58241758241758,-20.13186813186813,29.274725274725274,96.65934065934066,13.31868131868132,2.4868123587038435,1562,1638,2873,3019,2192,1482,-300,-250,500,0,0,0,-237,-254,78,37,41,-69,121,124,122,124,121,123,40,41,41,43,41,42,56,68,0,0,2,9
16.737,,501,-65.58241758241758,-21.274725274725274,29.53846153846154,96.65934065934066,13.582417582417582,2.4868123587038435,1550,1626,2891,3019,2192,1482,-350,-350,550,0,0,0,-126,-174,66,27,41,-69,121,124,122,124,121,123,40,41,41,43,41,42,53,80,0,0,3,9
16.7704,,502,-65.58241758241758,-22.24175824175824,29.53846153846154,96.65934065934066,14.10989010989011,2.4868123587038435,1540,1613,2907,3019,2192,1482,-300,-350,550,0,0,0,-157,-257,72,27,51,-69,121,124,122,124,121,123,40,41,41,43,41,42,25,57,0,0,5,9
16.8038,,503,-65.58241758241758,-23.296703296703296,29.714285714285715,96.65934065934066,14.461538461538462,2.4868123587038435,1533,1601,2916,3019,2194,1482,-250,-350,250,0,100,0,-125,-242,34,27,68,-69,121,124,122,124,121,123,40,41,41,43,41,42,20,55,0,0,6,9
16.8373,,504,-65.58241758241758,-24.087912087912088,29.802197802197803,96.65934065934066,14.813186813186814,2.4868123587038435,1528,1590,2922,3019,2198,1482,-150,-350,150,0,50,0,-108,-240,0,27,65,-69,121,124,122,124,121,123,40,41,41,43,41,42,16,66,0,0,8,9
16.8707,,505,-65.67032967032966,-24.615384615384617,29.802197802197803,96.65934065934066,14.813186813186814,2.4868123587038435,1525,1577,2926,3019,2202,1482,-50,-400,200,0,100,0,-101,-159,-111,27,74,-69,121,124,122,124,121,123,40,41,41,43,41,42,22,43,2,0,8,9
16.9041,,506,-65.84615384615384,-24.87912087912088,29.802197802197803,96.65934065934066,14.813186813186814,2.4868123587038435,1523,1566,2927,3019,2205,1482,-100,-350,0,0,100,0,-97,-214,-30,27,58,-69,121,124,122,125,121,123,40,41,41,43,41,42,20,43,1,0,5,9
16.9376,,507,-66.02197802197803,-25.054945054945055,29.802197802197803,96.65934065934066,14.813186813186814,2.4868123587038435,1521,1557,2927,3019,2207,1482,-50,-300,0,0,50,0,-97,-90,-30,27,-69,-69,121,124,122,125,121,123,40,41,41,43,41,42,19,38,0,0,2,8
16.971,,508,-66.1978021978022,-25.494505494505493,29.802197802197803,96.65934065934066,14.989010989010989,2.4868123587038435,1519,1549,2927,3019,2208,1482,-100,-250,0,0,0,0,-93,-153,-30,27,44,-69,122,124,122,125,121,123,40,41,41,43,41,42,20,35,0,0,3,9
17.0044,,509,-66.46153846153847,-26.021978021978022,29.802197802197803,96.65934065934066,15.868131868131869,2.4868123587038435,1517,1543,2927,3019,2209,1482,-100,-200,0,0,50,0,-97,-61,-30,27,48,-69,122,124,122,125,121,124,40,41,41,43,41,42,11,28,0,0,3,9
17.0378,,510,-67.51648351648352,-26.54945054945055,29.802197802197803,96.65934065934066,17.36263736263736,2.4868123587038435,1515,1537,2927,3019,2212,1482,-50,-200,0,0,100,0,-97,-168,-30,27,100,-69,122,124,122,125,121,124,40,41,41,43,41,42,22,50,0,0,11,9
17.0712,,511,-68.48351648351648,-26.813186813186814,29.802197802197803,96.65934065934066,18.945054945054945,2.4868123587038435,1512,1532,2927,3019,2218,1482,-50,-150,0,0,100,0,-157,-164,-30,27,144,-69,122,124,122,125,121,123,40,41,41,43,41,42,36,47,1,0,18,9
17.1046,,512,-69.53846153846153,-26.813186813186814,29.802197802197803,96.65934065934066,19.912087912087912,2.4868123587038435,1507,1526,2927,3019,2227,1482,-150,-150,0,0,250,0,-162,-143,-30,27,83,-69,121,124,122,124,121,123,40,41,41,43,41,42,41,41,0,0,20,9
17.138,,513,-70.5934065934066,-26.813186813186814,29.802197802197803,96.65934065934066,20.35164835164835,2.4868123587038435,1499,1522,2927,3019,2239,1482,-200,-150,0,0,350,0,-97,-125,-30,27,152,-69,121,124,122,124,121,123,40,41,41,43,41,42,47,29,1,0,17,9
17.1714,,514,-71.73626373626374,-26.813186813186814,29.714285714285715,96.65934065934066,20.439560439560438,2.4868123587038435,1490,1519,2927,3019,2250,1482,-250,-100,0,0,300,0,-208,-30,-30,27,142,-69,121,124,122,125,121,123,40,41,41,43,41,42,53,23,0,0,8,9
17.2048,,515,-72.61538461538461,-26.813186813186814,29.626373626373628,96.57142857142857,20.439560439560438,2.4868123587038435,1481,1517,2927,3019,2258,1482,-300,-50,0,0,300,0,-220,-108,-34,27,101,-69,121,124,122,125,121,123,40,41,41,43,41,42,40,22,1,0,10,9
17.2382,,516,-73.05494505494505,-26.813186813186814,29.626373626373628,95.78021978021978,20.439560439560438,2.4868123587038435,1470,1517,2927,3019,2262,1482,-350,0,0,0,150,0,-117,-108,-37,23,79,-69,121,124,122,125,121,123,40,41,41,43,41,42,51,27,1,0,7,9
17.2716,,517,-72.96703296703296,-26.813186813186814,29.53846153846154,94.10989010989012,20.52747252747253,2.4868123587038435,1460,1517,2927,3019,2266,1482,-300,0,0,0,100,0,-171,-108,-37,-62,65,-69,122,124,122,125,121,124,40,41,41,43,41,42,27,28,2,2,4,9
17.305,,518,-72.7032967032967,-26.813186813186814,29.53846153846154,92.26373626373626,20.52747252747253,2.4868123587038435,1452,1517,2927,3015,2269,1482,-250,0,0,-50,100,0,-51,-108,-41,-124,58,-69,122,124,122,125,121,124,40,41,41,43,41,42,24,27,2,9,4,9
17.3384,,519,-72.61538461538461,-26.813186813186814,29.53846153846154,90.32967032967034,20.615384615384617,2.4868123587038435,1448,1517,2927,3005,2272,1482,-150,0,0,-250,50,0,-115,-108,-41,-165,51,-69,122,124,122,125,121,124,40,41,41,43,41,42,20,27,2,16,3,9
17.3718,,520,-72.61538461538461,-26.63736263736264,29.53846153846154,88.83516483516483,20.615384615384617,2.4868123587038435,1446,1517,2927,2993,2273,1482,-50,0,0,-400,50,0,-101,-108,-41,-122,48,-69,122,124,122,125,121,124,40,41,41,43,41,42,25,28,2,11,4,9
17.4052,,521,-72.61538461538461,-26.285714285714285,29.45054945054945,87.78021978021978,20.615384615384617,2.4868123587038435,1444,1517,2927,2976,2274,1482,-50,0,0,-500,0,0,-93,-101,-41,-123,44,-69,122,124,122,125,121,124,40,41,41,43,41,42,19,24,2,6,3,9
17.4386,,522,-72.61538461538461,-26.021978021978022,29.45054945054945,86.9010989010989,20.615384615384617,2.4868123587038435,1444,1517,2927,2959,2274,1482,-50,0,0,-500,0,0,-93,-86,-44,-96,44,-69,122,124,122,125,121,124,40,41,41,43,41,42,22,17,4,2,4,9
17.472,,523,-72.61538461538461,-25.846153846153847,29.53846153846154,86.54945054945055,20.703296703296704,2.4868123587038435,1444,1517,2927,2944,2274,1482,0,0,0,-450,0,0,-93,-76,-44,-69,44,-69,122,124,122,125,121,124,40,41,41,43,41,42,21,13,3,2,4,9
17.5054,,524,-72.52747252747253,-25.582417582417584,29.53846153846154,86.46153846153847,20.703296703296704,2.4868123587038435,1444,1517,2927,2933,2275,1482,0,0,0,-400,50,0,-93,-69,-41,-111,44,-69,122,124,122,125,121,124,40,41,41,43,41,42,22,10,3,1,4,9
17.5387,,525,-72.43956043956044,-24.967032967032967,29.53846153846154,86.46153846153847,20.703296703296704,2.4868123587038435,1444,1517,2927,2925,2277,1482,0,0,0,-250,50,0,-90,-58,-41,-90,37,-69,122,124,122,125,121,124,40,41,41,43,41,42,21,7,3,0,1,9
17.5721,,526,-72.26373626373626,-24.087912087912088,29.36263736263736,86.46153846153847,20.703296703296704,2.4868123587038435,1444,1517,2927,2920,2277,1482,0,0,0,-150,0,0,-86,-24,-41,52,37,-69,122,124,122,125,121,124,40,41,41,43,41,42,19,1,2,1,2,9
17.6055,,527,-72.26373626373626,-22.945054945054945,29.36263736263736,86.46153846153847,20.703296703296704,2.4868123587038435,1444,1517,2927,2917,2277,1482,0,0,0,-100,0,0,-79,50,-48,-58,37,-69,122,124,122,125,121,124,40,41,41,43,41,42,16,0,5,0,2,9
17.6389,,528,-72.26373626373626,-21.626373626373628,29.36263736263736,86.46153846153847,20.703296703296704,2.4868123587038435,1444,1523,2927,2914,2277,1482,0,150,0,-50,0,0,-79,94,-48,-44,37,-69,122,124,122,125,121,124,40,41,41,43,41,42,17,1,4,0,2,9
17.6723,,529,-72.17582417582418,-20.395604395604394,29.36263736263736,86.46153846153847,20.703296703296704,2.562170308967596,1444,1531,2927,2912,2277,1482,0,250,0,-100,0,0,-79,120,-48,-37,37,-69,122,124,122,125,121,124,40,41,41,43,41,42,17,0,4,0,1,9
17.7057,,530,-72.17582417582418,-19.076923076923077,29.36263736263736,86.46153846153847,20.703296703296704,2.637528259231349,1444,1543,2927,2910,2277,1482,0,350,0,-50,0,0,-76,35,-48,-30,37,-65,122,124,122,125,121,124,40,41,41,43,41,42,16,0,3,0,2,7
17.7391,,531,-72.17582417582418,-17.934065934065934,29.274725274725274,86.46153846153847,20.703296703296704,2.7128862094951014,1444,1556,2927,2907,2277,1482,0,400,0,-50,0,0,-76,122,-48,-23,37,-62,122,124,122,125,121,124,40,41,41,43,41,42,15,0,4,0,2,6
17.7724,,532,-72.17582417582418,-17.142857142857142,29.186813186813186,86.46153846153847,20.703296703296704,2.7882441597588548,1444,1572,2927,2906,2277,1482,0,450,0,-50,0,0,-76,105,-51,0,37,-58,122,124,122,125,121,124,40,41,41,43,41,42,16,0,4,0,1,4
17.8058,,533,-72.17582417582418,-16.87912087912088,29.0989010989011,86.37362637362638,20.703296703296704,2.7882441597588548,1444,1586,2927,2905,2277,1482,0,450,0,-50,0,0,-76,17,-55,0,37,-51,122,124,122,125,121,124,40,41,41,43,41,42,15,0,5,0,1,4
17.8392,,534,-72.08791208791209,-16.52747252747253,28.835164835164836,86.37362637362638,20.703296703296704,2.7882441597588548,1443,1596,2927,2905,2277,1482,0,400,0,0,0,0,-72,51,-58,0,37,-51,122,124,122,125,121,124,40,41,41,43,41,42,15,0,7,0,2,4
17.8726,,535,-71.64835164835165,-16.52747252747253,28.483516483516482,86.28571428571429,20.791208791208792,2.7128862094951014,1443,1604,2927,2905,2277,1482,0,250,0,0,0,0,-69,34,-69,0,37,-51,122,124,122,125,121,124,40,41,41,43,41,42,12,0,10,0,2,3
17.906,,536,-70.76923076923077,-16.439560439560438,27.86813186813187,86.28571428571429,20.791208791208792,2.562170308967596,1443,1609,2927,2905,2277,1482,0,150,0,0,0,0,-51,0,-83,0,41,-58,122,124,122,125,121,124,40,41,41,43,41,42,6,0,16,0,3,5
17.9394,,537,-69.62637362637362,-16.0,26.98901098901099,86.28571428571429,20.791208791208792,2.4868123587038435,1443,1613,2927,2905,2277,1482,0,100,0,0,0,0,41,-27,-127,0,41,-65,122,124,122,125,121,124,40,41,41,43,41,42,3,9,30,0,3,8
17.9728,,538,-68.21978021978022,-15.296703296703297,26.10989010989011,86.46153846153847,20.791208791208792,2.4868123587038435,1445,1615,2927,2905,2277,1482,50,0,0,0,0,0,79,0,-167,0,41,-69,122,124,122,125,121,124,40,41,41,43,41,42,5,1,50,0,3,9
18.0062,,539,-66.46153846153847,-14.417582417582418,25.054945054945055,86.46153846153847,20.791208791208792,2.4868123587038435,1449,1619,2926,2905,2277,1482,100,100,0,0,0,0,125,48,-105,0,41,-69,122,124,122,125,121,124,40,41,41,43,41,42,15,1,65,0,3,8
18.0396,,540,-64.79120879120879,-13.186813186813186,23.912087912087912,86.46153846153847,20.791208791208792,2.4868123587038435,1457,1625,2921,2905,2277,1482,100,200,-100,0,0,0,84,57,-224,0,41,-69,122,124,122,125,121,124,40,41,41,43,41,42,19,0,60,0,3,9
18.073,,541,-63.73626373626374,-11.692307692307692,22.505494505494507,86.54945054945055,20.791208791208792,2.4868123587038435,1471,1634,2915,2905,2277,1482,400,250,-150,0,0,0,183,-39,-239,0,41,-69,122,124,122,125,121,123,40,41,41,43,41,42,21,0,68,0,3,9
18.1063,,542,-63.032967032967036,-9.846153846153847,20.923076923076923,86.54945054945055,20.791208791208792,2.4868123587038435,1484,1645,2906,2905,2277,1482,450,300,-250,0,0,0,190,36,-201,23,41,-69,121,124,122,124,121,123,40,41,41,43,41,42,17,0,106,0,3,9
18.1397,,543,-62.505494505494504,-8.263736263736265,19.164835164835164,86.63736263736264,20.791208791208792,2.4868123587038435,1496,1658,2894,2905,2277,1482,350,350,-300,0,0,0,75,60,-222,23,41,-69,121,124,122,124,121,123,40,41,41,43,41,42,18,2,87,0,4,9
18.1731,,544,-61.97802197802198,-6.417582417582418,17.406593406593405,86.63736263736264,20.791208791208792,2.4868123587038435,1506,1674,2880,2905,2277,1482,300,500,-350,0,0,0,137,62,-328,27,41,-69,121,124,122,124,121,123,40,41,41,43,41,42,11,0,94,0,3,9
18.2065,,545,-61.714285714285715,-4.835164835164835,15.648351648351648,86.63736263736264,20.791208791208792,2.4114544084400906,1513,1693,2864,2905,2277,1482,250,550,-450,0,0,0,122,67,-337,27,41,-69,121,124,122,124,121,123,40,41,41,43,41,42,7,0,109,0,4,9
18.2399,,546,-61.0989010989011,-3.340659340659341,13.714285714285714,86.63736263736264,20.791208791208792,2.4114544084400906,1520,1714,2848,2905,2277,1482,150,650,-500,0,0,0,115,136,-366,27,41,-72,121,124,122,124,121,123,40,41,41,43,41,42,8,0,111,0,3,10
18.2733,,547,-60.395604395604394,-1.8461538461538463,11.868131868131869,86.63736263736264,20.791208791208792,2.4114544084400906,1527,1734,2829,2905,2277,1482,200,600,-550,0,0,0,130,64,-289,27,41,-72,121,124,122,124,121,123,40,41,41,43,41,42,21,0,107,0,3,10
18.3067,,548,-59.78021978021978,-0.5274725274725275,10.285714285714286,86.63736263736264,20.791208791208792,2.4114544084400906,1533,1755,2810,2905,2277,1482,150,600,-550,0,0,0,49,130,-293,27,41,-72,121,124,122,124,121,123,40,41,41,43,41,42,17,0,118,0,3,10
18.3401,,549,-59.16483516483517,0.5274725274725275,8.791208791208792,86.63736263736264,20.791208791208792,2.4114544084400906,1539,1775,2790,2905,2277,1482,200,650,-600,0,0,0,125,101,-280,27,41,-72,121,124,122,124,121,123,40,41,41,43,41,41,13,6,91,0,3,9
18.3735,,550,-58.72527472527472,1.4945054945054945,7.384615384615385,86.63736263736264,20.791208791208792,2.4114544084400906,1545,1790,2772,2905,2277,1482,150,550,-550,0,0,0,123,73,-351,27,41,-72,121,124,122,124,121,123,40,41,41,43,41,42,19,1,82,0,2,9
18.4069,,551,-58.37362637362637,2.2857142857142856,6.329670329670329,86.63736263736264,20.791208791208792,2.4114544084400906,1551,1803,2754,2905,2277,1482,200,350,-550,0,0,0,136,89,-367,27,41,-72,121,124,122,124,121,123,40,41,41,43,41,42,17,0,102,0,2,9
18.4403,,552,-58.285714285714285,2.989010989010989,5.450549450549451,86.63736263736264,20.791208791208792,2.4114544084400906,1557,1813,2736,2905,2277,1482,150,300,-500,0,0,0,115,-43,-337,27,41,-72,121,124,122,124,121,123,40,41,41,43,41,42,22,0,94,0,3,10
18.4737,,553,-58.285714285714285,3.4285714285714284,4.835164835164835,86.63736263736264,20.791208791208792,2.4114544084400906,1562,1823,2721,2905,2277,1482,200,300,-500,0,0,0,97,62,-220,27,41,-72,121,124,122,124,121,123,40,41,41,43,41,42,19,0,75,0,3,10
18.507,,554,-58.37362637362637,3.6043956043956045,4.395604395604396,86.72527472527473,20.791208791208792,2.4114544084400906,1566,1832,2707,2905,2277,1482,150,300,-450,0,0,0,83,-90,-176,27,41,-72,121,124,122,124,121,123,40,41,41,43,41,42,10,0,53,0,3,9
18.5404,,555,-58.72527472527472,3.6043956043956045,4.3076923076923075,86.72527472527473,20.791208791208792,2.4868123587038435,1568,1841,2696,2905,2277,1482,50,300,-350,0,0,0,-45,-30,-149,30,41,-72,121,124,122,124,121,123,40,41,41,43,41,42,9,30,52,0,3,10
18.5738,,556,-58.9010989010989,3.5164835164835164,3.956043956043956,86.72527472527473,20.967032967032967,2.4868123587038435,1569,1845,2688,2905,2277,1482,50,150,-250,0,0,0,51,-41,-217,30,41,-69,121,124,122,124,121,123,40,41,41,43,41,42,8,11,70,0,3,8
18.6072,,557,-58.989010989010985,3.4285714285714284,3.6043956043956045,86.72527472527473,21.582417582417584,2.4868123587038435,1570,1845,2683,2905,2278,1482,50,0,-150,0,50,0,44,-48,-210,30,44,-69,121,124,122,124,121,123,40,41,41,43,41,42,5,5,77,0,3,9
18.6406,,558,-58.989010989010985,3.4285714285714284,3.1648351648351647,86.81318681318682,21.846153846153847,2.4868123587038435,1570,1845,2677,2905,2281,1482,0,0,-150,0,50,0,41,-51,-203,30,-49,-69,121,124,122,124,121,123,40,41,41,43,41,42,4,5,74,0,1,9
18.674,,559,-58.989010989010985,3.5164835164835164,2.4615384615384617,86.72527472527473,21.934065934065934,2.4868123587038435,1570,1845,2671,2905,2285,1482,0,0,-200,0,150,0,41,-51,-199,34,55,-69,121,124,122,124,121,123,40,41,41,43,41,42,4,4,83,0,3,9
18.7074,,560,-58.989010989010985,3.6923076923076925,1.4945054945054945,86.72527472527473,21.934065934065934,2.4868123587038435,1570,1845,2666,2905,2288,1482,0,0,-150,0,100,0,41,-48,-147,30,51,-69,121,124,122,124,121,123,40,41,41,43,41,42,4,4,73,0,3,9
18.7408,,561,-58.989010989010985,3.6923076923076925,0.7912087912087912,86.72527472527473,21.934065934065934,2.562170308967596,1570,1845,2659,2905,2290,1482,0,0,-150,0,100,0,41,-41,-251,30,41,-69,121,124,122,124,121,123,40,41,41,43,41,42,4,2,93,0,2,9
18.7742,,562,-58.989010989010985,3.6923076923076925,0.08791208791208792,86.63736263736264,22.021978021978022,2.7882441597588548,1570,1845,2651,2905,2292,1482,0,0,-200,0,50,0,41,-41,-152,30,-83,-65,121,124,122,124,121,123,40,41,41,43,41,42,4,2,83,0,0,8
18.8076,,563,-58.989010989010985,3.78021978021978,-0.3516483516483517,86.63736263736264,22.46153846153846,2.8636021100226077,1570,1845,2644,2905,2292,1482,0,0,-250,0,0,0,41,-41,-150,27,37,-50,121,124,122,124,121,123,40,41,41,43,41,42,4,2,83,0,2,4
18.841,,564,-58.989010989010985,3.868131868131868,-0.6153846153846154,86.63736263736264,23.164835164835164,2.8636021100226077,1570,1845,2636,2905,2294,1482,0,0,-250,0,100,0,41,-37,-213,27,48,-48,121,124,122,124,121,123,40,41,41,43,41,42,4,2,62,0,4,3
18.8744,,565,-58.81318681318681,3.956043956043956,-0.7032967032967034,86.63736263736264,23.604395604395606,2.8636021100226077,1570,1845,2630,2905,2298,1482,0,0,-200,0,50,0,41,-34,-210,27,90,-48,121,124,122,124,121,123,40,41,41,43,41,42,4,1,56,0,8,3
18.9077,,566,-58.54945054945055,4.043956043956044,-0.8791208791208791,86.63736263736264,23.86813186813187,2.8636021100226077,1570,1845,2625,2905,2302,1482,0,0,-200,0,100,0,48,-30,-192,27,70,-48,122,124,122,125,121,123,40,41,41,43,41,42,6,0,51,0,4,3
18.9411,,567,-58.46153846153846,4.043956043956044,-0.8791208791208791,86.63736263736264,23.86813186813187,2.8636021100226077,1570,1845,2620,2905,2306,1482,0,0,-100,0,150,0,58,-27,-181,27,65,-48,122,124,122,125,121,123,40,41,41,43,41,42,9,0,65,0,1,3
18.9745,,568,-58.37362637362637,4.043956043956044,-0.8791208791208791,86.63736263736264,23.86813186813187,2.8636021100226077,1570,1845,2618,2905,2309,1482,0,0,-100,0,100,0,62,-27,-171,27,51,-48,122,124,122,125,121,124,40,41,41,43,41,42,11,0,66,0,0,4
19.0079,,569,-58.37362637362637,4.043956043956044,-0.8791208791208791,86.63736263736264,23.86813186813187,2.7882441597588548,1571,1845,2617,2905,2311,1482,50,0,-50,0,100,0,62,-27,-167,27,44,-48,122,124,122,125,121,124,40,41,41,43,41,42,10,0,62,0,1,3
19.0413,,570,-58.37362637362637,4.043956043956044,-0.8791208791208791,86.63736263736264,23.86813186813187,2.7882441597588548,1572,1845,2617,2905,2313,1482,50,0,0,0,100,0,58,-27,-167,27,41,-51,122,124,122,125,121,124,40,41,41,43,41,42,9,0,65,0,1,4
19.0747,,571,-58.37362637362637,4.043956043956044,-0.8791208791208791,86.63736263736264,23.86813186813187,2.7882441597588548,1572,1845,2617,2905,2314,1482,0,0,0,0,0,0,58,-27,-167,27,-83,-51,122,124,122,125,121,124,40,41,41,43,41,42,9,0,65,0,0,4
19.1082,,572,-58.37362637362637,4.043956043956044,-0.8791208791208791,86.72527472527473,23.86813186813187,2.7128862094951014,1572,1845,2617,2905,2314,1482,0,0,0,0,0,0,58,-27,-167,27,34,-51,122,124,122,125,121,124,40,41,41,43,41,42,9,0,65,0,0,4
19.1416,,573,-58.37362637362637,4.043956043956044,-0.7912087912087912,86.72527472527473,23.86813186813187,2.7128862094951014,1572,1845,2617,2905,2314,1482,0,0,0,0,0,0,58,-27,-167,30,34,-58,122,124,122,125,121,123,40,41,41,43,41,42,9,0,65,0,0,6
19.1751,,574,-58.37362637362637,4.043956043956044,-0.7912087912087912,86.81318681318682,23.86813186813187,2.637528259231349,1572,1845,2617,2905,2315,1482,0,0,0,0,0,0,58,-27,-164,30,30,-58,122,124,122,125,121,124,40,41,41,43,41,42,9,0,62,0,0,4
19.2085,,575,-58.46153846153846,4.043956043956044,-0.7032967032967034,86.81318681318682,23.86813186813187,2.637528259231349,1572,1845,2617,2905,2315,1482,0,0,0,0,0,0,58,-27,-164,34,30,-62,121,124,122,125,121,124,40,41,41,43,41,42,9,0,61,0,0,6
19.2419,,576,-58.46153846153846,4.043956043956044,-0.7032967032967034,86.81318681318682,23.86813186813187,2.637528259231349,1572,1845,2617,2905,2316,1482,0,0,0,0,0,0,55,-27,-160,34,30,-62,122,124,122,125,121,124,40,41,41,43,41,42,8,0,60,0,0,6
19.2753,,577,-58.46153846153846,4.043956043956044,-0.7032967032967034,86.81318681318682,23.86813186813187,2.637528259231349,1572,1845,2617,2905,2316,1482,0,0,0,0,50,0,55,-27,-160,34,27,-62,122,124,122,125,121,124,40,41,41,43,41,42,7,0,60,0,0,6
19.3086,,578,-58.37362637362637,4.043956043956044,-0.7912087912087912,86.72527472527473,23.86813186813187,2.637528259231349,1572,1845,2617,2905,2316,1482,0,0,0,0,0,0,55,-27,-160,34,27,-62,122,124,122,125,121,123,40,41,41,43,41,42,8,0,61,0,0,6
19.342,,579,-58.285714285714285,4.043956043956044,-0.7912087912087912,86.54945054945055,23.86813186813187,2.637528259231349,1572,1845,2617,2905,2316,1482,0,0,0,0,0,0,58,-27,-164,30,27,-62,122,124,122,125,121,123,40,41,41,43,41,42,8,0,61,0,0,5
19.3754,,580,-58.285714285714285,4.043956043956044,-0.8791208791208791,86.46153846153847,23.86813186813187,2.637528259231349,1573,1845,2617,2905,2316,1482,0,0,0,0,0,0,62,-27,-164,23,27,-62,122,124,122,125,121,123,40,41,41,43,41,42,9,0,61,0,0,4
19.4088,,581,-58.285714285714285,4.043956043956044,-0.8791208791208791,86.37362637362638,23.956043956043956,2.7128862094951014,1573,1845,2617,2905,2316,1482,50,0,0,0,0,0,58,-27,-167,0,27,-62,121,124,122,125,121,123,40,41,41,43,41,42,9,0,66,0,0,6
19.4422,,582,-58.1978021978022,4.131868131868132,-0.8791208791208791,86.37362637362638,23.956043956043956,2.7128862094951014,1573,1845,2617,2905,2316,1482,0,0,0,0,0,0,58,-27,-167,0,30,-58,121,124,122,125,121,123,40,41,41,43,41,42,10,0,65,0,1,4
19.4756,,583,-58.10989010989011,4.21978021978022,-0.8791208791208791,86.37362637362638,23.956043956043956,2.7128862094951014,1573,1846,2617,2905,2316,1482,0,0,0,0,0,0,62,-23,-167,0,30,-58,121,124,122,125,121,123,40,41,41,43,41,42,10,0,66,0,0,4
19.509,,584,-57.582417582417584,4.395604395604396,-0.967032967032967,86.28571428571429,23.86813186813187,2.7128862094951014,1573,1847,2617,2905,2316,1482,0,50,0,0,0,0,65,-27,-167,0,30,-58,121,124,122,125,121,123,40,41,41,43,41,42,11,0,66,0,0,4
19.5424,,585,-56.527472527472526,4.65934065934066,-1.3186813186813187,86.28571428571429,23.78021978021978,2.7128862094951014,1574,1849,2617,2905,2316,1482,0,0,0,0,0,0,93,-23,-171,0,27,-58,121,124,122,125,121,123,40,41,41,43,41,42,19,2,68,0,0,4
19.5758,,586,-55.472527472527474,5.538461538461538,-2.4615384615384617,86.28571428571429,23.34065934065934,2.637528259231349,1576,1852,2617,2905,2316,1482,50,50,0,0,0,0,140,-23,-185,0,23,-58,121,124,122,124,121,123,40,41,41,43,41,42,29,1,79,0,0,4
19.6091,,587,-53.89010989010989,6.769230769230769,-4.043956043956044,86.37362637362638,23.076923076923077,2.562170308967596,1582,1856,2616,2905,2316,1482,150,100,-50,0,0,0,150,42,-249,0,-27,-62,121,124,122,124,121,123,40,41,41,43,41,42,41,0,109,0,1,6
19.6425,,588,-52.21978021978022,8.0,-5.538461538461538,86.46153846153847,22.98901098901099,2.4868123587038435,1589,1866,2609,2907,2316,1482,250,250,-200,50,0,0,212,81,-304,-23,-37,-65,121,123,122,124,121,123,40,41,41,43,41,42,31,1,109,1,1,7
19.6759,,589,-50.72527472527472,8.791208791208792,-6.945054945054945,86.54945054945055,22.98901098901099,2.4868123587038435,1601,1877,2598,2907,2316,1482,250,350,-250,0,0,0,155,86,-324,0,-41,-69,121,123,122,124,121,123,40,41,41,43,41,42,40,0,108,0,0,9
19.7093,,590,-49.494505494505496,9.406593406593407,-7.912087912087912,86.54945054945055,22.98901098901099,2.4868123587038435,1614,1888,2584,2907,2314,1482,400,350,-350,0,-50,0,163,-57,-240,0,-37,-69,121,123,122,124,121,123,40,41,41,43,41,42,36,0,94,0,1,9
19.7427,,591,-48.26373626373626,9.67032967032967,-8.703296703296703,86.54945054945055,22.98901098901099,2.4868123587038435,1629,1899,2570,2907,2313,1482,450,300,-400,0,0,0,235,41,-215,0,-30,-69,121,123,122,124,121,123,40,41,41,43,41,42,51,7,70,0,0,9
19.7761,,592,-47.120879120879124,9.758241758241759,-9.23076923076923,86.54945054945055,22.98901098901099,2.4868123587038435,1645,1909,2557,2907,2313,1482,500,300,-450,0,-50,0,253,-23,-221,0,-30,-69,121,123,122,124,121,123,40,41,41,43,41,42,39,2,94,0,0,9
19.8095,,593,-46.065934065934066,9.758241758241759,-9.31868131868132,86.46153846153847,22.98901098901099,2.4868123587038435,1661,1914,2545,2907,2313,1482,500,200,-350,0,0,0,148,-37,-270,0,-30,-69,121,124,122,124,121,123,40,41,41,43,41,42,32,11,63,0,1,9
19.8428,,594,-44.83516483516483,9.758241758241759,-9.406593406593407,86.46153846153847,22.98901098901099,2.4868123587038435,1676,1916,2537,2907,2313,1482,500,100,-300,0,0,0,213,-48,-231,0,-30,-69,121,124,122,124,121,123,40,41,41,43,41,42,23,5,60,0,0,9
19.8762,,595,-43.252747252747255,9.758241758241759,-9.406593406593407,86.46153846153847,22.98901098901099,2.4868123587038435,1690,1916,2531,2907,2313,1482,450,0,-200,0,0,0,209,-48,-210,0,-30,-69,121,124,122,124,121,123,40,41,41,43,41,42,22,4,74,0,0,9
19.9096,,596,-41.40659340659341,9.758241758241759,-9.406593406593407,86.54945054945055,22.98901098901099,2.4868123587038435,1705,1916,2526,2907,2313,1482,450,0,-200,0,0,0,133,-48,-189,0,-30,-69,121,124,122,124,121,123,40,41,41,43,41,42,42,4,68,0,0,8
19.943,,597,-39.2967032967033,9.67032967032967,-9.406593406593407,86.54945054945055,22.98901098901099,2.4868123587038435,1721,1916,2523,2907,2314,1482,450,0,-150,0,0,0,261,-48,-181,0,-34,-69,121,124,122,124,121,123,40,41,41,43,41,42,38,4,55,0,1,8
19.9764,,598,-37.010989010989015,9.582417582417582,-9.406593406593407,86.54945054945055,22.98901098901099,2.4868123587038435,1737,1916,2521,2907,2314,1482,500,0,-50,0,0,0,197,-51,-171,0,-34,-69,121,124,122,124,121,123,40,41,41,43,41,42,38,5,61,0,1,9
20.0098,,599,-34.72527472527472,9.494505494505495,-9.406593406593407,86.54945054945055,22.98901098901099,2.4868123587038435,1756,1916,2521,2907,2315,1482,550,0,0,0,0,0,218,-55,-171,0,-37,-69,121,124,122,124,121,123,40,41,41,43,41,42,43,6,67,0,2,9
20.0432,,600,-32.527472527472526,9.406593406593407,-9.406593406593407,86.54945054945055,22.98901098901099,2.4868123587038435,1777,1916,2521,2907,2315,1482,600,0,0,0,0,0,233,-58,-171,0,-37,-69,121,124,122,124,121,123,40,41,41,43,41,42,50,7,68,0,1,9
20.0766,,601,-30.417582417582416,9.31868131868132,-9.406593406593407,86.54945054945055,22.98901098901099,2.4868123587038435,1799,1916,2521,2907,2315,1482,650,0,0,0,0,0,345,-62,-171,0,-37,-69,121,124,122,124,121,123,40,41,41,43,41,42,50,8,68,0,2,9
20.1099,,602,-28.571428571428573,9.142857142857142,-9.406593406593407,86.54945054945055,22.9010989010989,2.4868123587038435,1823,1916,2521,2907,2316,1482,700,0,0,0,50,0,344,-65,-171,0,-41,-69,121,123,122,124,121,123,40,41,41,43,41,42,39,9,68,0,3,8
20.1433,,603,-26.725274725274726,9.054945054945055,-9.406593406593407,86.54945054945055,22.9010989010989,2.4868123587038435,1848,1916,2521,2908,2315,1482,700,0,0,50,0,0,240,-72,-171,0,-41,-69,121,123,122,124,121,123,40,41,41,43,41,42,39,12,68,0,1,9
20.1767,,604,-24.791208791208792,8.87912087912088,-9.406593406593407,86.54945054945055,22.9010989010989,2.4868123587038435,1871,1916,2521,2908,2315,1482,700,0,0,0,-50,0,310,-76,-171,0,-41,-69,121,124,122,124,121,123,40,41,41,43,41,42,27,14,67,0,1,9
20.2101,,605,-23.032967032967033,8.791208791208792,-9.406593406593407,86.54945054945055,22.9010989010989,2.4868123587038435,1894,1916,2521,2908,2314,1482,700,0,0,0,-50,0,299,-83,-171,0,-37,-69,121,124,122,124,121,123,40,41,41,43,41,42,28,16,67,0,1,9
20.2434,,606,-21.36263736263736,8.791208791208792,-9.406593406593407,86.46153846153847,22.9010989010989,2.4868123587038435,1917,1916,2521,2908,2314,1482,700,0,0,0,0,0,314,-86,-171,0,-37,-69,121,124,122,124,121,123,40,41,41,43,41,42,19,18,67,0,2,9
20.2768,,607,-19.78021978021978,8.703296703296703,-9.406593406593407,86.46153846153847,22.9010989010989,2.4868123587038435,1937,1916,2521,2908,2314,1482,650,0,0,0,0,0,212,-86,-171,-23,-37,-69,121,124,122,124,121,123,40,41,41,43,41,42,30,18,67,0,1,9
20.3102,,608,-18.285714285714285,8.703296703296703,-9.406593406593407,86.54945054945055,22.98901098901099,2.4868123587038435,1958,1916,2521,2908,2314,1482,600,0,0,0,0,0,281,-90,-171,-23,-37,-69,121,124,122,124,121,123,40,41,41,43,41,42,34,18,67,0,2,9
20.3436,,609,-16.791208791208792,8.615384615384615,-9.406593406593407,86.63736263736264,22.98901098901099,2.4868123587038435,1979,1916,2521,2909,2314,1482,600,0,0,50,0,0,176,-90,-171,-23,-34,-69,121,124,122,124,121,123,40,41,41,43,41,42,25,18,67,0,1,9
20.377,,610,-14.945054945054945,8.351648351648352,-9.406593406593407,86.72527472527473,22.98901098901099,2.4868123587038435,1998,1916,2521,2909,2314,1482,600,0,0,0,0,0,248,-93,-171,0,-34,-69,121,124,122,124,121,123,40,41,41,43,41,42,25,21,67,0,1,8
20.4104,,611,-13.274725274725276,8.351648351648352,-9.31868131868132,86.72527472527473,22.9010989010989,2.4868123587038435,2015,1916,2521,2909,2314,1482,550,0,0,0,0,0,282,-105,-171,0,-34,-69,121,123,122,124,121,123,40,41,41,43,41,42,37,25,68,0,1,9
20.4438,,612,-11.604395604395604,8.351648351648352,-9.31868131868132,86.72527472527473,22.9010989010989,2.4868123587038435,2033,1916,2521,2909,2314,1482,550,0,0,0,0,0,282,-104,-167,0,-37,-69,121,123,122,124,121,123,40,41,41,43,41,42,39,25,65,0,2,9
20.4772,,613,-9.758241758241759,8.263736263736265,-9.31868131868132,86.72527472527473,22.9010989010989,2.4868123587038435,2052,1916,2521,2909,2314,1482,550,0,0,0,0,0,277,-104,-167,0,-37,-69,121,123,122,124,121,123,40,41,41,43,41,42,46,24,65,0,2,9
20.5106,,614,-8.0,8.175824175824175,-9.31868131868132,86.72527472527473,22.9010989010989,2.562170308967596,2070,1916,2521,2909,2314,1482,550,0,0,0,0,0,281,-108,-167,0,-37,-69,121,123,122,124,121,123,40,41,41,43,41,42,40,27,65,0,2,9
20.544,,615,-6.5054945054945055,8.0,-9.31868131868132,86.72527472527473,22.9010989010989,2.637528259231349,2090,1916,2521,2909,2314,1482,550,0,0,0,0,0,303,-111,-167,0,-37,-65,121,124,122,124,121,123,40,41,41,43,41,42,49,29,65,0,1,8
20.5774,,616,-4.835164835164835,7.912087912087912,-9.31868131868132,86.72527472527473,22.9010989010989,2.7128862094951014,2109,1916,2521,2909,2314,1482,550,0,0,0,0,0,204,-118,-167,0,-37,-62,121,124,122,124,121,123,40,41,41,43,41,42,43,32,65,0,2,6
20.6108,,617,-3.2527472527472527,7.824175824175824,-9.31868131868132,86.72527472527473,22.9010989010989,2.7882441597588548,2127,1916,2521,2910,2314,1482,550,0,0,0,0,0,286,-122,-167,0,-37,-58,121,124,122,124,121,123,40,41,41,43,41,42,45,34,65,0,2,4
20.6443,,618,-1.7582417582417582,7.472527472527473,-9.31868131868132,86.72527472527473,22.813186813186814,2.8636021100226077,2146,1916,2521,2910,2314,1482,550,0,0,0,0,0,188,-125,-167,0,-37,-51,121,124,122,124,121,123,40,41,41,43,41,42,33,36,65,0,2,3
20.6777,,619,-0.3516483516483517,7.208791208791209,-9.31868131868132,86.72527472527473,22.813186813186814,2.8636021100226077,2165,1916,2521,2910,2314,1482,600,0,0,0,0,0,175,-139,-167,0,-41,-48,121,123,122,124,121,123,40,41,41,43,41,42,39,46,65,0,3,3
20.7112,,620,0.967032967032967,7.1208791208791204,-9.31868131868132,86.72527472527473,22.813186813186814,2.8636021100226077,2184,1916,2521,2910,2314,1482,550,0,0,0,0,0,190,-152,-167,0,-41,-48,121,123,122,124,121,123,40,41,41,43,41,42,30,55,65,0,3,4
20.7446,,621,2.197802197802198,6.945054945054945,-9.31868131868132,86.72527472527473,22.813186813186814,2.8636021100226077,2200,1916,2521,2910,2314,1482,500,0,0,0,0,0,263,-153,-167,0,-41,-48,121,123,122,124,121,123,40,41,41,43,41,42,37,54,65,0,3,3
20.7781,,622,3.6043956043956045,6.417582417582418,-9.23076923076923,86.72527472527473,22.813186813186814,2.8636021100226077,2217,1916,2521,2910,2314,1482,500,0,0,0,0,0,245,-160,-167,0,-41,-48,121,123,122,124,121,123,40,41,41,43,41,42,40,60,65,0,3,3
20.8115,,623,4.923076923076923,6.241758241758242,-9.23076923076923,86.72527472527473,22.813186813186814,2.8636021100226077,2233,1916,2521,2910,2314,1482,500,0,0,0,0,0,154,-186,-164,0,-41,-48,121,123,122,124,121,123,40,41,41,43,41,42,29,79,60,0,3,3
20.8449,,624,6.241758241758242,5.978021978021978,-9.23076923076923,86.81318681318682,22.46153846153846,2.8636021100226077,2249,1916,2521,2910,2314,1482,500,0,0,0,0,0,142,-189,-164,0,-41,-48,121,123,122,124,121,123,40,41,41,43,41,42,34,85,61,0,3,2
20.8784,,625,7.736263736263736,5.802197802197802,-9.23076923076923,86.81318681318682,21.318681318681318,2.8636021100226077,2263,1916,2521,2910,2314,1482,450,0,0,0,0,0,253,-200,-164,0,-60,-48,121,123,121,124,121,123,40,41,41,43,41,42,36,93,61,0,7,3
20.9118,,626,9.23076923076923,5.450549450549451,-9.23076923076923,86.81318681318682,19.912087912087912,2.8636021100226077,2278,1916,2521,2910,2314,1482,450,0,0,0,0,0,257,-206,-164,0,-127,-48,121,123,121,124,120,123,40,41,41,43,41,42,40,99,61,0,20,2
20.9452,,627,10.54945054945055,5.010989010989011,-9.23076923076923,86.81318681318682,18.505494505494507,2.8636021100226077,2294,1916,2521,2910,2306,1482,450,0,0,0,-200,0,170,-220,-164,0,-70,-48,121,123,121,124,120,123,40,41,41,43,41,42,38,110,62,0,21,3
20.9787,,628,11.868131868131869,4.483516483516484,-9.23076923076923,86.81318681318682,17.714285714285715,2.8636021100226077,2309,1916,2521,2910,2296,1482,450,0,0,0,-300,0,247,-238,-164,0,-175,-48,121,123,121,124,120,123,40,41,41,43,41,42,40,130,61,0,17,3
21.0122,,629,13.010989010989011,3.78021978021978,-9.23076923076923,86.81318681318682,17.274725274725274,2.8636021100226077,2325,1912,2521,2910,2284,1482,500,-50,0,0,-350,0,180,-245,-164,0,-172,-48,121,123,121,124,120,123,40,41,41,43,41,42,35,127,61,0,14,2
21.0457,,630,13.802197802197803,3.340659340659341,-9.142857142857142,86.9010989010989,17.274725274725274,2.8636021100226077,2341,1907,2521,2910,2274,1482,500,-150,0,0,-300,0,162,-283,-164,0,-141,-48,121,123,121,124,120,123,40,41,41,43,41,42,36,123,61,0,5,3
21.0791,,631,14.241758241758241,2.8131868131868134,-9.054945054945055,86.98901098901099,17.274725274725274,2.8636021100226077,2356,1901,2521,2910,2266,1482,450,-150,0,0,-250,0,213,-260,-160,0,-101,-48,121,123,121,124,120,123,40,41,41,43,41,42,25,115,59,0,4,3
21.1125,,632,14.857142857142858,2.2857142857142856,-8.967032967032967,86.98901098901099,17.274725274725274,2.8636021100226077,2369,1894,2521,2911,2262,1482,400,-200,0,50,-150,0,79,-262,-157,0,37,-48,121,123,121,124,120,123,40,41,41,43,41,42,24,118,56,0,6,3
21.146,,633,15.736263736263735,1.7582417582417582,-8.87912087912088,87.07692307692308,17.274725274725274,2.8636021100226077,2380,1887,2521,2911,2259,1482,300,-200,0,0,-100,0,153,-249,-153,0,-69,-48,121,123,121,124,120,123,40,41,41,43,41,42,30,98,53,0,8,4
21.1795,,634,16.615384615384617,1.1428571428571428,-8.87912087912088,87.07692307692308,16.835164835164836,2.8636021100226077,2389,1881,2521,2911,2256,1482,300,-200,0,0,-50,0,186,-245,-150,23,-62,-48,121,123,121,124,120,123,40,41,41,43,41,42,20,110,51,0,7,3
21.2129,,635,17.582417582417584,0.3516483516483517,-8.87912087912088,87.16483516483517,15.868131868131869,2.8636021100226077,2398,1875,2521,2911,2254,1482,250,-200,0,0,-50,0,94,-185,-150,23,-81,-48,121,123,121,124,120,123,40,41,41,43,41,42,31,103,52,0,12,4
21.2464,,636,18.725274725274726,-0.7032967032967034,-8.87912087912088,87.16483516483517,14.725274725274724,2.7882441597588548,2407,1868,2521,2911,2251,1482,250,-150,0,0,-100,0,184,-194,-150,27,-120,-48,121,123,121,124,120,123,40,41,41,43,41,42,36,106,52,0,16,3
21.2798,,637,19.86813186813187,-1.7582417582417582,-8.87912087912088,87.16483516483517,13.758241758241759,2.7128862094951014,2417,1859,2521,2911,2243,1482,300,-250,0,0,-150,0,194,-292,-150,27,-136,-51,121,123,121,124,120,123,40,41,41,43,41,42,35,112,52,0,21,4
21.3133,,638,20.923076923076923,-3.1648351648351647,-8.791208791208792,87.16483516483517,13.054945054945055,2.7128862094951014,2429,1851,2521,2911,2234,1482,300,-250,0,0,-250,0,192,-296,-150,27,-137,-58,121,123,121,124,120,123,40,41,41,43,41,42,30,152,52,0,25,5
21.3467,,639,21.714285714285715,-4.395604395604396,-8.791208791208792,87.16483516483517,12.615384615384615,2.7128862094951014,2439,1840,2521,2911,2225,1482,350,-300,0,0,-300,0,216,-339,-146,27,-146,-58,121,123,121,124,120,123,40,41,41,43,41,42,38,130,50,0,11,4
21.3802,,640,22.32967032967033,-5.802197802197802,-8.703296703296703,87.16483516483517,12.527472527472527,2.7128862094951014,2451,1826,2521,2911,2217,1482,300,-400,0,0,-250,0,193,-336,-146,27,-122,-58,121,123,121,124,120,123,40,41,41,43,41,42,29,122,50,0,8,4
21.4136,,641,22.681318681318682,-7.208791208791209,-8.615384615384615,87.25274725274726,12.527472527472527,2.7128862094951014,2462,1813,2521,2911,2211,1482,300,-400,0,0,-200,0,87,-344,-143,27,-93,-58,121,123,121,124,120,123,40,41,41,43,41,42,30,122,46,0,2,5
21.447,,642,22.76923076923077,-8.703296703296703,-8.615384615384615,87.25274725274726,12.527472527472527,2.637528259231349,2471,1798,2521,2912,2207,1482,300,-450,0,0,-150,0,139,-253,-139,27,-76,-58,121,123,121,124,120,123,40,41,41,43,41,42,26,124,44,0,7,4
21.4804,,643,22.76923076923077,-10.197802197802197,-8.615384615384615,87.34065934065934,12.527472527472527,2.637528259231349,2479,1782,2521,2912,2204,1482,200,-450,0,0,-50,0,122,-341,-139,27,-69,-62,121,123,121,124,120,123,40,41,41,43,41,42,8,120,44,0,8,6
21.5138,,644,22.76923076923077,-11.692307692307692,-8.615384615384615,87.6923076923077,12.527472527472527,2.637528259231349,2485,1765,2521,2912,2203,1482,200,-500,0,0,-100,0,97,-363,-139,30,-62,-62,121,123,121,124,120,123,40,41,41,43,41,42,14,123,44,0,6,6
21.5472,,645,22.76923076923077,-13.362637362637363,-8.615384615384615,87.95604395604396,12.527472527472527,2.7882441597588548,2489,1749,2521,2914,2201,1482,150,-500,0,50,-50,0,83,-359,-139,-69,-55,-62,121,123,122,124,120,123,40,41,41,43,41,42,12,110,44,1,4,6
21.5806,,646,22.681318681318682,-14.945054945054945,-8.615384615384615,87.95604395604396,12.527472527472527,2.7882441597588548,2491,1731,2521,2917,2200,1482,50,-500,0,100,-50,0,72,-274,-139,41,-51,-51,121,123,122,124,120,123,40,41,41,43,41,42,11,109,44,1,4,3
21.614,,647,22.681318681318682,-16.175824175824175,-8.615384615384615,87.95604395604396,12.527472527472527,2.8636021100226077,2492,1713,2521,2920,2200,1482,0,-500,0,100,0,0,65,-264,-139,30,-51,-51,121,123,122,124,121,123,40,41,41,43,41,42,5,101,44,0,4,4
21.6474,,648,22.681318681318682,-17.23076923076923,-8.615384615384615,87.95604395604396,12.615384615384615,2.8636021100226077,2493,1695,2521,2921,2200,1482,50,-550,0,50,0,0,62,-271,-139,23,-51,-48,121,123,122,124,121,123,40,41,41,43,41,42,9,103,45,0,4,3
21.6808,,649,22.681318681318682,-17.846153846153847,-8.615384615384615,87.95604395604396,12.703296703296703,2.93896006028636,2493,1677,2521,2922,2200,1482,0,-550,0,50,0,0,62,-239,-139,0,-48,-48,121,123,122,124,121,123,40,41,41,43,41,42,10,78,45,0,4,3
21.7142,,650,22.681318681318682,-17.846153846153847,-8.615384615384615,87.95604395604396,12.703296703296703,2.93896006028636,2494,1660,2521,2922,2199,1482,50,-500,0,0,0,0,58,-187,-139,0,-44,-44,121,124,122,124,121,123,40,41,41,43,41,42,8,47,45,0,2,2
21.7476,,651,22.681318681318682,-17.846153846153847,-8.615384615384615,87.95604395604396,12.615384615384615,2.93896006028636,2494,1648,2521,2922,2199,1482,0,-450,0,0,0,0,58,-213,-139,0,-41,-44,121,124,122,124,121,123,40,41,41,43,41,42,9,35,44,0,3,2
21.7811,,652,22.681318681318682,-17.582417582417584,-8.615384615384615,87.95604395604396,12.615384615384615,2.93896006028636,2494,1638,2521,2922,2199,1482,0,-300,0,0,0,0,58,-174,-139,0,-44,-44,121,124,122,124,121,123,40,41,41,43,41,42,10,41,45,0,3,2
21.8145,,653,22.681318681318682,-17.23076923076923,-8.615384615384615,87.95604395604396,12.615384615384615,2.93896006028636,2494,1632,2521,2922,2199,1482,0,-200,0,0,0,0,58,-146,-139,0,-44,-44,121,124,122,124,121,123,40,41,41,43,41,42,10,30,45,0,4,2
21.848,,654,22.681318681318682,-17.054945054945055,-8.615384615384615,87.95604395604396,12.527472527472527,2.93896006028636,2494,1629,2521,2922,2199,1482,0,-100,0,0,0,0,58,-117,-139,0,-44,-44,121,124,122,125,121,123,40,41,41,43,41,42,9,27,45,0,4,2
21.8814,,655,22.681318681318682,-16.967032967032967,-8.615384615384615,87.86813186813187,12.527472527472527,2.93896006028636,2494,1628,2521,2922,2199,1482,0,-100,0,0,0,0,58,-108,-139,0,-48,-44,121,124,122,125,121,123,40,41,41,43,41,42,10,26,45,0,6,2
21.9148,,656,22.681318681318682,-16.87912087912088,-8.615384615384615,87.6923076923077,12.43956043956044,2.93896006028636,2494,1628,2521,2922,2198,1482,0,0,0,0,-50,0,58,-104,-139,0,-44,-44,121,124,122,125,121,123,40,41,41,43,41,42,10,24,45,0,3,3
21.9482,,657,22.681318681318682,-16.791208791208792,-8.615384615384615,87.51648351648352,12.351648351648352,2.93896006028636,2494,1628,2521,2922,2198,1482,0,0,0,0,0,0,58,-101,-139,-23,-48,-44,121,124,122,125,121,123,40,41,41,43,41,42,10,23,45,0,4,3
21.9815,,658,22.681318681318682,-16.0,-8.791208791208792,87.42857142857143,12.351648351648352,2.93896006028636,2494,1628,2521,2922,2198,1482,0,0,0,0,0,0,58,-97,-139,-30,-51,-44,121,124,122,125,121,123,40,41,41,43,41,42,9,22,45,1,5,2
22.0149,,659,22.681318681318682,-14.68131868131868,-8.967032967032967,87.25274725274726,12.351648351648352,3.014318010550113,2494,1628,2521,2922,2198,1482,0,0,0,0,0,0,58,-45,-146,-34,-51,-44,121,124,122,125,121,123,40,41,41,43,41,42,9,8,50,0,4,2
22.0483,,660,22.681318681318682,-13.010989010989011,-9.054945054945055,87.16483516483517,12.351648351648352,3.014318010550113,2494,1629,2521,2922,2197,1482,0,0,0,0,-50,0,58,45,-153,-41,-48,-41,121,124,122,125,121,123,40,41,41,43,41,42,9,1,55,1,4,1
22.0817,,661,22.76923076923077,-11.164835164835164,-9.142857142857142,87.07692307692308,12.351648351648352,3.014318010550113,2494,1635,2521,2922,2197,1482,0,200,0,0,0,0,58,90,-157,-44,-48,-41,121,124,122,125,121,123,40,41,41,43,41,42,10,0,58,2,4,1
22.1151,,662,22.76923076923077,-9.23076923076923,-9.23076923076923,86.98901098901099,12.351648351648352,3.014318010550113,2494,1644,2521,2922,2197,1482,0,250,0,0,0,0,62,56,-160,-48,-48,-41,121,124,122,125,121,123,40,41,41,43,41,42,10,5,59,3,4,1
22.1486,,663,22.76923076923077,-7.56043956043956,-9.23076923076923,86.28571428571429,12.351648351648352,3.014318010550113,2494,1659,2521,2922,2197,1482,0,400,0,0,0,0,62,173,-164,-51,-48,-41,121,124,122,125,121,123,40,41,41,43,41,42,10,1,62,4,4,0
22.182,,664,22.76923076923077,-6.241758241758242,-9.23076923076923,85.14285714285714,12.351648351648352,3.014318010550113,2494,1676,2521,2922,2197,1482,0,450,0,0,0,0,62,176,-164,-100,-48,-41,121,124,122,125,121,123,40,41,41,43,41,42,10,1,61,15,4,0
22.2154,,665,22.76923076923077,-5.362637362637362,-9.23076923076923,83.82417582417582,12.175824175824175,3.014318010550113,2494,1695,2521,2919,2197,1482,0,600,0,-50,0,0,62,150,-164,-144,-48,-41,121,124,122,125,121,123,40,41,41,43,41,42,10,0,61,20,4,0
22.2488,,666,22.76923076923077,-4.571428571428571,-9.23076923076923,82.24175824175825,11.736263736263735,3.014318010550113,2494,1716,2521,2911,2197,1482,0,600,0,-200,0,0,62,93,-164,-166,-55,-41,121,124,122,124,121,123,40,41,41,43,41,42,10,0,62,17,8,0
22.2822,,667,22.76923076923077,-3.78021978021978,-9.23076923076923,80.57142857142857,11.384615384615385,3.014318010550113,2494,1732,2521,2899,2197,1482,0,450,0,-300,0,0,62,-18,-164,-103,-83,-41,121,124,122,124,121,123,40,41,41,43,41,42,11,0,62,25,12,1
22.3156,,668,22.681318681318682,-2.989010989010989,-9.23076923076923,78.9010989010989,11.208791208791208,3.014318010550113,2494,1744,2522,2887,2194,1482,0,350,0,-400,-50,0,62,76,-167,-141,-79,-41,121,124,122,124,121,123,40,41,41,43,41,42,10,0,63,33,6,1
22.3491,,669,22.681318681318682,-1.934065934065934,-9.23076923076923,77.4065934065934,11.208791208791208,3.089675960813866,2494,1754,2522,2871,2191,1482,0,300,0,-450,-100,0,58,-53,-167,-240,-72,-41,121,124,122,125,121,123,40,41,41,43,41,42,9,0,65,30,8,1
22.3825,,670,22.505494505494507,-0.8791208791208791,-9.23076923076923,75.91208791208791,11.208791208791208,3.089675960813866,2494,1764,2522,2855,2188,1482,0,250,0,-500,-50,0,58,75,-167,-239,-62,-37,121,124,122,125,121,123,40,41,41,43,41,42,9,0,65,27,6,0
22.4159,,671,22.24175824175824,0.3516483516483517,-9.31868131868132,74.41758241758242,11.032967032967033,3.2403918613413714,2494,1774,2522,2838,2187,1482,0,300,0,-450,-50,0,51,69,-167,-145,-58,-37,121,124,122,124,121,123,40,41,41,43,41,42,7,0,65,20,5,0
22.4494,,672,21.978021978021978,1.4945054945054945,-9.406593406593407,73.18681318681318,10.945054945054945,4.1446872645064055,2494,1785,2522,2822,2186,1482,0,350,0,-450,-50,0,41,106,-171,-229,-62,-27,121,124,122,125,121,123,40,41,41,43,41,42,4,0,67,19,9,0
22.4828,,673,21.802197802197803,2.4615384615384617,-9.406593406593407,72.04395604395604,10.945054945054945,5.501130369253956,2494,1799,2522,2805,2184,1482,0,350,0,-500,0,0,30,98,-174,-239,-58,77,121,124,122,125,121,123,40,41,41,43,41,42,3,0,70,31,7,5
22.5162,,674,21.714285714285715,3.4285714285714284,-9.494505494505495,70.72527472527473,10.857142857142858,7.008289374529013,2494,1813,2522,2790,2183,1486,0,400,0,-450,0,100,23,-37,-174,-224,-55,60,121,124,122,125,121,123,40,41,41,43,41,42,1,0,69,22,6,15
22.5496,,675,21.626373626373628,4.21978021978022,-9.494505494505495,69.31868131868131,10.857142857142858,8.741522230595328,2494,1825,2522,2775,2183,1493,0,400,0,-500,0,100,0,-48,-178,-132,-58,208,121,124,122,124,121,123,40,41,41,43,41,42,0,1,74,29,8,16
22.5831,,676,21.626373626373628,5.186813186813187,-9.494505494505495,67.91208791208791,10.76923076923077,10.173323285606632,2494,1837,2522,2760,2183,1509,0,350,0,-400,0,450,0,-42,-178,-130,-58,243,121,124,122,124,121,123,40,41,41,43,41,42,0,0,72,16,7,15
22.6165,,677,21.626373626373628,6.153846153846154,-9.494505494505495,66.41758241758242,10.417582417582418,11.152976639035419,2494,1848,2522,2744,2183,1528,0,350,0,-450,0,550,0,-41,-178,-213,-62,162,121,124,122,124,121,123,40,41,41,43,41,42,0,2,72,25,9,26
22.65,,678,21.45054945054945,7.032967032967033,-9.494505494505495,64.92307692307692,9.538461538461538,11.605124340617936,2494,1859,2522,2729,2182,1546,0,300,0,-400,0,500,0,-52,-178,-155,-76,257,121,124,122,124,121,123,40,41,41,43,41,42,0,0,72,45,7,20
22.6834,,679,21.36263736263736,7.824175824175824,-9.582417582417582,63.86813186813187,8.835164835164836,11.680482290881688,2494,1869,2522,2715,2179,1562,0,300,0,-450,-100,500,-23,60,-178,-243,-118,112,121,123,122,124,121,123,40,41,41,43,41,42,1,0,72,32,14,16
22.7168,,680,21.274725274725274,8.527472527472527,-9.582417582417582,63.34065934065934,8.307692307692308,11.680482290881688,2493,1881,2522,2699,2172,1575,-50,350,0,-450,-150,400,-23,39,-181,-132,16,143,121,124,122,124,121,123,40,41,41,43,41,42,2,0,76,24,22,6
22.7502,,681,21.01098901098901,9.142857142857142,-9.582417582417582,63.07692307692308,7.78021978021978,11.680482290881688,2493,1891,2522,2684,2166,1584,0,300,0,-400,-200,300,-27,-61,-181,-79,-123,108,121,124,122,124,121,123,40,41,41,43,41,42,2,1,75,13,10,9
22.7837,,682,20.307692307692307,9.846153846153847,-9.758241758241759,62.989010989010985,7.516483516483516,11.680482290881688,2493,1903,2522,2674,2160,1589,0,350,0,-350,-200,200,-37,0,-181,-64,-114,86,121,124,122,124,121,123,40,41,41,43,41,42,3,0,75,17,15,2
22.8171,,683,19.692307692307693,10.989010989010989,-10.637362637362637,62.72527472527472,7.428571428571429,11.680482290881688,2490,1911,2522,2666,2154,1593,0,300,0,-250,-200,100,-71,25,-189,-118,-93,76,121,124,122,124,121,123,40,41,41,43,41,42,6,4,81,6,2,7
22.8505,,684,19.164835164835164,12.835164835164836,-12.219780219780219,62.72527472527472,7.428571428571429,11.680482290881688,2486,1920,2522,2660,2150,1596,-150,250,0,-200,-100,100,-65,0,-240,-104,-79,-55,121,123,122,124,121,123,40,41,41,43,41,42,3,1,117,13,4,3
22.884,,685,18.813186813186814,14.76923076923077,-14.505494505494505,62.72527472527472,7.252747252747253,11.75584024114544,2481,1932,2521,2656,2147,1598,-150,350,0,-150,-100,50,-92,77,-307,-86,-72,58,121,123,121,124,120,123,40,41,41,43,41,42,3,0,163,10,8,4
22.9174,,686,18.373626373626372,16.52747252747253,-16.967032967032967,62.72527472527472,6.9010989010989015,11.75584024114544,2475,1946,2514,2653,2144,1599,-150,400,-250,-100,-50,50,-70,123,-386,-76,-69,55,121,123,121,124,120,123,40,41,41,43,41,42,2,0,180,10,7,5
22.9509,,687,18.10989010989011,18.197802197802197,-19.428571428571427,62.81318681318681,6.725274725274725,11.75584024114544,2470,1967,2499,2652,2142,1600,-150,600,-400,-50,-100,50,-69,120,-346,-72,-72,51,121,123,121,124,120,123,40,41,41,43,41,42,4,0,190,7,10,4
22.9844,,688,17.934065934065934,19.516483516483518,-21.53846153846154,62.989010989010985,6.725274725274725,11.75584024114544,2464,1989,2480,2651,2139,1600,-150,650,-550,-50,-100,0,-55,17,-380,-65,-72,51,121,123,121,124,120,123,40,41,41,43,41,42,3,0,192,6,4,4
23.0178,,689,17.406593406593405,20.483516483516482,-23.208791208791208,62.989010989010985,6.725274725274725,11.75584024114544,2460,2009,2459,2650,2138,1600,-200,650,-600,-50,-50,0,-44,74,-384,-55,-65,51,121,123,121,124,120,123,40,41,41,43,41,42,1,1,192,4,8,4
23.0513,,690,16.87912087912088,21.186813186813186,-24.52747252747253,62.989010989010985,6.725274725274725,11.75584024114544,2456,2024,2439,2650,2136,1600,-100,500,-650,0,-50,0,-70,-42,-486,-55,-62,51,121,123,121,124,120,123,40,41,41,43,41,42,4,3,182,4,9,4
23.0848,,691,16.615384615384617,21.978021978021978,-25.494505494505493,62.989010989010985,6.725274725274725,11.75584024114544,2451,2037,2418,2650,2135,1600,-100,400,-600,0,0,0,-74,-74,-372,-55,-58,51,121,123,121,124,120,123,40,41,41,43,41,42,3,0,181,5,3,4
23.1182,,692,15.824175824175825,22.681318681318682,-26.46153846153846,62.9010989010989,6.725274725274725,11.75584024114544,2447,2048,2398,2650,2135,1600,-150,350,-600,0,-50,0,-55,36,-413,-55,-55,51,121,123,121,124,120,123,40,41,41,43,41,42,2,9,167,5,7,4
23.1517,,693,15.296703296703297,23.208791208791208,-27.428571428571427,62.9010989010989,6.725274725274725,11.75584024114544,2441,2058,2381,2650,2135,1600,-150,250,-550,0,0,0,-80,16,-387,-58,-55,51,121,123,121,124,120,123,40,41,41,43,41,42,0,5,149,5,7,4
23.1852,,694,15.208791208791208,24.087912087912088,-28.307692307692307,62.9010989010989,6.725274725274725,11.75584024114544,2435,2066,2365,2650,2135,1600,-200,250,-500,0,0,0,-62,-34,-358,-58,-55,51,121,123,121,124,120,123,40,41,41,43,41,42,2,1,136,5,7,4
23.2186,,695,14.857142857142858,25.054945054945055,-29.36263736263736,62.81318681318681,6.725274725274725,11.75584024114544,2430,2073,2352,2650,2135,1600,-150,200,-450,0,0,0,-51,41,-370,-58,-55,51,121,123,121,124,120,123,40,41,41,43,41,42,2,1,159,6,5,4
23.2521,,696,14.593406593406593,26.197802197802197,-30.593406593406595,62.81318681318681,6.725274725274725,11.75584024114544,2424,2082,2339,2650,2135,1600,-150,250,-350,0,0,0,73,0,-363,-62,-55,51,121,123,121,124,120,123,40,41,41,43,41,42,2,0,136,7,5,4
23.2855,,697,14.593406593406593,27.428571428571427,-31.912087912087912,62.81318681318681,6.725274725274725,11.75584024114544,2420,2092,2325,2650,2135,1600,-150,250,-400,0,0,0,-41,0,-274,-62,-55,51,121,123,121,124,120,123,40,41,41,43,41,42,1,0,139,7,6,4
23.3189,,698,14.593406593406593,28.483516483516482,-33.05494505494506,62.81318681318681,6.725274725274725,11.75584024114544,2416,2106,2311,2650,2135,1600,-100,400,-400,0,0,0,94,46,-358,-62,-55,51,121,123,122,124,120,123,40,41,41,43,41,42,0,2,138,7,6,4
23.3525,,699,14.593406593406593,29.36263736263736,-34.02197802197802,62.81318681318681,6.725274725274725,11.75584024114544,2414,2121,2297,2650,2135,1600,-100,450,-450,0,0,0,0,26,-342,-62,-55,51,121,123,122,124,121,123,40,41,41,43,41,42,0,1,144,7,6,4
23.3859,,700,14.593406593406593,30.153846153846153,-34.9010989010989,62.81318681318681,6.725274725274725,11.75584024114544,2412,2134,2284,2650,2135,1600,-50,350,-350,0,0,0,23,37,-359,-62,-55,51,121,123,121,124,121,123,40,41,41,43,41,42,0,3,139,7,5,4
23.4193,,701,14.68131868131868,30.945054945054945,-35.86813186813187,62.81318681318681,6.725274725274725,11.75584024114544,2412,2144,2274,2650,2135,1600,0,350,-350,0,0,0,23,29,-263,-62,-55,51,121,123,121,124,120,123,40,41,41,43,41,42,0,2,159,6,6,4
23.4528,,702,14.76923076923077,31.824175824175825,-36.747252747252745,62.81318681318681,6.725274725274725,11.75584024114544,2412,2153,2263,2650,2135,1600,0,300,-350,0,0,0,27,-101,-261,-62,-55,51,121,123,121,124,120,123,40,41,41,43,41,42,2,2,143,6,6,4
23.4863,,703,14.945054945054945,32.7032967032967,-37.89010989010989,62.81318681318681,6.725274725274725,11.75584024114544,2412,2161,2251,2650,2135,1600,0,250,-350,0,0,0,30,-95,-328,-62,-55,51,121,123,121,124,120,123,40,41,41,43,41,42,3,1,126,6,6,4
23.5197,,704,15.12087912087912,33.494505494505496,-39.2967032967033,62.72527472527472,6.725274725274725,11.75584024114544,2412,2172,2239,2650,2135,1600,0,350,-350,0,0,0,37,-20,-271,-62,-55,51,121,123,121,124,120,123,40,41,41,43,41,42,4,3,131,6,6,4
23.5532,,705,15.296703296703297,34.54945054945055,-40.879120879120876,62.72527472527472,6.725274725274725,11.75584024114544,2412,2181,2227,2650,2135,1600,0,250,-350,0,0,0,44,34,-285,-65,-55,51,121,123,121,124,120,123,40,41,41,43,41,42,6,9,158,9,6,4
23.5866,,706,15.384615384615385,35.51648351648352,-42.285714285714285,62.72527472527472,6.725274725274725,11.75584024114544,2412,2191,2214,2650,2135,1600,0,300,-400,0,0,0,51,39,-388,-65,-55,51,121,123,121,124,120,123,40,41,41,43,41,42,7,4,160,8,6,4
23.62,,707,15.472527472527473,36.395604395604394,-43.604395604395606,62.72527472527472,6.725274725274725,11.75584024114544,2412,2202,2201,2650,2135,1600,0,350,-400,0,0,0,55,-170,-303,-65,-55,51,121,123,121,124,120,123,40,41,41,43,41,42,8,3,148,8,6,4
23.6534,,708,15.824175824175825,37.18681318681319,-45.010989010989015,62.72527472527472,6.725274725274725,11.75584024114544,2412,2212,2186,2650,2135,1600,0,300,-450,0,0,0,58,-95,-295,-65,-55,51,121,123,121,124,120,123,40,41,41,43,41,42,9,10,167,8,6,4
23.6868,,709,16.263736263736263,37.89010989010989,-46.32967032967033,62.72527472527472,6.725274725274725,11.75584024114544,2412,2223,2170,2650,2135,1600,0,300,-450,0,0,0,78,37,-321,-65,-55,51,121,123,121,124,120,123,40,41,41,43,41,42,14,5,149,8,5,4
23.7202,,710,16.35164835164835,38.857142857142854,-47.91208791208791,62.637362637362635,6.725274725274725,11.75584024114544,2412,2233,2154,2650,2135,1600,0,250,-500,0,0,0,95,25,-312,-65,-55,51,121,123,121,124,120,123,40,41,41,43,41,42,21,2,155,9,6,4
23.7536,,711,16.791208791208792,39.64835164835165,-49.582417582417584,62.637362637362635,6.725274725274725,11.75584024114544,2412,2242,2140,2650,2135,1600,0,300,-400,0,0,0,93,30,-320,-69,-55,51,121,123,121,124,120,123,40,41,41,43,41,42,22,7,159,10,6,4
23.7869,,712,17.406593406593405,40.61538461538461,-51.252747252747255,62.637362637362635,6.725274725274725,11.75584024114544,2413,2252,2124,2650,2135,1600,0,300,-500,0,0,0,108,-22,-326,-69,-55,51,121,123,121,124,120,123,40,41,41,43,41,42,25,22,143,10,5,4
23.8204,,713,17.582417582417584,41.582417582417584,-52.92307692307692,62.637362637362635,6.637362637362638,11.75584024114544,2416,2261,2106,2650,2135,1600,50,250,-500,0,0,0,149,-94,-412,-69,-55,51,121,123,121,124,120,123,40,41,41,43,41,42,30,7,170,10,6,4
23.8539,,714,18.285714285714285,42.1978021978022,-54.32967032967033,62.637362637362635,6.637362637362638,11.75584024114544,2419,2272,2090,2650,2135,1600,100,300,-500,0,0,0,122,42,-441,-69,-58,51,121,123,121,124,120,122,40,41,41,43,41,42,32,1,195,9,8,4
23.8873,,715,18.9010989010989,42.81318681318681,-55.56043956043956,62.637362637362635,6.637362637362638,11.75584024114544,2423,2282,2071,2650,2135,1600,100,300,-550,0,0,0,67,-102,-425,-69,-58,51,121,123,121,124,120,122,40,41,41,43,41,42,29,4,198,10,8,4
23.9207,,716,19.34065934065934,42.9010989010989,-56.26373626373626,62.637362637362635,6.637362637362638,11.75584024114544,2427,2291,2053,2650,2135,1600,100,300,-550,0,0,0,65,-114,-404,-69,-58,51,121,123,121,124,120,122,40,41,41,43,41,42,39,6,182,10,8,4
23.954,,717,19.86813186813187,42.81318681318681,-56.7032967032967,62.637362637362635,6.637362637362638,11.75584024114544,2432,2297,2039,2650,2135,1600,150,250,-500,0,0,0,146,-62,-351,-69,-58,51,121,123,121,124,120,122,40,41,41,43,41,42,44,13,161,10,8,4
23.9875,,718,20.21978021978022,42.285714285714285,-56.79120879120879,62.637362637362635,6.637362637362638,11.75584024114544,2437,2300,2027,2650,2135,1600,150,100,-350,0,0,0,168,-72,-264,-69,-58,51,121,123,121,124,120,123,40,41,41,43,41,42,45,15,162,10,8,4
24.0208,,719,20.21978021978022,41.75824175824176,-56.79120879120879,62.637362637362635,6.637362637362638,11.75584024114544,2441,2300,2017,2650,2135,1600,150,0,-300,0,0,0,63,-111,-301,-69,-58,51,121,123,121,124,120,123,40,41,41,43,41,42,42,24,119,10,8,4
24.0544,,720,20.307692307692307,40.967032967032964,-56.79120879120879,62.637362637362635,6.637362637362638,11.75584024114544,2446,2300,2010,2650,2135,1600,150,0,-200,0,0,0,44,-128,-273,-69,-58,51,121,123,121,124,120,123,40,41,41,43,41,42,31,42,94,10,8,4
24.0878,,721,20.307692307692307,40.527472527472526,-56.79120879120879,62.637362637362635,6.637362637362638,11.75584024114544,2450,2300,2004,2650,2135,1600,150,0,-200,0,0,0,118,-168,-252,-69,-58,51,121,123,121,124,120,123,40,41,41,43,41,42,27,65,101,10,8,4
24.1211,,722,20.307692307692307,39.91208791208791,-56.79120879120879,62.81318681318681,6.725274725274725,11.75584024114544,2454,2300,2000,2650,2135,1600,100,0,-100,0,0,0,104,-167,-234,-69,-58,51,121,123,121,124,120,123,40,41,41,43,41,42,16,77,105,9,8,4
24.1546,,723,20.21978021978022,38.94505494505494,-56.61538461538461,63.16483516483517,6.725274725274725,11.75584024114544,2455,2300,1998,2650,2135,1600,100,0,-100,0,0,0,101,-212,-227,-62,-55,51,121,123,121,124,120,123,40,41,41,43,41,42,17,90,110,7,6,4
24.188,,724,20.13186813186813,37.8021978021978,-56.527472527472526,63.42857142857143,6.725274725274725,11.680482290881688,2456,2300,1998,2650,2135,1600,50,0,0,0,0,0,93,-256,-220,-48,-55,51,121,123,121,124,120,123,40,41,41,43,41,42,21,123,105,2,7,4
24.2214,,725,20.13186813186813,36.57142857142857,-56.43956043956044,63.86813186813187,6.725274725274725,11.680482290881688,2456,2300,1998,2650,2135,1600,0,0,0,0,0,0,90,-298,-217,-37,-55,48,121,123,121,124,120,122,40,41,41,43,41,42,20,170,103,1,5,3
24.2549,,726,19.956043956043956,34.989010989010985,-56.43956043956044,64.65934065934066,6.725274725274725,11.680482290881688,2456,2299,1998,2651,2135,1600,0,-50,0,0,0,0,90,-343,-213,-18,-55,48,121,123,121,123,120,122,40,41,41,43,41,42,20,227,99,0,6,3
24.2883,,727,19.604395604395606,33.40659340659341,-56.43956043956044,65.45054945054945,6.725274725274725,11.680482290881688,2456,2298,1998,2651,2135,1600,0,0,0,50,0,0,83,-406,-213,58,-55,48,120,122,121,123,120,122,40,41,41,43,41,42,17,293,99,3,6,4
24.3218,,728,19.34065934065934,31.824175824175825,-56.43956043956044,66.5934065934066,6.725274725274725,11.680482290881688,2456,2291,1998,2656,2135,1600,0,-200,0,100,0,0,65,-458,-213,-55,-55,48,120,122,120,123,119,122,40,41,41,43,41,42,11,313,99,1,6,3
24.3552,,729,18.9010989010989,30.24175824175824,-56.43956043956044,68.08791208791209,6.725274725274725,11.680482290881688,2456,2283,1998,2662,2135,1600,0,-200,0,150,0,0,58,-405,-213,20,-55,48,120,122,120,123,119,122,40,41,41,43,41,42,9,390,98,5,6,3
24.3886,,730,17.934065934065934,28.65934065934066,-56.43956043956044,70.02197802197803,6.725274725274725,11.680482290881688,2456,2270,1998,2671,2135,1600,0,-350,0,300,0,0,41,-510,-213,145,-55,48,120,122,120,123,119,121,40,41,41,43,41,42,4,378,98,7,6,3
24.422,,731,17.23076923076923,27.34065934065934,-56.43956043956044,72.13186813186813,6.813186813186813,11.680482290881688,2455,2255,1998,2684,2135,1600,0,-450,0,350,0,0,-44,-426,-213,177,-55,48,120,122,120,123,119,122,40,41,41,43,41,42,1,314,98,4,6,4
24.4554,,732,16.263736263736263,26.10989010989011,-56.43956043956044,74.41758241758242,6.813186813186813,11.680482290881688,2452,2238,1998,2699,2135,1600,-100,-500,0,400,0,0,-66,-440,-213,117,-51,48,120,122,120,123,119,122,40,41,41,43,41,42,1,294,98,10,5,3
24.4888,,733,15.208791208791208,24.791208791208792,-56.43956043956044,76.7032967032967,6.989010989010989,11.680482290881688,2448,2219,1998,2717,2134,1600,-150,-550,0,500,0,0,-100,-417,-213,230,-51,48,120,122,120,123,119,122,40,41,41,43,41,42,2,261,99,8,4,3
24.5221,,734,14.065934065934066,23.560439560439562,-56.43956043956044,78.72527472527473,7.164835164835165,11.680482290881688,2443,2200,1997,2737,2134,1600,-100,-600,0,600,-50,0,-115,-485,-210,268,-41,48,120,122,120,123,119,122,40,41,41,43,41,42,11,258,96,3,3,3
24.5555,,735,12.923076923076923,22.505494505494507,-56.43956043956044,80.74725274725274,7.164835164835165,11.680482290881688,2434,2181,1996,2760,2134,1600,-250,-600,-50,650,0,0,-131,-455,-206,179,-34,48,120,122,121,123,120,122,40,41,41,43,41,42,14,230,93,9,2,3
24.5889,,736,11.692307692307692,21.36263736263736,-56.43956043956044,82.5934065934066,7.164835164835165,11.680482290881688,2425,2162,1996,2784,2134,1600,-300,-550,0,750,0,0,-73,-420,-206,169,-34,48,120,122,121,123,120,122,40,41,41,43,41,42,17,186,94,9,1,3
24.6223,,737,10.285714285714286,20.21978021978022,-56.43956043956044,84.52747252747253,7.252747252747253,11.680482290881688,2414,2145,1996,2807,2134,1600,-350,-550,0,650,0,0,-168,-348,-206,158,-34,48,120,123,121,123,120,122,40,41,41,43,41,42,11,181,94,4,0,2
24.6558,,738,8.527472527472527,19.428571428571427,-56.43956043956044,86.28571428571429,7.516483516483516,11.680482290881688,2403,2129,1996,2829,2134,1600,-300,-500,0,650,0,0,-186,-331,-206,150,-30,48,120,123,121,123,120,122,40,41,41,43,41,42,19,175,94,8,1,3
24.6892,,739,6.593406593406593,18.54945054945055,-56.35164835164835,87.78021978021978,7.516483516483516,11.680482290881688,2391,2114,1996,2850,2134,1600,-400,-450,0,600,0,0,-211,-293,-206,169,0,48,120,123,121,123,120,122,40,41,41,43,41,42,27,146,94,7,0,2
24.7226,,740,4.3076923076923075,17.846153846153847,-56.35164835164835,89.53846153846153,7.604395604395604,11.680482290881688,2377,2100,1996,2872,2134,1600,-450,-400,0,700,0,0,-148,-279,-203,144,0,48,121,123,121,124,120,123,40,41,41,43,41,42,35,150,91,5,0,3
24.756,,741,1.2307692307692308,17.406593406593405,-56.35164835164835,91.47252747252747,7.604395604395604,11.680482290881688,2359,2087,1996,2892,2134,1600,-500,-400,0,600,0,0,-279,-241,-203,141,0,48,121,123,121,124,120,123,40,41,41,43,41,42,33,170,91,4,0,3
24.7894,,742,-1.8461538461538463,17.142857142857142,-56.35164835164835,93.4065934065934,7.604395604395604,11.680482290881688,2337,2077,1996,2911,2134,1600,-600,-350,0,600,0,0,-321,-241,-203,229,0,48,121,123,121,124,120,123,40,41,41,43,41,42,26,179,92,10,0,4
24.8228,,743,-4.747252747252747,16.87912087912088,-56.35164835164835,95.42857142857143,7.604395604395604,11.680482290881688,2315,2067,1995,2931,2134,1600,-650,-300,0,550,0,0,-269,-291,-199,257,0,48,121,123,121,124,120,123,40,41,41,43,41,42,41,117,85,8,0,3
24.8562,,744,-7.208791208791209,16.791208791208792,-56.35164835164835,96.83516483516483,7.604395604395604,11.680482290881688,2287,2060,1995,2952,2134,1600,-750,-200,0,600,0,0,-291,-273,-199,261,0,48,121,123,121,124,120,123,40,41,41,43,41,42,34,115,88,2,0,4
24.8896,,745,-9.23076923076923,16.703296703296704,-56.35164835164835,97.36263736263736,7.604395604395604,11.680482290881688,2257,2054,1995,2972,2134,1600,-850,-200,0,600,0,0,-282,-252,-199,234,0,48,121,123,121,124,120,123,40,41,41,43,41,42,38,118,88,5,0,3
24.923,,746,-10.461538461538462,15.912087912087912,-56.35164835164835,97.36263736263736,7.604395604395604,11.680482290881688,2225,2050,1995,2992,2134,1600,-950,-100,0,650,0,0,-284,-245,-199,69,0,48,121,123,121,124,120,123,40,41,41,43,41,42,17,130,88,1,0,3
24.9563,,747,-11.340659340659341,15.12087912087912,-56.26373626373626,97.36263736263736,7.604395604395604,11.680482290881688,2196,2046,1995,3007,2134,1600,-950,-100,0,450,0,0,-212,-285,-199,101,0,48,121,123,121,124,120,123,40,41,41,43,41,42,4,163,88,0,0,2
24.9897,,748,-12.395604395604396,14.32967032967033,-56.26373626373626,97.36263736263736,7.604395604395604,11.680482290881688,2170,2041,1995,3015,2134,1600,-800,-100,0,250,0,0,-139,-291,-196,-41,0,48,121,123,121,124,120,123,40,41,41,43,41,42,1,170,84,0,0,2
25.0231,,749,-13.802197802197803,13.362637362637363,-56.26373626373626,97.36263736263736,7.604395604395604,11.680482290881688,2148,2035,1995,3019,2134,1600,-650,-150,0,150,0,0,-187,-303,-196,58,0,48,121,123,121,124,120,123,40,41,41,43,41,42,0,137,85,0,0,3
25.0565,,750,-15.296703296703297,12.747252747252746,-56.175824175824175,97.36263736263736,7.516483516483516,11.680482290881688,2130,2027,1995,3022,2134,1600,-650,-200,0,100,0,0,-201,-307,-196,-73,0,48,121,123,121,124,120,123,40,41,41,43,41,42,0,166,85,0,0,2
25.0899,,751,-17.054945054945055,12.219780219780219,-56.08791208791209,97.45054945054945,7.516483516483516,11.680482290881688,2113,2017,1995,3024,2134,1600,-500,-300,0,50,0,0,-194,-223,-192,37,0,48,121,123,121,124,120,123,40,41,41,43,41,42,3,150,83,0,0,2
25.1233,,752,-18.9010989010989,11.780219780219781,-56.08791208791209,97.45054945054945,7.516483516483516,11.680482290881688,2098,2008,1995,3026,2134,1600,-450,-300,0,50,0,0,-208,-292,-189,-83,0,48,121,123,121,124,120,123,40,41,41,43,41,42,6,124,80,0,0,2
25.1567,,753,-20.571428571428573,11.252747252747254,-56.08791208791209,97.45054945054945,7.516483516483516,11.680482290881688,2083,1998,1995,3028,2134,1600,-400,-250,0,50,0,0,-229,-264,-189,30,0,48,121,123,121,124,120,123,40,41,41,43,41,42,20,100,79,0,0,3
25.1901,,754,-22.505494505494507,10.637362637362637,-56.08791208791209,97.45054945054945,7.516483516483516,11.680482290881688,2066,1990,1995,3028,2134,1600,-550,-250,0,50,0,0,-138,-255,-189,27,0,48,121,123,121,124,120,123,40,41,41,43,41,42,19,82,80,0,0,3
25.2236,,755,-24.35164835164835,10.197802197802197,-56.0,97.45054945054945,7.428571428571429,11.680482290881688,2047,1983,1995,3028,2134,1600,-550,-200,0,0,0,0,-172,-280,-189,27,0,48,121,123,121,124,121,123,40,41,41,43,41,42,20,114,80,0,0,3
25.257,,756,-25.846153846153847,9.934065934065934,-56.0,97.45054945054945,7.252747252747253,11.45440844009043,2027,1977,1995,3028,2134,1600,-600,-200,0,0,0,0,-261,-172,-185,27,-23,48,121,123,121,124,121,123,40,41,41,43,41,42,14,102,77,0,0,3
25.2904,,757,-26.98901098901099,9.67032967032967,-56.0,97.45054945054945,7.076923076923077,11.303692539562924,2008,1971,1995,3029,2134,1600,-600,-150,0,0,0,0,-241,-238,-185,27,-30,37,121,123,121,124,120,123,40,41,41,43,41,42,10,109,78,0,1,1
25.3238,,758,-28.21978021978022,9.582417582417582,-56.0,97.45054945054945,6.989010989010989,11.228334589299171,1986,1966,1995,3029,2134,1600,-650,-150,0,0,0,0,-199,-231,-185,23,-37,27,121,123,121,124,120,123,40,41,41,43,41,42,4,107,78,0,3,0
25.3572,,759,-29.274725274725274,9.494505494505495,-56.0,97.53846153846153,6.989010989010989,11.228334589299171,1967,1962,1995,3029,2134,1600,-600,-150,0,0,0,0,-89,-217,-185,23,-41,23,121,123,121,124,121,123,40,41,41,43,41,42,6,81,77,0,3,0
25.3906,,760,-30.417582417582416,9.406593406593407,-56.0,97.53846153846153,6.989010989010989,11.152976639035419,1951,1958,1995,3029,2134,1600,-500,-150,0,0,0,0,-180,-125,-185,27,-41,23,121,123,121,124,121,123,40,41,41,43,41,42,1,86,78,0,4,0
25.424,,761,-31.736263736263737,9.054945054945055,-55.91208791208791,97.53846153846153,6.9010989010989015,11.152976639035419,1935,1955,1995,3029,2134,1600,-500,-100,0,0,0,0,-81,-203,-185,27,-41,0,121,123,121,124,121,123,40,41,41,43,41,42,8,85,77,0,3,0
25.4574,,762,-33.40659340659341,8.87912087912088,-55.73626373626374,97.53846153846153,6.9010989010989015,11.152976639035419,1922,1952,1995,3029,2134,1600,-400,-100,0,0,0,0,-170,-206,-181,27,-44,0,121,123,122,124,121,123,40,41,41,43,41,42,5,83,75,0,4,0
25.4908,,763,-35.16483516483517,8.87912087912088,-55.73626373626374,97.53846153846153,6.9010989010989015,11.152976639035419,1910,1950,1995,3029,2134,1600,-400,-50,0,0,0,0,-104,-203,-174,27,-44,0,121,123,122,124,121,123,40,41,41,43,41,42,18,94,68,0,4,0
25.5242,,764,-36.747252747252745,8.87912087912088,-55.64835164835165,97.53846153846153,6.9010989010989015,11.152976639035419,1895,1949,1995,3029,2134,1600,-450,-50,0,0,0,0,-141,-199,-174,27,-44,0,121,123,122,124,121,123,40,41,41,43,41,42,14,91,70,0,3,0
25.5576,,765,-38.15384615384615,8.967032967032967,-55.64835164835165,97.62637362637362,6.9010989010989015,11.152976639035419,1878,1949,1995,3029,2134,1600,-500,0,0,0,0,0,-145,-199,-171,27,-44,0,121,123,122,124,121,123,40,41,41,43,41,42,16,91,67,0,3,0
25.591,,766,-39.472527472527474,9.142857142857142,-55.64835164835165,97.62637362637362,6.9010989010989015,11.152976639035419,1861,1949,1995,3029,2134,1600,-500,0,0,0,0,0,-220,-196,-171,30,-44,0,121,123,122,124,121,123,40,41,41,43,41,42,17,89,67,0,4,0
25.6244,,767,-40.7032967032967,9.494505494505495,-55.64835164835165,98.5934065934066,6.813186813186813,11.152976639035419,1844,1949,1995,3029,2134,1600,-500,0,0,0,0,0,-202,-189,-171,30,-44,0,121,123,122,124,121,123,40,41,41,43,41,42,11,83,67,0,4,0
25.6578,,768,-42.37362637362637,9.846153846153847,-55.64835164835165,100.26373626373626,6.813186813186813,11.152976639035419,1827,1949,1995,3030,2134,1600,-500,0,0,0,0,0,-185,-174,-171,92,-48,0,121,123,122,124,121,123,40,41,41,43,41,42,16,69,66,9,4,0
25.6912,,769,-44.21978021978022,10.637362637362637,-55.56043956043956,102.10989010989012,6.813186813186813,11.152976639035419,1811,1949,1995,3034,2134,1600,-500,0,0,150,0,0,-222,-151,-171,135,-48,0,121,123,122,124,121,123,40,41,41,43,41,42,15,57,66,9,4,0
25.7246,,770,-45.53846153846154,11.340659340659341,-55.38461538461539,102.46153846153847,6.813186813186813,11.077618688771665,1796,1949,1995,3039,2134,1600,-450,0,0,150,0,0,-148,-107,-167,90,-48,0,121,124,122,124,121,123,40,41,41,43,41,42,13,37,64,4,4,0
25.758,,771,-46.32967032967033,11.340659340659341,-54.24175824175824,102.46153846153847,6.813186813186813,11.077618688771665,1778,1949,1995,3041,2134,1600,-500,0,0,50,0,0,-218,-90,-160,86,-48,0,121,124,122,124,121,123,40,41,41,43,41,42,16,21,59,11,4,0
25.7914,,772,-46.68131868131868,11.340659340659341,-52.21978021978022,102.46153846153847,6.813186813186813,11.077618688771665,1762,1949,1995,3041,2134,1600,-500,0,0,50,0,0,-84,-101,-91,83,-48,0,121,124,122,125,121,124,40,41,41,43,41,42,14,23,29,14,4,0
25.8248,,773,-47.38461538461539,10.989010989010989,-49.582417582417584,102.46153846153847,6.813186813186813,11.077618688771665,1750,1949,1995,3041,2134,1600,-350,0,0,0,0,0,-136,-101,25,83,-48,0,122,124,122,125,121,124,40,41,41,43,41,42,15,24,9,15,4,0
25.8582,,774,-48.26373626373626,10.637362637362637,-46.065934065934066,102.46153846153847,6.813186813186813,11.077618688771665,1740,1949,2000,3041,2134,1600,-300,0,150,0,0,0,-156,-122,117,83,-48,0,122,124,122,125,121,124,40,41,41,43,41,42,18,33,2,15,4,0
25.8916,,775,-48.967032967032964,10.461538461538462,-41.84615384615385,102.46153846153847,6.813186813186813,11.077618688771665,1731,1948,2012,3041,2134,1600,-250,-50,350,0,0,0,-157,-126,120,83,-48,0,122,124,122,125,121,124,40,41,41,43,41,42,17,38,3,14,4,0
25.9251,,776,-49.23076923076923,10.461538461538462,-37.53846153846154,102.37362637362638,6.813186813186813,11.077618688771665,1721,1948,2033,3041,2134,1600,-300,0,550,0,0,0,-132,-132,294,83,-48,0,122,124,122,125,121,124,40,41,41,43,41,42,10,41,8,15,4,0
25.9585,,777,-49.582417582417584,10.725274725274724,-34.02197802197802,102.37362637362638,6.725274725274725,11.077618688771665,1713,1948,2062,3041,2134,1600,-300,0,750,0,0,0,-19,-132,270,83,-48,0,122,124,122,125,121,124,40,41,41,43,41,42,4,40,20,15,4,0
25.9919,,778,-49.84615384615385,11.076923076923077,-31.032967032967033,102.28571428571429,6.725274725274725,11.077618688771665,1707,1948,2098,3041,2134,1600,-200,0,950,0,0,0,-111,-122,294,83,-51,0,122,124,122,125,121,124,40,41,41,43,41,42,15,33,12,14,5,0
26.0253,,779,-49.84615384615385,11.252747252747254,-28.571428571428573,102.28571428571429,6.725274725274725,11.077618688771665,1702,1948,2136,3041,2134,1600,-150,0,1200,0,0,0,23,-102,310,83,-51,0,122,124,122,125,121,124,40,41,41,43,41,42,13,25,3,15,4,0
26.0587,,780,-49.84615384615385,11.340659340659341,-26.63736263736264,102.28571428571429,6.725274725274725,11.077618688771665,1699,1948,2177,3041,2134,1600,-150,0,1150,0,0,0,-83,-101,272,83,-51,0,122,124,122,125,121,124,40,41,41,43,41,42,14,24,0,15,5,0
26.0922,,781,-49.84615384615385,11.340659340659341,-25.406593406593405,102.28571428571429,6.725274725274725,11.077618688771665,1697,1948,2216,3041,2134,1600,-100,0,1150,0,0,0,-72,-97,205,83,-51,0,122,124,122,125,121,124,40,41,41,43,41,42,13,22,0,14,5,0
26.1256,,782,-49.84615384615385,11.340659340659341,-25.142857142857142,102.28571428571429,6.725274725274725,11.077618688771665,1696,1948,2250,3041,2134,1600,-50,0,1100,0,0,0,-69,-97,112,83,-51,0,122,124,122,125,121,124,40,41,41,43,41,42,11,22,0,15,5,0
26.159,,783,-49.75824175824176,11.692307692307692,-25.142857142857142,102.28571428571429,6.9010989010989015,11.077618688771665,1696,1949,2279,3041,2134,1600,0,50,800,0,0,0,-69,-101,26,83,-51,0,122,124,122,125,121,124,40,41,41,43,41,42,12,23,0,15,4,0
26.1925,,784,-49.31868131868132,12.219780219780219,-25.142857142857142,102.28571428571429,7.428571428571429,11.228334589299171,1696,1950,2293,3041,2134,1600,0,0,600,0,0,0,-65,-87,44,83,-44,0,122,124,122,125,121,124,40,41,41,43,41,42,11,17,5,15,3,0
26.2259,,785,-48.967032967032964,12.659340659340659,-25.23076923076923,102.1978021978022,7.604395604395604,11.529766390354181,1696,1950,2301,3041,2133,1600,0,0,250,0,-50,0,-47,-60,-23,83,19,23,122,124,122,125,121,124,40,41,41,43,41,42,6,10,3,15,0,0
26.2593,,786,-48.79120879120879,13.714285714285714,-25.318681318681318,102.1978021978022,8.043956043956044,11.605124340617936,1696,1950,2303,3041,2133,1600,0,0,200,0,0,0,-34,-51,-37,83,0,48,122,124,122,125,121,124,40,41,41,43,41,42,3,4,2,15,0,3
26.2927,,787,-48.61538461538461,14.68131868131868,-25.318681318681318,102.1978021978022,10.153846153846153,11.605124340617936,1696,1950,2303,3041,2133,1600,0,0,0,0,0,0,-27,0,-41,83,37,44,122,124,122,125,121,124,40,41,41,43,41,42,2,2,2,15,3,3
26.3261,,788,-47.91208791208791,15.648351648351648,-25.23076923076923,102.1978021978022,14.10989010989011,11.605124340617936,1696,1956,2303,3041,2134,1600,0,150,0,0,0,0,0,-46,-41,83,109,44,122,124,122,125,121,124,40,41,41,43,41,42,1,0,2,15,19,3
26.3595,,789,-46.857142857142854,16.35164835164835,-25.23076923076923,102.1978021978022,18.24175824175824,11.605124340617936,1696,1965,2303,3041,2145,1600,0,250,0,0,150,0,57,77,-37,83,167,44,122,124,122,125,121,124,40,41,41,43,41,42,5,0,1,15,26,3
26.3929,,790,-45.362637362637365,16.967032967032967,-25.23076923076923,102.1978021978022,20.967032967032967,11.605124340617936,1700,1977,2303,3041,2165,1600,50,300,0,0,500,0,94,49,-37,83,259,44,122,124,122,125,121,123,40,41,41,43,41,42,9,5,1,15,42,2
26.4263,,791,-43.16483516483517,17.318681318681318,-25.23076923076923,102.1978021978022,21.494505494505493,11.605124340617936,1705,1988,2303,3041,2190,1600,200,300,0,0,750,0,133,-86,-37,83,377,44,122,124,122,125,121,123,40,41,41,43,41,42,8,2,1,15,59,2
26.4597,,792,-40.43956043956044,17.406593406593405,-25.23076923076923,102.1978021978022,21.406593406593405,11.605124340617936,1714,1998,2303,3041,2219,1600,250,300,0,0,850,0,204,-30,-37,83,246,44,122,124,122,125,121,124,40,41,41,43,41,42,26,3,1,15,13,2
26.4931,,793,-37.62637362637363,17.494505494505493,-25.23076923076923,102.1978021978022,21.406593406593405,11.379050489826676,1729,2001,2303,3041,2243,1600,400,200,0,0,800,0,174,-41,-37,83,206,44,122,124,122,125,121,124,40,41,41,43,41,42,38,6,1,15,2,2
26.5265,,794,-34.81318681318681,17.494505494505493,-25.23076923076923,102.1978021978022,21.318681318681318,11.303692539562924,1746,2003,2303,3041,2259,1600,550,100,0,0,550,0,224,-44,-37,83,139,31,122,124,122,125,121,124,40,41,41,43,41,42,45,5,1,15,0,0
26.5599,,795,-31.560439560439562,17.494505494505493,-25.23076923076923,102.1978021978022,21.318681318681318,11.228334589299171,1767,2004,2303,3041,2269,1600,550,0,0,0,400,0,346,-48,-37,83,93,27,122,124,122,125,121,124,40,41,41,43,41,42,50,4,2,15,0,0
26.5933,,796,-28.571428571428573,17.23076923076923,-25.23076923076923,102.10989010989012,21.318681318681318,11.152976639035419,1791,2004,2303,3041,2275,1600,700,0,0,0,200,0,299,-48,-37,83,69,23,122,124,122,125,121,124,40,41,41,43,41,42,75,4,1,15,3,0
26.6267,,797,-25.846153846153847,16.87912087912088,-25.23076923076923,102.02197802197803,21.582417582417584,11.077618688771665,1816,2004,2303,3041,2279,1600,750,0,0,0,150,0,348,-59,-37,83,58,0,122,124,122,125,121,123,40,41,41,43,41,42,79,7,2,14,2,0
26.6601,,798,-22.857142857142858,16.52747252747253,-25.23076923076923,102.02197802197803,21.67032967032967,11.077618688771665,1844,2004,2303,3041,2282,1600,800,0,0,0,100,0,359,-74,-37,83,55,0,121,124,122,125,121,123,40,41,41,43,41,42,93,11,1,15,1,0
26.6935,,799,-19.86813186813187,16.439560439560438,-25.23076923076923,102.02197802197803,21.846153846153847,11.077618688771665,1876,2004,2303,3041,2286,1600,900,0,0,0,100,0,363,-86,-37,83,48,0,121,124,122,125,121,124,40,41,41,43,41,42,76,18,1,15,2,0
26.7269,,800,-17.054945054945055,16.439560439560438,-25.23076923076923,102.02197802197803,21.934065934065934,11.077618688771665,1909,2004,2303,3041,2289,1600,950,0,0,0,100,0,362,-90,-37,83,41,0,121,124,122,125,121,123,40,41,41,43,41,42,51,18,1,15,1,0
26.7603,,801,-14.32967032967033,16.439560439560438,-25.23076923076923,102.02197802197803,21.934065934065934,11.077618688771665,1942,2004,2303,3041,2291,1600,1050,0,0,0,100,0,381,-90,-37,83,41,0,122,124,122,125,121,124,40,41,41,43,41,42,39,18,1,15,1,0
26.7937,,802,-11.868131868131869,16.439560439560438,-25.23076923076923,102.02197802197803,21.934065934065934,11.077618688771665,1976,2004,2303,3041,2293,1600,1000,0,0,0,50,0,365,-90,-37,83,30,0,122,124,122,125,121,124,40,41,41,43,41,42,41,18,1,15,0,0
26.827,,803,-9.846153846153847,16.439560439560438,-25.23076923076923,102.02197802197803,21.934065934065934,11.077618688771665,2009,2004,2303,3041,2294,1600,1000,0,0,0,0,0,431,-90,-37,83,27,0,122,124,122,125,121,124,40,41,41,43,41,42,40,18,1,15,0,0
26.8604,,804,-8.43956043956044,16.35164835164835,-25.23076923076923,102.02197802197803,21.934065934065934,11.077618688771665,2039,2004,2303,3041,2295,1600,950,0,0,0,50,0,307,-90,-37,83,23,0,122,124,122,125,121,124,40,41,41,43,41,42,38,18,1,15,0,0
26.8938,,805,-7.208791208791209,16.0,-25.142857142857142,102.02197802197803,21.934065934065934,11.077618688771665,2069,2004,2303,3041,2296,1600,900,0,0,0,50,0,244,-93,-37,83,0,0,122,124,122,125,121,124,40,41,41,43,41,42,39,20,2,15,0,0
26.9272,,806,-5.978021978021978,15.296703296703297,-25.142857142857142,102.02197802197803,21.934065934065934,11.077618688771665,2096,2004,2303,3041,2296,1600,800,0,0,0,0,0,231,-117,-34,83,0,0,122,124,122,125,121,124,40,41,41,43,41,42,24,28,1,15,0,0
26.9606,,807,-4.65934065934066,14.505494505494505,-25.054945054945055,102.02197802197803,21.846153846153847,11.077618688771665,2118,2004,2303,3041,2296,1600,750,0,0,0,0,0,277,-156,-34,83,0,0,122,124,122,125,121,124,40,41,41,43,41,42,9,46,0,15,0,0
26.994,,808,-3.5164835164835164,13.538461538461538,-25.054945054945055,102.10989010989012,21.846153846153847,11.077618688771665,2138,2004,2303,3041,2296,1600,600,0,0,0,0,0,250,-184,-30,83,0,0,122,124,122,125,121,124,40,41,41,43,41,42,22,70,0,16,0,0
27.0274,,809,-2.6373626373626373,12.659340659340659,-24.967032967032967,102.10989010989012,21.67032967032967,11.077618688771665,2155,2004,2303,3041,2296,1600,550,0,0,0,0,0,139,-226,-30,83,0,0,122,124,122,125,121,123,40,41,41,43,41,42,18,100,0,15,0,0
27.0608,,810,-2.4615384615384617,11.516483516483516,-24.0,102.10989010989012,21.582417582417584,11.077618688771665,2170,2004,2303,3041,2296,1600,450,0,0,0,0,0,140,-248,-27,83,-23,0,121,124,122,124,121,123,40,41,41,43,41,42,17,133,0,15,1,0
27.0942,,811,-2.989010989010989,9.23076923076923,-22.065934065934066,102.10989010989012,21.75824175824176,11.077618688771665,2183,2002,2305,3041,2296,1600,400,0,0,0,0,0,72,-313,66,83,-27,0,121,123,122,124,121,123,40,41,41,43,41,42,18,182,1,15,0,0
27.1276,,812,-3.6923076923076925,6.5054945054945055,-19.34065934065934,102.10989010989012,21.934065934065934,11.077618688771665,2192,1994,2314,3041,2296,1600,300,-200,250,0,0,0,90,-290,31,83,0,0,121,123,122,124,121,123,40,41,41,43,41,42,4,180,2,15,0,0
27.161,,813,-4.835164835164835,3.6923076923076925,-16.791208791208792,102.02197802197803,21.934065934065934,11.077618688771665,2196,1981,2329,3041,2296,1600,200,-300,300,0,0,0,42,-352,174,83,0,0,121,123,121,124,120,123,40,41,41,43,41,42,2,212,0,15,0,0
27.1944,,814,-5.8901098901098905,1.054945054945055,-14.945054945054945,102.02197802197803,21.934065934065934,11.077618688771665,2196,1962,2348,3041,2296,1600,50,-500,550,0,0,0,0,-484,207,83,0,0,121,123,121,124,120,123,40,41,41,43,41,42,4,214,0,15,0,0
27.2278,,815,-6.153846153846154,-1.054945054945055,-13.362637362637363,102.02197802197803,21.934065934065934,11.077618688771665,2195,1937,2372,3041,2296,1600,0,-650,700,0,0,0,-93,-415,132,83,0,0,121,123,121,124,120,123,40,41,41,43,41,42,9,215,0,16,0,0
27.2612,,816,-6.241758241758242,-2.989010989010989,-12.307692307692308,102.02197802197803,21.75824175824176,11.077618688771665,2190,1911,2397,3041,2296,1600,-150,-800,700,0,0,0,-65,-431,106,83,0,0,121,123,121,124,120,123,40,41,41,43,41,42,3,179,0,15,0,0
27.2946,,817,-6.241758241758242,-4.747252747252747,-11.428571428571429,102.02197802197803,21.67032967032967,11.077618688771665,2187,1884,2420,3041,2296,1600,-100,-800,750,0,0,0,-51,-494,50,83,0,0,121,123,122,124,120,123,40,41,41,43,41,42,3,157,0,15,0,0
27.328,,818,-6.153846153846154,-6.329670329670329,-10.461538461538462,102.02197802197803,21.582417582417584,11.077618688771665,2182,1857,2440,3041,2296,1600,-100,-800,600,0,0,0,83,-377,-30,83,-23,0,121,123,122,124,121,123,40,41,41,43,41,42,1,128,0,15,0,0
27.3614,,819,-5.978021978021978,-8.0,-9.23076923076923,102.02197802197803,21.582417582417584,11.077618688771665,2179,1833,2452,3041,2296,1600,-100,-750,350,0,0,0,-23,-427,76,83,-27,0,121,123,122,124,121,123,40,41,41,43,41,42,0,118,0,15,1,0
27.3948,,820,-5.802197802197802,-9.582417582417582,-8.263736263736265,102.02197802197803,21.67032967032967,11.077618688771665,2179,1809,2463,3041,2295,1600,-50,-700,300,0,-50,0,0,-437,113,83,-23,0,121,123,122,124,121,123,40,41,41,43,41,42,0,125,0,15,0,0
27.4282,,821,-5.714285714285714,-10.813186813186814,-7.032967032967033,102.02197802197803,21.67032967032967,11.077618688771665,2179,1785,2475,3041,2295,1600,0,-700,350,0,0,0,27,-324,99,83,0,0,121,124,122,124,121,123,40,41,41,43,41,42,1,110,0,15,0,0
27.4616,,822,-5.626373626373627,-11.868131868131869,-5.802197802197802,102.02197802197803,21.67032967032967,11.077618688771665,2180,1762,2486,3041,2295,1600,0,-750,350,0,0,0,27,-369,112,83,0,0,121,124,122,125,121,123,40,41,41,43,41,42,2,80,0,15,0,0
27.495,,823,-5.538461538461538,-13.098901098901099,-4.3076923076923075,102.02197802197803,21.846153846153847,11.077618688771665,2180,1743,2499,3041,2295,1600,0,-650,350,0,0,0,30,-328,21,83,0,0,121,124,122,125,121,123,40,41,41,43,41,42,3,87,0,16,0,0
27.5284,,824,-5.538461538461538,-14.32967032967033,-2.989010989010989,102.02197802197803,21.846153846153847,11.077618688771665,2180,1725,2513,3041,2295,1600,0,-550,400,0,0,0,34,-314,119,83,0,0,121,124,122,125,121,124,40,41,41,43,41,42,4,87,0,16,0,0
27.5618,,825,-5.538461538461538,-15.472527472527473,-1.6703296703296704,102.02197802197803,21.75824175824176,11.077618688771665,2180,1707,2529,3041,2295,1600,0,-500,500,0,0,0,34,-238,134,83,0,0,121,124,122,125,121,124,40,41,41,43,41,42,4,70,0,15,0,0
27.5952,,826,-5.538461538461538,-16.791208791208792,-0.3516483516483517,102.02197802197803,21.582417582417584,11.077618688771665,2180,1692,2545,3041,2295,1600,0,-500,500,0,0,0,34,-307,125,83,0,0,122,124,122,125,121,124,40,41,41,43,41,42,3,77,0,16,0,0
27.6285,,827,-5.538461538461538,-18.373626373626372,0.8791208791208791,102.02197802197803,21.582417582417584,11.077618688771665,2180,1677,2562,3041,2295,1600,0,-500,500,0,0,0,34,-300,113,83,-23,0,121,124,122,125,121,124,40,41,41,43,41,42,3,73,0,15,0,0
27.6619,,828,-5.538461538461538,-19.86813186813187,2.021978021978022,102.02197802197803,21.582417582417584,11.077618688771665,2180,1661,2578,3041,2295,1600,0,-450,500,0,0,0,34,-307,98,83,-23,0,122,124,122,125,121,124,40,41,41,43,41,42,4,85,0,15,0,0
27.6953,,829,-5.538461538461538,-21.01098901098901,2.901098901098901,102.02197802197803,21.582417582417584,11.077618688771665,2180,1646,2591,3041,2295,1600,0,-450,450,0,0,0,34,-332,115,83,-23,0,122,124,122,125,121,124,40,41,41,43,41,42,3,91,0,15,0,0
27.7287,,830,-5.450549450549451,-22.065934065934066,3.5164835164835164,102.02197802197803,21.494505494505493,11.077618688771665,2180,1630,2604,3041,2295,1600,0,-500,350,0,0,0,34,-226,-25,83,-23,0,122,124,122,125,121,124,40,41,41,43,41,42,3,68,0,15,0,0
27.7621,,831,-5.450549450549451,-23.12087912087912,4.131868131868132,102.02197802197803,21.494505494505493,11.077618688771665,2180,1614,2613,3041,2295,1600,0,-500,350,0,0,0,37,-291,71,83,-27,0,122,124,122,125,121,124,40,41,41,43,41,42,4,77,0,15,0,0
27.7955,,832,-5.450549450549451,-24.0,4.747252747252747,102.02197802197803,21.494505494505493,11.077618688771665,2180,1599,2622,3041,2295,1600,0,-500,300,0,0,0,37,-185,61,83,-27,0,122,124,122,125,121,124,40,41,41,43,41,42,4,52,0,15,0,0
27.8289,,833,-5.362637362637362,-24.87912087912088,5.362637362637362,102.02197802197803,21.494505494505493,11.077618688771665,2180,1584,2630,3041,2295,1600,0,-400,200,0,0,0,37,-242,-69,83,-27,0,122,124,122,125,121,124,40,41,41,43,41,42,4,58,0,15,0,0
27.8623,,834,-5.362637362637362,-25.23076923076923,5.626373626373627,102.02197802197803,21.406593406593405,11.077618688771665,2180,1571,2638,3041,2295,1600,0,-400,250,0,0,0,41,-259,70,83,-27,0,122,124,122,125,121,124,40,41,41,43,41,42,4,49,0,15,0,0
27.8956,,835,-5.362637362637362,-25.054945054945055,5.538461538461538,101.93406593406593,21.406593406593405,11.077618688771665,2180,1558,2645,3041,2295,1600,0,-350,200,0,0,0,41,-114,30,83,-30,0,122,124,122,125,121,124,40,41,41,43,41,42,4,48,0,15,0,0
27.929,,836,-5.362637362637362,-24.0,5.274725274725275,101.58241758241758,21.406593406593405,11.077618688771665,2180,1550,2650,3041,2295,1600,0,-250,150,0,0,0,41,-72,-27,83,-30,0,122,124,122,125,121,124,40,41,41,43,41,42,5,33,2,15,0,0
27.9624,,837,-5.362637362637362,-21.978021978021978,5.274725274725275,99.03296703296704,21.406593406593405,11.077618688771665,2180,1546,2651,3041,2295,1600,0,-150,0,0,0,0,41,-75,-41,83,-30,0,122,124,122,125,121,124,40,41,41,43,41,42,4,16,3,16,0,0
27.9958,,838,-5.274725274725275,-18.725274725274726,5.0989010989010985,94.9010989010989,21.582417582417584,11.077618688771665,2180,1546,2651,3041,2295,1600,0,0,0,0,0,0,41,42,-41,23,-30,0,122,124,122,125,121,124,40,41,41,43,41,42,4,6,3,3,0,0
28.0292,,839,-4.3076923076923075,-14.241758241758241,4.571428571428571,90.32967032967034,21.67032967032967,11.077618688771665,2180,1551,2651,3040,2295,1600,0,50,0,0,0,0,44,57,-48,-138,-23,0,122,124,122,125,121,124,40,41,41,43,41,42,4,13,4,6,0,0
28.0626,,840,-2.3736263736263736,-8.791208791208792,2.989010989010989,85.14285714285714,21.846153846153847,11.077618688771665,2180,1565,2651,3035,2295,1600,0,250,0,-100,0,0,106,264,-79,-291,0,0,122,124,122,125,121,124,40,41,41,43,41,42,18,18,11,61,0,0
28.096,,841,-0.3516483516483517,-1.934065934065934,-0.17582417582417584,80.57142857142857,21.846153846153847,11.077618688771665,2185,1589,2651,3010,2296,1600,50,600,0,-600,0,0,85,290,-159,-334,0,0,121,124,122,124,121,123,40,41,41,43,41,42,34,33,38,61,0,0
28.1294,,842,1.6703296703296704,5.186813186813187,-5.450549450549451,77.93406593406593,21.75824175824176,11.228334589299171,2195,1620,2648,2979,2296,1600,250,900,-50,-850,0,0,130,408,-186,-413,0,0,121,123,122,124,120,123,40,41,41,43,41,42,49,45,84,72,0,0
28.1628,,843,3.6043956043956045,13.538461538461538,-11.956043956043956,77.14285714285714,21.67032967032967,11.379050489826676,2207,1664,2637,2940,2296,1600,350,1300,-300,-1100,0,0,267,507,-382,-327,0,23,121,123,121,124,120,123,40,41,41,43,41,42,51,53,145,52,0,0
28.1961,,844,4.835164835164835,21.274725274725274,-19.692307692307693,77.49450549450549,21.494505494505493,11.379050489826676,2222,1719,2616,2901,2296,1600,400,1650,-650,-1150,0,0,205,606,-554,-318,-23,34,121,123,121,123,120,122,40,41,41,43,41,42,50,36,199,30,0,1
28.2295,,845,5.362637362637362,26.54945054945055,-26.10989010989011,78.63736263736264,21.054945054945055,11.379050489826676,2240,1784,2585,2871,2296,1600,500,1800,-850,-1000,0,0,270,595,-618,-189,-30,34,120,123,121,123,120,122,40,41,41,43,41,42,36,13,310,4,0,0
28.2629,,846,5.450549450549451,28.835164835164836,-30.32967032967033,81.27472527472527,19.560439560439562,11.228334589299171,2257,1852,2541,2851,2296,1600,500,2100,-1300,-700,0,0,118,516,-728,-39,-48,34,121,123,121,123,120,122,40,41,41,43,41,42,21,2,341,0,5,0
28.2963,,847,4.65934065934066,28.65934065934066,-31.912087912087912,84.26373626373626,18.32967032967033,11.152976639035419,2270,1929,2489,2843,2296,1600,450,2250,-1450,-350,0,0,171,509,-674,45,-112,23,121,123,121,123,120,122,40,41,41,43,41,42,11,0,307,2,19,0
28.3297,,848,3.2527472527472527,26.54945054945055,-31.912087912087912,87.42857142857143,17.978021978021978,11.152976639035419,2279,2003,2437,2847,2288,1600,300,2150,-1650,100,-200,0,78,374,-644,162,-164,0,121,123,121,124,120,122,40,41,41,43,41,42,3,0,260,11,23,0
28.3631,,849,1.2307692307692308,23.208791208791208,-31.12087912087912,91.03296703296704,18.24175824175824,11.152976639035419,2282,2060,2387,2859,2278,1600,200,2150,-1650,250,-300,0,-32,112,-488,248,-115,0,121,123,121,124,120,123,40,41,41,43,41,42,1,0,167,34,6,0
28.3965,,850,0.43956043956043955,19.956043956043956,-29.45054945054945,94.10989010989012,18.32967032967033,11.077618688771665,2280,2100,2352,2880,2273,1600,50,1550,-1250,550,-200,0,-110,-135,-352,234,-79,0,121,123,121,124,120,123,40,41,41,43,41,42,16,72,90,49,6,0
28.4298,,851,0.3516483516483517,16.087912087912088,-26.63736263736264,95.78021978021978,18.32967032967033,11.077618688771665,2275,2110,2336,2905,2269,1600,-200,500,-600,700,-100,0,-100,-308,-301,276,-65,0,121,123,121,124,120,123,40,41,41,43,41,42,10,169,109,33,5,0
28.4632,,852,0.5274725274725275,10.021978021978022,-22.153846153846153,95.86813186813187,18.417582417582416,11.077618688771665,2269,2107,2332,2931,2266,1600,-200,-50,-200,800,-50,0,-83,-444,-105,250,-58,0,120,123,121,123,120,122,40,41,41,43,41,42,2,308,84,13,3,0
28.4966,,853,0.6153846153846154,2.989010989010989,-17.142857142857142,95.6043956043956,18.505494505494507,11.077618688771665,2264,2088,2331,2960,2264,1600,-150,-600,-50,800,-50,0,-58,-513,-30,121,-44,0,120,122,121,123,120,122,40,41,41,43,41,42,1,329,25,3,2,0
28.53,,854,0.5274725274725275,-4.747252747252747,-11.604395604395604,95.51648351648352,19.384615384615383,11.077618688771665,2259,2057,2337,2975,2264,1600,-200,-800,50,500,-50,0,-34,-651,180,149,-37,0,120,122,121,123,120,122,40,41,41,43,41,42,1,405,11,0,2,0
28.5634,,855,-0.3516483516483517,-12.659340659340659,-5.0989010989010985,95.51648351648352,20.0,11.077618688771665,2257,2017,2357,2985,2263,1600,-50,-1150,550,250,0,0,90,-692,323,23,51,0,120,122,120,123,119,122,40,41,41,43,41,42,0,478,17,1,2,0
28.5968,,856,-0.8791208791208791,-20.21978021978022,1.2307692307692308,95.16483516483517,20.175824175824175,11.077618688771665,2256,1964,2390,2992,2266,1600,-50,-1450,850,350,50,0,-72,-798,352,76,48,0,120,122,120,123,119,122,40,41,41,43,41,42,6,494,23,2,4,0
28.6302,,857,-1.3186813186813187,-25.75824175824176,7.2967032967032965,94.02197802197803,20.439560439560438,11.077618688771665,2254,1902,2432,2995,2269,1600,0,-1700,1150,50,50,0,-85,-879,448,51,48,0,120,122,120,123,119,122,40,41,41,43,41,42,6,503,23,1,2,0
28.6636,,858,-0.7032967032967034,-28.923076923076923,12.307692307692308,92.35164835164835,20.52747252747253,11.077618688771665,2249,1831,2480,2996,2271,1600,-150,-2050,1350,100,100,0,-81,-907,431,-51,48,0,120,122,120,123,119,122,40,41,41,43,41,42,8,395,17,3,2,0
28.697,,859,-0.5274725274725275,-30.593406593406595,15.824175824175825,91.12087912087912,20.615384615384617,11.077618688771665,2246,1761,2535,2996,2274,1600,-150,-2150,1550,0,50,0,-28,-852,463,-124,44,0,120,122,120,123,119,122,40,41,41,43,41,42,3,258,10,13,2,0
28.7304,,860,-0.5274725274725275,-31.208791208791208,17.846153846153847,90.68131868131869,20.615384615384617,11.077618688771665,2243,1688,2595,2988,2276,1600,-150,-2150,1750,-50,100,0,0,-719,434,-148,37,0,121,123,121,124,120,123,40,41,41,43,41,42,4,176,1,11,2,0
28.7638,,861,-0.7912087912087912,-31.208791208791208,18.63736263736264,90.68131868131869,20.087912087912088,11.077618688771665,2241,1620,2653,2978,2277,1600,0,-2000,1700,-300,50,0,0,-507,344,-104,34,0,121,123,122,124,121,123,40,41,41,43,41,42,0,81,0,6,1,0
28.7972,,862,-1.4065934065934067,-31.208791208791208,18.813186813186814,90.68131868131869,19.64835164835165,11.077618688771665,2241,1568,2704,2973,2278,1600,0,-1600,1600,-200,50,0,-23,-339,331,-83,-37,0,122,124,122,125,121,123,40,41,41,43,41,42,1,10,0,2,1,0
28.8306,,863,-1.4945054945054945,-31.12087912087912,18.725274725274726,90.68131868131869,19.384615384615383,11.077618688771665,2241,1527,2746,2970,2278,1600,0,-1350,1350,-50,0,0,-60,-259,142,-76,-44,0,122,124,122,125,121,124,40,41,41,43,41,42,8,1,0,7,4,0
28.864,,864,-1.4945054945054945,-30.76923076923077,18.46153846153846,90.50549450549451,19.12087912087912,11.077618688771665,2241,1500,2775,2967,2276,1600,0,-850,900,-100,-50,0,-51,-146,19,55,-44,0,122,124,122,125,121,124,40,41,41,43,41,42,3,0,0,3,2,0
28.8973,,865,-1.4065934065934067,-30.32967032967033,18.46153846153846,88.92307692307692,19.12087912087912,11.077618688771665,2238,1487,2789,2965,2274,1600,-50,-600,700,0,-50,0,-41,-160,37,-65,-48,0,122,124,122,125,121,124,40,41,41,43,41,42,3,4,13,6,3,0
28.9307,,866,-1.054945054945055,-29.186813186813186,18.46153846153846,86.37362637362638,19.208791208791208,11.077618688771665,2236,1481,2796,2961,2271,1600,-50,-250,200,-150,-100,0,-30,-28,0,-138,-41,0,122,124,122,125,121,124,40,41,41,43,41,42,1,18,2,19,1,0
28.9642,,867,-0.7032967032967034,-26.197802197802197,17.934065934065934,82.94505494505495,19.47252747252747,11.303692539562924,2234,1480,2801,2952,2271,1600,-100,-50,150,-150,-50,0,23,-46,-37,-212,-34,0,122,124,122,125,121,124,40,41,41,43,41,42,0,12,14,34,1,0
28.9975,,868,-0.6153846153846154,-21.978021978021978,16.175824175824175,79.42857142857143,19.47252747252747,11.45440844009043,2234,1480,2801,2936,2270,1600,0,0,50,-450,0,0,37,0,-70,-288,0,27,122,124,122,125,121,124,40,41,41,43,41,42,4,2,11,49,3,1
29.0309,,869,-0.6153846153846154,-15.56043956043956,12.659340659340659,77.31868131868131,19.47252747252747,11.605124340617936,2234,1489,2801,2915,2271,1600,0,150,0,-500,0,0,41,226,-159,-270,-23,37,122,124,122,125,121,123,40,41,41,43,41,42,4,20,40,61,0,1
29.0643,,870,-0.5274725274725275,-7.208791208791209,6.945054945054945,76.61538461538461,19.296703296703296,11.605124340617936,2235,1509,2798,2887,2271,1600,0,500,-50,-750,0,0,41,369,-199,-269,-23,44,121,124,122,124,121,123,40,41,41,43,41,42,3,40,102,42,0,2
29.0977,,871,-0.43956043956043955,1.3186813186813187,-1.1428571428571428,76.79120879120879,18.505494505494507,11.605124340617936,2235,1542,2788,2861,2271,1600,0,950,-400,-800,0,0,41,407,-406,-187,-30,44,121,123,121,124,120,123,40,41,41,43,41,42,4,68,163,17,2,2
29.1311,,872,-0.26373626373626374,9.846153846153847,-9.758241758241759,76.96703296703296,17.01098901098901,11.605124340617936,2235,1585,2765,2842,2271,1600,0,1200,-550,-600,0,0,44,562,-592,-198,-82,44,121,123,121,124,120,123,40,41,41,43,41,42,4,86,225,7,9,3
29.1644,,873,0.3516483516483517,16.615384615384617,-17.406593406593405,77.05494505494505,15.516483516483516,11.605124340617936,2235,1644,2729,2829,2267,1600,0,1650,-1000,-400,-100,0,51,672,-679,-51,-137,44,121,122,121,123,120,122,40,41,41,43,41,42,7,69,310,6,4,2
29.1978,,874,0.6153846153846154,21.186813186813186,-24.087912087912088,77.67032967032966,14.813186813186814,11.605124340617936,2235,1713,2685,2822,2258,1600,0,1900,-1250,-250,-200,0,79,640,-728,16,-161,44,120,122,120,123,119,122,40,41,41,43,41,42,15,18,360,3,27,2
29.2312,,875,0.43956043956043955,24.52747252747253,-29.01098901098901,80.21978021978022,14.725274725274724,11.605124340617936,2237,1785,2626,2819,2247,1600,50,2150,-1600,-150,-300,0,83,656,-811,-52,-156,44,120,122,120,123,119,122,40,41,41,43,41,42,7,5,425,5,14,2
29.2646,,876,0.0,25.75824175824176,-31.12087912087912,83.64835164835165,14.725274725274724,11.605124340617936,2238,1864,2561,2818,2238,1600,0,2300,-1900,-50,-250,0,69,501,-846,119,-19,44,120,122,120,123,119,122,40,41,41,43,41,42,9,1,339,2,6,3
29.298,,877,-0.26373626373626374,25.494505494505493,-31.12087912087912,86.72527472527473,14.813186813186814,11.605124340617936,2238,1940,2492,2823,2233,1600,0,2350,-2000,100,-200,0,50,431,-781,205,-83,44,121,123,121,123,120,122,40,41,41,43,41,42,6,0,262,36,2,2
29.3314,,878,-0.08791208791208792,24.175824175824175,-31.032967032967033,90.06593406593407,14.901098901098901,11.379050489826676,2239,2004,2433,2842,2230,1600,0,2050,-1950,250,-100,0,37,184,-605,281,-65,44,121,123,121,124,120,123,40,41,41,43,41,42,4,0,163,32,5,3
29.3648,,879,0.6153846153846154,21.89010989010989,-30.857142857142858,93.31868131868131,15.076923076923077,11.228334589299171,2239,2052,2386,2865,2227,1600,0,1500,-1450,650,-100,0,44,-57,-474,333,-51,34,121,123,122,124,121,123,40,41,41,43,41,42,5,0,118,26,4,1
29.3982,,880,1.6703296703296704,18.63736263736264,-30.24175824175824,95.86813186813187,16.043956043956044,11.152976639035419,2239,2073,2357,2893,2227,1600,0,500,-850,750,0,0,92,-123,-481,276,-44,23,121,123,121,124,120,123,40,41,41,43,41,42,15,84,116,18,4,0
29.4316,,881,3.076923076923077,14.153846153846153,-28.21978021978022,96.92307692307692,17.0989010989011,11.077618688771665,2241,2075,2340,2924,2227,1600,50,200,-600,900,0,0,132,-266,-366,359,0,0,121,123,121,124,120,123,40,41,41,43,41,42,29,129,133,21,1,0
29.465,,882,3.6043956043956045,7.032967032967033,-23.47252747252747,96.92307692307692,18.065934065934066,11.077618688771665,2246,2069,2328,2953,2231,1600,150,-150,-400,850,50,0,173,-412,-238,239,77,0,121,123,121,123,120,122,40,41,41,43,41,42,30,204,85,4,6,0
29.4984,,883,3.6923076923076925,-1.4945054945054945,-17.494505494505493,96.74725274725274,19.736263736263737,11.077618688771665,2253,2051,2324,2978,2236,1600,200,-300,-300,800,150,0,143,-489,-41,114,89,0,121,123,121,123,120,122,40,41,41,43,41,42,34,249,16,1,5,0
29.5318,,884,3.076923076923077,-9.934065934065934,-10.10989010989011,96.74725274725274,21.406593406593405,11.077618688771665,2259,2021,2329,2993,2243,1600,150,-750,50,500,200,0,132,-667,139,40,148,0,120,122,121,123,120,122,40,41,41,43,41,42,22,362,7,0,12,0
29.5652,,885,2.901098901098901,-19.164835164835164,-1.6703296703296704,96.57142857142857,22.46153846153846,11.303692539562924,2262,1983,2349,3001,2254,1600,100,-1150,500,250,250,0,78,-803,340,97,187,0,120,122,120,123,119,122,40,41,41,43,41,42,6,521,22,1,15,0
29.5986,,886,2.901098901098901,-27.252747252747252,6.153846153846154,95.07692307692308,23.34065934065934,11.379050489826676,2265,1929,2385,3006,2267,1600,100,-1350,850,200,400,0,76,-860,421,72,84,27,120,121,120,122,119,121,40,41,41,43,41,42,10,658,21,2,15,1
29.632,,887,3.4285714285714284,-33.84615384615385,13.362637362637363,92.61538461538461,24.21978021978022,11.379050489826676,2268,1861,2433,3008,2279,1600,100,-1850,1250,100,400,0,62,-952,554,-51,154,34,120,121,120,122,119,121,40,41,41,43,41,42,5,589,46,2,8,1
29.6654,,888,4.043956043956044,-38.15384615384615,18.725274725274726,90.41758241758242,24.835164835164836,11.45440844009043,2271,1788,2488,3007,2292,1600,100,-2250,1650,0,350,0,72,-985,554,-154,139,34,120,122,120,122,119,121,40,41,41,43,41,42,10,489,55,21,14,0
29.6988,,889,4.835164835164835,-40.43956043956044,21.626373626373628,89.0989010989011,25.0989010989011,11.605124340617936,2275,1706,2554,2996,2302,1600,100,-2450,1950,-250,300,0,105,-980,599,-120,140,37,120,122,120,123,119,121,40,41,41,43,41,42,13,384,17,19,3,0
29.7322,,890,4.747252747252747,-40.61538461538461,22.417582417582416,89.0989010989011,24.395604395604394,11.605124340617936,2279,1622,2624,2981,2311,1600,150,-2450,2000,-450,250,0,124,-789,563,-194,101,44,120,123,121,123,120,122,40,41,41,43,41,42,8,196,2,29,4,3
29.7656,,891,4.395604395604396,-40.43956043956044,22.417582417582416,89.0989010989011,23.78021978021978,11.605124340617936,2285,1543,2688,2967,2316,1600,150,-2350,2050,-450,150,0,79,-659,513,-51,-84,44,121,123,121,124,120,123,40,41,41,43,41,42,3,59,0,7,2,2
29.799,,892,4.3076923076923075,-40.35164835164835,22.417582417582416,89.01098901098901,22.9010989010989,11.605124340617936,2288,1481,2748,2960,2317,1600,150,-2200,1900,-250,50,0,51,-375,194,-104,0,44,122,124,122,125,121,124,40,41,41,43,41,42,4,7,0,7,0,2
29.8323,,893,4.3076923076923075,-40.35164835164835,22.417582417582416,88.83516483516483,22.10989010989011,11.605124340617936,2290,1432,2791,2955,2317,1600,50,-1650,1450,-150,0,0,41,-184,104,-86,-73,44,122,124,122,125,121,124,40,41,41,43,41,42,3,2,0,5,6,1
29.8657,,894,4.21978021978022,-40.26373626373626,22.505494505494507,88.83516483516483,21.75824175824176,11.605124340617936,2291,1399,2818,2951,2314,1600,50,-1050,900,-100,-100,0,37,-181,30,-79,-90,44,122,124,122,125,121,124,40,41,41,43,41,42,1,0,0,9,10,3
29.8991,,895,4.21978021978022,-40.26373626373626,22.681318681318682,88.83516483516483,21.67032967032967,11.605124340617936,2291,1379,2832,2948,2309,1600,0,-850,650,-100,-150,0,34,-174,51,-72,-69,44,122,124,122,125,121,124,40,41,41,43,41,42,3,0,3,8,5,2
29.9325,,896,4.21978021978022,-40.26373626373626,22.76923076923077,88.83516483516483,21.67032967032967,11.605124340617936,2292,1368,2840,2945,2305,1600,50,-400,250,-100,-150,0,30,-129,-90,-62,-58,44,122,124,122,125,121,124,40,41,41,43,41,42,2,3,0,6,3,2
29.9659,,897,4.21978021978022,-40.26373626373626,22.76923076923077,88.83516483516483,21.67032967032967,11.605124340617936,2292,1362,2846,2943,2303,1600,0,-200,200,-50,-50,0,30,-104,-27,-55,-48,44,122,124,122,125,121,124,40,41,41,43,41,42,3,13,1,3,3,3
29.9993,,898,4.21978021978022,-40.26373626373626,22.76923076923077,88.83516483516483,21.67032967032967,11.605124340617936,2292,1360,2848,2943,2301,1600,0,-100,50,-50,-50,0,30,-93,-34,-51,-44,44,122,124,122,125,121,124,40,41,41,43,41,42,3,14,3,3,1,2
30.0327,,899,4.131868131868132,-40.175824175824175,22.76923076923077,88.83516483516483,21.67032967032967,11.605124340617936,2292,1358,2848,2943,2299,1600,0,-50,0,0,-50,0,30,-90,-34,-51,-37,44,122,124,122,125,121,124,40,41,41,43,41,42,2,18,1,4,1,2
30.0661,,900,3.6923076923076925,-40.08791208791209,22.76923076923077,88.83516483516483,21.67032967032967,11.605124340617936,2292,1357,2849,2943,2299,1600,0,-50,50,0,0,0,27,-79,-37,-51,-34,44,122,124,122,125,121,124,40,41,41,43,41,42,2,14,1,4,1,2
30.0995,,901,2.3736263736263736,-39.120879120879124,22.681318681318682,88.83516483516483,21.67032967032967,11.605124340617936,2292,1357,2849,2943,2299,1600,0,0,0,0,0,0,-23,-76,-37,-51,-34,44,122,124,122,125,121,124,40,41,41,43,41,42,1,11,1,4,1,3
30.1329,,902,0.6153846153846154,-37.97802197802198,22.593406593406595,88.83516483516483,21.582417582417584,11.605124340617936,2292,1357,2849,2943,2299,1600,0,0,0,0,0,0,-100,-18,-41,-51,-34,44,122,124,122,125,121,124,40,41,41,43,41,42,9,4,2,4,0,2
30.1663,,903,-1.2307692307692308,-36.83516483516483,22.681318681318682,88.83516483516483,21.318681318681318,11.605124340617936,2286,1357,2849,2943,2299,1600,-150,0,0,0,0,0,-74,66,-44,-51,-37,44,122,124,122,125,121,124,40,41,41,43,41,42,18,5,3,4,1,2
30.1997,,904,-3.4285714285714284,-35.604395604395606,22.505494505494507,88.65934065934066,20.439560439560438,11.605124340617936,2275,1362,2849,2943,2299,1600,-300,150,0,0,0,0,-194,100,-41,-51,-48,44,122,124,122,125,121,124,40,41,41,43,41,42,17,3,2,4,5,3
30.2331,,905,-5.362637362637362,-34.46153846153846,22.505494505494507,88.21978021978022,19.64835164835165,11.605124340617936,2259,1370,2849,2943,2297,1600,-350,200,0,0,0,0,-230,121,-48,-58,-100,44,122,124,122,125,121,124,40,41,41,43,41,42,23,2,4,7,8,2
30.2665,,906,-7.1208791208791204,-33.494505494505496,22.505494505494507,87.6043956043956,19.208791208791208,11.605124340617936,2242,1381,2849,2941,2291,1600,-550,300,0,0,-200,0,-240,33,-48,-74,-92,44,122,124,122,125,121,124,40,41,41,43,41,42,19,6,4,9,10,2
30.2999,,907,-9.23076923076923,-32.175824175824175,22.593406593406595,87.34065934065934,19.12087912087912,11.605124340617936,2222,1393,2849,2937,2284,1600,-600,400,0,-100,-200,0,-261,103,-48,-89,-99,44,122,124,122,125,121,124,40,41,41,43,41,42,16,1,4,10,8,2
30.3333,,908,-11.428571428571429,-30.681318681318682,22.505494505494507,87.07692307692308,18.857142857142858,11.605124340617936,2202,1405,2849,2932,2279,1600,-600,350,0,-150,-150,0,-183,57,-44,-72,-69,44,122,124,122,125,121,124,40,41,41,43,41,42,14,0,4,2,4,2
30.3667,,909,-13.186813186813186,-29.186813186813186,22.505494505494507,87.07692307692308,18.857142857142858,11.605124340617936,2182,1419,2849,2928,2275,1600,-600,400,0,-100,-100,0,-194,151,-48,-76,-65,44,122,124,122,125,121,124,40,41,41,43,41,42,23,0,4,4,3,2
30.4001,,910,-14.417582417582418,-27.692307692307693,22.417582417582416,86.72527472527473,18.857142857142858,11.605124340617936,2160,1434,2849,2925,2272,1600,-650,400,0,-150,-150,0,-182,69,-48,-58,-51,44,122,124,122,125,121,124,40,41,41,43,41,42,19,0,4,3,3,2
30.4335,,911,-15.12087912087912,-26.46153846153846,22.417582417582416,85.84615384615384,18.857142857142858,11.605124340617936,2137,1450,2849,2922,2269,1600,-650,450,0,-100,-50,0,-134,66,-51,-65,76,44,122,124,122,125,121,124,40,41,41,43,41,42,11,0,4,0,1,3
30.4669,,912,-15.12087912087912,-25.142857142857142,22.417582417582416,85.05494505494505,19.296703296703296,11.605124340617936,2116,1466,2849,2918,2268,1600,-650,450,0,-100,-50,0,-193,165,-51,-17,-37,44,122,124,122,125,121,124,40,41,41,43,41,42,3,0,4,10,0,2
30.5003,,913,-14.945054945054945,-23.912087912087912,22.32967032967033,83.82417582417582,19.560439560439562,11.605124340617936,2101,1483,2849,2911,2268,1600,-550,500,0,-200,0,0,-115,66,-51,23,20,44,122,124,122,125,121,124,40,41,41,43,41,42,0,0,4,13,0,2
30.5337,,914,-14.593406593406593,-22.76923076923077,22.32967032967033,82.15384615384616,19.64835164835165,11.605124340617936,2092,1500,2849,2904,2267,1600,-350,500,0,-200,0,0,-69,49,-55,-61,27,44,122,124,122,125,121,124,40,41,41,43,41,42,2,0,6,17,1,3
30.5671,,915,-14.593406593406593,-21.0989010989011,22.32967032967033,80.92307692307692,19.736263736263737,11.605124340617936,2089,1516,2849,2894,2267,1600,-100,450,0,-250,0,0,-41,117,-55,-95,30,44,122,124,122,125,121,124,40,41,41,43,41,42,1,0,4,16,1,2
30.6005,,916,-14.76923076923077,-19.164835164835164,22.32967032967033,80.04395604395604,19.824175824175825,11.680482290881688,2087,1532,2849,2880,2267,1600,-50,450,0,-350,0,0,-37,129,-55,-90,34,44,122,124,122,125,121,124,40,41,41,43,41,42,2,0,5,6,1,2
30.6339,,917,-15.208791208791208,-17.142857142857142,22.24175824175824,79.07692307692308,19.912087912087912,11.680482290881688,2087,1549,2849,2867,2267,1600,0,500,0,-350,0,0,-41,166,-55,-148,37,48,122,124,122,125,121,124,40,41,41,43,41,42,2,0,5,4,2,4
30.6672,,918,-16.0,-15.208791208791208,22.24175824175824,78.37362637362638,20.0,11.680482290881688,2084,1567,2849,2855,2267,1600,-100,550,0,-350,0,0,-55,92,-58,-88,41,48,122,124,122,125,121,124,40,41,41,43,41,42,0,0,7,14,3,3
30.7007,,919,-16.87912087912088,-13.274725274725276,22.24175824175824,77.58241758241758,20.35164835164835,11.680482290881688,2080,1587,2849,2843,2267,1600,-100,600,0,-350,0,0,-85,180,-58,-58,44,48,122,124,122,125,121,124,40,41,41,43,41,42,4,0,7,10,4,3
30.7341,,920,-17.23076923076923,-11.428571428571429,22.24175824175824,76.79120879120879,21.142857142857142,11.680482290881688,2074,1609,2849,2832,2268,1600,-150,600,0,-350,0,0,-92,92,-58,-141,55,48,122,124,122,125,121,124,40,41,41,43,41,42,15,0,7,7,8,3
30.7675,,921,-17.318681318681318,-9.934065934065934,22.153846153846153,75.91208791208791,21.406593406593405,11.680482290881688,2068,1630,2849,2822,2271,1600,-200,650,0,-300,100,0,-83,109,-58,-38,103,48,122,124,122,125,121,124,40,41,41,43,41,42,8,0,8,9,10,2
30.8009,,922,-17.318681318681318,-8.351648351648352,21.274725274725274,74.76923076923077,21.406593406593405,11.680482290881688,2062,1654,2849,2812,2276,1600,-150,700,0,-300,200,0,-58,81,-62,-35,72,48,122,124,122,125,121,124,40,41,41,43,41,42,3,0,8,2,1,4
30.8343,,923,-16.87912087912088,-6.5054945054945055,19.86813186813187,74.32967032967034,21.23076923076923,11.680482290881688,2057,1676,2849,2802,2280,1600,-200,650,0,-300,100,0,-37,148,-118,-155,58,48,122,124,122,125,121,124,40,41,41,43,41,42,2,0,25,14,2,3
30.8677,,924,-16.703296703296704,-4.483516483516484,17.75824175824176,74.32967032967034,21.23076923076923,11.680482290881688,2055,1697,2849,2791,2282,1600,-100,650,0,-350,50,0,0,141,-178,-108,41,48,122,124,122,125,121,124,40,41,41,43,41,42,0,0,61,3,1,4
30.9011,,925,-16.52747252747253,-2.197802197802198,15.296703296703297,74.32967032967034,21.054945054945055,11.680482290881688,2055,1717,2848,2785,2283,1600,0,600,-50,-250,0,0,27,56,-261,-76,37,48,122,124,122,125,121,124,40,41,41,43,41,42,2,0,121,2,1,3
30.9345,,926,-16.35164835164835,0.08791208791208792,12.923076923076923,74.41758241758242,20.967032967032967,11.680482290881688,2057,1740,2840,2781,2285,1600,50,650,-100,-100,150,0,27,88,-252,-62,23,48,122,124,122,125,121,123,40,41,41,43,41,42,2,0,156,1,0,4
30.968,,927,-16.087912087912088,2.3736263736263736,10.10989010989011,74.50549450549451,20.87912087912088,11.680482290881688,2057,1765,2825,2778,2285,1600,0,650,-400,-100,0,0,34,94,-300,-48,0,48,121,124,122,124,121,123,40,41,41,43,41,42,4,0,145,0,0,3
31.0015,,928,-15.824175824175825,4.65934065934066,7.2967032967032965,74.5934065934066,20.87912087912088,11.680482290881688,2057,1789,2807,2776,2285,1600,0,800,-500,-50,0,0,44,88,-345,-41,0,48,121,124,122,124,121,123,40,41,41,43,41,42,5,0,138,0,0,3
31.0349,,929,-15.56043956043956,7.1208791208791204,4.395604395604396,74.68131868131869,20.87912087912088,11.680482290881688,2057,1815,2785,2775,2285,1600,0,750,-650,-50,0,0,55,85,-378,-30,0,48,121,124,122,124,121,123,40,41,41,43,41,42,8,0,171,0,0,4
31.0684,,930,-14.68131868131868,9.582417582417582,1.8461538461538463,74.76923076923077,20.87912087912088,11.680482290881688,2057,1842,2759,2775,2285,1600,0,750,-750,0,0,0,65,85,-399,-27,0,48,121,124,122,124,121,123,40,41,41,43,41,42,11,0,144,0,0,2
31.1018,,931,-13.89010989010989,11.692307692307692,-0.7912087912087912,74.76923076923077,20.87912087912088,11.680482290881688,2060,1870,2731,2775,2285,1600,100,800,-800,0,0,0,33,108,-425,-23,0,48,121,124,122,124,121,123,40,41,41,43,41,42,13,0,177,0,0,3
31.1352,,932,-13.098901098901099,13.978021978021978,-3.340659340659341,74.76923076923077,20.87912087912088,11.680482290881688,2064,1896,2704,2775,2285,1600,100,850,-850,0,0,0,124,94,-429,-23,0,48,121,124,122,124,121,123,40,41,41,43,41,42,7,0,164,0,0,3
31.1687,,933,-12.043956043956044,16.175824175824175,-5.626373626373627,74.76923076923077,20.87912087912088,11.680482290881688,2070,1923,2675,2775,2285,1600,150,800,-850,0,0,0,138,84,-424,-23,0,48,121,124,122,124,121,123,40,41,41,43,41,42,22,0,153,0,0,4
31.2022,,934,-11.076923076923077,18.10989010989011,-7.824175824175824,74.85714285714286,20.87912087912088,11.680482290881688,2077,1950,2646,2775,2285,1600,200,800,-850,0,0,0,66,74,-409,-23,0,48,121,123,122,124,121,123,40,41,41,43,41,42,29,0,128,0,0,3
31.2356,,935,-10.285714285714286,19.86813186813187,-10.10989010989011,74.85714285714286,21.054945054945055,11.680482290881688,2085,1977,2619,2775,2285,1600,250,750,-900,0,0,0,181,48,-422,0,0,48,121,123,122,124,121,123,40,41,41,43,41,42,21,0,125,0,0,3
31.269,,936,-9.23076923076923,21.53846153846154,-12.307692307692308,74.85714285714286,21.142857142857142,11.680482290881688,2094,2001,2591,2775,2286,1600,250,750,-800,0,0,0,86,142,-413,0,23,48,121,123,122,124,121,123,40,41,41,43,41,42,29,0,133,0,0,3
31.3024,,937,-8.263736263736265,23.12087912087912,-14.241758241758241,74.85714285714286,21.318681318681318,11.680482290881688,2103,2026,2565,2775,2286,1600,300,750,-850,0,50,0,188,28,-401,0,23,48,121,123,122,124,121,123,40,41,41,43,41,42,29,0,146,0,0,4
31.3358,,938,-7.208791208791209,24.35164835164835,-16.263736263736263,74.85714285714286,21.406593406593405,11.680482290881688,2113,2047,2539,2775,2286,1600,300,700,-800,0,0,0,177,97,-381,0,30,48,121,123,121,124,121,123,40,41,41,43,41,42,30,9,145,0,0,3
31.3692,,939,-6.153846153846154,25.582417582417584,-18.10989010989011,74.85714285714286,21.406593406593405,11.680482290881688,2123,2063,2517,2775,2286,1600,300,550,-700,0,0,0,185,73,-373,0,34,48,121,123,121,124,120,123,40,41,41,43,41,42,24,2,151,0,1,3
31.4026,,940,-5.0989010989010985,26.63736263736264,-19.78021978021978,74.85714285714286,21.406593406593405,11.680482290881688,2134,2078,2493,2775,2286,1600,300,450,-700,0,0,0,208,92,-387,0,34,48,121,123,121,124,121,123,40,41,41,43,41,42,29,3,159,0,1,3
31.436,,941,-3.868131868131868,27.604395604395606,-21.274725274725274,74.85714285714286,21.406593406593405,11.680482290881688,2144,2092,2470,2775,2286,1600,300,400,-650,0,0,0,122,78,-370,0,34,48,121,123,121,124,120,123,40,41,41,43,41,42,27,0,139,0,1,4
31.4694,,942,-2.6373626373626373,28.483516483516482,-22.593406593406595,74.85714285714286,21.406593406593405,11.75584024114544,2156,2104,2448,2775,2286,1600,350,400,-700,0,0,0,215,-54,-340,0,34,48,121,123,121,124,121,123,40,41,41,43,41,42,24,5,142,0,1,4
31.5028,,943,-1.2307692307692308,29.0989010989011,-23.824175824175825,74.85714285714286,21.406593406593405,11.75584024114544,2168,2116,2427,2775,2286,1600,300,350,-650,0,0,0,214,46,-396,0,34,51,121,123,122,124,121,123,40,41,41,43,41,42,30,8,114,0,2,4
31.5362,,944,0.26373626373626374,29.36263736263736,-24.615384615384617,74.76923076923077,21.406593406593405,11.75584024114544,2180,2128,2408,2775,2287,1600,400,350,-550,0,50,0,162,0,-370,0,30,51,121,123,122,124,121,123,40,41,41,43,41,42,53,2,123,0,1,4
31.5696,,945,1.934065934065934,29.45054945054945,-25.054945054945055,74.68131868131869,21.406593406593405,11.75584024114544,2193,2137,2391,2775,2288,1600,400,300,-550,0,50,0,261,-34,-273,-23,27,51,121,123,122,124,121,123,40,41,41,43,41,42,48,20,114,0,0,4
31.603,,946,3.6043956043956045,29.36263736263736,-25.142857142857142,74.5934065934066,21.318681318681318,11.75584024114544,2208,2142,2379,2775,2290,1600,400,250,-450,0,0,0,275,-51,-313,-27,23,51,121,123,122,124,121,123,40,41,41,43,41,42,53,11,109,0,0,4
31.6364,,947,5.186813186813187,29.01098901098901,-25.142857142857142,74.5934065934066,21.054945054945055,11.75584024114544,2222,2143,2370,2775,2290,1600,450,50,-300,0,50,0,281,-62,-277,-30,0,51,121,123,122,124,121,123,40,41,41,43,41,42,54,10,104,0,0,4
31.6698,,948,6.857142857142857,28.571428571428573,-25.142857142857142,74.76923076923077,20.967032967032967,11.75584024114544,2239,2143,2364,2775,2291,1600,450,0,-200,0,50,0,193,-76,-248,-30,-30,51,121,123,122,124,121,123,40,41,41,43,41,42,64,14,120,0,7,4
31.7032,,949,8.43956043956044,28.13186813186813,-25.054945054945055,74.85714285714286,20.791208791208792,11.75584024114544,2256,2143,2358,2776,2291,1600,450,0,-200,0,0,0,311,-108,-234,-27,-34,51,121,123,122,124,121,123,40,41,41,43,41,42,71,22,85,0,2,4
31.7366,,950,10.021978021978022,27.076923076923077,-24.87912087912088,74.94505494505495,20.791208791208792,11.680482290881688,2274,2143,2355,2776,2291,1600,500,0,-100,0,0,0,222,-120,-213,-23,-41,51,121,123,122,124,121,123,40,41,41,43,41,42,54,31,86,0,4,3
31.77,,951,11.428571428571429,25.75824175824176,-24.703296703296704,75.03296703296704,20.615384615384617,11.680482290881688,2291,2143,2354,2776,2291,1600,550,0,-50,0,0,0,302,-178,-203,0,-41,48,121,123,122,124,121,123,40,41,41,43,41,42,52,57,84,0,3,3
31.8034,,952,12.747252747252746,24.615384615384617,-24.615384615384617,75.38461538461539,20.087912087912088,11.680482290881688,2310,2143,2354,2776,2291,1600,550,0,0,0,0,0,200,-228,-196,0,-48,48,121,123,121,124,120,123,40,41,41,43,41,42,51,104,84,0,4,4
31.8368,,953,13.89010989010989,23.296703296703296,-24.615384615384617,76.61538461538461,19.296703296703296,11.680482290881688,2328,2143,2354,2776,2290,1600,550,0,0,0,0,0,177,-267,-192,30,-65,48,121,123,121,124,120,123,40,41,41,43,41,42,49,143,81,1,12,3
31.8702,,954,14.241758241758241,21.89010989010989,-24.615384615384617,77.84615384615384,19.12087912087912,11.680482290881688,2345,2143,2354,2778,2288,1600,500,0,0,50,-50,0,273,-332,-192,101,-117,48,121,123,121,124,120,123,40,41,41,43,41,42,34,193,82,4,9,4
31.9036,,955,14.241758241758241,20.65934065934066,-24.615384615384617,79.42857142857143,19.12087912087912,11.680482290881688,2361,2139,2354,2786,2283,1600,550,-100,0,150,-100,0,199,-380,-192,24,-83,48,121,123,121,124,120,122,40,41,41,43,41,42,20,191,83,3,9,4
31.937,,956,14.241758241758241,19.252747252747252,-24.615384615384617,80.92307692307692,19.032967032967033,11.605124340617936,2374,2132,2354,2796,2280,1600,450,-200,0,300,-100,0,150,-398,-192,159,48,48,121,123,121,123,120,122,40,41,41,43,41,42,11,265,83,4,4,3
31.9704,,957,14.065934065934066,17.75824175824176,-24.52747252747253,82.50549450549451,18.945054945054945,11.45440844009043,2383,2121,2354,2809,2277,1600,300,-300,0,350,-50,0,115,-419,-192,87,55,44,120,122,121,123,120,122,40,41,41,43,41,42,6,243,83,5,4,3
32.0038,,958,13.626373626373626,16.263736263736263,-24.439560439560438,84.0,18.945054945054945,11.379050489826676,2388,2108,2354,2824,2275,1600,150,-350,0,400,-50,0,90,-339,-189,94,-62,37,121,123,121,123,120,122,40,41,41,43,41,42,9,242,79,10,5,1
32.0372,,959,13.274725274725276,14.945054945054945,-24.439560439560438,85.4065934065934,18.857142857142858,11.379050489826676,2390,2092,2354,2839,2274,1600,50,-500,0,450,-50,0,55,-451,-185,179,-55,34,121,123,121,123,120,122,40,41,41,43,41,42,5,242,77,11,5,0
32.0706,,960,13.098901098901099,13.362637362637363,-24.439560439560438,86.72527472527473,18.857142857142858,11.303692539562924,2390,2075,2354,2855,2273,1600,0,-500,0,500,-50,0,48,-438,-185,113,-55,34,121,123,121,123,120,122,40,41,41,43,41,42,5,219,77,3,5,0
32.104,,961,12.659340659340659,11.780219780219781,-24.439560439560438,87.78021978021978,18.76923076923077,11.303692539562924,2390,2059,2354,2871,2273,1600,0,-500,0,500,0,0,41,-355,-185,104,-55,27,121,123,121,124,120,122,40,41,41,43,41,42,4,190,77,3,6,0
32.1374,,962,12.131868131868131,10.285714285714286,-24.439560439560438,89.0989010989011,18.76923076923077,11.303692539562924,2390,2042,2354,2885,2273,1600,0,-500,0,450,0,0,23,-349,-185,169,-58,27,121,123,121,123,120,122,40,41,41,43,41,42,1,239,77,1,8,0
32.1708,,963,11.868131868131869,8.615384615384615,-24.439560439560438,90.5934065934066,18.76923076923077,11.228334589299171,2390,2023,2354,2900,2273,1600,0,-500,0,400,0,0,-45,-455,-185,84,-58,27,121,123,121,124,120,122,40,41,41,43,41,42,2,185,77,2,7,0
32.2042,,964,11.516483516483516,6.857142857142857,-24.439560439560438,91.91208791208791,18.76923076923077,11.228334589299171,2389,2004,2354,2915,2273,1600,0,-550,0,450,0,0,-37,-363,-185,86,-58,23,121,123,121,124,120,122,40,41,41,43,41,42,1,178,77,8,8,0
32.2376,,965,10.901098901098901,5.010989010989011,-24.439560439560438,93.14285714285714,18.76923076923077,11.228334589299171,2386,1985,2354,2931,2273,1600,-50,-600,0,450,0,0,-41,-363,-185,193,-58,23,121,123,121,124,120,122,40,41,41,43,41,42,1,204,77,8,8,0
32.271,,966,10.637362637362637,3.1648351648351647,-24.439560439560438,94.46153846153847,18.76923076923077,11.228334589299171,2382,1965,2354,2944,2272,1600,-100,-600,0,450,0,0,-60,-359,-185,96,-55,23,121,123,121,124,120,122,40,41,41,43,41,42,3,164,77,11,5,0
32.3044,,967,10.197802197802197,1.2307692307692308,-24.439560439560438,95.95604395604396,18.76923076923077,11.228334589299171,2378,1944,2354,2959,2270,1600,-150,-650,0,400,-50,0,-57,-439,-185,181,-48,23,121,123,121,124,120,122,40,41,41,43,41,42,4,173,77,8,4,0
32.3378,,968,9.67032967032967,-0.7032967032967034,-24.35164835164835,96.83516483516483,18.76923076923077,11.228334589299171,2375,1922,2354,2975,2268,1600,-100,-650,0,450,-50,0,-67,-465,-185,183,-44,23,121,123,121,124,120,122,40,41,41,43,41,42,6,156,78,4,1,0
32.3712,,969,9.23076923076923,-2.989010989010989,-23.736263736263737,97.01098901098901,18.76923076923077,11.228334589299171,2372,1901,2354,2989,2266,1600,-50,-700,0,450,0,0,-77,-370,-181,179,-37,23,121,123,121,124,120,123,40,41,41,43,41,42,7,167,75,3,1,0
32.4046,,970,9.142857142857142,-5.714285714285714,-22.153846153846153,97.01098901098901,18.32967032967033,11.228334589299171,2367,1877,2353,3002,2266,1600,-150,-700,0,350,0,0,-69,-377,-142,111,-34,23,121,123,121,124,120,123,40,41,41,43,41,42,3,147,51,1,1,0
32.438,,971,9.054945054945055,-8.791208791208792,-19.86813186813187,97.01098901098901,18.153846153846153,11.228334589299171,2363,1852,2353,3010,2266,1600,-150,-700,0,250,0,0,-58,-393,-63,79,-51,23,121,123,121,124,120,123,40,41,41,43,41,42,5,141,19,1,8,0
32.4714,,972,8.703296703296703,-11.604395604395604,-16.967032967032967,97.01098901098901,18.153846153846153,11.303692539562924,2360,1827,2354,3014,2263,1600,-100,-750,0,150,-100,0,-51,-434,56,58,-51,23,121,123,121,124,121,123,40,41,41,43,41,42,4,196,6,0,4,0
32.5048,,973,7.824175824175824,-14.68131868131868,-13.538461538461538,97.01098901098901,18.153846153846153,11.303692539562924,2357,1797,2362,3017,2261,1600,-100,-850,250,100,-50,0,-56,-447,146,48,-44,27,121,123,122,124,121,123,40,41,41,43,41,42,3,181,2,0,2,0
32.5382,,974,7.384615384615385,-17.934065934065934,-10.021978021978022,96.92307692307692,18.153846153846153,11.303692539562924,2353,1764,2379,3020,2260,1600,-100,-950,350,100,-100,0,24,-448,223,41,-37,27,121,123,122,124,121,123,40,41,41,43,41,42,11,147,7,0,2,0
32.5716,,975,7.1208791208791204,-21.186813186813186,-6.065934065934066,96.83516483516483,18.24175824175824,11.303692539562924,2347,1730,2401,3022,2260,1600,-150,-1000,650,100,0,0,-72,-452,194,27,-37,27,121,123,122,124,121,123,40,41,41,43,41,42,1,136,7,0,2,0
32.605,,976,7.032967032967033,-24.615384615384617,-2.2857142857142856,96.74725274725274,18.417582417582416,11.303692539562924,2341,1696,2430,3022,2260,1600,-200,-1050,800,0,0,0,-58,-451,244,23,-34,27,121,123,122,124,121,123,40,41,41,43,41,42,0,133,4,0,1,0
32.6384,,977,6.945054945054945,-28.13186813186813,0.967032967032967,96.65934065934066,18.505494505494507,11.303692539562924,2335,1659,2463,3022,2260,1600,-150,-1050,1000,0,0,0,-48,-478,293,0,-27,27,121,123,122,124,121,123,40,41,41,43,41,42,0,146,2,0,0,0
32.6718,,978,6.857142857142857,-31.47252747252747,4.043956043956044,96.65934065934066,18.681318681318682,11.303692539562924,2332,1621,2498,3022,2260,1600,-100,-1100,1100,0,0,0,-37,-481,217,0,-23,27,121,124,122,124,121,123,40,41,41,43,41,42,2,123,0,0,0,0
32.7052,,979,6.593406593406593,-34.81318681318681,6.769230769230769,96.57142857142857,18.76923076923077,11.303692539562924,2330,1584,2537,3022,2260,1600,-50,-1150,1150,0,0,0,-30,-477,206,0,0,27,121,124,122,125,121,123,40,41,41,43,41,42,1,138,0,0,0,0
32.7386,,980,6.593406593406593,-37.89010989010989,9.142857142857142,96.57142857142857,18.76923076923077,11.379050489826676,2330,1545,2578,3022,2260,1600,-50,-1150,1150,0,0,0,-41,-468,260,0,0,27,122,124,122,125,121,124,40,41,41,43,41,42,2,132,0,0,0,0
32.7719,,981,6.329670329670329,-40.7032967032967,11.604395604395604,96.57142857142857,18.76923076923077,11.379050489826676,2328,1504,2617,3022,2260,1600,-50,-1150,1150,0,0,0,-37,-360,215,0,0,34,122,124,122,125,121,124,40,41,41,43,41,42,2,127,0,0,0,0
32.8053,,982,5.626373626373627,-43.252747252747255,13.978021978021978,96.57142857142857,18.76923076923077,11.45440844009043,2326,1467,2651,3022,2260,1600,-50,-1150,1050,0,0,0,-41,-455,218,0,0,34,122,124,122,125,121,124,40,41,41,43,41,42,3,88,0,0,0,0
32.8387,,983,4.923076923076923,-45.45054945054945,16.087912087912088,96.48351648351648,18.76923076923077,11.45440844009043,2323,1429,2686,3022,2260,1600,-100,-1150,1100,0,0,0,-74,-421,181,0,0,37,122,124,122,125,121,124,40,41,41,43,41,42,4,84,0,0,0,1
32.8721,,984,4.21978021978022,-47.032967032967036,18.373626373626372,96.48351648351648,18.76923076923077,11.45440844009043,2318,1392,2718,3022,2260,1600,-100,-1100,950,0,0,0,-77,-373,148,-23,0,37,122,124,122,125,121,124,40,41,41,43,41,42,3,52,0,0,0,0
32.9055,,985,3.340659340659341,-48.0,20.747252747252748,96.3956043956044,18.76923076923077,11.45440844009043,2313,1359,2745,3022,2260,1600,-150,-1050,850,0,0,0,-84,-304,131,-23,0,37,122,124,122,125,121,124,40,41,41,43,41,42,11,35,0,0,0,1
32.9389,,986,2.10989010989011,-48.79120879120879,23.208791208791208,96.21978021978022,18.76923076923077,11.45440844009043,2307,1329,2773,3022,2260,1600,-150,-900,850,0,0,0,-120,-264,150,-27,0,37,122,124,122,125,121,124,40,41,41,43,41,42,15,16,0,0,0,0
32.9723,,987,0.6153846153846154,-49.31868131868132,25.494505494505493,95.51648351648352,18.76923076923077,11.45440844009043,2299,1303,2800,3022,2260,1600,-250,-800,800,0,0,0,-144,-279,148,-34,0,37,122,124,122,125,121,124,40,41,41,43,41,42,9,5,0,1,0,0
33.0057,,988,-1.054945054945055,-49.934065934065934,27.86813186813187,94.46153846153847,18.76923076923077,11.45440844009043,2288,1283,2825,3022,2260,1600,-300,-650,800,0,0,0,-164,-115,144,-83,0,37,122,124,122,125,121,124,40,41,41,43,41,42,11,2,0,8,0,1
33.0391,,989,-2.4615384615384617,-50.285714285714285,30.065934065934066,93.05494505494505,18.76923076923077,11.529766390354181,2275,1267,2851,3020,2260,1600,-350,-550,800,0,0,0,-97,-170,141,-125,0,37,122,124,122,125,121,124,40,41,41,43,41,42,9,1,0,17,0,0
33.0724,,990,-3.2527472527472527,-50.285714285714285,31.560439560439562,91.47252747252747,18.593406593406595,11.605124340617936,2261,1255,2878,3012,2260,1600,-400,-450,800,-200,0,0,-205,-125,127,-157,0,41,122,124,122,125,121,124,40,41,41,43,41,42,13,4,0,10,0,2
33.1059,,991,-3.868131868131868,-49.934065934065934,33.142857142857146,89.8021978021978,18.505494505494507,11.605124340617936,2246,1246,2905,3002,2260,1600,-500,-250,800,-250,0,0,-170,16,208,-181,0,44,122,124,122,125,121,124,40,41,41,43,41,42,4,2,0,17,0,3
33.1392,,992,-4.571428571428571,-49.494505494505496,34.72527472527472,88.21978021978022,18.505494505494507,11.605124340617936,2232,1242,2929,2989,2260,1600,-400,-200,750,-400,0,0,-139,-64,88,-219,-23,44,122,124,122,125,121,124,40,41,41,43,41,42,0,2,0,22,0,2
33.1726,,993,-5.450549450549451,-49.31868131868132,36.30769230769231,86.46153846153847,18.505494505494507,11.605124340617936,2220,1241,2952,2973,2260,1600,-400,-50,700,-450,0,0,-120,-43,151,-226,-23,44,122,124,122,125,121,124,40,41,41,43,41,42,2,3,0,22,0,3
33.206,,994,-6.153846153846154,-49.142857142857146,38.15384615384615,84.43956043956044,18.505494505494507,11.680482290881688,2212,1241,2974,2957,2260,1600,-250,0,650,-500,0,0,-35,-37,43,-237,-23,44,122,124,122,125,121,124,40,41,41,43,41,42,12,1,0,11,0,2
33.2394,,995,-7.032967032967033,-48.7032967032967,39.91208791208791,82.41758241758242,18.505494505494507,11.680482290881688,2202,1241,2993,2940,2260,1600,-300,0,600,-500,0,0,-45,-30,155,-251,-23,48,122,124,122,125,121,124,40,41,41,43,41,42,9,0,0,23,0,3
33.2728,,996,-7.824175824175824,-47.73626373626374,41.23076923076923,80.74725274725274,18.593406593406595,11.680482290881688,2193,1241,3013,2920,2260,1600,-300,0,600,-550,0,0,-138,0,64,-172,-23,48,122,124,122,125,121,124,40,41,41,43,41,42,5,0,0,26,0,3
33.3062,,997,-8.703296703296703,-46.15384615384615,42.02197802197802,79.34065934065934,18.593406593406595,11.680482290881688,2183,1241,3033,2899,2260,1600,-300,0,600,-650,0,0,-119,82,39,-275,0,48,122,124,122,125,121,124,40,41,41,43,41,42,5,7,0,15,0,3
33.3396,,998,-9.582417582417582,-44.043956043956044,42.285714285714285,78.02197802197803,18.593406593406595,11.680482290881688,2174,1248,3051,2879,2260,1600,-300,50,550,-600,0,0,-125,130,-46,-165,0,48,122,124,122,125,121,124,40,41,41,43,41,42,6,8,6,13,0,3
33.373,,999,-10.54945054945055,-41.494505494505496,42.285714285714285,76.96703296703296,18.681318681318682,11.680482290881688,2164,1259,3061,2862,2260,1600,-300,300,400,-500,0,0,-25,173,30,-145,0,48,122,124,122,125,121,124,40,41,41,43,41,42,4,10,2,10,0,3
33.4064,,1000,-11.340659340659341,-38.94505494505494,42.10989010989011,75.56043956043956,18.76923076923077,11.680482290881688,2155,1275,3069,2843,2260,1600,-300,450,200,-550,0,0,-58,145,0,-197,0,48,122,124,122,125,121,124,40,41,41,43,41,42,12,11,0,10,0,2
33.4398,,1001,-11.868131868131869,-36.57142857142857,42.02197802197802,73.8021978021978,18.76923076923077,11.680482290881688,2144,1296,3071,2828,2260,1600,-300,600,250,-450,0,0,-40,175,-44,-115,0,48,122,124,122,125,121,124,40,41,41,43,41,42,6,7,4,9,0,3
33.4732,,1002,-12.043956043956044,-34.46153846153846,41.934065934065934,72.04395604395604,18.945054945054945,11.680482290881688,2134,1318,3071,2811,2260,1600,-300,700,0,-500,0,0,19,274,-48,-233,0,48,122,124,122,125,121,124,40,41,41,43,41,42,1,7,5,18,0,2
33.5066,,1003,-12.131868131868131,-32.175824175824175,41.582417582417584,70.28571428571429,18.945054945054945,11.680482290881688,2125,1343,3071,2794,2260,1600,-300,700,0,-500,0,0,-69,180,-51,-155,27,48,122,124,122,125,121,124,40,41,41,43,41,42,0,5,8,21,0,3
33.54,,1004,-11.692307692307692,-29.89010989010989,41.23076923076923,68.61538461538461,18.945054945054945,11.680482290881688,2120,1368,3071,2775,2260,1600,-150,750,0,-600,0,0,62,265,-65,-240,27,48,122,124,122,125,121,124,40,41,41,43,41,42,1,1,11,8,0,3
33.5734,,1005,-11.340659340659341,-28.043956043956044,40.43956043956044,67.2967032967033,18.945054945054945,11.680482290881688,2118,1393,3071,2756,2260,1600,-100,750,0,-550,0,0,-18,201,-85,-142,27,48,122,124,122,125,121,124,40,41,41,43,41,42,1,1,17,20,0,3
33.6067,,1006,-10.725274725274724,-26.10989010989011,39.472527472527474,66.76923076923077,18.857142857142858,11.680482290881688,2118,1420,3071,2736,2260,1600,0,750,0,-550,0,0,0,265,-131,-236,27,48,122,124,122,125,121,124,40,41,41,43,41,42,0,0,31,10,0,3
33.6402,,1007,-9.054945054945055,-24.52747252747253,38.24175824175824,66.76923076923077,18.24175824175824,11.680482290881688,2119,1446,3070,2721,2260,1600,0,800,0,-500,0,0,48,159,-167,-174,23,48,122,124,122,125,121,124,40,41,41,43,41,42,4,0,58,3,0,3
33.6736,,1008,-6.857142857142857,-23.384615384615383,36.747252747252745,66.76923076923077,17.978021978021978,11.680482290881688,2122,1472,3070,2709,2260,1600,50,800,-50,-350,0,0,127,120,-217,-118,-37,48,122,124,122,125,121,124,40,41,41,43,41,42,4,0,87,0,2,3
33.707,,1009,-4.131868131868132,-23.032967032967033,35.604395604395606,66.76923076923077,17.978021978021978,11.680482290881688,2129,1496,3069,2702,2260,1600,150,750,0,-300,0,0,195,193,-282,-90,-45,48,121,124,122,124,121,123,40,41,41,43,41,42,35,0,133,0,4,2
33.7404,,1010,-0.7032967032967034,-22.857142857142858,34.72527472527472,66.76923076923077,17.978021978021978,11.680482290881688,2140,1517,3062,2698,2258,1600,300,650,-200,-150,0,0,174,-23,-304,-72,-41,48,121,124,122,124,121,123,40,41,41,43,41,42,46,0,131,3,1,3
33.7738,,1011,3.076923076923077,-22.681318681318682,33.84615384615385,66.76923076923077,17.978021978021978,11.680482290881688,2159,1529,3053,2694,2258,1600,500,450,-300,-150,0,0,242,-69,-300,-62,-37,48,121,123,122,124,121,123,40,41,41,43,41,42,54,0,106,3,2,3
33.8072,,1012,6.681318681318682,-22.593406593406595,33.05494505494506,66.76923076923077,18.065934065934066,11.680482290881688,2183,1536,3043,2692,2258,1600,700,250,-300,-50,0,0,391,27,-295,-51,-37,48,121,123,122,124,121,123,40,41,41,43,41,42,56,2,93,1,2,4
33.8406,,1013,10.285714285714286,-22.593406593406595,32.7032967032967,66.76923076923077,18.153846153846153,11.680482290881688,2211,1542,3032,2690,2258,1600,850,150,-350,-50,0,0,348,-23,-276,-48,-34,48,121,123,122,124,121,123,40,41,41,43,41,42,66,1,83,0,1,4
33.874,,1014,13.45054945054945,-22.681318681318682,32.7032967032967,66.76923076923077,18.153846153846153,11.680482290881688,2242,1543,3022,2689,2258,1600,900,150,-300,0,0,0,394,-30,-261,-41,-30,48,121,123,122,124,121,123,40,41,41,43,41,42,75,1,84,0,0,3
33.9074,,1015,16.263736263736263,-22.681318681318682,32.7032967032967,66.76923076923077,18.153846153846153,11.680482290881688,2276,1543,3016,2689,2258,1600,1000,0,-200,0,0,0,406,-34,-231,-41,-30,48,121,123,122,124,121,123,40,41,41,43,41,42,73,0,68,1,1,3
33.9408,,1016,18.63736263736264,-22.681318681318682,32.7032967032967,66.94505494505495,18.065934065934066,11.680482290881688,2311,1543,3011,2689,2258,1600,1050,0,-150,0,0,0,392,-34,-210,-41,-30,48,121,123,122,124,121,123,40,41,41,43,41,42,57,0,89,1,1,3
33.9742,,1017,20.923076923076923,-22.76923076923077,32.7032967032967,67.03296703296704,17.89010989010989,11.680482290881688,2349,1543,3008,2689,2258,1600,1050,0,-150,0,0,0,356,-34,-199,-34,-34,48,121,124,122,124,121,123,40,41,41,43,41,42,52,0,79,0,2,3
34.0076,,1018,23.296703296703296,-22.857142857142858,32.7032967032967,67.03296703296704,16.65934065934066,11.680482290881688,2384,1543,3006,2689,2258,1600,1000,0,-100,0,0,0,355,-37,-192,-30,-41,48,121,124,122,124,121,123,40,41,41,43,41,42,44,1,79,0,4,3
34.041,,1019,25.67032967032967,-23.032967032967033,32.7032967032967,67.03296703296704,14.901098901098901,11.680482290881688,2417,1543,3006,2689,2258,1600,950,0,0,0,0,0,325,-41,-192,-30,-116,48,121,124,122,124,121,123,40,41,41,43,41,42,34,2,83,0,16,2
34.0744,,1020,27.78021978021978,-23.208791208791208,32.79120879120879,67.12087912087912,13.23076923076923,11.680482290881688,2445,1543,3006,2689,2250,1600,900,0,0,0,-100,0,305,-48,-192,-30,-81,48,121,124,122,124,121,123,40,41,41,43,41,42,45,4,83,0,26,3
34.1079,,1021,29.45054945054945,-23.296703296703296,32.79120879120879,67.20879120879121,12.175824175824175,11.680482290881688,2474,1543,3006,2689,2239,1600,850,0,0,0,-300,0,370,-55,-189,-27,-104,48,121,124,122,124,121,123,40,41,41,43,41,42,39,6,79,0,23,3
34.1413,,1022,31.032967032967033,-23.384615384615383,32.79120879120879,67.2967032967033,11.56043956043956,11.680482290881688,2501,1543,3006,2689,2225,1600,800,0,0,0,-450,0,243,-58,-189,-23,-169,48,121,124,122,124,121,123,40,41,41,43,41,42,34,7,81,0,23,3
34.1747,,1023,32.7032967032967,-23.384615384615383,32.79120879120879,67.2967032967033,10.68131868131868,11.680482290881688,2527,1543,3006,2689,2213,1600,750,0,0,0,-400,0,247,-62,-189,0,-163,48,121,124,122,124,121,123,40,42,41,43,41,42,37,9,81,0,10,4
34.2081,,1024,33.934065934065934,-23.384615384615383,32.79120879120879,67.2967032967033,9.538461538461538,11.680482290881688,2549,1543,3006,2689,2203,1600,700,0,0,0,-300,0,310,-62,-189,0,-81,48,121,124,122,124,121,123,40,41,41,43,41,42,31,9,81,0,15,4
34.2415,,1025,35.34065934065934,-23.384615384615383,32.79120879120879,67.2967032967033,8.659340659340659,11.680482290881688,2570,1543,3006,2689,2192,1600,650,0,0,0,-300,0,273,-62,-189,0,-171,48,121,124,122,124,121,123,40,41,41,43,41,42,33,9,81,0,18,4
34.2749,,1026,36.92307692307692,-23.47252747252747,32.79120879120879,67.2967032967033,8.307692307692308,11.680482290881688,2590,1543,3006,2689,2180,1600,600,0,0,0,-300,0,172,-62,-189,0,-63,48,121,124,122,124,121,123,40,41,41,43,41,42,27,9,81,0,17,4
34.3083,,1027,38.417582417582416,-23.47252747252747,32.79120879120879,67.20879120879121,8.131868131868131,11.680482290881688,2607,1543,3006,2689,2170,1600,550,0,0,0,-350,0,194,-65,-189,0,-136,48,121,124,122,124,121,123,40,41,41,43,41,42,32,9,81,0,12,3
34.3418,,1028,39.91208791208791,-23.47252747252747,32.79120879120879,67.20879120879121,8.043956043956044,11.680482290881688,2625,1543,3006,2689,2163,1600,500,0,0,0,-250,0,271,-65,-189,-23,-104,48,121,124,122,125,121,123,40,41,41,43,41,42,42,10,81,0,6,3
34.3752,,1029,41.494505494505496,-23.47252747252747,32.79120879120879,67.03296703296704,8.043956043956044,11.680482290881688,2644,1543,3006,2690,2158,1600,550,0,0,50,-150,0,175,-65,-189,-27,-86,48,121,124,122,124,121,123,40,41,41,43,41,42,32,10,80,0,2,3
34.4086,,1030,43.07692307692308,-23.47252747252747,32.79120879120879,66.94505494505495,8.043956043956044,11.680482290881688,2660,1543,3006,2690,2155,1600,500,0,0,0,-100,0,259,-65,-189,-34,-72,48,121,124,122,124,121,123,40,41,41,43,41,42,40,10,80,1,9,3
34.442,,1031,44.83516483516483,-23.47252747252747,32.79120879120879,66.94505494505495,8.043956043956044,11.680482290881688,2677,1543,3006,2690,2153,1600,550,0,0,0,-50,0,169,-65,-189,-37,-65,48,121,124,122,124,121,123,40,41,41,43,41,42,34,9,80,1,8,3
34.4754,,1032,46.76923076923077,-23.47252747252747,32.79120879120879,66.94505494505495,7.868131868131868,11.680482290881688,2695,1543,3006,2690,2151,1600,500,0,0,0,-50,0,286,-65,-189,-37,-58,48,121,124,122,124,121,123,40,41,41,43,41,42,42,10,80,1,7,3
34.5088,,1033,48.43956043956044,-23.47252747252747,32.79120879120879,66.94505494505495,7.868131868131868,11.680482290881688,2714,1543,3006,2690,2151,1600,550,0,0,0,0,0,208,-65,-189,-37,-65,48,121,124,122,124,121,123,40,41,41,43,41,42,40,10,80,0,10,3
34.5422,,1034,49.582417582417584,-23.384615384615383,32.79120879120879,66.94505494505495,7.868131868131868,11.680482290881688,2732,1543,3006,2690,2151,1600,550,0,0,0,0,0,289,-65,-189,-37,-65,48,121,124,122,124,121,123,40,41,41,43,41,42,30,9,81,1,10,3
34.5756,,1035,50.37362637362637,-23.384615384615383,32.79120879120879,66.94505494505495,7.868131868131868,11.680482290881688,2751,1543,3006,2690,2151,1600,600,0,0,0,0,0,167,-62,-189,-37,-65,48,121,124,122,124,121,123,40,41,41,43,41,42,29,8,82,0,10,4
34.609,,1036,50.54945054945055,-23.47252747252747,32.879120879120876,66.94505494505495,8.219780219780219,11.680482290881688,2769,1543,3006,2690,2151,1600,500,0,0,0,0,0,205,-62,-189,-37,-65,48,121,124,122,124,121,123,40,42,41,43,41,42,34,9,81,0,10,4
34.6424,,1037,50.37362637362637,-23.560439560439562,32.879120879120876,67.12087912087912,8.571428571428571,11.605124340617936,2782,1543,3006,2690,2151,1600,450,0,0,0,0,0,86,-65,-185,-37,-46,48,121,124,122,124,121,123,40,41,41,43,41,42,10,9,78,0,5,4
34.6758,,1038,49.934065934065934,-23.824175824175825,32.879120879120876,67.20879120879121,8.571428571428571,11.605124340617936,2793,1543,3006,2690,2151,1600,350,0,0,0,0,0,122,-69,-185,-30,-37,44,121,124,122,125,121,123,40,41,41,43,41,42,10,10,78,0,2,2
34.7092,,1039,49.582417582417584,-24.35164835164835,32.879120879120876,67.2967032967033,8.571428571428571,11.605124340617936,2798,1543,3006,2690,2151,1600,200,0,0,0,0,0,79,-79,-185,-27,-37,44,121,124,122,124,121,123,40,41,41,43,41,42,8,14,78,0,3,2
34.7426,,1040,48.879120879120876,-25.582417582417584,32.879120879120876,67.2967032967033,8.571428571428571,11.605124340617936,2800,1543,3006,2690,2151,1600,50,0,0,0,0,0,58,-103,-185,-23,-37,44,121,124,122,124,121,123,40,41,41,43,41,42,8,25,78,0,2,3
34.776,,1041,47.824175824175825,-27.252747252747252,32.879120879120876,67.2967032967033,8.659340659340659,11.605124340617936,2800,1543,3006,2690,2151,1600,0,0,0,0,0,0,-24,-173,-185,-23,-37,44,121,124,122,125,121,123,40,41,41,43,41,42,2,46,78,0,2,2
34.8094,,1042,47.20879120879121,-29.626373626373628,32.879120879120876,67.2967032967033,8.659340659340659,11.605124340617936,2800,1539,3006,2690,2151,1600,0,-50,0,0,0,0,-70,-237,-185,-23,-34,44,121,124,122,124,121,123,40,41,41,43,41,42,7,57,77,0,1,2
34.8428,,1043,46.59340659340659,-32.7032967032967,32.879120879120876,67.2967032967033,8.659340659340659,11.605124340617936,2797,1530,3006,2690,2151,1600,-50,-200,0,0,0,0,-67,-213,-185,-23,-34,44,121,123,122,124,121,123,40,41,41,43,41,42,6,112,78,0,2,3
34.8762,,1044,45.89010989010989,-36.13186813186813,32.79120879120879,67.2967032967033,8.747252747252746,11.680482290881688,2794,1514,3006,2690,2151,1600,-50,-400,0,0,0,0,-83,-279,-185,-23,-34,44,121,123,122,124,121,123,40,41,41,43,41,42,5,111,78,0,1,3
34.9096,,1045,45.362637362637365,-39.472527472527474,32.79120879120879,67.2967032967033,8.835164835164836,11.680482290881688,2788,1493,3006,2690,2151,1600,-150,-600,0,0,0,0,-87,-337,-189,-23,-30,48,121,123,121,124,120,123,40,41,41,43,41,42,10,108,81,0,1,3
34.943,,1046,44.92307692307692,-42.989010989010985,32.79120879120879,67.2967032967033,8.835164835164836,11.680482290881688,2781,1467,3006,2690,2151,1600,-200,-750,0,0,0,0,22,-474,-189,-23,-27,48,121,123,121,124,120,123,40,41,41,43,41,42,5,125,80,0,0,4
34.9764,,1047,44.30769230769231,-46.417582417582416,32.79120879120879,67.20879120879121,8.835164835164836,11.680482290881688,2776,1437,3006,2690,2151,1600,-200,-900,0,0,0,0,-87,-420,-189,-23,-27,48,121,123,121,124,120,123,40,41,41,43,41,42,9,120,80,0,0,4
35.0097,,1048,43.86813186813187,-49.40659340659341,32.7032967032967,67.12087912087912,8.835164835164836,11.680482290881688,2771,1402,3006,2690,2151,1600,-150,-1000,0,0,0,0,23,-440,-189,-27,-27,48,121,123,121,124,120,123,40,41,41,43,41,42,8,105,79,0,0,3
35.0431,,1049,43.604395604395606,-52.13186813186813,32.7032967032967,67.12087912087912,8.835164835164836,11.680482290881688,2765,1368,3006,2690,2150,1600,-150,-1050,0,0,0,0,37,-432,-192,-30,-23,48,121,123,121,124,120,123,40,41,41,43,41,42,4,100,84,0,0,4
35.0765,,1050,43.42857142857143,-54.59340659340659,32.7032967032967,67.03296703296704,8.835164835164836,11.680482290881688,2760,1330,3006,2690,2150,1600,-200,-1100,0,0,0,0,-82,-322,-192,-30,-23,48,121,123,122,124,121,123,40,41,41,43,41,42,1,97,84,0,0,4
35.1099,,1051,43.42857142857143,-56.79120879120879,32.7032967032967,66.94505494505495,8.747252747252746,11.680482290881688,2755,1293,3006,2690,2150,1600,-150,-1100,0,0,0,0,-65,-408,-192,-34,-23,48,121,123,122,124,121,123,40,41,41,43,41,42,5,74,84,0,0,4
35.1433,,1052,43.42857142857143,-58.54945054945055,32.35164835164835,66.85714285714286,8.571428571428571,11.680482290881688,2751,1259,3006,2690,2150,1600,-150,-1100,0,0,0,0,-51,-365,-192,-37,-27,48,121,123,122,124,121,123,40,41,41,43,41,42,4,57,83,1,0,4
35.1767,,1053,43.42857142857143,-59.86813186813187,31.560439560439562,66.85714285714286,8.131868131868131,11.680482290881688,2749,1226,3006,2690,2150,1600,-50,-1000,0,0,0,0,-41,-310,-206,-41,-34,48,121,123,122,124,121,123,40,41,41,43,41,42,4,37,97,2,1,4
35.2101,,1054,43.42857142857143,-60.57142857142857,30.505494505494507,66.85714285714286,8.131868131868131,11.680482290881688,2747,1195,3005,2690,2150,1600,-50,-950,0,0,0,0,-34,-244,-248,-41,-51,48,121,124,122,124,121,123,40,41,41,43,41,42,2,12,131,1,7,4
35.2435,,1055,43.42857142857143,-60.747252747252745,28.835164835164836,66.85714285714286,8.131868131868131,11.680482290881688,2746,1170,2999,2690,2150,1600,-50,-750,-150,0,0,0,-30,-241,-274,-41,-51,48,121,124,122,124,121,123,40,41,41,43,41,42,1,18,132,1,5,3
35.2769,,1056,43.42857142857143,-60.13186813186813,26.813186813186814,66.85714285714286,8.131868131868131,11.680482290881688,2745,1152,2990,2690,2150,1600,0,-600,-300,0,0,0,-27,-199,-328,-41,-51,48,121,124,122,124,121,123,40,41,41,43,41,42,2,4,127,1,5,3
35.3104,,1057,43.34065934065934,-59.604395604395606,25.054945054945055,66.85714285714286,8.219780219780219,11.680482290881688,2745,1139,2976,2690,2150,1600,0,-400,-350,0,0,0,-27,-104,-275,-41,-51,48,121,124,122,124,121,123,40,41,41,43,41,42,2,3,117,1,4,3
35.3439,,1058,42.72527472527472,-58.54945054945055,23.208791208791208,66.85714285714286,8.659340659340659,11.75584024114544,2745,1132,2959,2690,2150,1600,0,-200,-500,0,0,0,-30,-65,-370,-41,-48,48,121,124,122,124,121,123,40,41,41,43,41,42,3,3,134,0,4,3
35.3774,,1059,41.84615384615385,-57.142857142857146,21.0989010989011,66.94505494505495,8.747252747252746,11.75584024114544,2743,1131,2942,2691,2150,1600,0,-100,-500,0,0,0,-49,34,-376,-44,-30,51,121,124,122,124,121,123,40,41,41,43,41,42,7,2,119,1,1,4
35.4109,,1060,40.879120879120876,-55.120879120879124,18.9010989010989,67.03296703296704,8.747252747252746,11.75584024114544,2738,1128,2924,2691,2150,1600,-150,0,-500,0,0,0,-97,99,-329,-41,-27,51,121,123,122,124,121,123,40,42,41,43,41,42,1,10,136,1,0,4
35.4443,,1061,40.0,-52.92307692307692,16.967032967032967,67.12087912087912,8.747252747252746,11.75584024114544,2731,1132,2904,2691,2150,1600,-200,50,-600,0,0,0,-106,94,-348,-37,-27,51,121,123,122,124,121,123,40,41,41,43,41,42,4,24,149,0,0,4
35.4777,,1062,39.20879120879121,-50.54945054945055,15.032967032967033,67.20879120879121,8.835164835164836,11.831198191409193,2722,1144,2882,2691,2150,1600,-250,300,-600,0,0,0,-107,141,-345,-34,-27,51,121,123,122,124,121,123,40,41,41,43,41,42,3,31,160,0,0,4
35.5111,,1063,38.24175824175824,-48.527472527472526,13.362637362637363,67.2967032967033,8.835164835164836,12.132629992464206,2713,1157,2859,2691,2150,1600,-250,400,-700,0,0,0,23,275,-419,-30,-23,58,121,123,122,124,121,123,40,41,41,43,41,42,2,55,110,0,0,6
35.5445,,1064,36.83516483516483,-47.032967032967036,11.868131868131869,67.2967032967033,8.835164835164836,13.03692539562924,2705,1173,2835,2691,2150,1601,-250,500,-700,0,0,0,-109,208,-303,-27,-23,72,121,123,122,124,121,123,40,41,41,43,41,42,11,46,104,0,0,11
35.5779,,1065,35.51648351648352,-45.714285714285715,10.461538461538462,67.2967032967033,8.835164835164836,13.790504898266768,2696,1193,2812,2691,2150,1603,-250,600,-700,0,0,50,-155,222,-310,-27,-23,136,121,123,122,124,121,123,40,41,41,43,41,42,9,49,106,0,0,21
35.6113,,1066,34.02197802197802,-44.57142857142857,9.23076923076923,67.2967032967033,8.923076923076923,14.242652599849285,2684,1213,2793,2691,2150,1612,-350,600,-600,0,0,250,-164,195,-373,-27,-23,132,121,123,122,124,121,123,40,41,41,43,41,42,5,32,113,0,0,15
35.6447,,1067,32.527472527472526,-43.69230769230769,8.263736263736265,67.2967032967033,8.923076923076923,14.468726450640542,2672,1235,2774,2691,2150,1621,-350,600,-550,0,0,250,-178,240,-262,-27,0,51,121,123,122,124,121,123,40,41,41,43,41,42,9,8,101,0,0,9
35.6781,,1068,31.296703296703296,-42.72527472527472,7.56043956043956,67.2967032967033,8.923076923076923,14.468726450640542,2658,1258,2758,2691,2150,1629,-400,700,-500,0,0,250,-182,94,-228,-27,0,104,121,124,122,124,121,123,40,41,41,43,41,42,9,3,87,0,0,7
35.7115,,1069,30.065934065934066,-41.75824175824176,6.945054945054945,67.2967032967033,8.923076923076923,14.468726450640542,2641,1276,2744,2691,2150,1633,-500,650,-450,0,0,150,-193,64,-315,-27,0,83,121,124,122,124,121,123,40,41,41,43,41,42,10,2,95,0,0,5
35.7449,,1070,28.835164835164836,-40.527472527472526,6.593406593406593,67.2967032967033,8.923076923076923,14.468726450640542,2626,1290,2733,2691,2150,1637,-450,400,-350,0,0,100,-97,76,-290,-27,0,69,121,124,122,124,121,123,40,41,41,43,41,42,4,0,87,0,0,7
35.7783,,1071,27.604395604395606,-39.2967032967033,6.417582417582418,67.2967032967033,8.923076923076923,14.468726450640542,2612,1303,2723,2691,2150,1639,-450,400,-300,0,0,50,-173,165,-248,-27,0,62,121,124,122,124,121,123,40,41,41,43,41,42,6,3,76,0,0,6
35.8117,,1072,26.285714285714285,-38.065934065934066,6.329670329670329,67.2967032967033,8.923076923076923,14.468726450640542,2597,1317,2715,2691,2150,1641,-450,400,-200,0,0,100,-166,71,-139,-27,0,55,121,124,122,124,121,123,40,41,41,43,41,42,6,4,80,0,0,4
35.8451,,1073,24.87912087912088,-36.395604395604394,5.8901098901098905,67.2967032967033,9.010989010989011,14.468726450640542,2583,1329,2710,2691,2150,1642,-450,400,-150,0,0,50,-76,70,-206,-27,0,51,122,124,122,125,121,123,40,41,41,43,41,42,8,4,79,0,0,4
35.8785,,1074,23.296703296703296,-34.46153846153846,5.626373626373627,67.2967032967033,9.010989010989011,14.468726450640542,2568,1343,2705,2691,2150,1643,-450,450,-150,0,0,0,-191,198,-226,-27,0,48,122,124,122,125,121,124,40,41,41,43,41,42,6,12,93,0,0,3
35.9119,,1075,21.89010989010989,-32.7032967032967,5.450549450549451,67.2967032967033,9.538461538461538,14.468726450640542,2554,1359,2701,2691,2150,1643,-400,450,-100,0,0,0,-113,219,-121,-27,0,48,122,124,122,125,121,124,40,41,41,43,41,42,8,13,83,0,0,3
35.9453,,1076,20.307692307692307,-30.76923076923077,5.010989010989011,67.2967032967033,10.32967032967033,14.468726450640542,2537,1376,2697,2691,2151,1643,-450,550,-100,0,0,0,-190,222,-199,-27,44,48,121,124,122,125,121,123,40,41,41,43,41,42,10,14,81,0,3,4
35.9788,,1077,18.46153846153846,-28.483516483516482,4.835164835164835,67.2967032967033,11.032967032967033,14.468726450640542,2521,1395,2693,2691,2154,1643,-500,550,-150,0,50,0,-107,141,-203,-27,72,48,122,124,122,125,121,123,40,41,41,43,41,42,14,6,70,0,3,4
36.0121,,1078,16.791208791208792,-26.373626373626372,4.483516483516484,67.2967032967033,11.648351648351648,14.468726450640542,2505,1415,2689,2691,2158,1643,-450,600,-150,0,150,0,-141,159,-192,-27,-24,48,122,124,122,125,121,123,40,41,41,43,41,42,14,8,54,0,5,3
36.0456,,1079,15.208791208791208,-24.087912087912088,4.131868131868132,67.38461538461539,12.175824175824175,14.468726450640542,2487,1437,2686,2691,2164,1643,-500,600,-100,0,150,0,-141,277,-204,-27,-24,48,122,124,122,125,121,123,40,41,41,43,41,42,11,6,77,0,1,4
36.079,,1080,13.802197802197803,-21.714285714285715,3.868131868131868,67.38461538461539,12.703296703296703,14.468726450640542,2468,1459,2683,2691,2171,1643,-550,700,-100,0,200,0,-222,196,-203,-23,86,48,122,124,122,125,121,123,40,41,41,43,41,42,12,6,87,0,3,3
36.1124,,1081,12.395604395604396,-19.604395604395606,3.340659340659341,67.38461538461539,13.23076923076923,14.468726450640542,2449,1486,2680,2691,2177,1643,-550,750,-100,0,150,0,-120,281,-203,-23,77,48,121,124,122,125,121,123,40,41,41,43,41,42,8,1,89,0,4,4
36.1458,,1082,10.901098901098901,-17.23076923076923,2.8131868131868134,67.38461538461539,13.406593406593407,14.468726450640542,2433,1515,2678,2691,2182,1643,-500,850,-50,0,150,0,-106,173,-214,-23,73,48,121,124,122,125,121,123,40,41,41,43,41,42,13,0,91,0,10,3
36.1792,,1083,9.494505494505495,-15.296703296703297,2.5494505494505493,67.38461538461539,13.406593406593407,14.468726450640542,2417,1545,2675,2691,2187,1643,-450,950,-100,0,150,0,-219,185,-244,-23,69,48,122,124,122,125,121,123,40,41,41,43,41,42,14,0,105,0,4,3
36.2126,,1084,7.912087912087912,-13.45054945054945,2.5494505494505493,67.38461538461539,13.406593406593407,14.468726450640542,2401,1577,2670,2691,2190,1643,-450,950,-100,0,150,0,-214,148,-224,-23,55,48,122,124,122,125,121,123,40,41,41,43,41,42,13,0,90,0,1,4
36.246,,1085,6.417582417582418,-11.604395604395604,2.5494505494505493,67.47252747252747,13.406593406593407,14.468726450640542,2385,1606,2666,2691,2193,1643,-500,850,-100,0,50,0,-129,110,-206,-23,-76,48,122,124,122,125,121,124,40,41,41,43,41,42,10,0,82,0,0,4
36.2794,,1086,4.747252747252747,-10.021978021978022,2.6373626373626373,68.08791208791209,13.406593406593407,14.393368500376791,2368,1632,2664,2691,2195,1643,-450,800,-100,0,50,0,-123,169,-196,0,34,48,122,124,122,125,121,124,40,41,41,43,41,42,13,0,96,0,0,3
36.3128,,1087,2.989010989010989,-8.615384615384615,2.5494505494505493,69.49450549450549,13.406593406593407,14.393368500376791,2350,1656,2663,2691,2196,1643,-500,750,-50,0,0,0,-127,45,-189,48,30,44,122,124,122,125,121,124,40,41,41,43,41,42,14,0,59,2,1,3
36.3462,,1088,0.967032967032967,-7.736263736263736,2.5494505494505493,70.63736263736264,13.406593406593407,14.167294649585532,2333,1679,2663,2694,2197,1643,-550,650,0,0,50,0,-155,50,-192,24,27,44,122,124,122,125,121,123,40,41,41,43,41,42,14,0,80,8,0,2
36.3796,,1089,-1.054945054945055,-7.472527472527473,2.7252747252747254,71.78021978021978,13.406593406593407,14.091936699321778,2314,1699,2663,2703,2197,1643,-550,600,0,250,0,0,-166,-38,-192,110,27,34,122,124,122,125,121,123,40,41,41,43,41,42,18,3,83,8,1,1
36.413,,1090,-2.989010989010989,-7.472527472527473,2.7252747252747254,73.01098901098901,13.406593406593407,14.016578749058025,2294,1711,2663,2713,2198,1643,-550,400,0,300,50,0,-173,23,-185,59,23,30,122,124,122,125,121,123,40,41,41,43,41,42,17,5,77,8,0,0
36.4464,,1091,-5.010989010989011,-7.648351648351649,2.7252747252747254,74.41758241758242,13.406593406593407,14.016578749058025,2273,1719,2663,2724,2199,1643,-600,300,0,300,50,0,-172,-41,-185,64,0,23,121,124,122,125,121,123,40,41,41,43,41,42,12,17,77,8,0,0
36.4798,,1092,-7.1208791208791204,-7.912087912087912,2.7252747252747254,76.0,13.494505494505495,13.941220798794273,2253,1720,2663,2737,2199,1643,-600,50,0,350,0,0,-288,-55,-185,163,0,23,121,124,122,124,121,123,40,41,41,43,41,42,19,10,77,6,0,0
36.5132,,1093,-9.67032967032967,-8.0,2.8131868131868134,77.84615384615384,13.494505494505495,13.941220798794273,2231,1719,2663,2750,2199,1643,-650,0,0,400,0,0,-204,-65,-185,84,23,0,121,124,122,125,121,123,40,41,41,43,41,42,27,10,78,10,0,0
36.5466,,1094,-12.571428571428571,-8.0,2.901098901098901,80.04395604395604,14.021978021978022,13.941220798794273,2208,1719,2662,2767,2199,1643,-700,0,-50,500,0,0,-305,-65,-178,208,23,0,121,124,122,125,121,123,40,41,41,43,41,42,25,8,73,13,0,0
36.58,,1095,-15.472527472527473,-8.0,3.076923076923077,82.24175824175825,14.989010989010989,13.865862848530519,2183,1719,2662,2784,2199,1643,-750,0,0,500,0,0,-236,-65,-174,144,49,0,121,124,122,125,121,123,40,41,41,43,41,42,23,8,69,14,4,0
36.6134,,1096,-18.54945054945055,-8.0,3.076923076923077,84.26373626373626,15.868131868131869,13.865862848530519,2157,1719,2662,2803,2202,1643,-800,0,0,550,50,0,-255,-65,-167,162,90,0,121,124,122,125,121,123,40,41,41,43,41,42,23,9,63,11,7,0
36.6468,,1097,-21.626373626373628,-8.0,3.076923076923077,86.1978021978022,16.395604395604394,13.865862848530519,2128,1719,2662,2824,2209,1643,-850,0,0,600,200,0,-295,-65,-167,166,115,0,121,124,122,125,121,123,40,41,41,43,41,42,36,9,64,17,14,0
36.6802,,1098,-24.35164835164835,-8.175824175824175,3.076923076923077,88.04395604395604,17.01098901098901,13.865862848530519,2100,1719,2662,2846,2215,1643,-850,0,0,650,200,0,-312,-65,-167,158,-21,0,121,124,122,125,121,123,40,41,41,43,41,42,27,9,65,13,2,0
36.7137,,1099,-26.98901098901099,-8.175824175824175,3.076923076923077,89.89010989010988,17.802197802197803,13.865862848530519,2068,1719,2662,2868,2222,1643,-900,0,0,650,200,0,-312,-72,-167,180,101,0,121,124,122,125,121,123,40,41,41,43,41,42,25,10,64,11,5,0
36.7471,,1100,-29.186813186813186,-8.263736263736265,3.1648351648351647,91.73626373626374,18.945054945054945,13.865862848530519,2035,1719,2662,2888,2228,1643,-950,0,0,600,200,0,-298,-72,-167,173,108,0,121,124,122,125,121,123,40,41,41,43,41,42,17,10,64,13,7,0
36.7805,,1101,-30.945054945054945,-8.263736263736265,3.1648351648351647,93.93406593406593,20.615384615384617,13.865862848530519,2001,1719,2662,2909,2237,1643,-1000,0,0,600,250,0,-261,-76,-164,169,39,0,121,124,122,124,121,123,40,41,41,43,41,42,18,12,61,14,10,0
36.8139,,1102,-32.26373626373626,-8.263736263736265,3.2527472527472527,96.21978021978022,22.46153846153846,13.865862848530519,1971,1719,2662,2930,2247,1643,-950,0,0,650,300,0,-250,-76,-164,180,92,0,122,124,122,125,121,123,40,42,41,43,41,42,14,12,61,15,18,0
36.8473,,1103,-32.7032967032967,-8.263736263736265,3.6923076923076925,97.53846153846153,23.78021978021978,13.865862848530519,1943,1719,2662,2949,2260,1643,-850,0,0,600,350,0,-191,-76,-160,302,120,0,122,124,122,125,121,123,40,41,41,43,41,42,2,12,59,14,14,0
36.8807,,1104,-32.35164835164835,-8.615384615384615,4.923076923076923,97.97802197802197,24.571428571428573,13.865862848530519,1919,1719,2662,2972,2274,1643,-800,0,0,650,400,0,-93,-76,-142,190,203,0,122,124,122,125,121,123,40,41,41,43,41,42,0,11,45,16,11,0
36.9141,,1105,-31.824175824175825,-9.494505494505495,6.417582417582418,97.97802197802197,25.01098901098901,13.865862848530519,1902,1719,2662,2994,2288,1643,-600,0,0,700,450,0,-97,-90,-69,97,73,0,122,124,122,125,121,124,40,41,41,43,41,42,0,18,19,2,12,0
36.9476,,1106,-30.945054945054945,-10.461538461538462,8.351648351648352,97.89010989010988,25.978021978021978,13.865862848530519,1894,1718,2662,3007,2301,1643,-300,0,0,500,400,0,-35,-139,19,40,152,0,122,124,122,125,121,124,40,41,41,43,41,42,0,38,5,2,6,0
36.981,,1107,-28.65934065934066,-10.725274725274724,10.197802197802197,97.71428571428571,26.681318681318682,13.865862848530519,1892,1717,2667,3015,2311,1643,-50,0,150,300,250,0,127,-183,92,90,168,0,122,124,122,125,121,124,40,41,41,43,41,42,5,60,3,1,9,0
37.0144,,1108,-26.197802197802197,-10.725274725274724,11.516483516483516,97.62637362637362,27.208791208791208,13.865862848530519,1894,1713,2677,3019,2322,1643,0,-100,250,150,350,0,141,-157,131,72,137,0,122,124,122,125,121,124,40,41,41,43,41,42,18,50,3,3,4,0
37.0478,,1109,-23.296703296703296,-10.461538461538462,12.395604395604396,97.53846153846153,27.824175824175825,13.865862848530519,1903,1711,2692,3021,2331,1643,250,-50,400,50,300,0,126,-146,126,58,114,0,122,124,122,125,121,124,40,41,41,43,41,42,34,47,0,4,4,0
37.0812,,1110,-20.307692307692307,-10.373626373626374,12.923076923076923,97.53846153846153,28.791208791208792,13.865862848530519,1918,1710,2707,3023,2340,1643,450,-50,450,50,250,0,274,-132,-31,48,108,0,122,124,122,125,121,124,40,42,41,43,41,42,51,38,0,3,4,0
37.1146,,1111,-17.406593406593405,-10.373626373626374,13.010989010989011,97.53846153846153,30.373626373626372,13.790504898266768,1938,1710,2719,3023,2349,1643,550,0,450,0,300,0,336,-129,85,48,144,0,122,124,122,125,121,124,40,41,41,43,41,42,54,39,0,4,1,0
37.148,,1112,-14.593406593406593,-10.373626373626374,12.923076923076923,97.45054945054945,31.78021978021978,13.790504898266768,1960,1710,2728,3023,2359,1643,700,0,250,0,300,0,284,-129,-80,48,85,0,122,124,122,125,121,123,40,41,41,43,41,42,61,39,0,3,20,0
37.1815,,1113,-11.604395604395604,-10.285714285714286,12.659340659340659,97.36263736263736,32.57142857142857,13.790504898266768,1987,1710,2733,3023,2372,1643,700,0,250,0,300,0,301,-129,0,44,177,0,122,124,122,125,121,123,40,41,41,43,41,42,51,39,0,2,14,0
37.2149,,1114,-8.87912087912088,-10.10989010989011,12.483516483516484,97.0989010989011,33.010989010989015,13.790504898266768,2016,1710,2735,3023,2385,1643,850,0,100,0,400,0,316,-125,-41,41,142,0,122,124,122,125,121,123,40,41,41,43,41,42,40,36,2,0,8,0
37.2483,,1115,-6.417582417582418,-10.10989010989011,12.483516483516484,96.13186813186813,33.0989010989011,13.790504898266768,2044,1710,2735,3023,2396,1643,900,0,0,0,350,0,339,-118,-48,30,111,0,122,124,122,125,121,124,40,41,41,43,41,42,62,31,5,0,7,0
37.2817,,1116,-3.4285714285714284,-10.10989010989011,12.483516483516484,95.16483516483517,32.747252747252745,13.790504898266768,2076,1710,2735,3023,2404,1643,950,0,0,0,250,0,329,-118,-48,-60,90,0,122,124,122,125,121,124,40,41,41,43,41,42,49,32,4,5,3,0
37.3151,,1117,-0.5274725274725275,-10.10989010989011,12.395604395604396,93.93406593406593,32.30769230769231,13.790504898266768,2108,1710,2735,3020,2409,1643,900,0,0,-100,150,0,330,-118,-48,-96,58,0,122,124,122,125,121,123,40,41,41,43,41,42,38,32,3,8,2,0
37.3485,,1118,1.8461538461538463,-10.197802197802197,12.395604395604396,92.7032967032967,31.78021978021978,13.790504898266768,2139,1710,2735,3014,2411,1643,900,0,0,-150,50,0,333,-118,-51,-45,34,0,122,124,122,125,121,123,40,41,41,43,41,42,36,33,4,11,0,0
37.3819,,1119,4.131868131868132,-10.197802197802197,12.307692307692308,91.73626373626374,30.54945054945055,13.790504898266768,2170,1710,2735,3004,2412,1643,950,0,0,-300,0,0,310,-122,-51,-57,-27,0,122,124,122,125,121,124,40,41,41,43,41,42,44,36,4,9,0,0
37.4153,,1120,6.417582417582418,-10.54945054945055,12.219780219780219,90.15384615384616,28.52747252747253,13.790504898266768,2200,1710,2735,2995,2412,1643,900,0,0,-300,50,0,323,-122,-55,-48,-95,0,122,124,122,125,121,124,40,41,41,43,41,42,40,36,5,6,11,0
37.4487,,1121,8.43956043956044,-10.901098901098901,12.043956043956044,88.83516483516483,25.36263736263736,13.790504898266768,2230,1710,2735,2984,2407,1643,900,0,0,-350,-50,0,390,-139,-58,-83,-173,0,121,124,122,125,121,123,40,41,41,43,41,42,32,45,5,17,24,0
37.4821,,1122,10.021978021978022,-11.252747252747254,11.780219780219781,87.78021978021978,21.934065934065934,13.790504898266768,2257,1710,2735,2970,2395,1643,900,0,0,-350,-300,0,279,-150,-65,-190,-249,0,121,124,122,124,121,123,40,41,41,43,41,42,25,54,8,13,33,0
37.5154,,1123,11.428571428571429,-12.307692307692308,11.604395604395604,86.54945054945055,18.32967032967033,13.790504898266768,2283,1710,2735,2957,2376,1643,800,0,0,-400,-500,0,241,-164,-76,-175,-233,0,121,124,122,124,121,123,40,42,41,43,41,42,26,64,13,9,46,0
37.5488,,1124,12.659340659340659,-13.45054945054945,11.516483516483516,85.4065934065934,14.54945054945055,13.790504898266768,2308,1710,2735,2944,2350,1643,700,0,0,-400,-700,0,285,-226,-83,-177,-283,0,121,123,122,124,121,123,40,41,41,43,41,42,31,92,16,7,39,0
37.5822,,1125,13.89010989010989,-15.032967032967033,11.516483516483516,84.08791208791209,10.32967032967033,13.790504898266768,2328,1705,2736,2930,2322,1643,650,-150,50,-350,-850,0,199,-182,-90,-168,-341,0,121,123,122,124,121,123,40,41,41,43,41,42,22,110,17,10,40,0
37.6156,,1126,15.12087912087912,-16.439560439560438,11.516483516483516,82.85714285714286,6.197802197802198,13.790504898266768,2348,1697,2736,2917,2289,1643,600,-250,0,-400,-950,0,258,-307,-90,-172,-472,0,121,123,122,124,120,123,40,41,41,43,41,42,32,119,17,20,53,0
37.649,,1127,16.439560439560438,-17.75824175824176,11.516483516483516,81.71428571428571,2.5054945054945055,13.790504898266768,2366,1685,2736,2904,2251,1643,550,-350,0,-400,-1050,0,153,-315,-90,-107,-414,0,121,123,121,124,120,123,40,42,41,43,41,42,20,96,17,8,65,0
37.6824,,1128,17.67032967032967,-19.164835164835164,11.516483516483516,80.48351648351648,-0.13186813186813187,13.790504898266768,2381,1670,2736,2891,2211,1643,450,-450,0,-400,-1200,0,231,-223,-90,-98,-426,0,121,123,122,124,120,123,40,41,41,43,41,42,34,79,17,15,48,0
37.7158,,1129,19.076923076923077,-20.65934065934066,11.516483516483516,79.25274725274726,-1.6263736263736264,13.790504898266768,2396,1654,2736,2877,2172,1643,450,-450,0,-350,-1200,0,246,-307,-90,-97,-430,0,121,123,122,124,121,123,40,41,41,43,41,42,34,86,17,14,37,0
37.7492,,1130,19.692307692307693,-22.505494505494507,11.604395604395604,78.02197802197803,-1.8021978021978022,13.790504898266768,2412,1639,2736,2865,2133,1643,450,-500,0,-350,-1250,0,247,-335,-90,-95,-359,0,121,123,122,124,121,123,40,41,41,43,41,42,35,86,17,15,10,0
37.7826,,1131,19.692307692307693,-24.52747252747253,11.604395604395604,76.43956043956044,-1.5384615384615385,13.790504898266768,2426,1622,2736,2852,2101,1643,450,-450,0,-400,-1100,0,194,-346,-86,-204,-298,0,121,123,122,124,121,123,40,41,41,43,41,42,22,108,16,15,4,0
37.816,,1132,19.34065934065934,-26.98901098901099,11.604395604395604,75.20879120879121,-0.6593406593406593,13.790504898266768,2438,1604,2736,2838,2080,1643,450,-550,0,-400,-750,0,54,-360,-86,-219,-199,0,121,123,122,124,121,123,40,41,41,43,41,42,18,83,17,28,0,0
37.8494,,1133,18.813186813186814,-29.36263736263736,11.604395604395604,74.24175824175825,1.5384615384615385,13.790504898266768,2446,1584,2736,2824,2067,1643,300,-550,0,-400,-450,0,-23,-384,-86,-122,21,0,121,124,122,124,121,123,40,41,41,43,41,42,5,86,17,14,0,0
37.8828,,1134,17.67032967032967,-31.64835164835165,11.692307692307692,73.36263736263736,5.582417582417582,13.790504898266768,2449,1562,2736,2809,2063,1643,100,-700,0,-400,-100,0,47,-418,-86,-184,30,0,121,124,122,124,121,123,40,41,41,43,41,42,4,96,16,17,2,0
37.9162,,1135,15.56043956043956,-33.40659340659341,11.692307692307692,72.92307692307692,11.472527472527473,13.790504898266768,2450,1538,2736,2797,2066,1643,50,-750,0,-400,-50,0,-46,-424,-83,-168,90,0,121,124,122,124,121,123,40,41,41,43,41,42,2,103,15,23,33,0
37.9496,,1136,12.923076923076923,-34.37362637362637,11.692307692307692,73.01098901098901,18.32967032967033,13.790504898266768,2447,1512,2736,2784,2080,1643,-50,-750,0,-400,300,0,-124,-314,-83,-148,248,0,121,123,122,124,121,123,40,41,41,43,41,42,16,101,15,10,56,0
37.983,,1137,10.813186813186814,-34.81318681318681,11.956043956043956,73.27472527472527,25.01098901098901,13.790504898266768,2439,1488,2736,2777,2108,1643,-250,-700,0,-300,800,0,-116,-333,-83,-104,388,0,121,123,122,124,121,123,40,41,41,43,41,42,31,57,15,6,69,0
38.0164,,1138,10.021978021978022,-34.989010989010985,12.571428571428571,73.62637362637362,31.164835164835164,13.790504898266768,2425,1467,2736,2772,2148,1643,-350,-700,0,-150,1000,0,-162,-255,-72,-76,502,0,121,123,122,124,121,123,40,41,41,43,41,42,32,46,10,6,91,0
38.0497,,1139,10.021978021978022,-34.81318681318681,12.747252747252746,74.5934065934066,36.08791208791209,13.790504898266768,2407,1451,2736,2771,2194,1643,-500,-550,0,-50,1350,0,-212,-220,-29,-55,582,0,121,124,122,124,121,123,40,41,41,43,41,42,19,30,3,3,93,0
38.0831,,1140,10.285714285714286,-34.54945054945055,12.747252747252746,75.47252747252747,39.51648351648352,13.790504898266768,2390,1440,2736,2771,2249,1643,-500,-400,0,0,1550,0,-129,-164,-41,41,621,0,121,124,122,124,121,123,40,41,41,43,41,42,2,23,1,1,64,0
38.1165,,1141,10.373626373626374,-34.46153846153846,12.835164835164836,76.52747252747253,42.68131868131868,13.790504898266768,2381,1432,2736,2773,2307,1643,-450,-250,0,0,1700,0,-76,-122,-41,-50,513,0,121,124,122,125,121,123,40,41,41,43,41,42,0,10,2,3,52,0
38.1499,,1142,10.373626373626374,-34.46153846153846,12.923076923076923,78.10989010989012,45.494505494505496,13.790504898266768,2376,1428,2736,2778,2361,1643,-150,-150,0,100,1700,0,-51,-101,-37,101,547,0,122,124,122,125,121,124,40,41,41,43,41,42,0,16,1,0,31,0
38.1833,,1143,10.021978021978022,-34.285714285714285,12.923076923076923,80.92307692307692,48.57142857142857,13.865862848530519,2372,1426,2736,2785,2415,1643,-100,-100,0,200,1600,0,-41,-93,-34,48,436,0,122,124,122,125,121,124,40,42,41,43,41,42,1,17,0,6,10,0
38.2167,,1144,9.582417582417582,-34.10989010989011,13.010989010989011,84.35164835164835,52.879120879120876,13.865862848530519,2371,1425,2736,2798,2465,1643,-50,0,0,350,1450,0,-49,-83,-34,115,379,0,122,124,122,125,121,124,40,42,41,43,41,42,4,15,0,8,7,0
38.2501,,1145,9.142857142857142,-33.31868131868132,13.098901098901099,88.74725274725274,57.362637362637365,13.865862848530519,2369,1424,2736,2816,2507,1643,-50,-50,0,500,1350,0,-62,-72,-30,278,364,0,122,124,122,125,121,124,40,41,41,43,41,42,4,11,0,33,29,0
38.2834,,1146,8.175824175824175,-32.08791208791209,13.098901098901099,93.67032967032966,61.05494505494506,13.865862848530519,2365,1424,2736,2839,2551,1643,-100,0,0,650,1300,0,-62,-24,-27,266,463,0,122,124,122,125,121,123,40,42,41,43,41,42,4,2,0,40,36,0
38.3168,,1147,7.912087912087912,-30.681318681318682,13.098901098901099,97.27472527472527,63.34065934065934,13.865862848530519,2360,1424,2736,2870,2596,1643,-150,0,0,850,1350,0,-99,62,-27,342,459,0,122,124,122,125,121,123,40,41,41,43,41,42,11,1,0,42,36,0
38.3502,,1148,7.912087912087912,-29.274725274725274,13.538461538461538,98.76923076923077,64.13186813186813,13.865862848530519,2354,1430,2736,2907,2638,1643,-200,150,0,1100,1350,0,-79,110,-27,374,443,0,122,124,122,125,121,123,40,41,41,43,41,42,6,7,0,27,13,0
38.3836,,1149,8.087912087912088,-28.21978021978022,14.32967032967033,98.76923076923077,63.604395604395606,13.865862848530519,2347,1440,2736,2945,2680,1643,-200,250,0,1150,1300,0,-55,133,30,317,325,0,122,124,122,125,121,124,40,41,41,43,41,42,3,8,0,15,3,0
38.417,,1150,8.175824175824175,-27.252747252747252,15.032967032967033,98.76923076923077,62.72527472527472,13.865862848530519,2344,1451,2741,2978,2712,1643,-150,350,50,1050,1100,0,-30,127,58,208,130,0,122,124,122,125,121,124,40,41,41,43,41,42,1,2,0,2,0,0
38.4504,,1151,8.087912087912088,-25.494505494505493,15.296703296703297,98.76923076923077,60.61538461538461,13.865862848530519,2343,1464,2749,3004,2733,1643,-50,350,250,1000,700,0,-23,27,47,93,112,0,122,124,122,125,121,124,40,41,41,43,41,42,0,0,0,0,0,0
38.4838,,1152,7.912087912087912,-23.208791208791208,15.208791208791208,98.68131868131869,57.45054945054945,13.941220798794273,2343,1477,2757,3018,2741,1643,0,400,200,550,300,0,-27,60,0,118,21,0,122,124,122,125,121,124,40,42,41,43,41,42,1,0,0,0,0,0
38.5172,,1153,7.912087912087912,-20.835164835164836,14.857142857142858,98.5934065934066,54.10989010989011,14.091936699321778,2343,1492,2762,3025,2737,1643,0,500,100,250,-150,0,-34,110,-30,86,-167,0,122,124,122,125,121,124,40,42,41,43,41,42,1,0,2,2,21,0
38.5506,,1154,7.824175824175824,-18.10989010989011,14.417582417582418,98.41758241758242,50.417582417582416,14.167294649585532,2341,1511,2762,3029,2723,1643,-50,500,50,100,-350,0,-30,139,-48,72,-255,30,122,124,122,125,121,124,40,41,41,43,41,42,2,4,4,3,35,1
38.584,,1155,7.736263736263736,-15.472527472527473,13.978021978021978,97.89010989010988,46.72527472527472,14.242652599849285,2338,1533,2762,3031,2704,1643,-100,650,0,50,-600,0,0,166,-65,55,-241,34,122,124,122,125,121,124,40,41,41,43,41,42,1,5,10,3,23,0
38.6174,,1156,7.56043956043956,-12.923076923076923,13.362637362637363,97.53846153846153,42.94505494505494,14.242652599849285,2337,1558,2762,3032,2677,1643,-100,650,0,50,-700,0,0,271,-83,22,-293,37,122,124,122,125,121,124,40,41,41,43,41,42,0,2,18,0,42,1
38.6508,,1157,7.56043956043956,-10.461538461538462,12.483516483516484,96.83516483516483,38.9010989010989,14.242652599849285,2337,1584,2762,3032,2646,1643,0,800,0,0,-850,0,-27,214,-127,0,-346,37,122,124,122,125,121,124,40,41,41,43,41,42,2,0,29,0,38,0
38.6843,,1158,7.648351648351649,-8.175824175824175,11.516483516483516,95.86813186813187,34.76923076923077,14.242652599849285,2337,1613,2762,3032,2613,1643,0,850,0,0,-950,0,-27,207,-166,-52,-384,37,122,124,122,125,121,124,40,41,41,43,41,42,1,1,48,3,46,0
38.7177,,1159,7.736263736263736,-6.153846153846154,10.10989010989011,95.07692307692308,30.9010989010989,14.167294649585532,2337,1643,2761,3029,2576,1643,0,850,0,-50,-1050,0,-23,189,-197,-100,-411,37,122,124,122,125,121,123,40,41,41,43,41,42,1,0,78,8,52,0
38.7512,,1160,8.0,-4.3076923076923075,8.263736263736265,94.46153846153847,27.208791208791208,14.167294649585532,2337,1672,2761,3024,2535,1643,0,900,0,-100,-1150,0,0,159,-259,-106,-423,34,121,124,122,124,121,123,40,41,41,43,41,42,0,0,112,9,45,0
38.7846,,1161,8.175824175824175,-2.2857142857142856,6.065934065934066,93.93406593406593,23.076923076923077,14.091936699321778,2337,1702,2753,3018,2492,1643,0,900,-200,-100,-1250,0,23,115,-309,-103,-336,34,121,124,122,124,121,123,40,41,41,43,41,42,1,0,115,2,37,0
38.8181,,1162,8.263736263736265,-0.17582417582417584,3.4285714285714284,93.93406593406593,18.857142857142858,14.016578749058025,2337,1731,2741,3008,2452,1643,0,850,-400,-300,-1250,0,30,126,-367,38,-457,30,121,123,122,124,121,123,40,41,41,43,41,42,2,0,116,1,31,0
38.8515,,1163,8.351648351648352,1.8461538461538463,0.6153846153846154,93.93406593406593,14.989010989010989,14.016578749058025,2337,1759,2725,3005,2409,1643,0,800,-450,-150,-1300,0,34,194,-415,-65,-378,23,121,123,122,124,121,123,40,41,41,43,41,42,3,0,118,1,38,0
38.8849,,1164,8.527472527472527,3.78021978021978,-2.4615384615384617,93.93406593406593,11.648351648351648,13.941220798794273,2337,1784,2705,3002,2364,1643,0,750,-550,-100,-1250,0,37,88,-453,-58,-466,23,121,123,121,124,120,123,40,41,41,43,41,42,4,0,133,0,34,0
38.9184,,1165,8.703296703296703,5.626373626373627,-5.186813186813187,93.93406593406593,8.483516483516484,13.941220798794273,2337,1810,2682,2999,2319,1643,0,800,-650,-100,-1350,0,44,67,-403,-44,-446,0,121,123,121,124,120,123,40,41,41,43,41,42,5,0,136,0,29,0
38.9518,,1166,9.494505494505495,7.208791208791209,-8.0,93.93406593406593,5.582417582417582,13.941220798794273,2337,1835,2655,2997,2278,1643,0,750,-750,-100,-1300,0,51,133,-414,-37,-367,0,121,123,121,124,120,123,40,41,41,43,41,42,7,0,173,0,50,0
38.9853,,1167,10.285714285714286,8.43956043956044,-10.725274725274724,93.93406593406593,2.681318681318681,13.941220798794273,2337,1860,2628,2995,2235,1643,0,700,-850,-50,-1250,0,105,50,-447,-30,-422,0,121,123,121,124,120,123,40,41,41,43,41,42,18,0,200,0,25,0
39.0188,,1168,11.340659340659341,9.494505494505495,-13.362637362637363,93.93406593406593,-0.4835164835164835,13.941220798794273,2340,1881,2599,2995,2195,1643,0,700,-850,0,-1250,0,122,95,-455,-30,-390,0,121,123,121,124,120,123,40,41,41,43,41,42,21,7,164,0,34,0
39.0522,,1169,12.923076923076923,10.373626373626374,-15.648351648351648,93.84615384615384,-3.208791208791209,13.941220798794273,2345,1896,2570,2995,2159,1643,100,500,-850,0,-1150,0,155,70,-455,-30,-373,0,121,123,121,124,120,123,40,41,41,43,41,42,26,1,195,0,41,0
39.0857,,1170,14.593406593406593,11.076923076923077,-18.197802197802197,93.84615384615384,-5.934065934065934,13.941220798794273,2352,1909,2541,2995,2121,1643,200,400,-850,0,-1100,0,191,-70,-440,-34,-262,0,121,123,121,124,120,123,40,41,41,43,41,42,47,9,172,0,40,0
39.1192,,1171,16.175824175824175,11.604395604395604,-20.65934065934066,93.84615384615384,-8.483516483516484,13.865862848530519,2362,1920,2513,2995,2087,1643,300,300,-850,0,-1000,0,240,30,-465,-34,-362,0,121,123,121,124,120,123,40,41,41,43,41,42,48,2,172,0,37,0
39.1527,,1172,17.67032967032967,11.868131868131869,-23.032967032967033,93.84615384615384,-10.593406593406593,13.865862848530519,2373,1929,2483,2995,2052,1643,300,300,-900,0,-1050,0,176,35,-542,-34,-344,0,121,123,121,124,120,122,40,41,41,43,41,42,67,0,161,0,38,0
39.1862,,1173,18.813186813186814,11.956043956043956,-25.23076923076923,93.67032967032966,-11.56043956043956,13.865862848530519,2386,1937,2454,2996,2019,1643,400,250,-900,50,-950,0,185,-118,-439,-37,-306,0,121,123,121,124,120,123,40,41,41,43,41,42,46,3,168,0,29,0
39.2197,,1174,19.692307692307693,11.692307692307692,-27.34065934065934,93.4065934065934,-11.736263736263735,13.865862848530519,2402,1941,2425,2996,1991,1643,450,200,-850,0,-950,0,163,-44,-423,-44,-222,0,121,123,121,124,120,123,40,41,41,43,41,42,30,24,171,2,8,0
39.2532,,1175,20.483516483516482,11.252747252747254,-29.45054945054945,93.4065934065934,-11.736263736263735,13.865862848530519,2419,1942,2401,2996,1969,1643,500,50,-750,0,-750,0,212,-62,-409,-55,-125,0,121,123,121,124,120,123,40,41,41,43,41,42,35,13,186,5,3,0
39.2866,,1176,21.186813186813186,10.813186813186814,-31.824175824175825,93.4065934065934,-11.648351648351648,13.865862848530519,2434,1942,2374,2995,1953,1643,450,0,-800,0,-500,0,221,-92,-424,-51,-83,0,121,123,121,124,120,123,40,42,41,43,41,42,25,17,176,3,11,0
39.32,,1177,21.978021978021978,10.021978021978022,-33.75824175824176,93.4065934065934,-11.472527472527473,13.865862848530519,2446,1942,2346,2994,1943,1643,450,0,-800,0,-400,0,106,-106,-416,-48,-122,0,121,123,121,124,120,123,40,42,41,43,41,42,26,22,195,1,12,0
39.3535,,1178,22.505494505494507,9.494505494505495,-35.51648351648352,93.31868131868131,-11.12087912087912,13.865862848530519,2457,1942,2319,2994,1938,1643,350,0,-800,0,-250,0,96,-148,-483,-48,-93,0,121,123,121,124,120,123,40,41,41,43,41,42,30,42,155,3,5,0
39.3869,,1179,22.681318681318682,8.967032967032967,-36.83516483516483,93.05494505494505,-10.065934065934066,13.865862848530519,2467,1942,2295,2994,1935,1643,300,0,-750,0,-100,0,150,-150,-369,-51,52,0,121,123,121,124,120,123,40,41,41,43,41,42,17,55,147,4,6,0
39.4204,,1180,22.24175824175824,8.175824175824175,-37.53846153846154,93.05494505494505,-7.428571428571429,13.865862848530519,2475,1942,2271,2994,1935,1643,250,0,-700,0,0,0,136,-171,-326,-62,28,0,121,123,121,124,120,123,40,41,41,43,41,42,9,72,136,7,2,0
39.4538,,1181,21.714285714285715,6.945054945054945,-37.62637362637363,93.05494505494505,-3.6483516483516483,13.865862848530519,2480,1941,2250,2994,1937,1643,200,0,-650,0,50,0,84,-226,-295,-62,113,0,121,123,121,124,120,123,40,41,41,43,41,42,10,84,114,8,12,0
39.4872,,1182,21.01098901098901,5.714285714285714,-37.62637362637363,93.05494505494505,0.04395604395604396,13.865862848530519,2483,1940,2234,2994,1948,1643,100,0,-550,0,300,0,48,-274,-301,-62,152,0,121,123,121,124,120,123,40,41,41,43,41,42,7,131,87,7,26,0
39.5206,,1183,19.78021978021978,4.571428571428571,-37.62637362637363,93.05494505494505,3.8241758241758244,13.865862848530519,2484,1934,2222,2994,1969,1643,50,-100,-400,0,450,0,-19,-298,-255,-62,232,0,121,123,121,124,120,123,40,41,41,43,41,42,6,139,88,7,23,0
39.554,,1184,18.725274725274726,3.340659340659341,-37.62637362637363,93.14285714285714,8.043956043956044,13.865862848530519,2483,1926,2214,2994,1993,1643,0,-200,-250,0,650,0,-76,-224,-224,-62,375,0,121,123,121,124,120,123,40,42,41,43,41,42,10,145,84,6,36,0
39.5874,,1185,17.75824175824176,2.2857142857142856,-37.53846153846154,93.23076923076923,12.175824175824175,13.865862848530519,2480,1915,2209,2994,2025,1643,-50,-300,-200,0,950,0,-114,-233,-210,-58,351,0,121,123,121,124,120,123,40,42,41,43,41,42,13,149,80,5,42,0
39.6207,,1186,16.703296703296704,1.3186813186813187,-37.53846153846154,93.4065934065934,16.21978021978022,13.865862848530519,2473,1902,2206,2994,2062,1643,-200,-400,-100,0,1050,0,-41,-334,-192,-55,388,0,121,123,121,124,120,123,40,42,41,43,41,42,9,120,75,5,46,0
39.6541,,1187,15.56043956043956,0.43956043956043955,-37.45054945054945,93.58241758241758,19.736263736263737,13.865862848530519,2465,1889,2204,2994,2099,1643,-250,-400,-100,0,1150,0,-50,-322,-181,-48,412,0,121,123,121,124,120,123,40,41,41,43,41,42,13,101,64,2,49,0
39.6875,,1188,14.241758241758241,-0.3516483516483517,-37.362637362637365,93.75824175824175,22.54945054945055,13.865862848530519,2455,1876,2202,2994,2141,1643,-250,-400,-50,0,1200,0,-60,-301,-171,-41,413,0,121,123,121,124,120,123,40,41,41,43,41,42,18,91,63,0,31,0
39.7209,,1189,12.483516483516484,-0.7912087912087912,-37.27472527472528,94.37362637362638,25.274725274725274,13.865862848530519,2444,1864,2202,2994,2184,1643,-300,-350,0,0,1250,0,-158,-284,-167,-34,382,0,121,123,121,124,120,123,40,41,41,43,41,42,14,81,62,0,18,0
39.7543,,1190,10.637362637362637,-0.8791208791208791,-37.27472527472528,96.21978021978022,28.35164835164835,13.865862848530519,2433,1853,2202,2994,2224,1643,-350,-350,0,0,1200,0,-120,-183,-164,31,382,0,121,123,122,124,121,123,40,41,41,43,41,42,26,94,62,0,24,0
39.7877,,1191,8.175824175824175,-0.8791208791208791,-37.18681318681319,98.15384615384616,31.164835164835164,13.865862848530519,2418,1844,2202,2995,2260,1643,-400,-250,0,50,1150,0,-141,-142,-164,121,274,0,121,123,122,124,121,123,40,41,41,43,41,42,21,81,60,7,24,0
39.8211,,1192,5.450549450549451,-0.43956043956043955,-37.18681318681319,100.52747252747253,33.0989010989011,13.865862848530519,2400,1837,2202,3005,2297,1643,-500,-250,0,200,1100,0,-176,-114,-160,88,340,0,121,123,122,124,120,123,40,41,41,43,41,42,24,60,58,15,21,0
39.8545,,1193,3.1648351648351647,-0.17582417582417584,-36.83516483516483,102.46153846153847,34.32967032967033,13.865862848530519,2380,1833,2202,3019,2332,1643,-550,-200,0,400,1050,0,-295,-167,-160,113,293,0,121,123,122,124,120,123,40,41,41,43,41,42,23,45,58,7,9,0
39.8879,,1194,1.4945054945054945,-0.43956043956043955,-35.252747252747255,102.54945054945055,34.59340659340659,13.865862848530519,2357,1832,2202,3032,2363,1643,-650,-100,0,450,1000,0,-237,-150,-146,122,257,0,121,124,122,124,121,123,40,41,41,43,41,42,35,47,47,1,7,0
39.9214,,1195,0.17582417582417584,-0.7912087912087912,-32.967032967032964,102.46153846153847,34.76923076923077,13.941220798794273,2332,1832,2202,3037,2389,1643,-750,0,0,250,750,0,-304,-160,-74,97,139,0,121,124,122,124,121,123,40,41,41,43,41,42,13,61,23,0,1,0
39.9549,,1196,-1.4945054945054945,-0.7912087912087912,-30.681318681318682,102.46153846153847,34.76923076923077,13.941220798794273,2306,1832,2203,3040,2407,1643,-750,0,0,100,650,0,-169,-176,66,90,69,0,121,124,122,125,121,123,40,42,41,43,41,42,6,72,3,2,0,0
39.9883,,1197,-3.5164835164835164,-0.7912087912087912,-28.13186813186813,102.46153846153847,34.76923076923077,13.941220798794273,2284,1832,2212,3040,2420,1643,-700,0,200,0,400,0,-151,-174,42,86,104,0,121,124,122,125,121,123,40,41,41,43,41,42,8,70,5,14,0,0
40.0218,,1198,-5.8901098901098905,-0.7912087912087912,-24.967032967032967,102.46153846153847,34.76923076923077,13.941220798794273,2264,1832,2227,3040,2426,1643,-600,0,450,0,200,0,-155,-174,91,86,76,0,121,124,122,125,121,123,40,42,41,43,41,42,13,82,5,17,0,0
40.0553,,1199,-8.351648351648352,-0.7032967032967034,-21.89010989010989,102.46153846153847,34.76923076923077,13.865862848530519,2244,1830,2246,3040,2431,1643,-600,0,500,0,200,0,-196,-167,154,86,62,0,122,124,122,125,121,123,40,41,41,43,41,42,17,71,4,16,2,0
40.0888,,1200,-11.076923076923077,-0.3516483516483517,-19.164835164835164,102.37362637362638,34.76923076923077,13.865862848530519,2223,1829,2271,3040,2435,1643,-600,-50,700,0,100,0,-222,-160,194,86,48,0,122,124,122,125,121,123,40,41,41,43,41,42,23,60,4,17,2,0
40.1222,,1201,-13.626373626373626,0.08791208791208792,-17.23076923076923,102.37362637362638,34.68131868131868,13.865862848530519,2200,1829,2300,3040,2437,1643,-700,0,800,0,100,0,-243,-146,205,86,-80,0,122,124,122,125,121,124,40,41,41,43,41,42,23,48,1,17,1,0
40.1556,,1202,-15.912087912087912,0.7912087912087912,-15.384615384615385,102.37362637362638,34.505494505494504,13.865862848530519,2175,1829,2330,3040,2438,1643,-700,0,900,0,50,0,-253,-129,176,86,30,0,122,124,122,125,121,124,40,42,41,43,41,42,30,37,0,17,0,0
40.189,,1203,-17.934065934065934,2.197802197802198,-14.241758241758241,102.37362637362638,34.505494505494504,13.865862848530519,2147,1829,2360,3040,2438,1643,-750,0,900,0,0,0,-243,-91,133,86,23,0,122,124,122,125,121,124,40,42,41,43,41,42,27,23,0,17,0,0
40.2224,,1204,-19.428571428571427,4.131868131868132,-13.89010989010989,102.37362637362638,34.505494505494504,13.865862848530519,2120,1829,2389,3040,2438,1643,-850,0,900,0,0,0,-253,-23,104,86,23,0,122,124,122,125,121,124,40,42,41,43,41,42,13,8,0,16,0,0
40.2558,,1205,-20.395604395604394,6.417582417582418,-13.978021978021978,102.37362637362638,34.59340659340659,13.865862848530519,2091,1833,2412,3040,2438,1643,-850,150,650,0,0,0,-204,89,-34,86,23,0,122,124,122,125,121,124,40,41,41,43,41,42,9,2,0,17,0,0
40.2892,,1206,-20.747252747252748,8.615384615384615,-14.241758241758241,102.28571428571429,34.59340659340659,13.865862848530519,2067,1844,2421,3040,2438,1643,-750,300,400,0,0,0,-137,52,34,86,27,0,122,124,122,125,121,124,40,41,41,43,41,42,2,0,2,16,0,0
40.3226,,1207,-20.747252747252748,10.901098901098901,-14.68131868131868,101.84615384615384,34.505494505494504,13.865862848530519,2045,1862,2425,3040,2438,1643,-650,550,150,0,0,0,-139,78,-27,86,27,0,122,124,122,125,121,124,40,42,41,43,41,42,0,0,4,17,0,0
40.356,,1208,-20.307692307692307,13.098901098901099,-14.857142857142858,100.79120879120879,34.065934065934066,13.865862848530519,2032,1884,2425,3040,2438,1643,-500,600,0,0,0,0,-101,85,-44,86,23,0,122,124,122,125,121,124,40,41,41,43,41,42,0,0,4,17,0,0
40.3894,,1209,-19.78021978021978,15.12087912087912,-15.208791208791208,99.38461538461539,33.8021978021978,13.865862848530519,2025,1910,2425,3040,2438,1643,-250,750,0,0,0,0,-39,195,-51,86,-36,0,122,124,122,125,121,124,40,42,41,43,41,42,0,0,5,17,1,0
40.4228,,1210,-18.813186813186814,17.142857142857142,-15.56043956043956,97.97802197802197,33.010989010989015,13.865862848530519,2023,1935,2425,3040,2437,1643,-150,750,0,0,0,0,0,92,-65,42,-34,0,122,124,122,125,121,124,40,41,41,43,41,42,2,0,9,6,1,0
40.4562,,1211,-17.318681318681318,18.725274725274726,-15.824175824175825,95.78021978021978,31.252747252747252,13.865862848530519,2023,1962,2425,3040,2437,1643,0,750,0,0,0,0,76,74,-79,-47,-82,0,122,124,122,125,121,124,40,41,41,43,41,42,7,0,14,2,10,0
40.4896,,1212,-16.0,19.956043956043956,-16.615384615384617,93.23076923076923,28.615384615384617,13.865862848530519,2028,1988,2425,3037,2431,1643,100,800,0,0,-100,0,119,36,-90,-134,-144,0,122,124,122,125,121,124,40,41,41,43,41,42,16,0,18,12,22,0
40.523,,1213,-14.417582417582418,21.36263736263736,-17.75824175824176,91.20879120879121,25.626373626373628,13.865862848530519,2035,2011,2425,3028,2420,1643,200,700,0,-200,-350,0,74,24,-146,-119,-214,0,122,124,122,125,121,124,40,41,41,43,41,42,26,0,34,30,16,0
40.5564,,1214,-12.571428571428571,22.857142857142858,-19.428571428571427,89.53846153846153,22.63736263736264,13.865862848530519,2044,2028,2426,3012,2403,1643,250,500,50,-450,-550,0,106,-22,-196,-141,-276,0,122,124,122,125,121,123,40,41,41,43,41,42,33,2,69,30,31,0
40.5898,,1215,-10.813186813186814,24.439560439560438,-21.53846153846154,88.3956043956044,19.824175824175825,13.865862848530519,2055,2043,2425,2992,2382,1643,300,450,0,-650,-550,0,226,-19,-265,-244,-235,0,121,124,122,124,121,123,40,41,41,43,41,42,35,0,113,8,43,0
40.6232,,1216,-8.967032967032967,26.285714285714285,-24.263736263736263,87.78021978021978,17.53846153846154,13.865862848530519,2068,2058,2418,2976,2357,1643,400,500,-200,-450,-700,0,246,0,-240,-222,-345,0,121,123,122,124,121,123,40,41,41,43,41,42,33,0,152,4,26,0
40.6567,,1217,-6.945054945054945,28.307692307692307,-27.516483516483518,87.42857142857143,14.901098901098901,13.865862848530519,2084,2077,2404,2958,2329,1643,400,500,-350,-550,-850,0,174,108,-384,-72,-250,0,121,123,121,124,120,123,40,41,42,43,41,42,52,0,131,5,19,0
40.6901,,1218,-5.010989010989011,30.32967032967033,-31.032967032967033,87.42857142857143,12.175824175824175,13.865862848530519,2100,2100,2385,2946,2303,1643,450,650,-550,-350,-800,0,302,48,-451,-122,-278,0,121,123,121,124,120,123,40,42,41,43,41,42,57,0,163,1,16,0
40.7235,,1219,-2.8131868131868134,32.08791208791209,-34.81318681318681,87.42857142857143,9.274725274725276,13.865862848530519,2118,2124,2361,2938,2275,1643,550,700,-650,-300,-800,0,314,127,-420,-90,-372,0,121,123,121,124,120,123,40,42,41,43,41,42,56,0,154,3,23,0
40.7569,,1220,-0.6153846153846154,33.67032967032967,-38.505494505494504,87.42857142857143,6.637362637362638,13.865862848530519,2137,2146,2335,2933,2245,1643,550,700,-800,-150,-850,0,247,21,-469,-76,-294,0,121,123,121,124,120,123,40,42,41,43,41,42,68,0,163,2,29,0
40.7903,,1221,1.5824175824175823,35.07692307692308,-41.84615384615385,87.42857142857143,3.912087912087912,13.865862848530519,2156,2168,2304,2929,2215,1643,600,650,-850,-150,-900,0,346,86,-507,-62,-291,0,121,123,121,124,120,122,40,41,41,43,41,42,72,9,209,3,23,0
40.8237,,1222,3.868131868131868,36.30769230769231,-45.18681318681319,87.42857142857143,1.3626373626373627,13.865862848530519,2178,2187,2270,2927,2187,1643,650,550,-1000,-50,-850,0,289,67,-522,-51,-402,0,121,123,121,123,120,122,40,42,42,43,41,42,82,2,239,3,31,0
40.8571,,1223,5.8901098901098905,37.45054945054945,-48.175824175824175,87.42857142857143,-0.6593406593406593,13.865862848530519,2200,2201,2236,2925,2156,1643,650,450,-1100,-50,-900,0,386,84,-555,73,-308,0,121,123,121,123,120,122,40,42,41,43,41,42,61,0,229,1,28,0
40.8905,,1224,8.0,38.15384615384615,-50.54945054945055,87.42857142857143,-2.5934065934065935,13.865862848530519,2224,2216,2199,2925,2126,1643,700,400,-1050,0,-950,0,381,-47,-547,-44,-367,0,121,123,121,123,120,122,40,41,41,43,41,42,60,0,223,1,24,0
40.9239,,1225,9.846153846153847,38.417582417582416,-52.21978021978022,87.42857142857143,-4.527472527472527,13.865862848530519,2247,2228,2161,2925,2099,1643,750,350,-1100,0,-850,0,289,-82,-512,-44,-339,0,121,123,121,123,120,122,40,41,41,43,41,42,54,0,168,2,31,0
40.9573,,1226,11.868131868131869,38.417582417582416,-53.45054945054945,86.9010989010989,-6.197802197802198,13.865862848530519,2272,2239,2127,2925,2072,1643,700,350,-1150,0,-800,0,355,-122,-443,-44,-228,0,121,123,121,124,120,122,40,41,41,43,41,42,67,14,153,3,30,0
40.9908,,1227,13.802197802197803,38.24175824175824,-54.065934065934066,85.84615384615384,-7.428571428571429,13.865862848530519,2297,2244,2097,2925,2047,1643,700,200,-950,0,-700,0,288,-51,-415,-68,-233,0,121,123,121,124,120,122,40,41,41,43,41,42,60,10,143,8,32,0
41.0243,,1228,15.56043956043956,37.8021978021978,-54.15384615384615,84.35164835164835,-7.956043956043956,13.865862848530519,2319,2245,2073,2922,2024,1643,750,50,-750,0,-700,0,363,-65,-329,-32,-191,0,121,123,121,124,120,123,40,41,41,43,41,42,50,11,141,20,23,0
41.0578,,1229,17.318681318681318,37.62637362637363,-54.15384615384615,82.76923076923077,-7.956043956043956,13.865862848530519,2344,2245,2055,2915,2006,1643,700,0,-600,-200,-600,0,257,-86,-248,-170,-199,0,121,123,121,124,120,123,40,41,41,43,41,42,44,17,94,16,11,0
41.0912,,1230,19.164835164835164,37.45054945054945,-54.15384615384615,81.45054945054945,-7.6923076923076925,13.865862848530519,2366,2245,2042,2905,1993,1643,650,0,-450,-250,-450,0,327,-90,-195,-198,-146,0,121,123,121,124,120,123,40,42,41,43,41,42,39,19,75,29,7,0
41.1246,,1231,20.835164835164836,37.362637362637365,-54.24175824175824,80.57142857142857,-7.428571428571429,13.865862848530519,2388,2245,2032,2892,1984,1643,650,0,-300,-350,-250,0,230,-97,-245,-197,-104,0,121,123,122,124,120,123,40,42,41,43,41,42,56,23,70,22,8,0
41.158,,1232,22.505494505494507,36.83516483516483,-54.24175824175824,80.04395604395604,-7.34065934065934,13.865862848530519,2408,2245,2026,2879,1981,1643,650,0,-200,-400,-100,0,247,-101,-231,-171,-83,0,121,123,122,124,121,123,40,41,41,43,41,42,61,23,86,15,1,0
41.1914,,1233,23.912087912087912,36.13186813186813,-54.24175824175824,79.95604395604396,-7.164835164835165,13.865862848530519,2429,2245,2023,2868,1979,1643,600,0,-100,-350,-100,0,236,-134,-217,-139,-69,0,121,123,122,124,121,123,40,41,41,43,41,42,58,37,95,14,6,0
41.2248,,1234,24.967032967032967,35.42857142857143,-54.24175824175824,79.95604395604396,-7.076923076923077,13.865862848530519,2449,2245,2022,2860,1979,1643,600,0,-50,-250,0,0,299,-166,-210,-122,-62,0,121,123,122,124,121,123,40,42,41,43,41,42,33,56,95,4,8,0
41.2582,,1235,25.67032967032967,34.285714285714285,-54.15384615384615,80.13186813186813,-6.373626373626373,13.865862848530519,2467,2245,2022,2855,1979,1643,600,0,0,-150,0,0,174,-186,-210,-101,-58,0,121,123,122,124,120,123,40,42,41,43,41,42,43,77,96,6,7,0
41.2916,,1236,25.846153846153847,32.79120879120879,-54.065934065934066,80.21978021978022,-4.615384615384615,13.865862848530519,2484,2245,2022,2852,1979,1643,550,0,0,-50,0,0,164,-244,-206,37,24,0,121,123,121,124,120,123,40,41,41,43,41,42,26,109,92,10,2,0
41.325,,1237,25.67032967032967,31.032967032967033,-53.97802197802198,80.3956043956044,-2.4175824175824174,13.865862848530519,2498,2245,2022,2851,1980,1643,400,0,0,-50,0,0,185,-310,-203,-72,85,0,121,123,121,124,120,123,40,42,41,43,41,42,22,168,90,4,9,0
41.3584,,1238,25.23076923076923,28.835164835164836,-53.8021978021978,80.57142857142857,0.04395604395604396,13.865862848530519,2508,2245,2022,2851,1988,1643,400,0,0,0,100,0,136,-381,-199,-65,77,0,121,123,121,124,120,122,40,41,41,43,41,42,12,274,86,6,18,0
41.3918,,1239,24.52747252747253,26.285714285714285,-53.62637362637363,80.65934065934066,2.32967032967033,13.865862848530519,2514,2239,2022,2851,2001,1643,200,-100,0,0,400,0,-27,-451,-192,-58,126,0,121,122,121,123,120,122,40,42,41,43,41,42,7,295,80,5,14,0
41.4252,,1240,23.64835164835165,23.912087912087912,-53.62637362637363,81.18681318681318,4.615384615384615,13.865862848530519,2517,2229,2022,2851,2019,1643,100,-300,0,0,500,0,45,-514,-185,-55,152,0,120,122,120,123,120,122,40,42,41,43,41,42,3,343,74,4,18,0
41.4586,,1241,22.681318681318682,21.714285714285715,-53.62637362637363,82.32967032967034,7.516483516483516,13.865862848530519,2517,2211,2022,2851,2040,1643,0,-550,0,0,650,0,-40,-565,-185,-31,276,0,120,122,120,123,119,122,40,42,41,43,41,42,2,335,75,1,12,0
41.492,,1242,21.45054945054945,19.86813186813187,-53.62637362637363,83.56043956043956,10.417582417582418,13.865862848530519,2517,2189,2022,2851,2061,1643,0,-600,0,0,600,0,-75,-580,-185,66,221,0,120,122,120,123,119,122,40,41,41,43,41,42,6,306,75,0,21,0
41.5254,,1243,19.78021978021978,18.197802197802197,-53.62637362637363,85.67032967032966,12.703296703296703,13.865862848530519,2513,2164,2022,2855,2086,1643,-100,-700,0,150,700,0,-117,-476,-185,27,248,0,120,122,120,123,119,122,40,41,41,43,41,42,13,307,75,8,26,0
41.5588,,1244,18.10989010989011,16.87912087912088,-53.62637362637363,87.86813186813187,14.637362637362637,13.865862848530519,2505,2139,2022,2864,2113,1643,-150,-800,0,250,800,0,-157,-531,-185,80,243,0,120,122,120,123,119,122,40,41,41,43,41,42,11,226,76,14,21,0
41.5922,,1245,16.52747252747253,15.912087912087912,-53.62637362637363,90.32967032967034,16.307692307692307,13.865862848530519,2494,2113,2022,2878,2140,1643,-300,-800,0,400,800,0,-198,-478,-185,120,248,0,120,122,121,123,120,122,40,41,41,43,41,42,11,187,75,19,24,0
41.6257,,1246,14.32967032967033,14.857142857142858,-53.62637362637363,93.23076923076923,17.978021978021978,13.865862848530519,2481,2089,2021,2896,2166,1643,-350,-700,0,450,800,0,-215,-372,-185,240,304,0,121,123,121,123,120,122,40,42,41,43,41,42,26,172,75,15,6,0
41.6591,,1247,11.604395604395604,13.978021978021978,-53.62637362637363,95.86813186813187,19.64835164835165,13.865862848530519,2467,2070,2021,2916,2190,1643,-400,-650,-50,600,750,0,-165,-424,-181,290,190,0,121,123,121,123,120,122,40,41,41,43,41,42,47,179,72,20,7,0
41.6925,,1248,8.615384615384615,13.538461538461538,-53.53846153846154,98.41758241758242,21.23076923076923,13.865862848530519,2451,2051,2021,2941,2213,1643,-450,-600,0,700,650,0,-213,-290,-181,229,172,0,121,123,121,124,120,122,40,41,42,43,41,42,48,113,73,27,11,0
41.7259,,1249,5.626373626373627,13.098901098901099,-53.53846153846154,101.05494505494505,22.63736263736264,13.865862848530519,2431,2036,2021,2967,2233,1643,-600,-450,0,750,600,0,-255,-322,-178,239,152,0,121,123,121,124,120,123,40,42,41,43,41,42,55,117,71,11,12,0
41.7593,,1250,2.4615384615384617,12.483516483516484,-53.27472527472528,102.54945054945055,23.516483516483518,13.865862848530519,2405,2023,2021,2993,2254,1643,-750,-400,0,800,600,0,-302,-206,-178,200,247,0,121,123,121,124,120,122,40,41,41,43,41,42,48,109,71,5,6,0
41.7927,,1251,-0.17582417582417584,11.604395604395604,-52.395604395604394,102.63736263736264,23.78021978021978,13.865862848530519,2375,2013,2021,3017,2272,1643,-850,-350,0,750,550,0,-321,-219,-167,171,114,0,121,123,121,124,120,123,40,41,42,43,41,42,37,122,62,1,5,0
41.8261,,1252,-1.934065934065934,10.373626373626374,-51.07692307692308,102.63736263736264,23.86813186813187,13.941220798794273,2344,2003,2021,3031,2287,1643,-950,-250,0,400,450,0,-316,-309,-111,129,136,0,121,123,121,124,120,123,40,42,41,43,41,42,35,132,37,0,1,0
41.8595,,1253,-3.956043956043956,9.582417582417582,-49.142857142857146,102.63736263736264,23.956043956043956,14.016578749058025,2310,1993,2021,3038,2297,1643,-1000,-300,0,250,400,0,-264,-323,-56,-20,93,0,121,123,122,124,121,123,40,42,41,43,41,42,11,141,11,0,2,0
41.8929,,1254,-6.329670329670329,9.054945054945055,-46.59340659340659,102.63736263736264,23.956043956043956,14.091936699321778,2278,1983,2022,3040,2304,1643,-1000,-250,0,100,250,0,-225,-299,53,86,-45,23,121,123,122,124,121,123,40,42,41,43,41,42,8,139,4,7,3,0
41.9263,,1255,-8.351648351648352,8.351648351648352,-43.604395604395606,102.63736263736264,23.956043956043956,14.091936699321778,2252,1972,2029,3041,2308,1643,-850,-300,200,50,150,0,-247,-219,135,83,62,30,121,123,122,124,121,123,40,42,41,43,41,42,11,119,6,12,2,0
41.9597,,1256,-10.637362637362637,7.824175824175824,-39.824175824175825,102.54945054945055,23.956043956043956,14.091936699321778,2224,1961,2044,3041,2311,1643,-850,-350,450,0,100,0,-229,-207,118,83,48,30,121,124,122,124,121,123,40,42,41,43,41,42,13,73,5,13,1,0
41.9931,,1257,-13.538461538461538,7.384615384615385,-36.043956043956044,102.54945054945055,23.956043956043956,14.016578749058025,2198,1949,2064,3041,2314,1643,-800,-350,550,0,50,0,-307,-254,186,83,41,30,121,124,122,124,121,123,40,41,41,43,41,42,5,61,12,15,1,0
42.0265,,1258,-16.87912087912088,6.945054945054945,-32.61538461538461,102.46153846153847,23.956043956043956,13.941220798794273,2173,1940,2092,3041,2316,1643,-750,-300,750,0,50,0,-241,-142,239,83,30,23,121,124,122,125,121,123,40,42,41,43,41,42,7,70,10,15,0,0
42.06,,1259,-19.956043956043956,6.681318681318682,-29.714285714285715,102.46153846153847,24.043956043956044,13.941220798794273,2149,1931,2125,3041,2316,1643,-700,-250,950,0,0,0,-291,-128,261,83,30,0,122,124,122,125,121,123,40,42,41,43,41,42,31,79,5,15,1,0
42.0934,,1260,-23.12087912087912,6.593406593406593,-26.9010989010989,102.46153846153847,24.835164835164836,13.941220798794273,2119,1925,2159,3041,2318,1643,-850,-200,1050,0,50,0,-316,-210,282,83,27,0,122,124,122,125,121,123,40,41,41,43,41,42,34,59,1,15,0,0
42.1267,,1261,-26.197802197802197,6.5054945054945055,-24.0,102.46153846153847,26.417582417582416,13.865862848530519,2088,1922,2196,3041,2318,1643,-850,-100,1100,0,0,0,-334,-196,266,83,78,0,121,124,122,125,121,123,40,42,41,43,41,42,39,76,0,15,8,0
42.1602,,1262,-28.65934065934066,6.5054945054945055,-21.274725274725274,102.46153846153847,28.0,13.865862848530519,2057,1920,2233,3041,2323,1643,-950,-100,1100,0,50,0,-337,-192,244,83,46,0,121,124,122,124,121,123,40,42,41,43,41,42,31,76,0,15,11,0
42.1936,,1263,-30.857142857142858,6.945054945054945,-18.813186813186814,102.46153846153847,29.406593406593405,13.865862848530519,2022,1920,2271,3041,2333,1643,-1000,0,1100,0,250,0,-313,-192,216,83,70,0,121,124,122,124,121,123,40,42,41,43,41,42,30,85,0,15,20,0
42.227,,1264,-32.967032967032964,7.2967032967032965,-16.703296703296704,102.37362637362638,30.46153846153846,13.865862848530519,1986,1920,2305,3041,2346,1643,-1050,0,1100,0,350,0,-310,-160,218,83,99,0,122,124,122,125,121,123,40,42,41,43,41,42,21,68,0,15,8,0
42.2604,,1265,-34.637362637362635,8.175824175824175,-15.384615384615385,102.37362637362638,31.34065934065934,13.865862848530519,1953,1920,2340,3041,2360,1643,-1000,0,1000,0,400,0,-267,-157,178,83,86,0,122,124,122,125,121,124,40,42,41,43,41,42,7,58,0,15,4,0
42.2938,,1266,-35.34065934065934,9.494505494505495,-15.296703296703297,102.28571428571429,31.86813186813187,13.865862848530519,1925,1920,2372,3041,2371,1643,-900,0,950,0,400,0,-222,-103,111,83,157,0,122,124,122,125,121,124,40,42,41,43,41,42,7,35,0,16,4,0
42.3272,,1267,-35.51648351648352,10.725274725274724,-15.648351648351648,102.02197802197803,31.86813186813187,13.865862848530519,1898,1920,2395,3041,2383,1643,-800,0,800,0,350,0,-214,-49,76,83,115,0,122,124,122,125,121,124,40,41,41,43,41,42,1,12,12,15,1,0
42.3606,,1268,-35.42857142857143,11.692307692307692,-15.736263736263735,100.79120879120879,31.86813186813187,13.865862848530519,1878,1922,2405,3041,2391,1643,-650,50,300,0,200,0,-51,19,0,83,83,0,122,124,122,125,121,124,40,42,41,43,41,42,0,3,8,15,2,0
42.394,,1269,-34.989010989010985,12.571428571428571,-15.736263736263735,98.68131868131869,31.86813186813187,13.865862848530519,1863,1929,2410,3041,2395,1643,-500,150,200,0,50,0,27,0,-30,83,-41,0,122,124,122,125,121,124,40,42,41,43,41,42,0,0,10,15,2,0
42.4274,,1270,-34.72527472527472,13.098901098901099,-15.736263736263735,96.21978021978022,31.86813186813187,13.865862848530519,1857,1938,2410,3041,2398,1643,-250,250,0,0,150,0,-39,-70,-34,-26,58,0,122,124,122,125,121,124,40,42,41,43,41,42,3,0,2,5,3,0
42.4608,,1271,-34.54945054945055,13.626373626373626,-15.736263736263735,93.67032967032966,31.78021978021978,13.865862848530519,1855,1948,2410,3039,2401,1643,-100,300,0,-50,0,0,-23,17,-34,-120,48,0,122,124,122,125,121,124,40,42,41,43,41,42,1,2,1,10,2,0
42.4942,,1272,-34.285714285714285,14.417582417582418,-15.736263736263735,90.94505494505495,31.428571428571427,13.865862848530519,1855,1956,2410,3032,2403,1643,0,250,0,-200,50,0,0,-27,-34,-202,37,0,122,124,122,125,121,124,40,42,41,43,41,42,0,3,0,26,1,0
42.5276,,1273,-34.285714285714285,15.384615384615385,-15.736263736263735,88.3076923076923,31.164835164835164,13.865862848530519,1857,1962,2410,3016,2405,1643,50,200,0,-250,50,0,24,23,-34,-258,-22,0,122,124,122,125,121,124,40,42,41,43,41,42,0,1,0,33,0,0
42.561,,1274,-34.54945054945055,16.615384615384617,-15.736263736263735,86.10989010989012,31.076923076923077,13.865862848530519,1860,1969,2410,2996,2406,1643,100,200,0,-600,0,0,-193,57,-34,-288,-30,0,122,124,122,125,121,124,40,41,41,43,41,42,2,0,0,26,2,0
42.5944,,1275,-34.72527472527472,18.10989010989011,-15.736263736263735,84.17582417582418,31.076923076923077,13.865862848530519,1860,1979,2410,2971,2406,1643,0,250,0,-700,0,0,-34,-48,-34,-229,-34,0,122,124,122,125,121,124,40,42,41,43,41,42,3,0,0,28,1,0
42.6278,,1276,-34.81318681318681,19.692307692307693,-15.736263736263735,82.32967032967034,31.076923076923077,13.865862848530519,1860,1990,2410,2946,2406,1643,0,300,0,-700,0,0,-41,-30,-34,-215,-34,0,122,124,122,125,121,124,40,41,41,43,41,42,4,0,0,19,2,0
42.6613,,1277,-34.81318681318681,21.01098901098901,-15.736263736263735,81.01098901098901,31.076923076923077,13.865862848530519,1858,2005,2410,2924,2406,1643,-50,450,0,-700,0,0,-37,-21,-34,-286,-34,0,122,124,122,125,121,124,40,42,41,43,41,42,4,0,1,13,1,0
42.6946,,1278,-34.81318681318681,22.32967032967033,-15.736263736263735,80.04395604395604,31.076923076923077,13.865862848530519,1857,2021,2410,2900,2406,1643,-50,450,0,-700,0,0,-34,113,-34,-156,-34,0,122,124,122,125,121,124,40,42,41,43,41,42,4,0,0,5,1,0
42.728,,1279,-34.9010989010989,23.296703296703296,-15.736263736263735,79.16483516483517,31.076923076923077,13.865862848530519,1857,2037,2410,2880,2406,1643,0,450,0,-600,0,0,-34,105,-34,-107,-34,0,122,124,122,125,121,124,40,42,41,43,41,42,3,1,1,3,0,0
42.7614,,1280,-34.989010989010985,24.087912087912088,-15.824175824175825,78.28571428571429,31.076923076923077,13.865862848530519,1857,2052,2410,2863,2406,1643,0,450,0,-550,0,0,-37,75,-34,-112,-34,0,122,124,122,125,121,124,40,42,41,43,41,42,4,0,1,1,2,0
42.7948,,1281,-35.07692307692308,24.703296703296704,-15.824175824175825,77.49450549450549,31.076923076923077,13.865862848530519,1857,2065,2410,2849,2406,1643,0,450,0,-450,0,0,-41,-66,-37,-174,-34,0,122,124,122,125,121,124,40,42,41,43,41,42,4,9,2,5,1,0
42.8282,,1282,-35.07692307692308,25.142857142857142,-15.824175824175825,76.52747252747253,31.076923076923077,13.865862848530519,1856,2077,2410,2835,2406,1643,0,350,0,-400,0,0,-44,0,-37,-60,-34,0,122,124,122,125,121,124,40,42,41,43,41,42,3,2,2,5,1,0
42.8616,,1283,-35.07692307692308,25.582417582417584,-15.912087912087912,75.73626373626374,30.813186813186814,13.865862848530519,1855,2087,2410,2823,2406,1643,-50,350,0,-350,0,0,-37,20,-37,-58,-34,0,122,124,122,125,121,124,40,42,41,43,41,42,2,2,2,10,0,0
42.895,,1284,-35.07692307692308,25.75824175824176,-15.912087912087912,74.76923076923077,30.285714285714285,13.865862848530519,1853,2094,2410,2812,2406,1643,-50,200,0,-350,0,0,-34,-26,-41,-65,-44,0,122,124,122,125,121,124,40,42,41,43,41,42,1,6,2,5,4,0
42.9284,,1285,-34.989010989010985,25.846153846153847,-16.0,73.53846153846153,29.582417582417584,13.865862848530519,1851,2098,2410,2802,2405,1643,-50,150,0,-250,0,0,94,-48,-41,-65,-70,0,122,124,122,125,121,124,40,42,41,43,41,42,1,7,2,10,7,0
42.9619,,1286,-34.989010989010985,26.10989010989011,-16.087912087912088,72.48351648351648,28.87912087912088,13.865862848530519,1850,2100,2410,2791,2401,1643,-50,50,0,-300,-150,0,0,-51,-44,-159,-86,0,122,124,122,125,121,124,40,42,41,43,41,42,0,8,3,9,10,0
42.9952,,1287,-34.9010989010989,26.197802197802197,-16.263736263736263,71.6923076923077,28.263736263736263,13.865862848530519,1850,2100,2410,2779,2395,1643,0,0,0,-350,-150,0,0,-38,-48,-150,-25,0,122,124,122,125,121,124,40,42,41,43,41,42,0,5,4,8,7,0
43.0286,,1288,-34.989010989010985,26.197802197802197,-16.263736263736263,70.81318681318682,27.912087912087912,13.865862848530519,1849,2100,2410,2767,2389,1643,0,0,0,-350,-150,0,0,-37,-55,-126,-109,0,122,124,122,125,121,124,40,42,41,43,41,42,2,4,5,7,1,0
43.062,,1289,-35.07692307692308,26.373626373626372,-16.263736263736263,69.93406593406593,27.824175824175825,13.865862848530519,1849,2100,2410,2756,2383,1643,-50,0,0,-400,-200,0,0,-37,-55,-66,-83,0,122,124,122,125,121,124,40,42,41,43,41,42,0,4,5,11,4,0
43.0954,,1290,-35.07692307692308,26.725274725274726,-16.439560439560438,69.05494505494505,27.296703296703296,13.865862848530519,1849,2101,2410,2746,2378,1643,0,0,0,-300,-150,0,0,-30,-55,-55,-69,0,122,124,122,125,121,124,40,41,41,43,41,42,0,12,5,9,3,0
43.1288,,1291,-35.07692307692308,27.076923076923077,-17.142857142857142,68.52747252747253,26.417582417582416,13.865862848530519,1849,2103,2410,2736,2374,1643,0,50,0,-300,-100,0,0,-27,-62,-142,-72,0,122,124,122,125,121,124,40,42,41,43,41,42,0,3,8,10,3,0
43.1622,,1292,-35.07692307692308,27.86813186813187,-18.46153846153846,68.52747252747253,25.36263736263736,13.865862848530519,1849,2108,2410,2727,2369,1643,0,150,0,-250,-150,0,0,-104,-112,-108,-33,0,122,124,122,125,121,124,40,42,41,43,41,42,0,7,21,7,10,0
43.1956,,1293,-34.989010989010985,28.923076923076923,-20.21978021978022,68.61538461538461,24.395604395604394,13.865862848530519,1849,2115,2410,2721,2361,1643,0,200,0,-200,-200,0,0,-80,-169,-83,-44,0,122,124,122,125,121,124,40,42,41,43,41,42,0,1,47,3,13,0
43.229,,1294,-34.989010989010985,29.53846153846154,-21.978021978021978,68.7032967032967,23.692307692307693,13.865862848530519,1849,2124,2410,2717,2351,1643,0,300,0,-100,-300,0,0,0,-240,-69,-133,0,122,124,122,125,121,124,40,42,41,43,41,42,0,0,119,5,5,0
43.2624,,1295,-35.07692307692308,30.065934065934066,-23.47252747252747,68.7032967032967,22.98901098901099,13.865862848530519,1849,2136,2404,2715,2342,1643,0,350,-150,-100,-300,0,0,-27,-292,-55,-22,0,122,124,122,124,121,123,40,42,41,43,41,42,0,26,123,4,4,0
43.2958,,1296,-35.16483516483517,30.32967032967033,-24.87912087912088,68.7032967032967,22.46153846153846,13.865862848530519,1849,2145,2396,2714,2333,1643,0,300,-250,-50,-250,0,0,-125,-230,-51,-49,0,121,124,122,124,121,123,40,42,41,43,41,42,0,12,146,3,10,0
43.3291,,1297,-35.16483516483517,30.417582417582416,-26.285714285714285,68.7032967032967,21.846153846153847,13.865862848530519,1849,2151,2386,2713,2325,1643,0,200,-300,-50,-250,0,0,-44,-352,-48,-111,0,121,124,122,124,121,123,40,41,41,43,41,42,0,21,139,5,10,0
43.3625,,1298,-35.16483516483517,30.417582417582416,-27.78021978021978,68.79120879120879,20.87912087912088,13.865862848530519,1849,2154,2373,2712,2318,1643,0,150,-350,0,-250,0,0,-55,-277,-44,-110,0,121,124,122,124,121,123,40,42,41,43,41,42,0,13,126,1,7,0
43.3959,,1299,-34.989010989010985,30.32967032967033,-28.923076923076923,68.79120879120879,19.560439560439562,13.865862848530519,1849,2155,2358,2712,2311,1643,0,50,-400,0,-250,0,0,-62,-279,-41,-44,0,121,123,122,124,121,123,40,41,41,43,41,42,0,10,110,0,13,0
43.4293,,1300,-34.54945054945055,30.32967032967033,-29.89010989010989,68.79120879120879,18.593406593406595,13.865862848530519,1849,2155,2343,2712,2301,1643,0,0,-450,0,-250,0,0,-65,-257,-41,-60,0,121,123,122,124,121,123,40,42,41,43,41,42,0,10,129,1,20,0
43.4627,,1301,-34.37362637362637,30.417582417582416,-30.32967032967033,68.79120879120879,17.978021978021978,13.865862848530519,1849,2155,2327,2712,2290,1643,0,0,-450,0,-350,0,48,-65,-264,-41,-161,0,121,124,122,124,121,123,40,42,41,43,41,42,4,10,96,0,8,0
43.4961,,1302,-34.10989010989011,30.417582417582416,-30.32967032967033,68.7032967032967,17.89010989010989,13.865862848530519,1849,2155,2314,2712,2280,1643,0,0,-400,0,-350,0,44,-62,-295,-41,-135,0,121,124,122,124,121,123,40,42,41,43,41,42,5,9,77,0,4,0
43.5295,,1303,-33.582417582417584,30.505494505494507,-30.32967032967033,68.7032967032967,17.89010989010989,13.865862848530519,1849,2155,2303,2712,2272,1643,0,0,-350,0,-250,0,55,-62,-248,-44,-93,0,121,124,122,124,121,123,40,42,41,43,41,42,8,9,83,2,3,0
43.5629,,1304,-33.142857142857146,30.505494505494507,-30.24175824175824,68.79120879120879,17.802197802197803,13.865862848530519,1849,2155,2297,2712,2266,1643,0,0,-200,0,-150,0,76,-58,-224,-44,-72,0,121,124,122,124,121,123,40,42,41,43,41,42,12,6,98,2,3,0
43.5963,,1305,-33.05494505494506,30.505494505494507,-30.24175824175824,68.79120879120879,17.802197802197803,13.865862848530519,1852,2155,2293,2712,2263,1643,50,0,-150,0,-150,0,101,-58,-203,-41,-62,0,121,124,122,124,121,123,40,42,41,43,41,42,15,7,77,1,3,0
43.6296,,1306,-32.7032967032967,30.505494505494507,-30.153846153846153,68.87912087912088,17.802197802197803,13.865862848530519,1855,2155,2291,2712,2261,1643,100,0,-50,0,-50,0,79,-58,-199,-41,-55,0,122,124,122,125,121,123,40,42,41,43,41,42,12,7,68,0,4,0
43.663,,1307,-32.08791208791209,30.505494505494507,-30.153846153846153,68.87912087912088,17.802197802197803,13.865862848530519,1857,2155,2290,2712,2259,1643,50,0,-100,0,-100,0,83,-58,-189,-37,-48,0,122,124,122,125,121,123,40,42,41,43,41,42,14,7,75,0,2,0
43.6964,,1308,-31.824175824175825,30.505494505494507,-30.153846153846153,68.87912087912088,17.802197802197803,13.865862848530519,1861,2155,2290,2712,2257,1643,100,0,0,0,-50,0,106,-58,-189,-37,-44,0,122,124,122,125,121,123,40,42,41,43,41,42,19,7,78,0,2,0
43.7298,,1309,-31.384615384615383,30.505494505494507,-30.153846153846153,68.87912087912088,17.802197802197803,13.865862848530519,1864,2155,2290,2712,2257,1643,150,0,0,0,-50,0,93,-58,-189,-37,-41,0,122,124,122,125,121,123,40,42,41,43,41,42,17,7,79,0,3,0
43.7632,,1310,-30.417582417582416,30.505494505494507,-30.153846153846153,68.87912087912088,17.802197802197803,13.865862848530519,1868,2155,2290,2712,2257,1643,100,0,0,0,0,0,113,-58,-189,-37,-41,0,122,124,122,125,121,123,40,42,41,43,41,42,19,7,78,0,3,0
43.7966,,1311,-29.53846153846154,30.505494505494507,-30.153846153846153,68.87912087912088,17.802197802197803,13.865862848530519,1872,2155,2290,2712,2257,1643,150,0,0,0,0,0,150,-58,-189,-37,-41,0,122,124,122,125,121,123,40,42,41,43,41,42,29,7,79,0,3,0
43.83,,1312,-28.483516483516482,30.505494505494507,-30.153846153846153,68.87912087912088,17.802197802197803,13.865862848530519,1879,2155,2290,2712,2257,1643,200,0,0,0,0,0,149,-58,-189,-37,-41,0,121,124,122,125,121,123,40,42,41,43,41,42,30,8,80,0,2,0
43.8634,,1313,-27.076923076923077,30.505494505494507,-30.153846153846153,68.87912087912088,17.802197802197803,13.865862848530519,1886,2155,2290,2712,2257,1643,200,0,0,0,0,0,175,-58,-189,-37,-41,0,121,124,122,124,121,123,40,41,41,43,41,42,23,7,79,0,3,0
43.8968,,1314,-26.021978021978022,30.505494505494507,-30.065934065934066,68.87912087912088,17.802197802197803,13.865862848530519,1895,2155,2290,2712,2257,1643,250,0,0,0,0,0,109,-58,-189,-37,-41,0,122,124,122,124,121,123,40,42,41,43,41,42,35,8,79,0,4,0
43.9302,,1315,-25.318681318681318,30.417582417582416,-30.065934065934066,68.96703296703296,17.802197802197803,13.865862848530519,1905,2155,2290,2712,2257,1643,300,0,0,0,0,0,215,-58,-185,-37,-41,0,121,124,122,124,121,123,40,42,41,43,41,42,33,8,76,0,3,0
43.9636,,1316,-24.52747252747253,30.24175824175824,-30.065934065934066,68.96703296703296,17.802197802197803,13.865862848530519,1916,2155,2290,2712,2257,1643,300,0,0,0,0,0,105,-62,-185,-34,-41,0,122,124,122,125,121,123,40,42,41,43,41,42,43,8,76,0,3,0
43.997,,1317,-23.824175824175825,30.065934065934066,-30.065934065934066,68.96703296703296,17.802197802197803,13.865862848530519,1926,2155,2290,2712,2257,1643,300,0,0,0,0,0,102,-69,-185,-34,-41,0,122,124,122,125,121,123,40,42,41,43,41,42,42,10,76,0,2,0
44.0304,,1318,-23.384615384615383,29.978021978021978,-30.065934065934066,68.96703296703296,17.802197802197803,13.865862848530519,1936,2155,2290,2712,2257,1643,350,0,0,0,0,0,165,-76,-185,-34,-41,0,121,124,122,124,121,123,40,42,41,43,41,42,26,13,76,0,3,0
44.0637,,1319,-22.945054945054945,29.89010989010989,-30.065934065934066,68.96703296703296,17.802197802197803,13.865862848530519,1946,2155,2290,2712,2257,1643,300,0,0,0,0,0,166,-79,-185,-34,-41,0,121,124,122,124,121,123,40,42,41,43,41,42,21,15,76,0,3,0
44.0971,,1320,-22.505494505494507,29.802197802197803,-30.065934065934066,68.96703296703296,17.802197802197803,13.865862848530519,1956,2155,2290,2712,2257,1643,300,0,0,0,0,0,143,-83,-185,-34,-41,0,121,124,122,125,121,123,40,42,42,43,41,42,13,16,76,0,3,0
44.1305,,1321,-21.89010989010989,29.714285714285715,-30.065934065934066,68.96703296703296,17.802197802197803,13.865862848530519,1963,2155,2290,2712,2257,1643,250,0,0,0,0,0,125,-86,-185,-34,-41,0,121,124,122,124,121,123,40,42,41,43,41,42,14,18,76,0,3,0
44.1639,,1322,-21.36263736263736,29.714285714285715,-30.065934065934066,68.96703296703296,17.802197802197803,13.865862848530519,1969,2155,2290,2712,2257,1643,200,0,0,0,0,0,131,-90,-185,-34,-41,0,121,124,122,124,121,123,40,42,41,43,41,42,19,19,76,0,3,0
44.1973,,1323,-20.571428571428573,29.714285714285715,-30.065934065934066,68.96703296703296,17.802197802197803,13.865862848530519,1975,2155,2290,2712,2257,1643,150,0,0,0,0,0,122,-90,-185,-34,-41,0,121,124,122,124,121,123,40,42,41,43,41,42,27,19,76,0,3,0
44.2307,,1324,-19.604395604395606,29.714285714285715,-30.065934065934066,68.96703296703296,17.802197802197803,13.865862848530519,1981,2155,2290,2712,2257,1643,150,0,0,0,0,0,162,-90,-185,-34,-41,0,121,124,122,124,121,123,40,42,41,43,41,42,35,19,76,0,3,0
44.2641,,1325,-18.725274725274726,29.714285714285715,-30.065934065934066,68.96703296703296,17.802197802197803,13.865862848530519,1987,2155,2290,2712,2257,1643,200,0,0,0,0,0,175,-90,-185,-34,-41,0,121,124,122,124,121,123,40,42,41,43,41,42,39,18,76,0,4,0
44.2975,,1326,-17.582417582417584,29.714285714285715,-30.065934065934066,68.96703296703296,17.802197802197803,13.865862848530519,1995,2155,2290,2712,2257,1643,200,0,0,0,0,0,90,-90,-185,-34,-41,0,121,124,122,124,121,123,40,42,41,43,41,42,43,19,76,0,4,0
44.3309,,1327,-16.615384615384617,29.714285714285715,-30.065934065934066,68.96703296703296,17.802197802197803,13.865862848530519,2003,2155,2290,2712,2257,1643,250,0,0,0,0,0,200,-90,-185,-34,-41,0,121,124,122,124,121,123,40,41,41,43,41,42,38,18,76,0,3,0
44.3643,,1328,-15.736263736263735,29.714285714285715,-30.065934065934066,68.96703296703296,17.802197802197803,13.865862848530519,2013,2155,2290,2712,2257,1643,300,0,0,0,0,0,215,-90,-185,-34,-41,0,121,124,122,124,121,123,40,42,41,43,41,42,38,19,76,0,3,0
44.3977,,1329,-15.032967032967033,29.714285714285715,-29.978021978021978,68.96703296703296,17.802197802197803,13.865862848530519,2023,2155,2290,2712,2257,1643,350,0,0,0,0,0,122,-90,-185,-34,-41,0,121,124,122,124,121,123,40,42,41,43,41,42,44,18,76,0,4,0
44.4311,,1330,-14.32967032967033,29.626373626373628,-29.978021978021978,68.96703296703296,17.802197802197803,13.865862848530519,2035,2155,2290,2712,2257,1643,300,0,0,0,0,0,186,-90,-181,-34,-41,0,121,124,122,124,121,123,40,42,41,43,41,42,32,18,74,0,4,0
44.4645,,1331,-13.626373626373626,29.626373626373628,-29.978021978021978,68.96703296703296,17.802197802197803,13.865862848530519,2045,2155,2290,2712,2257,1643,350,0,0,0,0,0,89,-93,-181,-34,-41,0,121,124,122,124,121,123,40,42,41,43,41,42,29,22,74,0,3,0
44.4979,,1332,-13.274725274725276,29.626373626373628,-29.978021978021978,68.96703296703296,17.802197802197803,13.865862848530519,2055,2155,2290,2712,2257,1643,300,0,0,0,0,0,157,-93,-181,-34,-41,0,121,124,122,124,121,123,40,42,41,43,41,42,18,20,73,0,3,0
44.5313,,1333,-12.835164835164836,29.626373626373628,-29.978021978021978,68.96703296703296,17.802197802197803,13.865862848530519,2064,2155,2290,2712,2257,1643,250,0,0,0,0,0,150,-93,-181,-34,-41,0,121,124,122,124,121,123,40,42,41,43,41,42,25,20,74,0,3,0
44.5647,,1334,-12.219780219780219,29.626373626373628,-29.978021978021978,69.05494505494505,17.802197802197803,13.865862848530519,2071,2155,2290,2712,2257,1643,250,0,0,0,0,0,139,-93,-181,-34,-41,0,121,124,122,125,121,123,40,42,41,43,41,42,19,21,73,0,4,0
44.5981,,1335,-12.043956043956044,29.626373626373628,-29.978021978021978,69.05494505494505,17.802197802197803,13.865862848530519,2078,2155,2290,2712,2257,1643,200,0,0,0,0,0,57,-93,-181,-30,-41,0,122,124,122,125,121,123,40,42,41,43,41,42,20,20,73,0,3,0
44.6316,,1336,-11.516483516483516,29.626373626373628,-29.978021978021978,69.05494505494505,17.802197802197803,13.865862848530519,2083,2155,2290,2712,2257,1643,200,0,0,0,0,0,115,-93,-181,-30,-41,0,121,124,122,125,121,123,40,42,41,43,41,42,22,21,73,0,3,0
44.665,,1337,-10.813186813186814,29.626373626373628,-29.978021978021978,69.05494505494505,17.802197802197803,13.865862848530519,2088,2155,2290,2712,2257,1643,150,0,0,0,0,0,118,-93,-181,-30,-41,0,121,124,122,125,121,123,40,42,41,43,41,42,22,21,73,0,4,0
44.6984,,1338,-10.373626373626374,29.626373626373628,-29.978021978021978,69.05494505494505,17.802197802197803,13.865862848530519,2094,2155,2290,2712,2257,1643,150,0,0,0,0,0,153,-93,-181,-30,-41,0,121,124,122,125,121,123,40,42,41,43,41,42,29,21,74,0,3,0
44.7318,,1339,-9.67032967032967,29.626373626373628,-29.978021978021978,69.05494505494505,17.802197802197803,13.865862848530519,2099,2155,2290,2712,2257,1643,150,0,0,0,0,0,133,-93,-181,-30,-41,0,121,124,122,125,121,123,40,42,41,43,41,42,34,20,74,0,3,0
44.7652,,1340,-8.967032967032967,29.626373626373628,-29.978021978021978,69.05494505494505,17.802197802197803,13.865862848530519,2104,2155,2290,2712,2257,1643,150,0,0,0,0,0,66,-93,-181,-30,-41,0,121,124,122,125,121,123,40,42,41,43,41,42,27,20,74,0,4,0
44.7986,,1341,-8.351648351648352,29.626373626373628,-29.978021978021978,69.05494505494505,17.802197802197803,13.865862848530519,2111,2155,2290,2712,2257,1643,200,0,0,0,0,0,149,-93,-181,-30,-41,0,121,124,122,124,121,123,40,41,41,43,41,42,35,21,73,0,3,0
44.832,,1342,-7.56043956043956,29.626373626373628,-29.978021978021978,69.05494505494505,17.802197802197803,13.865862848530519,2117,2155,2290,2712,2257,1643,150,0,0,0,0,0,86,-93,-181,-30,-41,0,121,124,122,124,121,123,40,42,41,43,41,42,32,20,73,0,3,0
44.8654,,1343,-6.945054945054945,29.626373626373628,-29.978021978021978,69.05494505494505,17.802197802197803,13.865862848530519,2124,2155,2290,2712,2257,1643,200,0,0,0,0,0,179,-93,-181,-30,-41,0,121,124,122,124,121,123,40,42,41,43,41,42,38,21,73,0,3,0
44.8988,,1344,-6.417582417582418,29.626373626373628,-29.978021978021978,69.05494505494505,17.802197802197803,13.865862848530519,2131,2155,2290,2712,2257,1643,250,0,0,0,0,0,78,-93,-181,-30,-41,0,121,124,122,124,121,123,40,42,41,43,41,42,37,20,74,0,3,0
44.9322,,1345,-5.802197802197802,29.626373626373628,-29.978021978021978,69.05494505494505,17.802197802197803,13.865862848530519,2138,2155,2290,2712,2257,1643,200,0,0,0,0,0,154,-93,-181,-30,-41,0,121,124,122,124,121,123,40,42,41,43,41,42,20,21,73,0,3,0
44.9656,,1346,-5.274725274725275,29.626373626373628,-29.978021978021978,69.05494505494505,17.802197802197803,13.865862848530519,2145,2155,2290,2712,2257,1643,250,0,0,0,0,0,150,-93,-181,-30,-41,0,121,124,122,124,121,123,40,42,41,43,41,42,29,20,74,0,3,0
44.999,,1347,-4.747252747252747,29.626373626373628,-29.978021978021978,69.05494505494505,17.802197802197803,13.865862848530519,2152,2155,2290,2712,2257,1643,200,0,0,0,0,0,166,-93,-181,-30,-41,0,121,124,122,124,121,123,40,42,41,43,41,42,35,20,73,0,3,0
45.0324,,1348,-4.3076923076923075,29.626373626373628,-29.978021978021978,69.05494505494505,17.802197802197803,13.865862848530519,2159,2155,2290,2712,2257,1643,200,0,0,0,0,0,158,-93,-181,-30,-41,0,121,124,122,124,121,123,40,42,41,43,41,42,37,21,73,0,4,0
45.0658,,1349,-3.78021978021978,29.626373626373628,-29.978021978021978,69.05494505494505,17.802197802197803,13.865862848530519,2165,2155,2290,2712,2257,1643,150,0,0,0,0,0,144,-93,-181,-30,-41,0,121,124,122,124,121,123,40,42,41,43,41,42,19,21,73,0,2,0
45.0993,,1350,-3.340659340659341,29.626373626373628,-29.978021978021978,69.05494505494505,17.802197802197803,13.865862848530519,2170,2155,2290,2712,2257,1643,200,0,0,0,0,0,142,-93,-181,-30,-41,0,121,124,122,124,121,123,40,42,41,43,41,42,34,21,72,0,3,0
45.1327,,1351,-2.8131868131868134,29.626373626373628,-29.978021978021978,69.05494505494505,17.802197802197803,13.865862848530519,2176,2155,2290,2712,2257,1643,150,0,0,0,0,0,136,-93,-181,-30,-41,0,121,124,122,124,121,123,40,42,41,43,41,42,37,21,73,0,3,0
45.1661,,1352,-2.3736263736263736,29.626373626373628,-29.978021978021978,69.05494505494505,17.802197802197803,13.865862848530519,2181,2155,2290,2712,2257,1643,150,0,0,0,0,0,158,-93,-181,-30,-41,0,121,124,122,124,121,123,40,42,41,43,41,42,38,21,73,0,3,0
45.1995,,1353,-1.8461538461538463,29.626373626373628,-29.978021978021978,69.05494505494505,17.802197802197803,13.865862848530519,2187,2155,2290,2712,2257,1643,200,0,0,0,0,0,145,-93,-181,-30,-41,0,121,124,122,124,121,123,40,42,41,43,41,42,40,21,73,0,3,0
45.233,,1354,-1.1428571428571428,29.626373626373628,-29.978021978021978,69.05494505494505,17.802197802197803,13.865862848530519,2193,2155,2290,2712,2257,1643,200,0,0,0,0,0,146,-93,-181,-30,-41,0,121,124,122,124,121,123,40,42,41,43,41,42,25,21,73,0,3,0
45.2663,,1355,-0.5274725274725275,29.626373626373628,-29.978021978021978,69.05494505494505,17.802197802197803,13.865862848530519,2199,2155,2290,2712,2257,1643,200,0,0,0,0,0,68,-93,-181,-30,-41,0,121,124,122,124,121,123,40,42,41,43,41,42,23,21,73,0,4,0
45.2997,,1356,0.08791208791208792,29.626373626373628,-29.978021978021978,69.05494505494505,17.802197802197803,13.865862848530519,2205,2155,2290,2712,2257,1643,150,0,0,0,0,0,173,-93,-181,-30,-41,0,121,124,122,124,121,123,40,41,41,43,41,42,24,21,73,0,3,0
45.3332,,1357,0.7912087912087912,29.626373626373628,-29.978021978021978,69.05494505494505,17.714285714285715,13.865862848530519,2213,2155,2290,2712,2257,1643,200,0,0,0,0,0,82,-93,-181,-30,-41,0,121,124,122,125,121,123,40,42,41,43,41,42,39,21,74,0,3,0
45.3665,,1358,1.4065934065934067,29.626373626373628,-29.978021978021978,69.05494505494505,17.714285714285715,13.865862848530519,2220,2155,2290,2712,2257,1643,200,0,0,0,0,0,169,-93,-181,-30,-44,0,121,124,122,124,121,123,40,42,41,43,41,42,25,21,74,0,4,0
45.3999,,1359,2.10989010989011,29.626373626373628,-29.978021978021978,69.05494505494505,17.714285714285715,13.865862848530519,2227,2155,2290,2712,2257,1643,200,0,0,0,0,0,153,-93,-181,-30,-44,0,121,124,122,125,121,123,40,42,41,43,41,42,21,21,73,0,4,0
45.4333,,1360,2.8131868131868134,29.626373626373628,-29.978021978021978,69.05494505494505,17.714285714285715,13.865862848530519,2234,2155,2290,2712,2257,1643,200,0,0,0,0,0,158,-93,-181,-30,-44,0,121,124,122,124,121,123,40,42,41,43,41,42,27,21,73,0,4,0
45.4668,,1361,3.4285714285714284,29.626373626373628,-29.978021978021978,69.05494505494505,17.714285714285715,13.865862848530519,2242,2155,2290,2712,2257,1643,250,0,0,0,0,0,179,-93,-181,-30,-44,0,121,124,122,124,121,123,40,42,41,43,41,42,27,21,73,0,4,0
45.5002,,1362,4.043956043956044,29.626373626373628,-29.978021978021978,69.05494505494505,17.714285714285715,13.865862848530519,2248,2155,2290,2712,2257,1643,200,0,0,0,0,0,173,-93,-181,-30,-44,0,121,124,122,124,121,123,40,42,41,43,41,42,38,21,73,0,4,0
45.5335,,1363,4.747252747252747,29.626373626373628,-29.978021978021978,69.05494505494505,17.714285714285715,13.865862848530519,2256,2155,2290,2712,2257,1643,250,0,0,0,0,0,79,-93,-181,-30,-44,0,121,124,122,124,121,123,40,42,41,43,41,42,30,20,73,0,4,0
45.5669,,1364,5.362637362637362,29.626373626373628,-29.978021978021978,69.05494505494505,17.714285714285715,13.865862848530519,2263,2155,2290,2712,2257,1643,200,0,0,0,0,0,78,-93,-181,-30,-44,0,121,124,122,124,121,123,40,42,41,43,41,42,38,21,73,0,4,0
45.6004,,1365,5.978021978021978,29.626373626373628,-29.978021978021978,69.05494505494505,17.714285714285715,13.865862848530519,2271,2155,2290,2712,2257,1643,200,0,0,0,0,0,65,-93,-181,-30,-44,0,121,124,122,124,121,123,40,42,41,43,41,42,40,21,74,0,4,0
45.6338,,1366,6.593406593406593,29.626373626373628,-29.978021978021978,69.05494505494505,17.714285714285715,13.865862848530519,2278,2155,2290,2712,2257,1643,250,0,0,0,0,0,174,-93,-181,-30,-44,0,121,124,122,124,121,123,40,42,41,43,41,42,31,20,74,0,4,0
45.6672,,1367,7.2967032967032965,29.626373626373628,-29.978021978021978,69.05494505494505,17.714285714285715,13.865862848530519,2286,2155,2290,2712,2257,1643,250,0,0,0,0,0,168,-93,-181,-30,-44,0,121,124,122,124,121,123,40,42,42,43,41,42,24,21,74,0,4,0
45.7007,,1368,7.824175824175824,29.626373626373628,-29.978021978021978,68.96703296703296,17.714285714285715,13.865862848530519,2293,2155,2290,2712,2257,1643,200,0,0,0,0,0,166,-93,-181,-30,-44,0,121,124,122,125,121,123,40,42,41,43,41,42,24,21,74,0,4,0
45.7341,,1369,8.527472527472527,29.626373626373628,-29.978021978021978,68.96703296703296,17.714285714285715,13.865862848530519,2301,2155,2290,2712,2257,1643,200,0,0,0,0,0,146,-93,-181,-34,-44,0,121,124,122,125,121,123,40,42,41,43,41,42,35,21,73,0,4,0
45.7675,,1370,9.142857142857142,29.626373626373628,-29.978021978021978,68.96703296703296,17.714285714285715,13.865862848530519,2308,2155,2290,2712,2257,1643,200,0,0,0,0,0,91,-93,-181,-34,-44,0,121,124,122,124,121,123,40,42,41,43,41,42,36,21,73,0,4,0
45.8009,,1371,9.758241758241759,29.626373626373628,-29.978021978021978,68.96703296703296,17.714285714285715,13.865862848530519,2316,2155,2290,2712,2257,1643,200,0,0,0,0,0,162,-93,-181,-34,-44,0,121,124,122,124,121,123,40,42,41,43,41,42,31,21,73,0,4,0
45.8343,,1372,10.373626373626374,29.626373626373628,-29.978021978021978,68.96703296703296,17.714285714285715,13.865862848530519,2323,2155,2290,2712,2257,1643,250,0,0,0,0,0,159,-93,-181,-34,-44,0,121,124,122,124,121,123,40,42,41,43,41,42,29,20,74,0,4,0
45.8677,,1373,11.164835164835164,29.714285714285715,-29.978021978021978,68.96703296703296,17.626373626373628,13.865862848530519,2331,2155,2290,2712,2257,1643,250,0,0,0,0,0,152,-93,-181,-34,-44,0,121,124,122,124,121,123,40,42,41,43,41,42,29,20,73,0,4,0
45.9011,,1374,11.780219780219781,29.802197802197803,-29.978021978021978,68.96703296703296,17.626373626373628,13.865862848530519,2338,2155,2290,2712,2257,1643,200,0,0,0,0,0,73,-90,-181,-34,-48,0,121,124,122,124,121,123,40,42,41,43,41,42,39,18,74,0,4,0
45.9345,,1375,12.395604395604396,29.89010989010989,-29.978021978021978,68.96703296703296,17.626373626373628,13.865862848530519,2345,2155,2290,2712,2257,1643,250,0,0,0,0,0,167,-86,-181,-34,-48,0,121,124,122,124,121,123,40,42,41,43,41,42,34,17,73,0,4,0
45.9679,,1376,13.098901098901099,30.065934065934066,-29.978021978021978,68.96703296703296,17.626373626373628,13.865862848530519,2352,2155,2290,2712,2257,1643,200,0,0,0,0,0,81,-83,-181,-34,-48,0,121,124,122,124,121,123,40,42,41,43,41,42,30,17,73,0,4,0
46.0013,,1377,13.626373626373626,30.065934065934066,-29.978021978021978,68.96703296703296,17.626373626373628,13.865862848530519,2359,2155,2290,2712,2257,1643,250,0,0,0,0,0,168,-76,-181,-34,-48,0,121,124,122,124,121,123,40,42,41,43,41,42,33,13,73,0,4,0
46.0347,,1378,14.241758241758241,30.153846153846153,-29.978021978021978,68.96703296703296,17.626373626373628,13.865862848530519,2367,2155,2290,2712,2257,1643,200,0,0,0,0,0,146,-76,-181,-34,-48,0,121,124,122,125,121,123,40,42,41,43,41,42,23,12,73,0,4,0
46.0681,,1379,14.76923076923077,30.24175824175824,-29.978021978021978,68.96703296703296,17.626373626373628,13.865862848530519,2374,2155,2290,2712,2257,1643,200,0,0,0,0,0,174,-72,-181,-34,-48,0,121,124,122,124,121,123,40,42,42,43,41,42,24,11,73,0,4,0
46.1015,,1380,15.296703296703297,30.24175824175824,-29.978021978021978,68.96703296703296,17.626373626373628,13.865862848530519,2381,2155,2290,2712,2257,1643,200,0,0,0,0,0,160,-69,-181,-34,-48,0,121,124,122,124,121,123,40,42,41,43,41,42,32,10,73,0,4,0
46.1349,,1381,15.736263736263735,30.24175824175824,-29.978021978021978,68.96703296703296,17.626373626373628,13.865862848530519,2388,2155,2290,2712,2257,1643,200,0,0,0,0,0,151,-69,-181,-34,-48,0,121,124,122,124,121,123,40,42,41,43,41,42,28,11,74,0,4,0
46.1682,,1382,16.263736263736263,30.24175824175824,-29.978021978021978,68.96703296703296,17.626373626373628,13.865862848530519,2394,2155,2290,2712,2257,1643,200,0,0,0,0,0,132,-69,-181,-34,-48,0,121,124,122,124,121,123,40,41,42,43,41,42,25,10,74,0,4,0
46.2016,,1383,16.703296703296704,30.24175824175824,-29.978021978021978,68.96703296703296,17.626373626373628,13.865862848530519,2401,2155,2290,2712,2257,1643,200,0,0,0,0,0,129,-69,-181,-34,-48,0,121,124,122,125,121,123,40,42,41,43,41,42,26,10,73,0,4,0
46.2351,,1384,17.142857142857142,30.24175824175824,-29.978021978021978,68.96703296703296,17.626373626373628,13.865862848530519,2407,2155,2290,2712,2257,1643,150,0,0,0,0,0,143,-69,-181,-34,-48,0,121,124,122,125,121,123,40,42,41,43,41,42,31,10,73,0,4,0
46.2686,,1385,17.582417582417584,30.32967032967033,-29.978021978021978,68.96703296703296,17.53846153846154,13.865862848530519,2413,2155,2290,2712,2257,1643,150,0,0,0,0,0,136,-69,-181,-34,-48,0,121,124,122,125,121,123,40,42,42,43,41,42,11,10,74,0,4,0
46.302,,1386,18.021978021978022,30.32967032967033,-29.978021978021978,68.96703296703296,17.53846153846154,13.865862848530519,2418,2155,2290,2712,2257,1643,200,0,0,0,0,0,128,-65,-181,-34,-51,0,121,124,122,125,121,123,40,42,41,43,41,42,24,9,73,0,6,0
46.3354,,1387,18.373626373626372,30.32967032967033,-29.978021978021978,68.96703296703296,17.53846153846154,13.865862848530519,2423,2155,2290,2712,2257,1643,150,0,0,0,0,0,125,-65,-181,-34,-51,0,121,124,122,125,121,123,40,42,41,43,41,42,26,10,73,0,6,0
46.3688,,1388,18.813186813186814,30.32967032967033,-29.978021978021978,68.96703296703296,17.53846153846154,13.865862848530519,2427,2155,2290,2712,2257,1643,150,0,0,0,0,0,122,-65,-181,-34,-51,0,122,124,122,125,121,123,40,41,42,43,41,42,26,9,73,0,5,0
46.4022,,1389,19.34065934065934,30.32967032967033,-29.978021978021978,68.87912087912088,17.53846153846154,13.865862848530519,2431,2155,2290,2712,2257,1643,100,0,0,0,0,0,140,-65,-181,-34,-51,0,122,124,122,125,121,123,40,42,41,43,41,42,29,9,73,0,4,0
46.4356,,1390,19.604395604395606,30.32967032967033,-29.978021978021978,68.87912087912088,17.53846153846154,13.865862848530519,2436,2155,2290,2712,2257,1643,150,0,0,0,0,0,142,-65,-181,-37,-51,0,122,124,122,125,121,123,40,42,41,43,41,42,39,9,73,1,4,0
46.469,,1391,20.21978021978022,30.32967032967033,-29.978021978021978,68.87912087912088,17.53846153846154,13.865862848530519,2440,2155,2290,2712,2257,1643,100,0,0,0,0,0,125,-65,-181,-37,-51,0,122,124,122,125,121,123,40,42,41,43,41,42,32,9,74,0,4,0
46.5024,,1392,20.65934065934066,30.417582417582416,-29.978021978021978,68.87912087912088,17.53846153846154,13.865862848530519,2445,2155,2290,2712,2257,1643,100,0,0,0,0,0,141,-65,-181,-37,-51,0,122,124,122,125,121,123,40,42,41,43,41,42,31,10,72,0,5,0
46.5358,,1393,20.835164835164836,30.417582417582416,-29.978021978021978,68.87912087912088,17.53846153846154,13.865862848530519,2450,2155,2290,2712,2257,1643,150,0,0,0,0,0,151,-62,-181,-37,-51,0,121,124,122,125,121,123,40,42,42,43,41,42,37,7,73,0,5,0
46.5693,,1394,21.53846153846154,30.505494505494507,-29.978021978021978,68.87912087912088,17.53846153846154,13.865862848530519,2454,2155,2290,2712,2257,1643,150,0,0,0,0,0,129,-62,-181,-37,-51,0,121,124,122,125,121,123,40,42,41,43,41,42,36,9,74,0,4,0
46.6027,,1395,21.978021978021978,30.505494505494507,-29.89010989010989,68.87912087912088,17.53846153846154,13.865862848530519,2459,2155,2290,2712,2257,1643,150,0,0,0,0,0,155,-58,-181,-37,-51,0,121,124,122,124,121,123,40,42,42,43,41,42,38,8,73,0,5,0
46.6361,,1396,22.24175824175824,30.505494505494507,-29.89010989010989,68.87912087912088,17.53846153846154,13.865862848530519,2464,2155,2290,2712,2257,1643,150,0,0,0,0,0,139,-58,-178,-37,-51,0,121,124,122,124,121,123,40,42,41,43,41,42,16,8,70,0,4,0
46.6695,,1397,22.945054945054945,30.505494505494507,-29.89010989010989,68.87912087912088,17.53846153846154,13.865862848530519,2469,2155,2290,2712,2257,1643,150,0,0,0,0,0,129,-58,-178,-37,-51,0,121,124,122,124,121,123,40,41,41,43,41,42,30,6,70,1,4,0
46.7029,,1398,23.384615384615383,30.505494505494507,-29.89010989010989,68.87912087912088,17.53846153846154,13.865862848530519,2475,2155,2290,2712,2257,1643,150,0,0,0,0,0,164,-58,-178,-37,-51,0,121,124,122,125,121,123,40,42,42,43,41,42,41,7,70,0,5,0
46.7363,,1399,23.912087912087912,30.505494505494507,-29.89010989010989,68.79120879120879,17.53846153846154,13.865862848530519,2480,2155,2290,2712,2257,1643,200,0,0,0,0,0,144,-58,-178,-37,-51,0,121,124,122,124,121,123,40,42,41,43,41,42,36,7,70,0,4,0
46.7697,,1400,24.439560439560438,30.593406593406595,-29.89010989010989,68.79120879120879,17.53846153846154,13.865862848530519,2486,2155,2290,2712,2257,1643,150,0,0,0,0,0,146,-58,-178,-41,-51,0,121,124,122,125,121,123,40,42,41,43,41,42,24,8,70,1,4,0
46.8031,,1401,24.87912087912088,30.593406593406595,-29.89010989010989,68.79120879120879,17.53846153846154,13.865862848530519,2492,2155,2290,2712,2257,1643,150,0,0,0,0,0,142,-55,-178,-41,-51,0,121,124,122,124,121,123,40,42,41,43,41,42,20,5,71,1,5,0
46.8365,,1402,25.318681318681318,30.593406593406595,-29.89010989010989,68.79120879120879,17.53846153846154,13.865862848530519,2498,2155,2290,2712,2257,1643,200,0,0,0,0,0,47,-55,-178,-41,-51,0,121,124,122,125,121,123,40,42,41,43,41,42,28,4,71,1,5,0
46.8699,,1403,25.75824175824176,30.593406593406595,-29.89010989010989,68.79120879120879,17.53846153846154,13.865862848530519,2503,2155,2290,2712,2257,1643,200,0,0,0,0,0,150,-55,-178,-41,-51,0,121,124,122,125,121,123,40,42,41,43,41,42,31,4,71,1,5,0
46.9033,,1404,26.373626373626372,30.593406593406595,-29.89010989010989,68.79120879120879,17.53846153846154,13.865862848530519,2509,2155,2290,2712,2257,1643,150,0,0,0,0,0,138,-55,-178,-41,-51,0,121,124,122,125,121,123,40,42,41,43,41,42,32,6,71,1,4,0
46.9366,,1405,26.9010989010989,30.593406593406595,-29.89010989010989,68.79120879120879,17.53846153846154,13.865862848530519,2514,2155,2290,2712,2257,1643,150,0,0,0,0,0,149,-55,-178,-41,-51,0,121,124,122,125,121,123,40,42,41,43,41,42,28,5,71,2,4,0
46.97,,1406,27.34065934065934,30.593406593406595,-29.89010989010989,68.79120879120879,17.53846153846154,13.865862848530519,2520,2155,2290,2712,2257,1643,150,0,0,0,0,0,52,-55,-178,-41,-51,0,121,124,122,125,121,123,40,42,41,43,41,42,28,5,71,1,4,0
47.0034,,1407,27.956043956043956,30.593406593406595,-29.89010989010989,68.79120879120879,17.53846153846154,13.865862848530519,2525,2155,2290,2712,2257,1643,200,0,0,0,0,0,155,-55,-178,-41,-51,0,121,124,122,124,121,123,40,42,42,43,41,42,27,5,71,2,4,0
47.0368,,1408,28.483516483516482,30.593406593406595,-29.89010989010989,68.79120879120879,17.53846153846154,13.865862848530519,2531,2155,2290,2712,2257,1643,200,0,0,0,0,0,75,-55,-178,-41,-51,0,121,124,122,124,121,123,40,42,41,43,41,42,31,5,70,1,6,0
47.0702,,1409,28.923076923076923,30.593406593406595,-29.89010989010989,68.79120879120879,17.53846153846154,13.865862848530519,2537,2155,2290,2712,2257,1643,150,0,0,0,0,0,151,-55,-178,-41,-51,0,121,124,122,125,121,123,40,42,41,43,41,42,36,6,71,1,5,0
47.1036,,1410,29.45054945054945,30.593406593406595,-29.89010989010989,68.79120879120879,17.53846153846154,13.865862848530519,2543,2155,2290,2712,2257,1643,150,0,0,0,0,0,139,-55,-178,-41,-51,0,121,124,122,125,121,123,40,42,41,43,41,42,36,6,71,1,5,0
47.137,,1411,29.978021978021978,30.593406593406595,-29.89010989010989,68.79120879120879,17.53846153846154,13.865862848530519,2548,2155,2290,2712,2257,1643,150,0,0,0,0,0,139,-55,-178,-41,-51,0,122,124,122,125,121,123,40,42,41,43,41,42,41,7,70,1,6,0
47.1704,,1412,30.505494505494507,30.593406593406595,-29.89010989010989,68.79120879120879,17.53846153846154,13.865862848530519,2554,2155,2290,2712,2257,1643,150,0,0,0,0,0,161,-55,-178,-41,-51,0,122,124,122,125,121,123,40,42,41,43,41,42,40,6,70,2,5,0
47.2038,,1413,30.76923076923077,30.681318681318682,-29.89010989010989,68.79120879120879,17.53846153846154,13.865862848530519,2559,2155,2290,2712,2257,1643,150,0,0,0,0,0,157,-55,-178,-41,-51,0,122,124,122,125,121,123,40,42,42,43,41,42,41,6,70,2,4,0
47.2372,,1414,31.384615384615383,30.681318681318682,-29.89010989010989,68.79120879120879,17.53846153846154,13.865862848530519,2565,2155,2290,2712,2257,1643,200,0,0,0,0,0,136,-51,-178,-41,-51,0,122,124,122,125,121,123,40,42,41,43,41,42,34,6,70,1,4,0
47.2706,,1415,31.736263736263737,30.681318681318682,-29.89010989010989,68.79120879120879,17.53846153846154,13.865862848530519,2570,2155,2290,2712,2257,1643,150,0,0,0,0,0,145,-51,-178,-41,-51,0,121,124,122,125,121,123,40,42,42,43,41,42,34,7,70,1,4,0
47.304,,1416,32.0,30.681318681318682,-29.89010989010989,68.7032967032967,17.53846153846154,13.865862848530519,2576,2155,2290,2712,2257,1643,150,0,0,0,0,0,146,-51,-178,-41,-51,0,122,124,122,125,121,123,40,42,42,43,41,42,34,7,70,1,6,0
47.3374,,1417,32.43956043956044,30.681318681318682,-29.89010989010989,68.7032967032967,17.53846153846154,13.865862848530519,2581,2155,2290,2712,2257,1643,200,0,0,0,0,0,44,-51,-178,-44,-51,0,122,124,122,125,121,123,40,42,42,43,41,42,29,8,71,3,6,0
47.3708,,1418,32.527472527472526,30.681318681318682,-29.89010989010989,68.7032967032967,17.53846153846154,13.865862848530519,2587,2155,2290,2712,2257,1643,150,0,0,0,0,0,44,-51,-178,-44,-51,0,122,124,122,125,121,123,40,42,42,43,41,42,24,8,70,3,5,0
47.4042,,1419,32.61538461538461,30.681318681318682,-29.89010989010989,68.7032967032967,17.53846153846154,13.865862848530519,2591,2155,2290,2712,2257,1643,150,0,0,0,0,0,111,-51,-178,-44,-51,0,122,124,122,125,121,123,40,42,42,43,41,42,21,8,71,2,4,0
47.4376,,1420,32.61538461538461,30.681318681318682,-29.89010989010989,68.7032967032967,17.53846153846154,13.865862848530519,2595,2155,2290,2712,2257,1643,100,0,0,0,0,0,101,-51,-178,-44,-51,0,122,124,122,125,121,123,40,42,41,43,41,42,20,9,70,3,5,0
47.471,,1421,32.61538461538461,30.681318681318682,-29.89010989010989,68.7032967032967,17.53846153846154,13.865862848530519,2597,2155,2290,2712,2257,1643,100,0,0,0,0,0,97,-51,-178,-44,-51,0,122,124,122,125,121,123,40,42,41,43,41,42,10,9,71,3,5,0
47.5044,,1422,32.527472527472526,30.681318681318682,-29.89010989010989,68.79120879120879,17.53846153846154,13.865862848530519,2599,2155,2290,2712,2257,1643,50,0,0,0,0,0,90,-51,-178,-44,-51,0,122,124,122,125,121,123,40,42,41,43,41,42,21,9,71,2,5,0
47.5378,,1423,32.175824175824175,30.681318681318682,-29.89010989010989,68.79120879120879,17.274725274725274,13.865862848530519,2599,2155,2290,2712,2257,1643,50,0,0,0,0,0,83,-51,-178,-41,-51,0,121,124,122,125,121,123,40,42,42,43,41,42,17,9,70,2,4,0
47.5712,,1424,31.824175824175825,30.681318681318682,-29.89010989010989,68.79120879120879,16.65934065934066,13.865862848530519,2599,2155,2290,2712,2257,1643,0,0,0,0,0,0,69,-51,-178,-41,-62,0,122,124,122,125,121,123,40,42,41,43,41,42,12,9,71,1,9,0
47.6046,,1425,31.64835164835165,30.593406593406595,-29.89010989010989,68.79120879120879,15.868131868131869,13.865862848530519,2599,2155,2290,2712,2257,1643,0,0,0,0,0,0,55,-51,-178,-41,-90,0,122,124,122,124,121,123,40,42,41,43,41,42,7,8,70,1,19,0
47.6379,,1426,31.12087912087912,30.593406593406595,-29.89010989010989,68.7032967032967,14.989010989010989,13.865862848530519,2599,2155,2290,2712,2253,1643,0,0,0,0,-150,0,48,-55,-178,-41,-46,0,121,124,122,125,121,123,40,42,41,43,41,42,7,9,70,1,23,0
47.6714,,1427,30.417582417582416,30.593406593406595,-29.978021978021978,68.7032967032967,14.461538461538462,13.865862848530519,2599,2155,2290,2712,2247,1643,0,0,0,0,-150,0,16,-55,-178,-44,-140,0,121,124,122,124,121,123,40,42,41,43,41,42,2,9,70,2,21,0
47.7048,,1428,29.802197802197803,30.593406593406595,-29.978021978021978,68.7032967032967,14.373626373626374,13.865862848530519,2599,2155,2290,2712,2239,1643,0,0,0,0,-200,0,-48,-55,-181,-44,-117,0,121,124,122,125,121,123,40,42,42,43,41,42,2,10,73,2,18,0
47.7381,,1429,28.835164835164836,30.593406593406595,-29.978021978021978,68.79120879120879,14.373626373626374,13.865862848530519,2597,2155,2290,2712,2233,1643,0,0,0,0,-200,0,-53,-55,-181,-44,-97,0,121,124,122,125,121,123,40,42,41,43,41,42,5,9,73,2,5,0
47.7715,,1430,28.13186813186813,30.593406593406595,-29.89010989010989,68.79120879120879,14.285714285714286,13.865862848530519,2593,2155,2290,2712,2230,1643,-50,0,0,0,-150,0,-109,-55,-181,-41,-86,0,122,124,122,125,121,123,40,42,42,43,41,42,12,10,72,1,4,0
47.8049,,1431,27.164835164835164,30.505494505494507,-29.89010989010989,68.79120879120879,14.197802197802197,13.865862848530519,2587,2155,2290,2712,2226,1643,-150,0,0,0,-100,0,-17,-55,-178,-41,-76,0,122,124,122,125,121,123,40,42,41,43,41,42,9,9,70,1,7,0
47.8383,,1432,26.197802197802197,30.417582417582416,-29.89010989010989,68.79120879120879,13.934065934065934,13.865862848530519,2580,2155,2290,2712,2223,1643,-200,0,0,0,-100,0,-127,-58,-178,-41,-69,0,122,124,122,125,121,123,40,42,42,43,41,42,4,10,70,2,4,0
47.8718,,1433,25.406593406593405,30.153846153846153,-29.89010989010989,68.79120879120879,13.934065934065934,13.865862848530519,2572,2155,2290,2712,2220,1643,-200,0,0,0,-50,0,-126,-62,-178,-41,-65,0,122,124,122,125,121,123,40,42,41,43,41,42,8,11,70,1,7,0
47.9051,,1434,24.175824175824175,29.978021978021978,-29.89010989010989,68.87912087912088,13.934065934065934,13.865862848530519,2563,2155,2290,2712,2217,1643,-250,0,0,0,-50,0,-114,-72,-178,-41,-55,0,122,124,122,125,121,123,40,42,41,43,41,42,13,16,71,1,5,0
47.9385,,1435,23.032967032967033,29.802197802197803,-29.89010989010989,68.87912087912088,13.934065934065934,13.865862848530519,2554,2155,2290,2712,2215,1643,-250,0,0,0,-50,0,-163,-79,-178,-37,-48,0,122,124,122,125,121,123,40,42,42,43,41,42,12,21,71,1,4,0
47.9719,,1436,21.89010989010989,29.714285714285715,-29.89010989010989,68.87912087912088,13.846153846153847,13.865862848530519,2543,2155,2290,2712,2213,1643,-300,0,0,0,-50,0,-76,-86,-178,-37,-41,0,122,124,122,125,121,123,40,42,42,43,41,42,23,25,70,0,2,0
48.0053,,1437,20.747252747252748,29.626373626373628,-29.89010989010989,68.87912087912088,13.494505494505495,13.865862848530519,2532,2155,2290,2712,2211,1643,-300,0,0,0,-50,0,-168,-90,-178,-37,80,0,122,124,122,125,121,123,40,42,42,43,41,42,17,26,71,1,2,0
48.0387,,1438,19.78021978021978,29.53846153846154,-29.978021978021978,68.87912087912088,12.87912087912088,13.865862848530519,2521,2155,2290,2712,2210,1643,-350,0,0,0,-50,0,-167,-93,-178,-37,-48,0,121,124,122,125,121,123,40,42,42,43,41,42,16,28,70,0,4,0
48.0721,,1439,18.98901098901099,29.53846153846154,-29.978021978021978,68.87912087912088,12.263736263736265,13.865862848530519,2510,2155,2290,2712,2207,1643,-300,0,0,0,-50,0,-185,-97,-181,-37,-63,0,121,124,122,125,121,123,40,42,42,43,41,42,21,30,74,0,9,0
48.1055,,1440,18.10989010989011,29.53846153846154,-29.978021978021978,68.87912087912088,11.56043956043956,13.865862848530519,2498,2155,2290,2712,2202,1643,-350,0,0,0,-100,0,-168,-97,-181,-37,-93,0,121,124,122,124,121,123,40,42,42,43,41,42,18,30,73,0,10,0
48.1389,,1441,17.406593406593405,29.53846153846154,-29.978021978021978,68.96703296703296,11.12087912087912,13.865862848530519,2486,2155,2290,2712,2197,1643,-350,0,0,0,-150,0,-159,-97,-181,-37,16,0,121,124,122,124,121,123,40,42,41,43,41,42,12,30,73,0,9,0
48.1723,,1442,16.615384615384617,29.45054945054945,-29.978021978021978,68.96703296703296,10.945054945054945,13.865862848530519,2474,2155,2290,2712,2191,1643,-350,0,0,0,-200,0,-129,-97,-181,-34,-79,0,122,124,122,125,121,123,40,42,41,43,41,42,7,29,72,0,8,0
48.2057,,1443,16.0,29.274725274725274,-29.978021978021978,68.96703296703296,10.857142857142858,13.865862848530519,2464,2155,2290,2712,2187,1643,-300,0,0,0,-150,0,-38,-101,-181,-34,-69,0,122,124,122,125,121,123,40,42,42,43,41,42,11,32,72,0,6,0
48.2391,,1444,15.208791208791208,28.923076923076923,-29.89010989010989,68.96703296703296,10.857142857142858,13.865862848530519,2454,2155,2290,2712,2183,1643,-300,0,0,0,-150,0,-127,-108,-181,-34,-62,0,122,124,122,125,121,123,40,42,42,43,41,42,10,30,73,0,4,0
48.2725,,1445,14.417582417582418,28.747252747252748,-29.89010989010989,68.96703296703296,10.857142857142858,13.865862848530519,2445,2155,2290,2712,2180,1643,-250,0,0,0,-50,0,-44,-125,-178,-34,-51,0,121,124,122,125,121,123,40,42,41,43,41,42,9,37,71,0,3,0
48.3059,,1446,13.626373626373626,28.395604395604394,-29.89010989010989,69.05494505494505,10.857142857142858,13.865862848530519,2437,2155,2290,2712,2178,1643,-300,0,0,0,-50,0,-120,-129,-178,-34,-44,0,121,124,122,125,121,123,40,42,41,43,41,42,4,39,70,0,2,0
48.3393,,1447,12.395604395604396,27.604395604395606,-29.802197802197803,69.05494505494505,10.857142857142858,13.865862848530519,2428,2155,2290,2712,2177,1643,-250,0,0,0,-50,0,-34,-143,-178,-30,-37,0,121,124,122,124,121,123,40,42,42,43,41,42,9,48,71,0,1,0
48.3727,,1448,10.901098901098901,27.076923076923077,-29.714285714285715,69.14285714285714,10.857142857142858,13.865862848530519,2418,2155,2290,2712,2176,1643,-250,0,0,0,-50,0,-140,-188,-174,-30,-34,0,121,124,122,124,121,123,40,42,41,43,41,42,9,72,67,0,1,0
48.4061,,1449,9.23076923076923,26.54945054945055,-29.714285714285715,69.67032967032966,10.857142857142858,13.865862848530519,2409,2155,2290,2712,2176,1643,-300,0,0,0,0,0,-184,-207,-171,-27,-34,0,121,124,122,124,121,123,40,42,42,43,41,42,20,93,66,0,1,0
48.4395,,1450,6.593406593406593,25.75824175824176,-29.802197802197803,70.9010989010989,10.857142857142858,13.865862848530519,2396,2155,2290,2712,2176,1643,-300,0,0,0,0,0,-205,-229,-171,27,-34,0,121,123,122,124,121,123,40,42,42,43,41,42,22,109,65,1,1,0
48.4729,,1451,3.076923076923077,24.791208791208792,-29.802197802197803,72.13186813186813,10.945054945054945,13.865862848530519,2382,2155,2290,2713,2176,1643,-400,0,0,0,0,0,-171,-267,-174,99,-34,0,121,123,121,124,120,123,40,42,41,43,41,42,34,141,68,9,1,0
48.5063,,1452,-1.1428571428571428,23.824175824175825,-29.802197802197803,73.53846153846153,11.12087912087912,13.865862848530519,2365,2155,2290,2720,2176,1643,-500,0,0,50,0,0,-238,-303,-174,46,-30,0,121,123,121,124,120,123,40,42,41,43,41,42,44,181,67,13,0,0
48.5397,,1453,-6.329670329670329,22.857142857142858,-29.802197802197803,75.12087912087912,11.384615384615385,13.865862848530519,2341,2154,2290,2731,2176,1643,-700,0,0,400,0,0,-317,-335,-174,146,-23,0,121,123,121,124,120,123,40,42,42,43,41,42,68,221,67,6,0,0
48.5731,,1454,-12.307692307692308,22.065934065934066,-29.802197802197803,76.61538461538461,11.56043956043956,13.865862848530519,2312,2149,2290,2742,2176,1643,-800,-100,0,300,0,0,-400,-373,-174,78,0,0,120,123,121,123,120,122,40,42,41,43,41,42,95,226,67,19,0,0
48.6065,,1455,-18.813186813186814,21.45054945054945,-29.802197802197803,77.93406593406593,11.648351648351648,13.865862848530519,2278,2143,2290,2757,2176,1643,-950,-200,0,450,0,0,-494,-373,-174,191,27,0,120,122,121,123,120,122,40,42,42,43,41,42,129,224,67,6,0,0
48.6398,,1456,-24.703296703296704,21.186813186813186,-29.802197802197803,79.07692307692308,11.736263736263735,13.865862848530519,2238,2134,2290,2773,2176,1643,-1100,-200,0,450,0,0,-586,-365,-174,182,30,0,120,122,120,123,120,122,40,42,42,43,41,42,173,165,67,8,0,0
48.6732,,1457,-30.76923076923077,21.186813186813186,-29.802197802197803,79.34065934065934,11.736263736263735,13.865862848530519,2190,2124,2290,2787,2176,1643,-1400,-300,0,400,0,0,-565,-326,-174,171,34,0,120,122,121,123,120,122,40,42,42,43,41,42,191,144,67,7,1,0
48.7067,,1458,-36.13186813186813,21.186813186813186,-29.802197802197803,79.34065934065934,11.736263736263735,13.865862848530519,2134,2116,2289,2800,2176,1643,-1600,-250,-50,400,0,0,-624,-216,-171,108,34,0,120,123,121,123,120,122,40,42,41,43,41,42,150,147,65,3,1,0
48.7401,,1459,-40.35164835164835,21.45054945054945,-29.89010989010989,79.34065934065934,11.736263736263735,13.865862848530519,2077,2110,2289,2807,2176,1643,-1700,-150,0,300,0,0,-643,-277,-171,79,34,0,120,123,121,123,120,122,40,42,42,43,41,42,155,130,64,2,1,0
48.7735,,1460,-44.395604395604394,21.714285714285715,-29.978021978021978,79.16483516483517,11.736263736263735,13.865862848530519,2013,2106,2289,2813,2176,1643,-1900,-150,0,150,0,0,-617,-248,-174,65,34,0,121,123,121,124,120,123,40,42,41,43,41,42,71,121,66,2,1,0
48.8069,,1461,-47.2967032967033,21.978021978021978,-29.978021978021978,79.07692307692308,11.736263736263735,13.865862848530519,1947,2105,2289,2815,2176,1643,-1950,0,0,100,0,0,-566,-234,-178,44,34,0,121,123,121,124,120,123,40,42,42,43,41,42,24,119,70,0,1,0
48.8403,,1462,-48.61538461538461,22.065934065934066,-29.978021978021978,79.07692307692308,11.736263736263735,13.865862848530519,1882,2105,2289,2817,2176,1643,-1950,0,0,100,0,0,-471,-224,-178,34,34,0,121,123,121,124,120,123,40,42,42,43,41,42,6,109,70,0,2,0
48.8737,,1463,-48.79120879120879,22.24175824175824,-29.89010989010989,79.07692307692308,11.736263736263735,13.865862848530519,1827,2106,2289,2818,2175,1643,-1800,0,0,50,0,0,-389,-220,-178,30,34,0,121,123,122,124,121,123,40,42,42,43,41,42,1,108,70,0,1,0
48.9071,,1464,-48.08791208791209,22.24175824175824,-29.89010989010989,79.07692307692308,11.736263736263735,13.865862848530519,1779,2106,2289,2821,2175,1643,-1500,0,0,150,0,0,-266,-217,-174,23,37,0,121,123,122,124,121,123,40,42,42,43,41,42,0,104,67,0,1,0
48.9405,,1465,-45.27472527472528,22.24175824175824,-29.89010989010989,79.07692307692308,11.736263736263735,13.865862848530519,1743,2105,2288,2820,2176,1643,-1300,0,0,0,0,0,-80,-213,-174,23,-83,0,121,123,122,124,121,123,40,42,42,43,41,42,0,104,66,0,1,0
48.9739,,1466,-40.879120879120876,22.153846153846153,-29.978021978021978,79.16483516483517,11.736263736263735,13.865862848530519,1724,2104,2288,2821,2177,1643,-800,0,-50,0,50,0,51,-210,-171,0,30,0,121,123,122,124,121,123,40,42,42,43,41,42,0,88,63,0,2,0
49.0073,,1467,-35.51648351648352,21.802197802197803,-30.065934065934066,78.98901098901099,11.824175824175825,13.865862848530519,1719,2104,2288,2822,2178,1643,-150,0,0,50,50,0,212,-213,-174,23,27,0,121,123,122,124,121,123,40,42,42,43,41,42,71,98,64,0,0,0
49.0407,,1468,-28.395604395604394,21.53846153846154,-30.24175824175824,78.81318681318682,12.263736263736265,13.865862848530519,1726,2104,2288,2823,2178,1643,200,0,0,50,0,0,403,-233,-178,-23,30,0,121,123,121,124,120,123,40,42,41,43,41,42,155,115,63,0,1,0
49.0741,,1469,-20.395604395604394,21.45054945054945,-30.32967032967033,78.63736263736264,13.582417582417582,13.865862848530519,1746,2104,2288,2822,2181,1643,450,0,0,-50,50,0,484,-238,-185,-27,44,0,121,123,121,123,120,122,40,42,42,43,41,42,210,127,73,0,0,0
49.1075,,1470,-12.659340659340659,21.978021978021978,-30.417582417582416,77.93406593406593,15.428571428571429,13.865862848530519,1782,2105,2288,2822,2185,1643,1000,0,0,0,100,0,632,-245,-189,-34,105,0,120,122,121,123,120,122,40,42,42,43,41,42,275,131,77,0,10,0
49.1409,,1471,-6.153846153846154,22.32967032967033,-30.32967032967033,76.96703296703296,16.65934065934066,13.865862848530519,1830,2105,2288,2822,2193,1643,1400,0,0,0,250,0,757,-223,-192,-78,62,0,120,122,120,123,119,122,40,42,41,43,41,42,267,108,80,8,9,0
49.1742,,1472,-1.4945054945054945,22.76923076923077,-30.32967032967033,76.79120879120879,16.835164835164836,13.865862848530519,1884,2105,2289,2818,2205,1643,1550,0,50,-50,350,0,746,-202,-192,-107,165,0,120,122,120,123,119,122,40,42,42,43,41,42,360,96,85,14,9,0
49.2076,,1473,1.7582417582417582,22.945054945054945,-30.32967032967033,76.87912087912088,17.01098901098901,13.865862848530519,1947,2105,2288,2813,2217,1643,1800,0,0,-150,350,0,775,-185,-192,-76,104,0,120,122,120,123,119,122,40,42,42,43,41,42,312,80,59,5,1,0
49.241,,1474,3.6923076923076925,22.76923076923077,-30.32967032967033,76.96703296703296,17.0989010989011,13.865862848530519,2015,2105,2288,2809,2224,1643,1950,0,-50,-150,350,0,729,-185,-189,-62,-41,0,120,122,121,123,119,122,40,42,42,43,41,42,209,76,76,2,1,0
49.2744,,1475,4.65934065934066,22.417582417582416,-30.24175824175824,77.05494505494505,17.0989010989011,13.865862848530519,2084,2105,2288,2808,2230,1643,2000,0,0,-50,200,0,521,-192,-189,-51,58,0,120,123,121,124,120,122,40,42,42,43,41,42,67,83,79,2,3,0
49.3078,,1476,4.835164835164835,22.24175824175824,-30.24175824175824,77.05494505494505,17.0989010989011,13.865862848530519,2142,2105,2288,2806,2234,1643,1850,0,0,0,150,0,499,-206,-185,-44,48,0,121,123,121,124,120,123,40,42,42,43,41,42,18,98,76,1,1,0
49.3412,,1477,4.923076923076923,22.153846153846153,-30.24175824175824,77.05494505494505,17.0989010989011,13.865862848530519,2195,2105,2288,2806,2237,1643,1550,0,0,-50,100,0,357,-213,-185,-41,37,0,121,123,121,124,120,123,40,42,41,43,41,42,2,102,77,1,0,0
49.3746,,1478,5.186813186813187,22.065934065934066,-30.24175824175824,77.05494505494505,17.0989010989011,13.865862848530519,2237,2105,2288,2806,2238,1643,1400,0,0,0,100,0,195,-217,-185,-41,30,0,121,123,121,124,121,123,40,42,42,43,41,42,0,104,78,2,1,0
49.408,,1479,5.186813186813187,22.153846153846153,-30.24175824175824,77.05494505494505,17.0989010989011,13.865862848530519,2267,2105,2288,2806,2240,1643,1000,0,0,0,100,0,79,-220,-185,-41,23,0,121,123,122,124,121,123,40,42,42,43,41,42,0,107,77,1,0,0
49.4414,,1480,5.186813186813187,22.32967032967033,-30.24175824175824,76.96703296703296,17.0989010989011,13.865862848530519,2290,2105,2288,2806,2241,1643,700,0,0,0,0,0,79,-217,-185,-41,0,0,121,123,122,124,121,123,40,42,42,43,41,42,0,103,77,1,0,0
49.4748,,1481,5.274725274725275,22.681318681318682,-30.24175824175824,76.96703296703296,17.0989010989011,13.865862848530519,2301,2105,2288,2806,2241,1643,450,0,0,0,0,0,48,-210,-185,-44,0,0,121,123,122,124,121,123,40,42,42,43,41,42,8,97,77,3,0,0
49.5082,,1482,5.450549450549451,22.857142857142858,-30.24175824175824,76.96703296703296,17.01098901098901,13.865862848530519,2303,2105,2288,2806,2240,1643,150,0,0,0,0,0,34,-192,-185,-44,0,0,121,123,122,124,121,123,40,42,42,43,41,42,3,85,77,3,0,0
49.5416,,1483,6.417582417582418,22.945054945054945,-30.24175824175824,76.96703296703296,17.01098901098901,13.865862848530519,2304,2105,2288,2806,2240,1643,0,0,0,0,-50,0,-80,-189,-185,-44,0,0,121,124,122,124,121,123,40,42,41,43,41,42,1,80,77,2,0,0
49.575,,1484,7.384615384615385,23.032967032967033,-30.24175824175824,76.87912087912088,16.835164835164836,13.865862848530519,2305,2105,2288,2806,2239,1643,50,0,0,0,0,0,92,-185,-185,-44,23,0,121,124,122,124,121,123,40,42,42,43,41,42,10,77,77,3,0,0
49.6084,,1485,8.263736263736265,23.032967032967033,-30.24175824175824,76.87912087912088,16.747252747252748,13.865862848530519,2309,2105,2288,2806,2239,1643,100,0,0,0,0,0,105,-181,-185,-48,0,0,121,123,122,124,121,123,40,42,42,43,41,42,10,74,77,3,0,0
49.6418,,1486,9.23076923076923,23.032967032967033,-30.24175824175824,76.87912087912088,16.747252747252748,13.865862848530519,2314,2105,2288,2806,2239,1643,150,0,0,0,0,0,145,-181,-185,-48,0,0,121,123,122,124,121,123,40,42,42,43,41,42,13,75,77,3,0,0
49.6752,,1487,10.10989010989011,23.032967032967033,-30.24175824175824,76.87912087912088,16.835164835164836,13.865862848530519,2320,2105,2288,2806,2239,1643,150,0,0,0,0,0,160,-181,-185,-48,0,0,121,123,122,124,121,123,40,42,42,43,41,42,21,75,78,3,0,0
49.7086,,1488,11.164835164835164,23.032967032967033,-30.24175824175824,76.87912087912088,16.835164835164836,13.865862848530519,2327,2105,2288,2806,2239,1643,250,0,0,0,0,0,160,-181,-185,-48,0,0,121,123,122,124,121,123,40,42,42,43,41,42,26,75,78,4,0,0
49.742,,1489,12.307692307692308,23.032967032967033,-30.24175824175824,76.87912087912088,16.835164835164836,13.865862848530519,2335,2105,2288,2806,2239,1643,250,0,0,0,0,0,179,-181,-185,-48,0,0,121,123,122,124,121,123,40,42,42,43,41,42,41,76,77,3,0,0
49.7754,,1490,13.538461538461538,23.12087912087912,-30.24175824175824,76.87912087912088,16.835164835164836,13.865862848530519,2344,2105,2288,2806,2239,1643,250,0,0,0,0,0,122,-181,-185,-48,0,0,121,123,122,124,121,123,40,42,42,43,41,42,44,75,77,4,0,0
49.8088,,1491,14.857142857142858,23.47252747252747,-30.24175824175824,76.87912087912088,16.835164835164836,13.865862848530519,2354,2105,2288,2806,2239,1643,250,0,0,0,0,0,220,-178,-185,-48,0,0,121,123,122,124,121,123,40,42,42,43,41,42,48,72,78,4,0,0
49.8422,,1492,16.263736263736263,23.824175824175825,-30.24175824175824,76.87912087912088,16.835164835164836,13.865862848530519,2364,2105,2288,2806,2239,1643,350,0,0,0,0,0,146,-164,-185,-48,0,0,121,123,122,124,121,123,40,42,42,43,41,42,58,62,76,3,0,0
49.8756,,1493,17.67032967032967,23.912087912087912,-30.153846153846153,76.87912087912088,16.835164835164836,13.865862848530519,2377,2105,2288,2806,2239,1643,350,0,0,0,0,0,243,-150,-185,-48,0,0,121,123,122,124,121,123,40,42,42,43,41,42,54,51,77,3,0,0
49.909,,1494,18.9010989010989,24.439560439560438,-30.153846153846153,76.87912087912088,16.747252747252748,13.865862848530519,2390,2105,2288,2806,2239,1643,400,0,0,0,0,0,159,-146,-181,-48,0,0,121,124,122,124,121,123,40,42,42,43,41,42,47,49,73,3,0,0
49.9424,,1495,19.956043956043956,24.87912087912088,-30.153846153846153,76.87912087912088,16.835164835164836,13.865862848530519,2405,2105,2288,2806,2239,1643,450,0,0,0,0,0,263,-109,-181,-48,0,0,121,124,122,124,121,123,40,42,42,43,41,42,45,36,74,3,0,0
49.9758,,1496,21.01098901098901,24.967032967032967,-30.153846153846153,76.87912087912088,16.835164835164836,13.865862848530519,2419,2105,2288,2806,2240,1643,450,0,0,0,0,0,245,-98,-181,-48,0,0,121,124,122,124,121,123,40,42,42,43,41,42,46,26,74,4,0,0
50.0092,,1497,22.24175824175824,25.054945054945055,-30.153846153846153,76.87912087912088,16.835164835164836,13.865862848530519,2434,2105,2288,2806,2240,1643,400,0,0,0,0,0,234,-104,-181,-48,0,0,121,124,122,124,121,123,40,42,42,43,41,42,41,25,75,3,0,0
50.0426,,1498,23.296703296703296,25.054945054945055,-30.153846153846153,76.87912087912088,16.835164835164836,13.865862848530519,2447,2105,2288,2806,2240,1643,400,0,0,0,0,0,229,-101,-181,-48,0,0,121,124,122,124,121,123,40,42,41,43,41,42,34,23,74,3,0,0
50.0759,,1499,24.087912087912088,25.054945054945055,-30.153846153846153,76.96703296703296,16.835164835164836,13.865862848530519,2460,2105,2288,2806,2240,1643,400,0,0,0,0,0,245,-101,-181,-48,0,0,121,124,122,124,121,123,40,42,42,43,41,42,41,23,74,3,0,0
50.1093,,1500,24.967032967032967,25.054945054945055,-30.153846153846153,76.96703296703296,16.835164835164836,13.865862848530519,2472,2105,2288,2806,2240,1643,400,0,0,0,0,0,221,-101,-181,-44,0,0,121,124,122,124,121,123,40,42,42,43,41,42,33,23,74,2,0,0
50.1427,,1501,25.846153846153847,25.054945054945055,-30.153846153846153,76.96703296703296,16.835164835164836,13.865862848530519,2484,2105,2288,2806,2240,1643,350,0,0,0,0,0,128,-101,-181,-44,0,0,121,124,122,124,121,123,40,42,42,43,41,42,31,23,75,2,0,0
50.1761,,1502,26.54945054945055,25.054945054945055,-30.153846153846153,76.96703296703296,16.835164835164836,13.865862848530519,2495,2105,2288,2806,2240,1643,350,0,0,0,0,0,199,-101,-181,-44,0,0,121,124,122,124,121,123,40,42,42,43,41,42,19,24,75,3,0,0
50.2095,,1503,27.252747252747252,25.054945054945055,-30.153846153846153,76.96703296703296,16.835164835164836,13.865862848530519,2506,2105,2288,2806,2240,1643,300,0,0,0,0,0,89,-101,-181,-44,0,0,121,124,122,124,121,123,40,42,42,43,41,42,33,23,74,2,0,0
50.2429,,1504,28.21978021978022,25.054945054945055,-30.153846153846153,76.96703296703296,16.923076923076923,13.865862848530519,2516,2105,2288,2806,2240,1643,300,0,0,0,0,0,111,-101,-181,-44,0,0,121,124,122,124,121,123,40,42,42,43,41,42,34,24,74,2,0,0
50.2763,,1505,28.923076923076923,25.054945054945055,-30.153846153846153,76.96703296703296,16.923076923076923,13.865862848530519,2526,2105,2288,2806,2240,1643,300,0,0,0,0,0,202,-101,-181,-44,0,0,121,124,122,124,121,123,40,42,42,43,41,42,29,23,74,2,0,0
50.3097,,1506,29.714285714285715,25.054945054945055,-30.153846153846153,76.96703296703296,16.923076923076923,13.865862848530519,2535,2105,2288,2806,2240,1643,300,0,0,0,0,0,90,-101,-181,-44,0,0,121,124,122,124,121,123,40,42,41,43,41,42,30,24,75,3,0,0
50.3431,,1507,30.681318681318682,25.054945054945055,-30.153846153846153,76.96703296703296,16.923076923076923,13.865862848530519,2544,2105,2288,2806,2240,1643,250,0,0,0,0,0,182,-101,-181,-44,0,0,121,124,122,124,121,123,40,42,42,43,41,42,30,23,74,2,0,0
50.3765,,1508,31.208791208791208,25.054945054945055,-30.153846153846153,76.96703296703296,16.923076923076923,13.865862848530519,2553,2105,2288,2806,2240,1643,300,0,0,0,0,0,185,-101,-181,-44,0,0,121,124,122,124,121,123,40,42,42,43,41,42,25,24,74,2,0,0
50.4099,,1509,31.64835164835165,25.054945054945055,-30.153846153846153,76.96703296703296,17.01098901098901,13.865862848530519,2561,2105,2288,2806,2240,1643,250,0,0,0,0,0,94,-101,-181,-44,0,0,121,124,122,124,121,123,40,42,42,43,41,42,40,23,74,1,0,0
50.4433,,1510,32.08791208791209,25.054945054945055,-30.153846153846153,76.96703296703296,17.01098901098901,13.865862848530519,2569,2105,2288,2806,2240,1643,250,0,0,0,0,0,77,-101,-181,-44,0,0,121,124,122,125,121,123,40,42,42,43,41,42,39,23,75,2,0,0
50.4767,,1511,32.35164835164835,25.054945054945055,-30.153846153846153,76.96703296703296,16.923076923076923,13.865862848530519,2577,2105,2288,2806,2240,1643,250,0,0,0,0,0,146,-101,-181,-44,0,0,121,124,122,125,121,123,40,42,42,43,41,42,21,23,74,2,0,0
50.5101,,1512,32.43956043956044,25.054945054945055,-30.153846153846153,76.96703296703296,16.923076923076923,13.865862848530519,2584,2105,2288,2806,2240,1643,200,0,0,0,0,0,44,-101,-181,-44,0,0,121,124,122,125,121,123,40,42,42,43,41,42,17,24,75,2,0,0
50.5435,,1513,32.35164835164835,25.054945054945055,-30.153846153846153,76.96703296703296,16.65934065934066,13.865862848530519,2590,2105,2288,2806,2240,1643,150,0,0,0,0,0,118,-101,-181,-44,0,0,121,124,122,125,121,123,40,42,42,43,41,42,22,23,75,2,0,0
50.5769,,1514,31.912087912087912,25.054945054945055,-30.153846153846153,77.05494505494505,16.395604395604394,13.865862848530519,2594,2105,2288,2806,2240,1643,100,0,0,0,0,0,97,-101,-181,-44,-27,0,121,124,122,125,121,123,40,42,42,43,41,42,14,23,74,2,1,0
50.6103,,1515,31.64835164835165,24.967032967032967,-30.065934065934066,77.05494505494505,16.13186813186813,13.865862848530519,2595,2105,2288,2806,2240,1643,100,0,0,0,0,0,69,-101,-181,-41,-37,0,121,124,122,125,121,123,40,42,42,43,41,42,11,24,74,1,2,0
50.6437,,1516,30.857142857142858,24.967032967032967,-30.065934065934066,77.14285714285714,16.043956043956044,13.865862848530519,2596,2105,2288,2806,2240,1643,50,0,0,0,0,0,58,-104,-178,-41,-48,0,122,124,122,125,121,123,40,42,42,43,41,42,8,26,70,1,5,0
50.6771,,1517,29.978021978021978,24.87912087912088,-30.065934065934066,77.14285714285714,16.043956043956044,13.865862848530519,2596,2105,2288,2806,2240,1643,0,0,0,0,0,0,-17,-104,-178,-37,-51,0,122,124,122,125,121,123,40,42,42,43,41,42,4,26,71,0,6,0
50.7105,,1518,29.274725274725274,24.87912087912088,-30.065934065934066,77.23076923076923,16.043956043956044,13.865862848530519,2595,2105,2288,2806,2240,1643,0,0,0,0,0,0,58,-108,-178,-37,-51,0,122,124,122,125,121,124,40,42,42,43,41,42,0,28,71,0,5,0
50.7439,,1519,28.395604395604394,24.87912087912088,-30.065934065934066,77.23076923076923,16.043956043956044,13.865862848530519,2592,2105,2288,2806,2240,1643,-50,0,0,0,0,0,-75,-108,-178,-34,-51,0,122,124,122,125,121,123,40,42,42,43,41,42,5,27,71,0,4,0
50.7773,,1520,27.604395604395606,24.87912087912088,-30.065934065934066,77.23076923076923,16.043956043956044,13.865862848530519,2589,2105,2288,2806,2240,1643,-100,0,0,0,0,0,18,-108,-178,-34,-51,0,122,124,122,125,121,123,40,42,42,43,41,42,9,27,71,0,5,0
50.8107,,1521,26.63736263736264,24.87912087912088,-30.065934065934066,77.23076923076923,16.043956043956044,13.865862848530519,2582,2105,2288,2806,2240,1643,-150,0,0,0,0,0,-96,-108,-178,-34,-51,0,122,124,122,125,121,123,40,42,42,43,41,42,5,27,71,0,4,0
50.8441,,1522,25.67032967032967,24.87912087912088,-29.978021978021978,77.31868131868131,15.956043956043956,13.865862848530519,2576,2105,2288,2806,2240,1643,-200,0,0,0,0,0,-51,-108,-178,-34,-51,0,121,124,122,125,121,123,40,42,41,43,41,42,12,27,71,0,5,0
50.8775,,1523,24.52747252747253,24.791208791208792,-29.978021978021978,77.31868131868131,15.956043956043956,13.865862848530519,2567,2105,2288,2806,2239,1643,-250,0,0,0,0,0,-143,-108,-174,-30,-51,0,121,124,122,125,121,123,40,42,42,43,41,42,12,27,69,0,4,0
50.9109,,1524,23.384615384615383,24.703296703296704,-29.89010989010989,77.31868131868131,15.956043956043956,13.865862848530519,2558,2105,2288,2806,2239,1643,-250,0,0,0,0,0,-157,-111,-174,-30,-51,0,121,124,122,124,121,123,40,42,41,43,41,42,13,29,69,0,5,0
50.9443,,1525,22.153846153846153,24.52747252747253,-29.89010989010989,77.31868131868131,15.780219780219781,13.865862848530519,2548,2105,2288,2806,2239,1643,-300,0,0,0,0,0,-73,-115,-171,-30,-51,0,121,124,122,124,121,123,40,42,42,43,41,42,20,31,65,0,5,0
50.9777,,1526,21.0989010989011,24.35164835164835,-29.89010989010989,77.31868131868131,14.989010989010989,13.865862848530519,2538,2105,2288,2806,2238,1643,-300,0,0,0,0,0,-168,-122,-171,-30,-58,0,121,124,122,124,121,123,40,42,42,43,41,42,15,35,66,0,8,0
51.0111,,1527,20.043956043956044,24.175824175824175,-29.89010989010989,77.31868131868131,14.197802197802197,13.865862848530519,2527,2105,2288,2806,2235,1643,-350,0,0,0,-100,0,-192,-129,-171,-30,-107,0,121,124,122,124,121,123,40,42,42,43,41,42,22,39,66,0,4,0
51.0445,,1528,19.076923076923077,24.087912087912088,-29.89010989010989,77.31868131868131,13.23076923076923,13.865862848530519,2515,2105,2288,2806,2229,1643,-350,0,0,0,-200,0,-102,-136,-171,-30,-22,0,121,124,122,124,121,123,40,42,42,43,41,42,28,42,66,0,11,0
51.0779,,1529,18.10989010989011,24.0,-29.89010989010989,77.31868131868131,12.703296703296703,13.865862848530519,2503,2105,2288,2806,2222,1643,-350,0,0,0,-200,0,-176,-139,-171,-30,-42,0,121,124,122,124,121,123,40,42,42,43,41,42,17,44,66,0,11,0
51.1113,,1530,17.054945054945055,24.0,-29.89010989010989,77.31868131868131,12.351648351648352,13.865862848530519,2490,2105,2288,2806,2213,1643,-400,0,0,0,-250,0,-162,-143,-171,-30,-93,0,121,124,122,124,121,123,40,42,42,43,41,42,13,46,66,0,9,0
51.1447,,1531,16.087912087912088,24.0,-29.89010989010989,77.31868131868131,12.175824175824175,13.865862848530519,2477,2105,2288,2806,2207,1643,-350,0,0,0,-200,0,-153,-143,-171,-30,-83,0,121,124,122,124,121,123,40,42,42,43,41,42,11,46,66,0,7,0
51.1781,,1532,15.208791208791208,24.0,-29.89010989010989,77.4065934065934,12.175824175824175,13.865862848530519,2465,2105,2288,2806,2201,1643,-350,0,0,0,-150,0,-169,-143,-171,-30,-76,0,121,124,122,124,121,123,40,42,42,43,41,42,8,46,67,0,6,0
51.2115,,1533,14.153846153846153,24.0,-29.89010989010989,77.4065934065934,12.175824175824175,13.865862848530519,2453,2105,2288,2806,2198,1643,-350,0,0,0,-150,0,-69,-143,-171,-27,-62,0,121,124,122,124,121,123,40,42,42,43,41,42,13,46,66,0,1,0
51.2449,,1534,13.010989010989011,24.0,-29.89010989010989,77.4065934065934,12.175824175824175,13.865862848530519,2441,2105,2288,2806,2195,1643,-350,0,0,0,-50,0,-158,-143,-171,-27,-48,0,121,124,122,124,121,123,40,42,41,43,41,42,5,47,66,0,3,0
51.2784,,1535,11.956043956043956,24.0,-29.89010989010989,77.49450549450549,12.175824175824175,13.865862848530519,2430,2105,2288,2806,2193,1643,-350,0,0,0,-100,0,-156,-143,-171,-27,-41,0,121,124,122,124,121,123,40,42,42,43,41,42,9,46,66,0,2,0
51.3118,,1536,10.901098901098901,23.912087912087912,-29.89010989010989,77.49450549450549,12.175824175824175,13.865862848530519,2418,2105,2288,2806,2192,1643,-350,0,0,0,0,0,-174,-143,-171,-23,80,0,121,124,122,124,121,123,40,42,42,43,41,42,12,47,66,0,1,0
51.3452,,1537,9.758241758241759,23.64835164835165,-29.89010989010989,77.58241758241758,12.175824175824175,13.865862848530519,2406,2105,2288,2806,2191,1643,-350,0,0,0,-50,0,-170,-146,-171,-23,-34,0,121,124,122,124,121,123,40,42,42,43,41,42,9,48,67,0,1,0
51.3786,,1538,8.615384615384615,22.76923076923077,-29.89010989010989,77.93406593406593,12.087912087912088,13.865862848530519,2393,2105,2288,2806,2191,1643,-350,0,0,0,0,0,-168,-157,-171,0,-34,0,121,124,122,124,121,123,40,42,42,43,41,42,14,56,67,0,1,0
51.412,,1539,7.384615384615385,22.065934065934066,-29.89010989010989,78.37362637362638,12.0,13.865862848530519,2381,2105,2288,2806,2191,1643,-400,0,0,0,0,0,-163,-212,-171,30,-37,0,121,124,122,124,121,123,40,42,42,43,41,42,8,89,66,1,2,0
51.4455,,1540,5.8901098901098905,20.747252747252748,-29.89010989010989,79.07692307692308,12.0,13.865862848530519,2368,2105,2288,2807,2191,1643,-400,0,0,0,0,0,-76,-222,-171,48,-41,0,121,123,122,124,121,123,40,42,42,43,41,42,13,112,66,2,4,0
51.4789,,1541,4.131868131868132,19.428571428571427,-29.89010989010989,79.6043956043956,12.0,13.865862848530519,2354,2105,2288,2810,2191,1643,-400,0,0,100,0,0,-198,-284,-171,70,-41,0,121,123,122,124,121,123,40,42,42,43,41,42,11,151,66,4,3,0
51.5123,,1542,2.3736263736263736,17.934065934065934,-29.89010989010989,80.3956043956044,12.0,13.865862848530519,2340,2104,2288,2815,2191,1643,-400,0,0,150,0,0,-131,-351,-171,62,-41,0,121,123,121,124,120,123,40,42,42,43,41,42,12,209,65,1,3,0
51.5457,,1543,0.5274725274725275,16.087912087912088,-29.89010989010989,81.27472527472527,12.087912087912088,13.865862848530519,2325,2096,2288,2821,2191,1643,-450,-250,0,150,0,0,-229,-387,-171,103,-41,0,121,123,121,124,120,123,40,42,42,43,41,42,25,187,66,7,3,0
51.5791,,1544,-1.3186813186813187,14.32967032967033,-29.89010989010989,82.32967032967034,12.175824175824175,13.865862848530519,2308,2086,2288,2827,2191,1643,-500,-250,0,150,0,0,-239,-426,-171,109,-37,0,121,123,121,124,120,123,40,42,41,43,41,42,23,200,66,9,2,0
51.6126,,1545,-3.076923076923077,12.395604395604396,-29.89010989010989,83.20879120879121,12.351648351648352,13.865862848530519,2290,2072,2288,2836,2191,1643,-550,-400,0,250,0,0,-157,-442,-171,122,-34,0,121,123,121,123,120,122,40,42,42,43,41,42,21,216,65,7,1,0
51.646,,1546,-4.395604395604396,10.461538461538462,-29.89010989010989,84.35164835164835,12.527472527472527,13.865862848530519,2271,2054,2288,2846,2191,1643,-550,-500,0,300,0,0,-180,-394,-171,111,-27,0,121,123,121,123,120,122,40,42,42,43,41,42,16,276,66,4,0,0
51.6794,,1547,-5.538461538461538,8.43956043956044,-29.89010989010989,85.31868131868131,12.615384615384615,13.865862848530519,2251,2035,2288,2856,2191,1643,-600,-600,0,300,0,0,-156,-398,-171,126,0,0,121,123,121,124,120,122,40,42,42,43,41,42,12,221,66,4,0,0
51.7128,,1548,-6.329670329670329,6.417582417582418,-29.802197802197803,86.10989010989012,12.615384615384615,13.865862848530519,2230,2014,2288,2867,2191,1643,-600,-600,0,300,0,0,-119,-398,-171,140,0,0,121,123,121,124,120,123,40,42,42,43,41,42,3,178,65,1,0,0
51.7463,,1549,-6.857142857142857,4.3076923076923075,-29.802197802197803,86.9010989010989,12.615384615384615,13.865862848530519,2211,1991,2288,2878,2191,1643,-550,-650,0,350,0,0,-153,-395,-167,124,0,0,121,123,121,124,120,123,40,42,42,43,41,42,2,191,62,3,0,0
51.7797,,1550,-7.1208791208791204,2.2857142857142856,-29.802197802197803,87.6043956043956,12.615384615384615,13.865862848530519,2198,1967,2288,2888,2191,1643,-450,-700,0,350,0,0,-144,-476,-167,32,0,0,121,123,121,124,120,123,40,42,42,43,41,42,0,175,63,4,0,0
51.8131,,1551,-7.1208791208791204,0.3516483516483517,-29.802197802197803,88.21978021978022,12.615384615384615,13.865862848530519,2186,1942,2288,2898,2191,1643,-350,-700,0,300,0,0,-93,-408,-167,98,0,0,121,123,121,124,120,123,40,42,42,43,41,42,0,192,62,2,0,0
51.8465,,1552,-7.1208791208791204,-1.6703296703296704,-29.802197802197803,88.92307692307692,12.615384615384615,13.865862848530519,2179,1919,2288,2907,2191,1643,-250,-700,0,250,0,0,55,-395,-167,113,0,0,121,123,121,124,120,123,40,42,42,43,41,42,0,184,63,4,0,0
51.8799,,1553,-7.032967032967033,-3.78021978021978,-29.802197802197803,89.71428571428571,12.703296703296703,13.865862848530519,2175,1894,2288,2915,2191,1643,-150,-750,0,250,0,0,-44,-469,-167,113,0,0,121,123,121,124,120,123,40,42,42,43,41,42,0,160,64,3,0,0
51.9133,,1554,-6.945054945054945,-5.714285714285714,-29.802197802197803,90.76923076923077,12.703296703296703,13.865862848530519,2172,1869,2288,2923,2191,1643,-100,-750,0,250,0,0,-30,-373,-167,110,0,0,121,123,121,124,120,123,40,42,42,43,41,42,0,163,63,3,0,0
51.9467,,1555,-6.857142857142857,-7.824175824175824,-29.802197802197803,91.73626373626374,12.703296703296703,13.865862848530519,2171,1845,2288,2932,2191,1643,-50,-750,0,250,0,0,-23,-386,-167,120,0,0,121,123,121,124,120,123,40,42,42,43,41,42,1,141,63,4,0,0
51.9801,,1556,-6.681318681318682,-10.021978021978022,-29.802197802197803,92.61538461538461,12.703296703296703,13.865862848530519,2171,1820,2288,2942,2191,1643,0,-700,0,300,0,0,0,-376,-167,111,0,0,121,123,121,124,120,123,40,42,41,43,41,42,0,160,63,2,0,0
52.0135,,1557,-6.417582417582418,-12.043956043956044,-29.802197802197803,93.23076923076923,12.703296703296703,13.865862848530519,2171,1795,2288,2953,2191,1643,0,-750,0,300,0,0,0,-373,-167,133,0,0,121,123,121,124,120,123,40,42,42,43,41,42,0,125,63,1,0,0
52.0469,,1558,-6.241758241758242,-13.978021978021978,-29.802197802197803,93.67032967032966,12.703296703296703,13.865862848530519,2171,1770,2288,2963,2191,1643,0,-750,0,350,0,0,30,-444,-167,21,0,0,121,123,121,124,120,123,40,42,42,43,41,42,4,120,64,0,0,0
52.0804,,1559,-6.153846153846154,-15.912087912087912,-29.802197802197803,94.10989010989012,12.703296703296703,13.865862848530519,2171,1745,2288,2971,2191,1643,0,-750,0,300,0,0,37,-337,-167,81,0,0,121,123,122,124,121,123,40,42,42,43,41,42,4,119,63,1,0,0
52.1138,,1560,-6.065934065934066,-17.582417582417584,-29.802197802197803,94.9010989010989,12.703296703296703,13.790504898266768,2171,1719,2288,2978,2191,1643,0,-750,0,250,0,0,41,-351,-167,-48,0,0,121,123,122,124,121,123,40,42,41,43,41,42,4,114,63,0,0,0
52.1472,,1561,-6.065934065934066,-19.164835164835164,-29.802197802197803,95.6923076923077,12.791208791208792,13.790504898266768,2171,1694,2288,2984,2191,1643,0,-750,0,150,0,0,44,-413,-167,111,0,0,121,123,122,124,121,123,40,42,42,43,41,42,5,98,62,1,0,0
52.1806,,1562,-6.065934065934066,-20.747252747252748,-29.802197802197803,96.3076923076923,12.791208791208792,13.790504898266768,2171,1671,2287,2993,2192,1643,0,-750,-50,250,0,0,44,-383,-164,20,0,0,121,123,122,124,121,123,40,42,42,43,41,42,5,84,60,4,0,0
52.214,,1563,-6.065934065934066,-22.32967032967033,-29.802197802197803,96.65934065934066,12.703296703296703,13.790504898266768,2171,1647,2287,3001,2192,1643,0,-700,0,250,50,0,44,-357,-164,97,0,0,121,124,122,124,121,123,40,42,42,43,41,42,4,66,60,1,0,0
52.2474,,1564,-6.065934065934066,-23.824175824175825,-29.714285714285715,96.65934065934066,12.703296703296703,13.790504898266768,2171,1624,2287,3008,2192,1643,0,-650,0,200,0,0,44,-245,-164,69,0,0,121,124,122,124,121,123,40,42,42,43,41,42,4,74,60,1,0,0
52.2808,,1565,-5.978021978021978,-25.23076923076923,-29.626373626373628,96.74725274725274,12.703296703296703,13.790504898266768,2171,1604,2287,3013,2192,1643,0,-600,0,150,0,0,44,-342,-160,-69,0,0,121,124,122,125,121,123,40,42,42,43,41,42,5,69,58,0,0,0
52.3142,,1566,-5.450549450549451,-26.54945054945055,-29.626373626373628,96.74725274725274,12.703296703296703,13.790504898266768,2171,1583,2287,3017,2192,1643,0,-650,0,100,0,0,48,-319,-157,44,0,0,121,124,122,125,121,123,40,42,42,43,41,42,5,49,57,0,0,0
52.3476,,1567,-4.21978021978022,-27.956043956043956,-29.626373626373628,96.74725274725274,12.703296703296703,13.790504898266768,2172,1563,2287,3019,2192,1643,0,-600,0,100,0,0,71,-208,-157,-87,0,0,121,124,122,125,121,124,40,42,42,43,41,42,6,42,56,0,0,0
52.3811,,1568,-2.6373626373626373,-29.186813186813186,-29.626373626373628,96.74725274725274,12.703296703296703,13.790504898266768,2175,1544,2287,3021,2192,1643,100,-550,0,50,0,0,127,-277,-157,23,0,0,122,124,122,125,121,123,40,42,42,43,41,42,18,50,56,0,0,0
52.4145,,1569,-1.3186813186813187,-30.505494505494507,-29.626373626373628,96.74725274725274,12.703296703296703,13.790504898266768,2183,1526,2287,3022,2192,1643,150,-550,0,50,0,0,92,-285,-157,0,0,0,122,124,122,125,121,123,40,42,42,43,41,42,32,31,57,0,0,0
52.4479,,1570,-0.43956043956043955,-31.912087912087912,-29.626373626373628,96.74725274725274,12.703296703296703,13.790504898266768,2193,1508,2287,3022,2192,1643,300,-550,0,0,0,0,192,-183,-157,0,0,0,122,124,122,125,121,123,40,42,42,43,41,42,27,37,56,0,0,0
52.4813,,1571,0.0,-33.05494505494506,-29.626373626373628,96.74725274725274,12.703296703296703,13.790504898266768,2206,1491,2287,3022,2192,1643,400,-500,0,0,0,0,167,-171,-157,0,0,0,122,124,122,125,121,124,40,42,42,43,41,42,15,31,57,0,0,0
52.5147,,1572,0.26373626373626374,-33.84615384615385,-29.626373626373628,96.74725274725274,12.791208791208792,13.790504898266768,2218,1474,2287,3023,2192,1643,350,-500,0,50,0,0,40,-232,-157,0,0,0,122,124,122,125,121,124,40,42,42,43,41,42,7,27,56,0,0,0
52.5481,,1573,0.26373626373626374,-34.46153846153846,-29.626373626373628,96.74725274725274,12.791208791208792,13.790504898266768,2227,1458,2286,3023,2192,1643,300,-500,-50,0,0,0,114,-101,-153,0,0,0,122,124,122,125,121,124,40,42,42,43,41,42,6,16,55,0,0,0
52.5815,,1574,0.26373626373626374,-34.637362637362635,-29.626373626373628,96.74725274725274,12.791208791208792,13.790504898266768,2233,1444,2286,3023,2192,1643,150,-400,0,0,0,0,83,-104,-153,0,0,0,122,124,122,125,121,124,40,42,42,43,41,42,6,18,54,0,0,0
52.6149,,1575,0.26373626373626374,-34.10989010989011,-29.53846153846154,96.74725274725274,12.791208791208792,13.790504898266768,2237,1432,2286,3023,2192,1643,150,-400,0,0,0,0,-52,-132,-153,0,0,0,122,124,122,125,121,124,40,42,42,43,41,42,5,6,54,0,0,0
52.6484,,1576,0.26373626373626374,-33.31868131868132,-29.36263736263736,96.74725274725274,12.615384615384615,13.790504898266768,2240,1425,2286,3023,2192,1643,100,-300,0,0,0,0,55,48,-150,0,0,0,122,124,122,125,121,124,40,42,42,43,41,42,4,1,51,0,0,0
52.6818,,1577,0.26373626373626374,-31.912087912087912,-28.483516483516482,96.74725274725274,12.527472527472527,13.790504898266768,2242,1422,2286,3023,2192,1643,100,-100,0,0,0,0,48,-19,-143,0,0,0,122,124,122,125,121,124,40,42,42,43,41,42,3,0,45,0,0,0
52.7152,,1578,0.26373626373626374,-30.681318681318682,-27.428571428571427,96.74725274725274,12.527472527472527,13.790504898266768,2242,1416,2286,3023,2192,1643,0,0,0,0,0,0,48,98,-94,0,-23,0,122,124,122,125,121,124,40,42,42,43,41,42,6,12,27,0,0,0
52.7486,,1579,0.26373626373626374,-29.626373626373628,-26.10989010989011,96.65934065934066,12.351648351648352,13.790504898266768,2244,1421,2285,3023,2192,1643,50,50,-50,0,0,0,44,143,-38,0,-23,0,122,124,122,125,121,124,40,42,42,43,41,42,4,9,7,0,0,0
52.7821,,1580,0.26373626373626374,-28.571428571428573,-25.054945054945055,96.48351648351648,12.263736263736265,13.790504898266768,2244,1429,2285,3023,2192,1643,50,250,0,0,0,0,41,150,48,0,-30,0,122,124,122,125,121,124,40,42,42,43,41,42,4,13,2,0,1,0
52.8155,,1581,0.26373626373626374,-27.164835164835164,-24.35164835164835,96.3956043956044,12.175824175824175,13.790504898266768,2244,1436,2289,3023,2192,1643,0,250,50,0,0,0,41,163,71,-27,-34,0,122,124,122,125,121,124,40,42,42,43,41,42,4,23,1,0,2,0
52.8489,,1582,0.26373626373626374,-25.494505494505493,-24.35164835164835,96.3956043956044,12.175824175824175,13.790504898266768,2244,1444,2295,3023,2192,1643,0,200,200,0,0,0,41,194,63,-30,-37,0,122,124,122,125,121,124,40,42,42,43,41,42,4,44,1,0,2,0
52.8823,,1583,0.26373626373626374,-23.824175824175825,-24.35164835164835,96.3956043956044,12.087912087912088,13.790504898266768,2244,1456,2302,3023,2192,1643,0,350,200,0,0,0,41,237,-76,-30,-37,0,122,124,122,125,121,124,40,42,42,43,41,42,4,31,0,0,2,0
52.9157,,1584,0.26373626373626374,-22.065934065934066,-24.35164835164835,96.3076923076923,12.087912087912088,13.790504898266768,2244,1472,2306,3023,2192,1643,0,500,100,0,0,0,41,247,-94,-30,-41,0,122,124,122,125,121,124,40,42,42,43,41,42,4,34,0,0,4,0
52.9491,,1585,0.26373626373626374,-20.395604395604394,-24.35164835164835,96.21978021978022,12.087912087912088,13.790504898266768,2244,1493,2310,3023,2192,1643,0,600,150,0,0,0,41,159,-23,-34,-41,0,122,124,122,125,121,124,40,42,42,43,41,42,4,15,0,0,3,0
52.9826,,1586,0.26373626373626374,-18.46153846153846,-24.35164835164835,96.13186813186813,12.087912087912088,13.790504898266768,2244,1517,2310,3023,2192,1643,0,800,0,0,0,0,41,214,-27,-37,-41,0,122,124,122,125,121,124,40,42,42,43,41,42,4,10,0,0,3,0
53.0161,,1587,0.26373626373626374,-16.439560439560438,-24.35164835164835,96.04395604395604,12.087912087912088,13.790504898266768,2244,1536,2310,3023,2192,1643,0,600,0,0,0,0,41,133,-27,-41,-41,0,122,124,122,125,121,124,40,42,42,43,41,42,4,12,0,1,3,0
53.0495,,1588,0.26373626373626374,-14.32967032967033,-24.439560439560438,96.04395604395604,12.087912087912088,13.790504898266768,2244,1557,2310,3023,2192,1643,0,550,0,0,0,0,41,165,-27,-44,-41,0,122,124,122,125,121,124,40,42,42,43,41,42,4,13,0,3,4,0
53.0829,,1589,0.26373626373626374,-12.483516483516484,-24.439560439560438,95.78021978021978,12.087912087912088,13.790504898266768,2244,1578,2310,3023,2192,1643,0,650,0,0,0,0,41,169,-30,-44,-41,0,122,124,122,125,121,124,40,42,42,43,41,42,4,10,0,3,4,0
53.1163,,1590,0.26373626373626374,-10.461538461538462,-24.439560439560438,95.34065934065934,12.087912087912088,13.790504898266768,2244,1603,2311,3023,2192,1643,0,700,0,0,0,0,41,152,-34,-55,-41,0,122,124,122,125,121,124,40,42,42,43,41,42,4,1,5,6,4,0
53.1497,,1591,0.26373626373626374,-8.527472527472527,-24.439560439560438,94.54945054945055,12.087912087912088,13.790504898266768,2245,1630,2311,3023,2192,1643,0,750,0,0,0,0,-80,219,-34,-76,-41,0,122,124,122,125,121,124,40,42,42,43,41,42,4,0,1,12,3,0
53.1831,,1592,0.26373626373626374,-7.032967032967033,-24.439560439560438,93.58241758241758,12.087912087912088,13.790504898266768,2245,1658,2312,3022,2192,1643,0,850,50,0,0,0,37,101,-37,-117,-41,0,122,124,122,125,121,124,40,42,42,43,41,42,3,0,2,23,2,0
53.2165,,1593,0.3516483516483517,-5.450549450549451,-24.439560439560438,92.43956043956044,12.087912087912088,13.790504898266768,2245,1684,2312,3017,2192,1643,0,750,0,-100,0,0,37,95,-37,-134,-41,0,122,124,122,125,121,124,40,42,42,43,41,42,4,0,2,33,3,0
53.2499,,1594,0.3516483516483517,-3.956043956043956,-24.439560439560438,91.03296703296704,12.087912087912088,13.790504898266768,2245,1708,2312,3009,2192,1643,0,750,0,-250,0,0,41,67,-37,-88,-41,0,122,124,122,125,121,124,40,42,42,43,41,42,4,0,1,28,3,0
53.2834,,1595,0.3516483516483517,-2.5494505494505493,-24.439560439560438,89.71428571428571,12.087912087912088,13.790504898266768,2245,1730,2312,2998,2192,1643,0,650,0,-350,0,0,41,40,-37,-109,-41,0,122,124,122,125,121,124,40,42,42,43,41,42,4,0,1,28,3,0
53.3168,,1596,0.3516483516483517,-1.054945054945055,-24.439560439560438,88.48351648351648,12.087912087912088,13.790504898266768,2245,1750,2312,2986,2192,1643,0,650,0,-350,0,0,41,-16,-37,-113,-41,0,122,124,122,125,121,124,40,42,42,43,41,42,4,0,1,31,3,0
53.3502,,1597,0.3516483516483517,0.5274725274725275,-24.52747252747253,87.34065934065934,12.087912087912088,13.790504898266768,2245,1768,2312,2973,2192,1643,0,550,0,-350,0,0,41,120,-37,-194,-41,0,122,124,122,125,121,124,40,42,42,43,41,42,4,0,1,17,3,0
53.3837,,1598,0.5274725274725275,2.021978021978022,-24.52747252747253,86.28571428571429,12.087912087912088,13.790504898266768,2245,1785,2312,2959,2192,1643,0,450,0,-450,0,0,41,120,-41,-187,-41,0,122,124,122,125,121,124,40,42,42,43,41,42,4,1,2,25,3,0
53.4171,,1599,1.3186813186813187,3.5164835164835164,-24.52747252747253,85.31868131868131,12.087912087912088,13.790504898266768,2245,1803,2312,2947,2192,1643,0,550,0,-350,0,0,48,112,-41,-117,-41,0,122,124,122,125,121,124,40,42,42,43,41,42,5,0,3,14,3,0
53.4505,,1600,1.8461538461538463,5.362637362637362,-24.52747252747253,84.26373626373626,12.087912087912088,13.790504898266768,2245,1819,2312,2934,2192,1643,0,450,0,-400,0,0,93,107,-41,-191,-41,0,122,124,122,125,121,124,40,42,42,43,41,42,16,0,2,18,3,0
53.4839,,1601,2.10989010989011,7.1208791208791204,-24.52747252747253,83.20879120879121,12.087912087912088,13.790504898266768,2247,1837,2312,2922,2192,1643,50,500,0,-350,0,0,111,115,-41,-100,-41,0,122,124,122,125,121,124,40,42,42,43,41,42,21,0,2,23,3,0
53.5173,,1602,2.8131868131868134,8.87912087912088,-24.52747252747253,82.32967032967034,12.0,13.790504898266768,2250,1858,2312,2909,2192,1643,100,600,0,-350,0,0,97,50,-41,-90,-41,0,122,124,122,125,121,124,40,42,42,43,41,42,6,0,1,12,3,0
53.5507,,1603,3.5164835164835164,10.637362637362637,-24.52747252747253,81.8021978021978,12.0,13.790504898266768,2254,1878,2312,2897,2192,1643,100,650,0,-400,0,0,127,43,-41,-186,-44,0,122,124,122,125,121,124,40,42,42,43,41,42,21,0,2,14,4,0
53.5841,,1604,3.6043956043956045,12.395604395604396,-24.52747252747253,81.27472527472527,12.0,13.790504898266768,2259,1900,2312,2886,2192,1643,150,650,0,-300,0,0,133,28,-41,-154,-44,0,122,124,122,125,121,124,40,42,42,43,41,42,25,0,2,10,3,0
53.6175,,1605,3.6923076923076925,13.978021978021978,-24.52747252747253,81.01098901098901,12.0,13.790504898266768,2264,1921,2312,2876,2192,1643,150,650,0,-300,0,0,104,105,-41,-134,-44,0,122,124,122,125,121,124,40,42,42,43,41,42,23,0,2,6,4,0
53.6509,,1606,3.6923076923076925,15.296703296703297,-24.52747252747253,80.83516483516483,12.0,13.790504898266768,2268,1941,2312,2869,2192,1643,150,600,0,-250,0,0,97,32,-41,-19,-44,0,122,124,122,125,121,124,40,42,42,43,41,42,13,0,3,8,4,0
53.6843,,1607,3.6923076923076925,16.35164835164835,-24.52747252747253,80.83516483516483,12.0,13.790504898266768,2272,1960,2312,2863,2192,1643,100,550,0,-200,0,0,83,-23,-41,-90,-44,0,122,124,122,125,121,124,40,42,42,43,41,42,10,1,2,6,3,0
53.7177,,1608,3.6043956043956045,16.703296703296704,-24.52747252747253,80.83516483516483,12.0,13.790504898266768,2274,1976,2313,2859,2192,1643,100,500,0,-100,0,0,72,72,-44,-79,-44,0,122,124,122,125,121,124,40,42,42,43,41,42,10,0,3,9,4,0
53.7511,,1609,3.4285714285714284,16.703296703296704,-24.439560439560438,80.83516483516483,12.0,13.790504898266768,2275,1988,2313,2856,2192,1643,50,400,0,-100,0,0,65,0,-44,-69,-44,0,122,124,122,125,121,124,40,42,42,43,41,42,9,0,3,7,4,0
53.7845,,1610,3.076923076923077,16.175824175824175,-24.439560439560438,80.92307692307692,12.0,13.790504898266768,2276,1995,2313,2854,2192,1643,50,250,0,-50,0,0,55,-48,-41,59,-44,0,122,124,122,125,121,124,40,42,41,43,41,42,7,8,2,3,4,0
53.8179,,1611,2.8131868131868134,15.648351648351648,-24.439560439560438,81.0989010989011,12.0,13.790504898266768,2276,1997,2313,2853,2192,1643,0,50,0,0,0,0,35,-92,-41,-55,-44,0,122,124,122,125,121,124,40,42,42,43,41,42,4,26,2,3,4,0
53.8513,,1612,2.6373626373626373,14.505494505494505,-24.439560439560438,81.18681318681318,12.0,13.790504898266768,2276,1997,2313,2852,2192,1643,0,0,0,0,0,0,30,-109,-41,-41,-44,0,122,124,122,125,121,124,40,42,42,43,41,42,2,30,2,1,4,0
53.8847,,1613,2.5494505494505493,13.186813186813186,-24.35164835164835,81.27472527472527,12.0,13.790504898266768,2276,1996,2313,2852,2192,1643,0,0,0,0,0,0,23,-168,-41,-37,-44,0,122,124,122,125,121,124,40,42,42,43,41,42,1,52,2,1,4,0
53.9181,,1614,2.5494505494505493,11.956043956043956,-24.263736263736263,81.45054945054945,11.912087912087912,13.790504898266768,2276,1995,2313,2852,2192,1643,0,-50,0,0,0,0,0,-209,-37,-34,-44,0,122,124,122,125,121,124,40,42,42,43,41,42,1,87,0,0,3,0
53.9515,,1615,2.5494505494505493,10.461538461538462,-24.263736263736263,81.45054945054945,11.648351648351648,13.790504898266768,2276,1995,2313,2852,2192,1643,0,0,0,0,0,0,0,-254,-34,-27,-48,0,122,124,122,125,121,124,40,42,42,43,41,42,0,126,0,0,4,0
53.9849,,1616,2.7252747252747254,8.967032967032967,-23.824175824175825,81.53846153846153,11.208791208791208,13.790504898266768,2276,1994,2313,2852,2192,1643,0,0,0,0,0,0,0,-325,-34,-27,-58,0,121,124,122,124,121,123,40,42,42,43,41,42,0,174,1,0,8,0
54.0183,,1617,2.8131868131868134,6.769230769230769,-22.417582417582416,81.53846153846153,10.857142857142858,13.790504898266768,2276,1988,2315,2852,2191,1643,0,-100,0,0,0,0,27,-366,18,-23,-76,0,121,123,122,124,121,123,40,42,42,43,41,42,2,194,0,0,13,0
54.0517,,1618,2.7252747252747254,3.78021978021978,-20.21978021978022,81.53846153846153,10.857142857142858,13.790504898266768,2276,1978,2320,2852,2187,1643,0,-250,150,0,-100,0,30,-419,78,-23,-72,0,121,123,122,124,121,123,40,42,42,43,41,42,2,220,1,0,8,0
54.0851,,1619,2.6373626373626373,0.967032967032967,-17.494505494505493,81.45054945054945,10.76923076923077,13.790504898266768,2276,1960,2331,2852,2183,1643,0,-450,250,0,-150,0,27,-388,128,-23,-58,0,121,123,121,124,120,123,40,42,42,43,41,42,1,220,2,0,3,0
54.1185,,1620,2.5494505494505493,-2.021978021978022,-14.857142857142858,81.45054945054945,10.76923076923077,13.790504898266768,2276,1939,2347,2852,2180,1643,0,-650,500,0,-50,0,23,-522,104,-27,-55,0,121,123,121,124,120,123,40,42,42,43,41,42,0,203,0,0,3,0
54.1519,,1621,2.5494505494505493,-5.0989010989010985,-12.395604395604396,81.36263736263736,10.76923076923077,13.790504898266768,2276,1912,2369,2852,2178,1643,0,-750,600,0,-100,0,0,-548,135,-27,73,0,121,123,121,124,120,123,40,42,42,43,41,42,0,198,0,0,1,0
54.1853,,1622,2.5494505494505493,-8.087912087912088,-9.758241758241759,81.27472527472527,10.76923076923077,13.790504898266768,2276,1882,2395,2852,2176,1643,0,-850,750,0,-50,0,0,-480,146,-30,80,0,121,123,121,124,120,123,40,42,42,43,41,42,0,200,0,0,1,0
54.2187,,1623,2.6373626373626373,-11.252747252747254,-7.2967032967032965,81.18681318681318,10.76923076923077,13.790504898266768,2276,1852,2421,2852,2176,1643,0,-900,800,0,-50,0,0,-483,150,-34,-37,0,121,123,121,124,120,123,40,42,42,43,41,42,0,189,0,0,2,0
54.2521,,1624,2.6373626373626373,-14.505494505494505,-4.747252747252747,81.18681318681318,10.76923076923077,13.790504898266768,2276,1818,2450,2852,2176,1643,0,-1000,850,0,0,0,23,-488,141,-37,-37,0,121,123,122,124,121,123,40,42,42,43,41,42,0,166,0,0,2,0
54.2855,,1625,2.6373626373626373,-18.021978021978022,-2.197802197802198,81.18681318681318,11.032967032967033,13.790504898266768,2276,1783,2480,2852,2176,1643,0,-1000,850,0,0,0,23,-514,163,-37,-37,0,121,123,122,124,121,123,40,42,42,43,41,42,1,177,0,0,2,0
54.3189,,1626,2.6373626373626373,-21.274725274725274,0.17582417582417584,81.18681318681318,11.12087912087912,13.790504898266768,2276,1749,2507,2852,2176,1643,0,-1050,900,0,0,0,23,-522,158,-37,-27,0,121,123,122,124,121,123,40,42,42,43,41,42,0,191,0,0,0,0
54.3523,,1627,2.6373626373626373,-24.52747252747253,2.2857142857142856,81.0989010989011,11.12087912087912,13.790504898266768,2276,1711,2537,2852,2176,1643,0,-1100,900,0,0,0,23,-518,144,-37,-23,0,121,123,122,124,121,123,40,42,42,43,41,42,1,177,0,0,0,0
54.3857,,1628,2.6373626373626373,-27.516483516483518,4.3076923076923075,81.18681318681318,11.12087912087912,13.790504898266768,2276,1673,2567,2852,2176,1643,0,-1100,850,0,0,0,23,-512,120,-41,-23,0,121,123,122,124,121,123,40,42,42,43,41,42,0,160,0,1,0,0
54.4191,,1629,2.6373626373626373,-30.24175824175824,6.417582417582418,81.18681318681318,11.296703296703297,13.790504898266768,2276,1634,2594,2852,2176,1643,0,-1150,800,0,0,0,23,-489,213,-37,-23,0,121,124,122,124,121,123,40,42,42,43,41,42,0,171,0,1,0,0
54.4525,,1630,2.8131868131868134,-32.879120879120876,8.263736263736265,81.0989010989011,11.384615384615385,13.790504898266768,2276,1597,2620,2852,2176,1643,0,-1150,800,0,0,0,23,-493,112,-37,0,0,121,124,122,124,121,123,40,42,42,43,41,42,1,146,0,0,0,0
54.4858,,1631,2.989010989010989,-34.989010989010985,9.846153846153847,81.0989010989011,11.472527472527473,13.790504898266768,2276,1558,2645,2852,2176,1643,0,-1150,700,0,0,0,30,-460,92,-41,0,0,121,124,122,124,121,123,40,42,42,43,41,42,2,124,0,1,0,0
54.5193,,1632,3.076923076923077,-36.747252747252745,11.428571428571429,81.18681318681318,11.472527472527473,13.790504898266768,2276,1521,2669,2852,2176,1643,0,-1150,750,0,0,0,37,-409,62,-41,23,0,121,124,122,125,121,124,40,42,42,43,41,42,4,85,0,1,0,0
54.5527,,1633,3.1648351648351647,-38.59340659340659,12.835164835164836,81.18681318681318,11.56043956043956,13.790504898266768,2276,1488,2690,2852,2176,1643,0,-1050,700,0,0,0,41,-347,127,-37,23,0,122,124,122,125,121,124,40,42,42,43,41,42,4,74,0,0,0,0
54.5862,,1634,3.1648351648351647,-40.26373626373626,14.153846153846153,81.18681318681318,11.472527472527473,13.790504898266768,2276,1456,2710,2852,2176,1643,0,-950,650,0,0,0,44,-341,50,-37,27,0,122,124,122,125,121,124,40,42,42,43,41,42,4,74,0,1,0,0
54.6196,,1635,3.1648351648351647,-41.75824175824176,15.208791208791208,81.18681318681318,11.472527472527473,13.865862848530519,2276,1428,2729,2852,2176,1643,0,-800,550,0,0,0,44,-300,30,-37,23,0,122,124,122,125,121,124,40,42,42,43,41,42,5,53,0,1,0,0
54.653,,1636,3.1648351648351647,-43.16483516483517,16.175824175824175,81.18681318681318,11.296703296703297,13.941220798794273,2276,1404,2743,2852,2176,1643,0,-800,500,0,0,0,44,-259,-25,-37,23,0,122,124,122,125,121,124,40,42,42,43,41,42,4,46,0,0,0,0
54.6864,,1637,3.340659340659341,-44.65934065934066,17.054945054945055,81.18681318681318,10.945054945054945,14.016578749058025,2276,1380,2755,2852,2176,1643,0,-700,350,0,0,0,44,-224,80,-37,0,0,122,124,122,125,121,124,40,42,42,43,41,42,4,40,0,0,0,0
54.7198,,1638,3.340659340659341,-45.89010989010989,17.846153846153847,81.18681318681318,10.945054945054945,14.242652599849285,2277,1359,2766,2852,2176,1643,50,-650,350,0,0,0,48,-203,66,-37,-39,23,122,124,122,125,121,124,40,42,42,43,41,42,6,51,0,0,2,0
54.7532,,1639,3.4285714285714284,-46.94505494505494,18.46153846153846,81.27472527472527,10.945054945054945,14.242652599849285,2277,1338,2776,2852,2176,1643,0,-600,300,0,0,0,48,-291,87,-37,-30,37,122,124,122,125,121,124,40,42,42,43,41,42,6,44,0,1,1,2
54.7866,,1640,3.4285714285714284,-48.0,19.164835164835164,81.27472527472527,10.945054945054945,14.318010550113037,2277,1321,2785,2852,2176,1643,0,-550,300,0,0,0,51,-172,65,-34,-30,37,122,124,122,125,121,124,40,42,42,43,41,42,7,28,0,0,1,1
54.82,,1641,3.4285714285714284,-49.142857142857146,19.78021978021978,81.27472527472527,10.857142857142858,14.318010550113037,2277,1303,2794,2852,2176,1643,0,-550,250,0,0,0,51,-233,66,-34,-30,41,122,124,122,125,121,124,40,42,42,43,41,42,7,29,0,0,1,1
54.8534,,1642,3.4285714285714284,-50.02197802197802,20.395604395604394,81.27472527472527,10.857142857142858,14.393368500376791,2277,1287,2802,2852,2176,1643,0,-500,250,0,0,0,51,-129,-75,-34,-34,41,122,124,122,125,121,124,40,42,42,43,41,42,8,31,0,0,1,2
54.8868,,1643,3.4285714285714284,-50.72527472527472,20.923076923076923,81.27472527472527,10.857142857142858,14.393368500376791,2277,1273,2810,2852,2176,1643,0,-450,250,0,0,0,51,-218,68,-34,-34,44,122,124,122,125,121,124,40,42,42,43,41,42,7,23,0,0,1,3
54.9201,,1644,3.4285714285714284,-51.07692307692308,21.53846153846154,81.27472527472527,10.945054945054945,14.393368500376791,2277,1259,2818,2852,2176,1643,0,-400,200,0,0,0,51,-189,-66,-34,-34,44,122,124,122,125,121,124,40,42,42,43,41,42,7,20,0,0,2,3
54.9535,,1645,3.4285714285714284,-51.252747252747255,22.153846153846153,81.27472527472527,10.945054945054945,14.393368500376791,2277,1248,2825,2852,2176,1643,0,-350,200,0,0,0,51,-139,50,-34,-30,44,122,124,122,125,121,124,40,42,42,43,41,42,7,6,0,0,0,3
54.9869,,1646,3.4285714285714284,-51.42857142857143,22.76923076923077,81.27472527472527,10.945054945054945,14.393368500376791,2277,1239,2832,2852,2176,1643,0,-300,200,0,0,0,51,-111,43,-34,-30,44,122,124,122,125,121,124,40,42,42,43,41,42,7,2,0,0,0,3
55.0203,,1647,3.4285714285714284,-51.42857142857143,23.296703296703296,81.18681318681318,10.945054945054945,14.242652599849285,2277,1232,2839,2852,2176,1643,0,-200,200,0,0,0,51,-90,37,-34,-30,44,122,124,122,125,121,124,40,42,42,43,41,42,8,5,0,0,1,3
55.0537,,1648,3.4285714285714284,-51.42857142857143,23.47252747252747,81.0989010989011,10.857142857142858,14.242652599849285,2277,1227,2846,2852,2176,1643,0,-150,200,0,0,0,51,41,-68,-37,-30,37,122,124,122,125,121,124,40,42,42,43,41,42,7,6,0,1,0,1
55.0871,,1649,3.4285714285714284,-51.42857142857143,23.912087912087912,81.0989010989011,10.857142857142858,14.167294649585532,2277,1224,2852,2852,2176,1643,0,-100,200,0,0,0,51,-65,0,-41,-34,37,122,124,122,125,121,124,40,42,42,43,41,42,7,6,0,2,1,1
55.1204,,1650,3.4285714285714284,-51.51648351648352,24.087912087912088,81.01098901098901,10.857142857142858,13.941220798794273,2277,1222,2859,2852,2176,1643,0,-50,200,0,0,0,51,-55,-22,-41,-34,34,122,124,122,125,121,124,40,42,42,43,41,42,6,7,1,1,1,0
55.1538,,1651,3.4285714285714284,-51.51648351648352,24.087912087912088,81.01098901098901,10.857142857142858,13.941220798794273,2277,1221,2862,2852,2176,1643,0,0,100,0,0,0,51,-55,-30,-44,-34,0,122,124,122,125,121,124,40,42,42,43,41,42,7,6,2,2,1,0
55.1872,,1652,3.340659340659341,-51.604395604395606,24.087912087912088,81.01098901098901,10.76923076923077,13.865862848530519,2277,1221,2863,2852,2176,1643,0,0,0,0,0,0,51,-55,-34,-44,-34,0,122,124,122,125,121,124,40,42,42,43,41,42,8,4,2,2,1,0
55.2206,,1653,3.340659340659341,-52.21978021978022,24.087912087912088,80.92307692307692,10.76923076923077,13.865862848530519,2277,1221,2863,2852,2176,1643,0,0,0,0,0,0,48,-58,-34,-44,-37,0,122,124,122,125,121,124,40,42,42,43,41,42,6,7,1,2,3,0
55.254,,1654,2.901098901098901,-53.27472527472528,24.087912087912088,80.83516483516483,10.76923076923077,13.865862848530519,2277,1220,2863,2852,2176,1643,0,0,0,0,0,0,48,-94,-34,-48,-37,0,122,124,122,125,121,124,40,42,42,43,41,42,6,19,1,4,3,0
55.2874,,1655,2.6373626373626373,-54.417582417582416,24.175824175824175,80.83516483516483,10.76923076923077,13.865862848530519,2277,1216,2863,2852,2176,1643,0,-100,0,0,0,0,30,-134,-34,-51,-37,0,122,124,122,125,121,124,40,42,42,43,41,42,2,21,1,4,2,0
55.3208,,1656,2.6373626373626373,-55.824175824175825,24.175824175824175,80.74725274725274,10.76923076923077,13.790504898266768,2277,1209,2863,2852,2176,1643,0,-200,0,0,0,0,0,-149,-30,-51,-37,0,122,124,122,125,121,124,40,42,42,43,41,42,1,26,0,4,3,0
55.3543,,1657,2.6373626373626373,-57.23076923076923,24.263736263736263,80.57142857142857,10.76923076923077,13.790504898266768,2277,1200,2863,2852,2176,1643,0,-250,0,0,0,0,0,-194,-30,-55,-37,0,122,124,122,125,121,124,40,42,42,43,41,42,0,29,0,5,2,0
55.3876,,1658,2.6373626373626373,-58.81318681318681,24.967032967032967,79.95604395604396,10.76923076923077,13.790504898266768,2277,1188,2863,2852,2176,1643,0,-350,0,0,0,0,0,-208,-27,-62,-37,0,122,124,122,125,121,124,40,42,42,43,41,42,0,32,0,7,3,0
55.4211,,1659,2.6373626373626373,-60.65934065934066,26.373626373626372,79.6923076923077,10.76923076923077,13.790504898266768,2277,1174,2864,2852,2176,1643,0,-400,0,0,0,0,0,-218,50,-105,-37,0,122,124,122,125,121,124,40,42,42,43,41,42,0,18,0,18,3,0
55.4545,,1660,2.6373626373626373,-63.120879120879124,28.483516483516482,79.34065934065934,10.76923076923077,13.790504898266768,2277,1159,2871,2848,2176,1643,0,-450,150,-100,0,0,0,-148,91,-86,-37,0,122,124,122,125,121,124,40,42,42,43,41,42,0,17,0,14,3,0
55.4879,,1661,2.6373626373626373,-65.75824175824175,30.945054945054945,78.72527472527473,10.76923076923077,13.790504898266768,2277,1140,2882,2844,2176,1643,0,-550,250,-150,0,0,0,-176,138,-86,-37,0,122,124,122,125,121,124,40,42,42,43,41,42,0,26,0,9,2,0
55.5213,,1662,2.6373626373626373,-68.3076923076923,34.02197802197802,77.67032967032966,10.76923076923077,13.790504898266768,2277,1117,2898,2840,2176,1643,0,-650,450,-100,0,0,0,-307,193,-103,-37,0,122,124,122,125,121,124,40,42,42,43,41,42,0,17,2,8,3,0
55.5547,,1663,2.6373626373626373,-70.94505494505495,37.18681318681319,76.35164835164835,10.76923076923077,13.790504898266768,2277,1094,2918,2835,2176,1643,0,-700,600,-150,0,0,0,-235,150,-147,-37,0,122,124,122,125,121,124,40,42,42,43,41,42,0,13,1,25,2,0
55.5882,,1664,2.6373626373626373,-73.75824175824175,40.527472527472526,75.03296703296704,10.76923076923077,13.790504898266768,2277,1067,2943,2826,2176,1643,0,-750,700,-250,0,0,0,-244,189,-175,-37,0,122,124,122,125,121,124,40,42,42,43,41,42,0,13,2,11,3,0
55.6216,,1665,2.6373626373626373,-76.3956043956044,43.604395604395606,73.8021978021978,10.76923076923077,13.790504898266768,2277,1039,2973,2815,2176,1643,0,-850,850,-300,0,0,0,-251,214,-188,-37,0,122,124,122,125,121,124,40,42,42,43,41,42,0,20,0,25,3,0
55.655,,1666,2.6373626373626373,-78.5934065934066,46.857142857142854,72.74725274725274,10.76923076923077,13.790504898266768,2277,1009,3002,2803,2176,1643,0,-850,900,-350,0,0,0,-250,247,-188,-37,0,122,124,122,125,121,124,40,42,42,43,41,42,0,15,0,22,3,0
55.6884,,1667,2.6373626373626373,-80.52747252747253,49.934065934065934,71.95604395604396,10.76923076923077,13.790504898266768,2277,976,3036,2791,2176,1643,0,-1000,950,-350,0,0,0,-251,257,-88,-37,0,122,124,122,125,121,124,40,42,42,43,41,42,0,11,0,21,3,0
55.7218,,1668,2.5494505494505493,-80.52747252747253,52.043956043956044,71.78021978021978,10.76923076923077,13.790504898266768,2277,947,3072,2778,2176,1643,0,-1050,1000,-400,0,0,0,-300,168,-95,-37,0,122,124,122,125,121,124,40,42,42,43,41,42,0,8,0,26,2,0
55.7552,,1669,2.5494505494505493,-80.52747252747253,53.8021978021978,71.78021978021978,10.76923076923077,13.790504898266768,2277,921,3108,2769,2176,1643,0,-800,1100,-300,0,0,0,-174,214,-129,-37,0,122,124,123,125,121,124,40,42,42,43,41,42,0,1,0,8,3,0
55.7886,,1670,2.5494505494505493,-80.52747252747253,55.64835164835165,71.6923076923077,10.76923076923077,13.790504898266768,2277,902,3140,2763,2176,1643,0,-650,1000,-250,0,0,0,-97,157,16,-37,0,122,124,123,125,121,124,40,42,42,43,41,42,0,0,0,8,3,0
55.822,,1671,2.5494505494505493,-80.52747252747253,57.31868131868132,71.34065934065934,10.76923076923077,13.790504898266768,2277,893,3170,2759,2176,1643,0,-300,850,-150,0,0,0,-69,155,-90,-37,0,122,124,123,125,121,124,40,42,42,43,41,42,0,1,0,10,2,0
55.8554,,1672,2.4615384615384617,-80.52747252747253,59.07692307692308,70.54945054945055,10.76923076923077,13.790504898266768,2277,890,3198,2755,2176,1643,0,-50,850,-100,0,0,0,-51,117,-93,-37,0,122,124,123,125,121,124,40,42,42,43,41,42,0,0,0,17,3,0
55.8888,,1673,2.3736263736263736,-80.52747252747253,60.92307692307692,69.67032967032966,10.76923076923077,13.790504898266768,2278,892,3223,2752,2176,1643,0,0,750,-100,0,0,-23,-58,88,-138,-37,0,122,124,122,125,121,124,40,42,42,43,41,42,0,1,0,23,3,0
55.9222,,1674,1.5824175824175823,-80.52747252747253,62.68131868131868,68.61538461538461,10.76923076923077,13.790504898266768,2278,890,3247,2745,2176,1643,0,-50,750,-200,0,0,-27,-55,155,-59,-37,0,122,124,122,125,121,124,40,42,42,43,41,42,2,0,0,25,2,0
55.9557,,1675,0.6153846153846154,-80.52747252747253,64.35164835164835,67.82417582417582,10.76923076923077,13.790504898266768,2278,886,3270,2736,2176,1643,0,-100,700,-250,0,0,-83,-41,51,-161,-37,0,122,124,122,125,121,124,40,42,42,43,41,42,10,1,0,14,2,0
55.9892,,1676,-0.967032967032967,-80.52747252747253,65.84615384615384,67.47252747252747,10.76923076923077,13.790504898266768,2275,879,3292,2727,2176,1643,0,-250,650,-250,0,0,-116,0,152,-141,-37,0,122,124,122,125,121,124,40,42,42,43,41,42,14,0,0,23,3,0
56.0226,,1677,-2.901098901098901,-80.52747252747253,66.98901098901099,67.38461538461539,10.76923076923077,13.790504898266768,2267,878,3311,2719,2176,1643,-200,-150,650,-300,0,0,-71,23,134,-138,-37,0,122,124,122,125,121,124,40,42,42,43,41,42,20,0,0,7,3,0
56.056,,1678,-4.835164835164835,-80.52747252747253,68.04395604395604,67.2967032967033,10.76923076923077,13.790504898266768,2256,878,3331,2712,2176,1643,-300,0,600,-200,0,0,-106,23,99,-104,-37,0,122,124,122,125,121,124,40,42,42,43,41,42,12,0,0,5,2,0
56.0895,,1679,-6.593406593406593,-80.52747252747253,68.92307692307692,67.2967032967033,10.76923076923077,13.790504898266768,2241,884,3345,2708,2176,1643,-400,100,500,-200,0,0,-126,-27,81,-90,-37,0,122,124,122,125,121,124,40,42,42,43,41,42,20,1,0,9,2,0
56.1229,,1680,-8.175824175824175,-80.52747252747253,69.62637362637362,67.2967032967033,10.76923076923077,13.790504898266768,2223,886,3356,2705,2176,1643,-550,50,350,-150,0,0,-240,-37,96,-76,-37,0,122,124,122,125,121,124,40,42,42,43,41,42,11,1,0,8,2,0
56.1563,,1681,-9.67032967032967,-80.52747252747253,70.50549450549451,67.2967032967033,10.76923076923077,13.790504898266768,2204,885,3367,2703,2176,1643,-550,-50,300,-50,0,0,-148,-34,75,-69,-37,0,122,124,122,125,121,124,40,42,42,43,41,42,8,1,0,4,2,0
56.1896,,1682,-11.076923076923077,-80.52747252747253,71.56043956043956,67.2967032967033,10.76923076923077,13.790504898266768,2186,882,3376,2701,2176,1643,-550,-50,250,-50,0,0,-135,-27,79,55,-37,0,122,124,122,125,121,124,40,42,42,43,41,42,12,0,0,4,1,0
56.2231,,1683,-12.747252747252746,-80.52747252747253,72.79120879120879,67.2967032967033,10.76923076923077,13.790504898266768,2169,879,3385,2700,2176,1643,-550,-100,250,0,0,0,-123,0,84,-58,-37,0,122,124,122,125,121,124,40,42,42,43,41,42,10,0,0,8,2,0
56.2565,,1684,-14.32967032967033,-80.52747252747253,74.02197802197803,67.2967032967033,10.76923076923077,13.790504898266768,2151,877,3396,2699,2176,1643,-500,-50,300,0,0,0,-124,27,-26,-55,-37,0,122,124,122,125,121,124,40,42,42,43,41,42,17,0,0,4,3,0
56.2898,,1685,-15.56043956043956,-80.52747252747253,75.34065934065934,67.2967032967033,10.76923076923077,13.790504898266768,2134,877,3408,2699,2176,1643,-500,0,350,0,0,0,-233,27,120,-55,-37,0,122,124,122,125,121,124,40,42,42,43,41,42,16,0,0,4,3,0
56.3232,,1686,-16.439560439560438,-80.52747252747253,76.48351648351648,67.2967032967033,10.76923076923077,13.790504898266768,2116,877,3422,2699,2176,1643,-550,0,400,0,0,0,-212,27,122,-55,-37,0,122,124,122,125,121,124,40,42,42,43,41,42,10,0,0,4,3,0
56.3566,,1687,-16.791208791208792,-80.52747252747253,77.45054945054945,67.2967032967033,10.76923076923077,13.790504898266768,2099,877,3437,2699,2176,1643,-550,0,450,0,0,0,-84,27,18,-55,-37,0,122,124,122,125,121,124,40,42,42,43,41,42,3,0,0,5,3,0
56.39,,1688,-16.791208791208792,-80.52747252747253,78.32967032967034,67.2967032967033,10.76923076923077,13.790504898266768,2086,880,3451,2699,2176,1643,-400,50,450,0,0,0,-33,0,84,-55,-37,0,122,124,122,125,121,124,40,42,42,43,41,42,1,0,0,5,3,0
56.4234,,1689,-16.791208791208792,-80.52747252747253,79.20879120879121,67.2967032967033,10.76923076923077,13.715146948003015,2075,883,3463,2698,2176,1643,-350,100,350,0,0,0,-90,-27,-51,-55,-37,0,122,124,122,125,121,124,40,42,42,43,41,42,0,0,0,2,3,0
56.4569,,1690,-16.791208791208792,-80.52747252747253,80.08791208791209,67.2967032967033,10.76923076923077,13.715146948003015,2069,883,3473,2698,2176,1643,-150,0,300,0,0,0,-62,-27,92,-51,-37,-23,122,124,122,125,121,124,40,42,42,43,41,42,0,0,0,4,2,0
56.4903,,1691,-16.87912087912088,-80.52747252747253,80.96703296703296,67.20879120879121,10.76923076923077,13.715146948003015,2067,883,3483,2698,2176,1643,-100,0,300,0,0,0,-51,-27,-33,-51,-37,-23,122,124,122,125,121,124,40,42,42,43,41,42,3,0,0,4,2,0
56.5237,,1692,-16.87912087912088,-80.52747252747253,81.67032967032966,67.03296703296704,10.76923076923077,13.715146948003015,2065,882,3493,2698,2176,1643,-50,0,300,0,0,0,69,-23,-37,-55,-37,-23,122,124,122,125,121,124,40,42,42,43,41,42,2,0,0,5,2,0
56.5571,,1693,-16.87912087912088,-80.52747252747253,82.1978021978022,66.85714285714286,10.76923076923077,13.715146948003015,2062,883,3502,2698,2176,1643,-100,0,250,0,0,0,-37,-27,58,-62,-37,-23,122,124,122,125,121,124,40,42,42,43,41,42,2,0,0,8,3,0
56.5905,,1694,-16.87912087912088,-80.52747252747253,82.81318681318682,66.68131868131869,10.76923076923077,13.715146948003015,2060,883,3512,2698,2176,1643,-100,0,300,0,0,0,-30,-27,-49,-69,-37,-23,122,124,122,125,121,124,40,42,42,43,41,42,1,0,0,10,3,0
56.6239,,1695,-16.87912087912088,-80.52747252747253,83.6043956043956,66.5934065934066,10.76923076923077,13.715146948003015,2059,883,3520,2696,2176,1643,0,0,250,0,0,0,-30,-27,-56,-69,-37,-23,122,124,122,125,121,124,40,42,42,43,41,42,1,0,0,7,3,0
56.6572,,1696,-16.87912087912088,-80.52747252747253,84.57142857142857,66.32967032967034,10.76923076923077,13.715146948003015,2059,883,3528,2693,2176,1643,-50,0,250,-50,0,0,-27,-27,66,-65,-37,-23,122,124,122,125,121,124,40,42,42,43,41,42,1,0,0,8,3,0
56.6906,,1697,-16.87912087912088,-80.52747252747253,85.62637362637362,66.32967032967034,10.76923076923077,13.715146948003015,2059,883,3536,2691,2176,1643,0,0,250,-100,0,0,-27,-27,-50,-65,-37,-23,122,124,122,125,121,124,40,42,42,43,41,42,1,0,0,6,3,0
56.7241,,1698,-16.87912087912088,-80.52747252747253,86.68131868131869,66.32967032967034,10.76923076923077,13.715146948003015,2059,883,3546,2688,2176,1643,0,0,250,-50,0,0,-27,-27,77,-58,-37,-23,122,124,122,125,121,124,40,42,42,43,41,42,1,0,0,3,2,0
56.7575,,1699,-16.87912087912088,-80.52747252747253,87.64835164835165,66.32967032967034,10.76923076923077,13.715146948003015,2059,882,3556,2687,2176,1643,0,-50,350,-50,0,0,-27,94,-17,-55,-37,-23,122,124,122,125,121,124,40,42,42,43,41,42,2,0,0,4,2,0
56.7909,,1700,-16.87912087912088,-80.52747252747253,88.52747252747253,66.32967032967034,10.76923076923077,13.715146948003015,2059,881,3567,2686,2176,1643,0,-50,300,0,0,0,-27,0,-23,-51,-37,-23,122,124,122,125,121,124,40,42,42,43,41,42,2,0,0,3,2,0
56.8243,,1701,-16.87912087912088,-80.52747252747253,89.05494505494505,66.24175824175825,10.76923076923077,13.715146948003015,2059,882,3579,2686,2176,1643,0,50,350,0,0,0,-27,-23,81,-48,-37,-23,122,124,122,125,121,124,40,42,42,43,41,42,2,0,0,3,3,0
56.8577,,1702,-16.87912087912088,-80.52747252747253,89.4065934065934,66.15384615384616,10.76923076923077,13.715146948003015,2059,882,3591,2686,2176,1643,0,0,350,0,0,0,-27,-23,41,-51,-37,-23,122,124,122,125,121,124,40,42,42,43,41,42,1,0,0,4,3,0
56.8911,,1703,-16.87912087912088,-80.52747252747253,89.49450549450549,65.89010989010988,10.76923076923077,13.715146948003015,2059,883,3598,2686,2176,1643,0,0,250,0,0,0,-27,-27,43,-55,-37,-23,122,124,122,125,121,124,40,42,42,43,41,42,1,0,0,5,2,0
56.9244,,1704,-16.87912087912088,-80.52747252747253,89.49450549450549,65.89010989010988,10.76923076923077,13.715146948003015,2059,881,3606,2686,2176,1643,0,0,200,0,0,0,-27,-23,-23,-65,-37,-23,122,124,122,125,121,124,40,42,42,43,41,42,2,0,2,9,2,0
56.9578,,1705,-16.87912087912088,-80.52747252747253,89.49450549450549,65.89010989010988,10.76923076923077,13.715146948003015,2059,882,3608,2686,2176,1643,0,-100,200,0,0,0,-27,0,-37,-65,-37,-23,122,124,122,125,121,124,40,42,42,43,41,42,1,0,3,8,3,0
56.9912,,1706,-16.87912087912088,-80.52747252747253,89.49450549450549,65.89010989010988,10.76923076923077,13.715146948003015,2058,883,3608,2683,2175,1643,0,100,0,-100,0,0,-23,-27,-37,-58,-34,-23,122,124,122,125,121,124,40,42,42,43,41,42,1,0,3,6,2,0
57.0246,,1707,-16.87912087912088,-80.52747252747253,89.49450549450549,65.89010989010988,10.76923076923077,13.715146948003015,2058,880,3608,2682,2175,1643,0,-100,0,-50,0,0,-23,0,-37,-51,-34,-23,122,124,122,125,121,124,40,42,42,43,41,42,1,0,2,4,1,0
57.058,,1708,-16.87912087912088,-80.52747252747253,89.49450549450549,65.89010989010988,10.76923076923077,13.715146948003015,2058,879,3608,2682,2175,1643,0,0,0,0,0,0,-23,0,-37,-51,-34,-23,122,124,122,125,121,124,40,42,42,43,41,42,1,0,2,4,2,0
57.0914,,1709,-16.87912087912088,-80.52747252747253,89.58241758241758,65.89010989010988,10.76923076923077,13.715146948003015,2058,879,3608,2682,2175,1643,0,-50,0,0,0,0,-23,0,-37,-51,-34,-23,122,124,122,125,121,124,40,42,42,43,41,42,1,0,4,4,2,0
57.1248,,1710,-16.87912087912088,-80.52747252747253,89.58241758241758,65.89010989010988,10.76923076923077,13.715146948003015,2058,880,3608,2682,2175,1643,0,0,0,0,0,0,-23,0,-34,-51,-34,-23,122,124,122,125,121,124,40,42,42,43,41,42,0,0,2,4,1,0
57.1582,,1711,-16.87912087912088,-80.52747252747253,89.58241758241758,65.89010989010988,10.76923076923077,13.715146948003015,2058,880,3608,2682,2175,1643,0,50,0,0,0,0,-23,0,-34,-51,-34,-23,122,124,122,125,121,124,40,42,42,43,41,42,1,0,1,4,2,0
57.1916,,1712,-16.87912087912088,-80.52747252747253,89.58241758241758,65.89010989010988,10.76923076923077,13.715146948003015,2058,880,3608,2682,2175,1643,0,0,0,0,0,0,-23,0,-34,-51,-34,-23,122,124,122,125,121,124,40,42,42,43,41,42,1,0,2,4,2,0
