t,marker,frame_idx,goal_pos.shoulder_pan,goal_pos.shoulder_lift,goal_pos.elbow_flex,goal_pos.wrist_flex,goal_pos.wrist_roll,goal_pos.gripper,pos.shoulder_pan,pos.shoulder_lift,pos.elbow_flex,pos.wrist_flex,pos.wrist_roll,pos.gripper,vel.shoulder_pan,vel.shoulder_lift,vel.elbow_flex,vel.wrist_flex,vel.wrist_roll,vel.gripper,load.shoulder_pan,load.shoulder_lift,load.elbow_flex,load.wrist_flex,load.wrist_roll,load.gripper,volt.shoulder_pan,volt.shoulder_lift,volt.elbow_flex,volt.wrist_flex,volt.wrist_roll,volt.gripper,temp.shoulder_pan,temp.shoulder_lift,temp.elbow_flex,temp.wrist_flex,temp.wrist_roll,temp.gripper,curr.shoulder_pan,curr.shoulder_lift,curr.elbow_flex,curr.wrist_flex,curr.wrist_roll,curr.gripper
0.0,,0,-8.527472527472527,-80.52747252747253,91.86813186813187,69.84615384615384,5.670329670329671,2.4868123587038435,2068,877,3563,2758,2128,1484,0,0,0,0,0,0,0,0,199,34,48,-65,122,124,122,125,121,124,45,47,46,47,46,49,0,0,0,0,0,0
0.0335,,1,-8.43956043956044,-80.52747252747253,91.86813186813187,69.84615384615384,5.670329670329671,2.4868123587038435,2068,877,3564,2758,2128,1484,0,0,0,0,0,0,125,27,125,-125,-98,-102,122,124,122,125,121,124,45,47,46,47,46,49,18,0,6,8,11,6
0.067,,2,-8.43956043956044,-80.52747252747253,91.86813186813187,69.84615384615384,5.670329670329671,2.4868123587038435,2076,877,3577,2748,2126,1483,250,0,450,-300,-50,0,170,27,227,-166,-69,-76,122,124,122,125,121,124,45,47,46,47,46,49,54,0,18,12,5,14
0.1005,,3,-8.43956043956044,-80.52747252747253,91.86813186813187,69.84615384615384,5.670329670329671,2.4868123587038435,2097,877,3598,2736,2121,1482,500,0,650,-450,-150,-100,173,27,166,27,-58,-69,122,124,122,125,121,124,45,47,46,47,46,49,31,0,2,2,4,11
0.134,,4,-8.43956043956044,-80.52747252747253,91.86813186813187,69.84615384615384,5.670329670329671,2.4868123587038435,2115,877,3611,2728,2117,1482,550,0,450,-200,-150,0,160,27,-34,-58,-34,-69,122,124,122,125,121,124,45,47,46,47,46,49,4,0,0,0,3,10
0.1674,,5,-8.43956043956044,-80.52747252747253,91.86813186813187,69.84615384615384,5.670329670329671,2.4868123587038435,2128,877,3617,2723,2116,1482,500,0,250,-200,-50,0,108,27,62,-41,-30,-69,122,124,122,125,121,124,45,47,46,47,46,49,0,0,1,0,3,11
0.2009,,6,-8.43956043956044,-80.52747252747253,91.86813186813187,69.84615384615384,5.670329670329671,2.4868123587038435,2134,877,3622,2719,2116,1482,250,0,150,-150,0,0,79,27,44,-23,-30,-69,122,124,122,125,121,124,45,47,46,47,46,49,3,0,0,0,3,10
0.2342,,7,-8.43956043956044,-80.52747252747253,91.86813186813187,69.84615384615384,5.670329670329671,2.4868123587038435,2141,877,3627,2715,2116,1482,250,0,150,-150,0,0,62,27,-90,0,-30,-69,122,124,122,125,121,124,45,47,46,46,46,49,2,0,0,0,3,11
0.2678,,8,-8.43956043956044,-80.52747252747253,91.86813186813187,69.84615384615384,5.670329670329671,2.4868123587038435,2143,877,3628,2714,2116,1482,50,0,50,-50,0,0,48,27,0,23,-30,-69,122,124,122,125,121,124,45,47,46,46,46,49,3,0,0,0,2,10
0.3012,,9,-8.43956043956044,-80.52747252747253,91.78021978021978,69.84615384615384,5.670329670329671,2.4868123587038435,2145,877,3629,2714,2116,1482,0,0,50,-50,0,0,44,27,0,27,-30,-69,122,124,122,125,121,124,45,47,46,47,45,49,3,0,0,0,3,11
0.3346,,10,-8.43956043956044,-80.52747252747253,91.6923076923077,69.84615384615384,5.670329670329671,2.4868123587038435,2147,877,3629,2714,2116,1482,50,0,0,0,0,0,34,27,0,27,-30,-69,122,124,122,125,121,124,45,47,46,47,46,49,2,0,0,0,3,10
0.3681,,11,-8.43956043956044,-80.52747252747253,91.6043956043956,70.02197802197803,5.670329670329671,2.4868123587038435,2147,877,3629,2714,2116,1482,0,0,0,0,0,0,34,27,-23,27,-30,-69,122,124,122,125,121,124,45,47,46,46,46,49,3,0,0,0,3,11
0.4017,,12,-8.43956043956044,-80.52747252747253,91.51648351648352,70.10989010989012,5.758241758241758,2.562170308967596,2147,877,3629,2714,2116,1482,0,0,0,0,0,0,34,27,-27,34,-30,-69,122,124,122,125,121,124,45,47,46,46,45,49,4,0,0,1,3,11
0.4352,,13,-8.43956043956044,-80.52747252747253,91.42857142857143,70.10989010989012,5.846153846153846,2.562170308967596,2147,877,3629,2714,2116,1482,0,0,0,0,0,0,34,27,-30,37,-27,-65,122,124,122,125,121,124,45,47,46,47,46,49,3,0,0,1,2,9
0.4687,,14,-8.527472527472527,-80.52747252747253,91.16483516483517,70.10989010989012,5.846153846153846,2.562170308967596,2147,877,3629,2714,2116,1482,0,0,0,0,0,0,34,27,-34,37,-23,-65,122,124,122,125,121,124,45,47,46,47,46,49,3,0,2,2,1,10
0.5022,,15,-8.527472527472527,-80.52747252747253,90.54945054945055,70.02197802197803,5.934065934065934,2.562170308967596,2147,877,3629,2714,2116,1482,0,0,0,0,0,0,30,27,-44,37,-23,-65,122,124,122,125,121,124,45,47,46,47,46,49,2,0,4,2,1,10
0.5356,,16,-8.527472527472527,-80.52747252747253,89.23076923076923,70.02197802197803,5.934065934065934,2.562170308967596,2147,877,3629,2714,2116,1482,0,0,0,0,0,0,30,27,-72,34,0,-65,122,124,122,125,121,124,45,47,46,47,45,49,2,0,12,1,0,9
0.5691,,17,-8.527472527472527,-80.43956043956044,87.47252747252747,70.02197802197803,5.934065934065934,2.562170308967596,2147,877,3629,2714,2116,1482,0,0,0,0,0,0,30,27,-142,34,0,-65,122,124,122,125,121,124,45,47,46,47,46,49,3,0,30,1,0,10
0.6026,,18,-8.527472527472527,-80.17582417582418,85.27472527472527,70.10989010989012,6.021978021978022,2.562170308967596,2147,877,3625,2714,2116,1482,0,0,-50,0,0,0,30,30,-124,34,0,-65,121,124,122,125,121,123,45,47,46,47,46,49,3,1,58,1,0,10
0.6361,,19,-8.527472527472527,-79.47252747252747,82.98901098901099,70.10989010989012,6.021978021978022,2.562170308967596,2147,877,3618,2714,2119,1482,0,0,-200,0,50,0,30,41,-187,37,-23,-65,121,124,122,124,121,123,45,47,46,46,46,49,2,3,86,2,1,9
0.6696,,20,-8.615384615384615,-77.36263736263736,80.7032967032967,70.02197802197803,6.1098901098901095,2.562170308967596,2148,878,3607,2716,2120,1482,50,0,-300,50,0,0,27,77,-240,30,-30,-65,121,123,122,124,121,123,45,47,46,46,46,49,1,11,99,1,2,9
0.7031,,21,-8.791208791208792,-74.28571428571429,78.24175824175825,70.02197802197803,6.9010989010989015,2.562170308967596,2148,883,3594,2721,2124,1482,0,100,-400,100,100,0,23,163,-282,0,-37,-65,121,123,121,124,120,123,45,47,46,46,46,49,0,20,121,0,4,9
0.7366,,22,-9.142857142857142,-70.32967032967034,75.6043956043956,70.02197802197803,8.131868131868131,2.562170308967596,2148,895,3578,2722,2125,1482,0,300,-500,50,50,0,0,156,-422,-27,42,-65,121,123,121,124,120,123,45,47,46,46,46,49,0,36,192,0,2,9
0.7702,,23,-9.142857142857142,-66.02197802197803,72.7032967032967,70.02197802197803,9.010989010989011,2.562170308967596,2147,914,3559,2722,2127,1482,0,450,-500,0,0,0,-27,324,-373,-27,91,-65,121,123,121,124,120,123,45,47,46,46,46,49,1,33,194,0,11,9
0.8036,,24,-8.967032967032967,-61.8021978021978,69.36263736263736,70.02197802197803,9.274725274725276,2.562170308967596,2147,942,3536,2722,2133,1482,0,700,-600,0,150,0,-27,392,-407,-27,91,-65,121,123,121,124,120,122,45,47,46,46,46,49,1,41,174,0,12,10
0.8372,,25,-8.615384615384615,-58.1978021978022,65.84615384615384,70.10989010989012,9.274725274725276,2.562170308967596,2147,976,3510,2722,2139,1482,0,950,-700,0,200,0,0,352,-444,-27,-52,-65,120,123,121,123,120,122,45,47,46,46,46,49,0,48,157,0,3,10
0.8706,,26,-8.615384615384615,-55.2967032967033,62.15384615384615,70.1978021978022,9.274725274725276,2.562170308967596,2147,1012,3483,2722,2143,1482,0,1150,-850,0,150,0,36,390,-489,-23,58,-65,121,123,121,123,120,122,45,47,46,46,46,49,1,26,201,0,2,9
0.9041,,27,-8.615384615384615,-52.747252747252745,58.637362637362635,70.1978021978022,9.274725274725276,2.562170308967596,2147,1055,3452,2722,2146,1482,0,1300,-900,0,100,0,27,290,-525,0,44,-65,121,123,121,123,120,122,45,47,46,46,46,49,2,27,179,0,4,10
0.9376,,28,-8.703296703296703,-50.46153846153846,55.2967032967033,70.1978021978022,9.274725274725276,2.562170308967596,2147,1095,3417,2722,2148,1482,0,1250,-1000,0,50,0,27,247,-545,0,34,-65,121,123,121,123,120,122,45,47,46,46,46,49,2,8,206,0,2,10
0.971,,29,-8.703296703296703,-48.26373626373626,52.57142857142857,70.10989010989012,9.274725274725276,2.562170308967596,2147,1131,3380,2722,2149,1482,0,1050,-1100,0,50,0,23,295,-553,0,30,-65,121,123,121,123,120,122,45,47,46,47,46,49,0,6,190,0,2,9
1.0045,,30,-8.703296703296703,-45.97802197802198,49.75824175824176,70.10989010989012,9.274725274725276,2.562170308967596,2147,1162,3344,2722,2150,1482,0,1000,-1100,0,50,0,23,261,-528,-23,27,-65,121,123,121,124,120,122,45,47,46,46,46,49,1,7,173,0,1,9
1.038,,31,-8.703296703296703,-43.34065934065934,47.120879120879124,70.10989010989012,9.274725274725276,2.562170308967596,2147,1194,3306,2722,2152,1482,0,950,-1100,0,50,0,23,268,-536,-23,23,-65,121,123,121,124,120,123,45,47,46,47,46,49,1,1,188,0,1,10
1.0714,,32,-8.615384615384615,-40.527472527472526,44.65934065934066,70.10989010989012,9.362637362637363,2.562170308967596,2147,1226,3271,2722,2152,1482,0,950,-1050,0,0,0,23,252,-515,-23,0,-65,121,123,121,124,120,123,45,47,46,47,46,49,1,0,196,0,0,10
1.1048,,33,-8.615384615384615,-37.714285714285715,42.46153846153846,70.02197802197803,9.45054945054945,2.562170308967596,2147,1255,3239,2722,2152,1482,0,900,-1000,0,0,0,27,252,-491,-23,23,-65,121,123,121,124,120,123,45,47,46,47,46,49,2,0,181,0,2,9
1.1383,,34,-8.615384615384615,-34.9010989010989,40.08791208791209,70.02197802197803,10.505494505494505,2.562170308967596,2147,1285,3205,2722,2152,1482,0,900,-1000,0,0,0,27,251,-455,-27,27,-65,121,123,121,124,120,123,45,47,46,47,46,49,2,16,159,0,2,9
1.1718,,35,-8.615384615384615,-31.912087912087912,37.8021978021978,70.02197802197803,12.351648351648352,2.562170308967596,2147,1317,3175,2722,2152,1482,0,900,-900,0,0,0,27,249,-433,-27,89,-65,121,123,121,124,120,123,45,47,46,47,46,49,1,15,159,0,11,10
1.2052,,36,-8.615384615384615,-29.01098901098901,35.69230769230769,70.02197802197803,14.285714285714286,2.562170308967596,2147,1348,3148,2723,2159,1482,0,900,-750,50,200,0,27,279,-455,-27,155,-65,121,123,121,124,120,123,45,47,46,46,46,49,2,5,199,2,21,9
1.2388,,37,-8.615384615384615,-26.54945054945055,33.67032967032967,70.02197802197803,15.604395604395604,2.562170308967596,2147,1378,3127,2725,2170,1482,0,950,-700,50,350,0,27,194,-454,-122,194,-65,121,123,121,123,120,122,45,47,46,47,46,49,2,2,248,1,19,9
1.2723,collision,38,-8.527472527472527,-23.912087912087912,31.47252747252747,69.93406593406593,16.65934065934066,2.562170308967596,2147,1411,3112,2727,2181,1482,0,1000,-500,50,250,0,27,350,-560,-44,116,-65,120,122,120,123,119,122,45,47,46,47,46,49,1,0,373,2,16,9
1.3058,,39,-8.351648351648352,-21.626373626373628,29.274725274725274,69.93406593406593,17.36263736263736,2.562170308967596,2147,1440,3101,2728,2196,1482,0,900,-350,50,450,0,30,259,-606,-51,93,-65,120,122,120,122,119,121,45,47,46,47,45,49,3,7,486,4,15,9
1.3392,,40,-7.648351648351649,-19.516483516483518,26.9010989010989,69.93406593406593,17.53846153846154,2.562170308967596,2147,1463,3091,2729,2209,1482,0,650,-300,50,400,0,37,268,-570,-55,180,-65,119,121,119,121,118,120,45,47,46,47,46,49,4,12,568,4,14,9
1.3727,,41,-6.153846153846154,-17.406593406593405,24.439560439560438,69.93406593406593,17.53846153846154,2.562170308967596,2148,1490,3083,2730,2220,1482,50,850,-250,50,350,0,83,277,-729,-58,122,-65,119,121,118,121,118,120,45,47,46,47,46,49,9,21,759,5,2,9
1.4061,,42,-4.483516483516484,-14.945054945054945,21.274725274725274,69.93406593406593,17.53846153846154,2.562170308967596,2151,1515,3072,2730,2227,1482,50,800,-300,0,250,0,142,268,-702,-58,90,-65,118,120,118,120,117,119,45,47,46,46,46,49,8,39,879,5,4,9
1.4395,,43,-2.10989010989011,-12.043956043956044,17.582417582417584,69.93406593406593,17.53846153846154,2.562170308967596,2157,1536,3058,2731,2231,1482,150,700,-350,50,150,0,186,284,-862,-62,76,-65,118,119,117,120,116,119,45,47,46,47,46,49,33,76,1109,7,3,9
1.473,,44,0.967032967032967,-8.967032967032967,13.626373626373626,69.93406593406593,17.53846153846154,2.562170308967596,2164,1554,3038,2731,2234,1482,150,500,-550,0,100,0,258,417,-847,-62,62,-65,118,119,117,119,116,118,45,47,46,47,46,49,86,159,1081,8,4,9
1.5064,,45,4.395604395604396,-5.978021978021978,9.846153846153847,69.93406593406593,17.53846153846154,2.562170308967596,2171,1571,3014,2732,2237,1482,200,550,-750,50,100,0,348,396,-915,-62,55,-65,117,119,116,119,115,118,45,47,46,47,46,49,110,185,1271,8,3,9
1.5399,,46,7.384615384615385,-2.901098901098901,5.8901098901098905,69.93406593406593,17.53846153846154,2.562170308967596,2181,1590,2986,2733,2240,1481,300,550,-850,0,50,0,362,449,-970,-69,44,-62,117,118,116,118,115,117,45,47,46,46,46,49,211,254,1153,9,4,9
1.5734,,47,10.373626373626374,0.08791208791208792,2.10989010989011,69.93406593406593,17.53846153846154,2.562170308967596,2194,1606,2959,2736,2245,1481,400,500,-750,100,150,0,529,511,-1000,-76,30,-62,116,117,115,117,114,116,45,47,46,47,46,49,299,336,1424,19,1,8
1.6068,,48,13.098901098901099,2.8131868131868134,-1.4065934065934067,69.93406593406593,17.53846153846154,2.637528259231349,2209,1619,2932,2740,2247,1481,400,450,-850,100,150,0,596,582,-1000,-90,0,-62,116,117,115,117,114,116,45,47,46,47,46,49,379,618,1262,40,0,8
1.6403,,49,15.296703296703297,5.0989010989010985,-4.483516483516484,69.93406593406593,17.714285714285715,2.637528259231349,2225,1633,2905,2744,2247,1481,450,400,-850,100,0,0,650,643,-1000,-192,0,-58,116,117,114,116,113,115,45,47,46,47,46,49,455,715,1295,53,0,6
1.6738,,50,16.967032967032967,7.384615384615385,-7.2967032967032965,69.93406593406593,17.802197802197803,2.637528259231349,2241,1647,2877,2747,2248,1481,500,400,-800,100,50,0,608,784,-1000,-115,0,-58,115,116,114,116,113,115,45,47,46,47,46,49,500,741,1409,36,0,6
1.7073,,51,18.54945054945055,9.054945054945055,-9.67032967032967,69.93406593406593,17.802197802197803,2.637528259231349,2258,1654,2846,2748,2248,1481,500,200,-900,50,0,0,705,843,-1000,-122,23,-58,115,115,113,115,112,114,45,47,46,47,46,49,551,1038,1329,42,0,7
1.7407,,52,19.956043956043956,10.461538461538462,-11.868131868131869,69.93406593406593,17.802197802197803,2.637528259231349,2276,1655,2819,2749,2249,1481,500,50,-900,50,0,0,700,905,-1000,-125,0,-58,114,115,112,115,112,114,45,47,46,47,46,49,460,1315,1152,34,0,6
1.7742,,53,20.923076923076923,11.604395604395604,-13.626373626373626,69.93406593406593,17.802197802197803,2.637528259231349,2298,1655,2790,2749,2249,1481,650,0,-850,0,0,0,583,953,-1000,-125,0,-58,114,114,112,114,111,113,45,47,46,47,46,49,429,1638,1294,33,0,5
1.8077,,54,21.89010989010989,12.483516483516484,-15.208791208791208,69.84615384615384,17.89010989010989,2.637528259231349,2320,1655,2760,2749,2249,1481,600,0,-900,0,0,0,613,992,-1000,-125,0,-58,113,114,111,114,111,113,45,47,46,47,46,49,381,1769,1145,32,0,5
1.8411,,55,22.857142857142858,13.274725274725276,-16.791208791208792,69.84615384615384,17.89010989010989,2.637528259231349,2339,1655,2726,2749,2250,1481,650,0,-950,0,0,0,529,1000,-1000,-129,23,-58,113,114,111,114,110,113,45,47,46,47,46,49,358,1809,1149,34,0,4
1.8746,,56,23.824175824175825,14.153846153846153,-18.54945054945055,69.84615384615384,17.89010989010989,2.637528259231349,2359,1659,2690,2748,2253,1481,600,50,-1100,-50,50,0,578,1000,-1000,-125,0,-58,114,114,112,114,111,113,45,47,46,47,46,49,304,1881,990,33,0,6
1.9081,,57,24.703296703296704,15.12087912087912,-20.307692307692307,69.84615384615384,17.89010989010989,2.637528259231349,2377,1675,2649,2749,2254,1481,600,250,-1150,0,100,0,546,1000,-950,-125,-27,-58,114,114,112,115,111,114,45,47,46,47,46,49,256,1677,909,39,1,7
1.9416,,58,25.67032967032967,16.263736263736263,-22.065934065934066,69.84615384615384,17.89010989010989,2.637528259231349,2392,1694,2609,2749,2254,1481,500,550,-1200,50,0,0,514,1000,-872,-129,-27,-58,115,115,113,115,112,114,45,47,46,46,46,49,288,1751,758,37,1,6
1.9751,,59,26.725274725274726,17.23076923076923,-23.64835164835165,69.84615384615384,17.89010989010989,2.637528259231349,2402,1714,2570,2749,2254,1481,350,600,-1150,0,0,0,514,975,-793,-129,-27,-58,115,116,113,116,113,115,45,47,46,47,46,49,324,1643,693,37,1,7
2.0086,,60,27.516483516483518,17.67032967032967,-24.615384615384617,69.84615384615384,17.89010989010989,2.637528259231349,2409,1728,2536,2749,2254,1481,200,450,-1100,0,0,0,550,892,-764,-129,-27,-58,115,116,114,116,113,115,45,47,46,46,46,49,404,1383,593,36,1,5
2.0421,,61,27.956043956043956,17.406593406593405,-24.87912087912088,69.84615384615384,17.89010989010989,2.637528259231349,2416,1741,2505,2749,2254,1481,200,350,-900,0,0,0,545,929,-678,-129,-27,-58,116,116,114,117,113,116,45,47,46,47,46,49,473,1609,516,37,0,7
2.0756,,62,27.956043956043956,16.791208791208792,-24.87912087912088,69.93406593406593,17.89010989010989,2.637528259231349,2420,1754,2480,2749,2254,1481,100,350,-800,0,0,0,533,868,-572,-129,-27,-58,116,117,115,117,114,116,45,47,46,47,46,49,489,1220,432,37,1,7
2.1092,,63,27.78021978021978,15.296703296703297,-24.87912087912088,70.10989010989012,17.89010989010989,2.637528259231349,2423,1769,2458,2749,2254,1481,100,400,-650,0,0,0,519,697,-576,-125,-27,-58,117,118,116,118,115,117,45,47,46,47,46,49,482,1007,324,35,2,8
2.1427,,64,27.252747252747252,13.098901098901099,-24.703296703296704,70.1978021978022,17.89010989010989,2.637528259231349,2423,1778,2439,2748,2253,1481,0,400,-600,0,0,0,512,610,-526,-118,-23,-58,117,118,116,119,116,118,45,47,46,47,46,49,474,831,313,31,1,8
2.1762,,65,26.9010989010989,11.252747252747254,-24.703296703296704,70.1978021978022,17.802197802197803,2.637528259231349,2430,1782,2418,2745,2253,1481,150,150,-600,-50,0,0,464,568,-357,-104,-23,-58,118,119,118,120,117,119,45,47,46,47,46,49,380,667,184,25,1,7
2.2097,,66,25.934065934065934,8.967032967032967,-24.703296703296704,70.1978021978022,17.802197802197803,2.637528259231349,2446,1794,2394,2741,2252,1481,300,100,-650,-150,0,0,325,461,-354,-90,-23,-58,119,121,119,121,118,120,45,47,46,47,46,49,189,346,86,17,1,8
2.2433,,67,24.52747252747253,6.593406593406593,-24.703296703296704,70.1978021978022,17.802197802197803,2.637528259231349,2467,1823,2373,2739,2252,1481,550,600,-650,-100,0,0,188,193,-188,37,-23,-58,120,122,120,123,119,122,45,47,46,46,46,49,67,80,37,13,1,8
2.2768,,68,23.208791208791208,4.3076923076923075,-24.703296703296704,70.28571428571429,17.802197802197803,2.637528259231349,2484,1845,2357,2739,2253,1481,550,1050,-500,0,0,0,149,81,-210,-79,-27,-58,121,123,121,124,120,123,45,47,46,47,46,49,21,20,34,14,2,8
2.3102,,69,21.626373626373628,2.197802197802198,-24.615384615384617,70.37362637362638,17.802197802197803,2.637528259231349,2493,1861,2351,2737,2253,1481,300,400,-150,0,50,0,60,-162,-189,-69,-27,-58,121,124,122,124,121,123,45,47,46,47,46,49,3,14,37,9,1,8
2.3437,,70,20.043956043956044,0.08791208791208792,-24.615384615384617,70.37362637362638,17.802197802197803,2.637528259231349,2495,1875,2358,2738,2254,1481,50,400,250,0,50,0,-47,-218,-284,-65,-30,-58,121,123,122,124,121,123,45,47,46,46,46,49,6,103,81,8,1,7
2.3772,,71,18.197802197802197,-1.8461538461538463,-24.52747252747253,70.46153846153847,17.802197802197803,2.637528259231349,2495,1879,2356,2738,2254,1481,0,250,100,0,0,0,-109,-331,-206,-69,-30,-58,121,123,121,124,120,123,45,47,46,46,46,49,12,241,103,10,3,7
2.4107,,72,16.175824175824175,-3.5164835164835164,-24.52747252747253,70.46153846153847,17.53846153846154,2.637528259231349,2489,1866,2350,2737,2254,1481,-200,-400,-200,-50,0,0,-78,-282,-178,-62,-30,-58,121,123,121,124,120,123,45,47,46,47,46,49,26,213,75,8,3,8
2.4442,,73,14.065934065934066,-5.010989010989011,-24.52747252747253,70.54945054945055,17.36263736263736,2.637528259231349,2478,1844,2345,2736,2253,1481,-250,-500,-200,0,0,0,-204,-353,-72,-58,-37,-58,121,123,121,124,120,123,45,47,46,47,46,49,39,120,49,4,5,8
2.4777,,74,11.692307692307692,-6.5054945054945055,-24.52747252747253,70.54945054945055,17.36263736263736,2.4868123587038435,2462,1818,2341,2736,2253,1481,-400,-750,-150,0,0,0,-252,-353,-146,-55,-44,-58,121,124,122,124,121,123,45,47,46,47,46,49,34,49,42,6,6,8
2.5113,,75,9.23076923076923,-7.824175824175824,-24.52747252747253,70.54945054945055,17.274725274725274,2.4868123587038435,2443,1797,2339,2736,2253,1481,-600,-650,-100,0,0,0,-192,-324,-136,-55,-44,-65,121,124,122,124,121,123,45,47,46,47,46,49,26,52,37,6,4,10
2.5447,,76,6.681318681318682,-8.967032967032967,-24.52747252747253,70.54945054945055,17.274725274725274,2.4868123587038435,2422,1782,2339,2736,2253,1481,-600,-550,0,0,0,0,-210,-222,-136,-55,-48,-65,121,124,122,124,121,123,45,47,46,47,46,49,30,87,42,4,7,10
2.5781,,77,4.131868131868132,-9.934065934065934,-24.439560439560438,70.54945054945055,17.186813186813186,2.4868123587038435,2398,1771,2339,2736,2253,1481,-650,-350,0,0,0,0,-225,-308,-136,-55,-48,-65,121,124,122,124,121,123,45,47,46,47,46,49,35,132,41,6,5,10
2.6115,,78,1.4065934065934067,-10.813186813186814,-24.439560439560438,70.63736263736264,17.0989010989011,2.4868123587038435,2372,1761,2339,2736,2253,1481,-750,-300,0,0,0,0,-317,-302,-132,-55,-51,-65,121,124,122,124,121,123,45,47,46,47,46,49,26,134,38,6,7,10
2.6449,,79,-1.4945054945054945,-11.516483516483516,-24.35164835164835,71.07692307692308,17.0989010989011,2.4868123587038435,2346,1750,2339,2736,2253,1481,-850,-350,0,0,0,0,-263,-235,-132,-51,-55,-65,121,124,122,124,121,123,45,47,46,47,46,49,33,138,39,4,8,10
2.6784,,80,-4.571428571428571,-11.780219780219781,-24.35164835164835,72.65934065934066,17.0989010989011,2.4868123587038435,2317,1738,2339,2736,2253,1481,-800,-350,0,0,0,0,-274,-297,-129,-30,-55,-65,121,124,122,124,121,123,45,47,46,47,46,49,30,95,37,1,8,9
2.7118,,81,-7.736263736263736,-11.868131868131869,-24.35164835164835,74.94505494505495,17.0989010989011,2.4868123587038435,2287,1726,2339,2736,2253,1481,-850,-350,0,0,0,0,-288,-248,-129,89,-55,-65,121,124,122,124,121,123,45,47,46,47,46,49,18,54,37,7,8,10
2.7454,,82,-11.604395604395604,-11.692307692307692,-24.35164835164835,77.93406593406593,17.0989010989011,2.4868123587038435,2256,1716,2339,2742,2253,1481,-900,-300,0,50,0,0,-301,-213,-129,159,-55,-65,121,124,122,124,121,123,45,47,46,46,46,49,17,65,37,18,8,10
2.7789,,83,-15.472527472527473,-11.340659340659341,-24.35164835164835,80.74725274725274,17.01098901098901,2.4868123587038435,2225,1709,2339,2756,2253,1481,-1000,-250,0,400,0,0,-345,-100,-129,234,-55,-65,121,124,122,124,121,123,45,47,46,47,46,49,33,58,37,19,8,10
2.8124,,84,-18.813186813186814,-11.076923076923077,-24.35164835164835,83.38461538461539,17.01098901098901,2.4868123587038435,2189,1705,2338,2778,2252,1481,-1050,-150,-50,600,-50,0,-372,-150,-125,192,-55,-65,121,124,122,125,121,123,45,47,46,46,46,49,24,32,36,20,8,10
2.8459,,85,-22.153846153846153,-10.637362637362637,-24.35164835164835,85.58241758241758,17.01098901098901,2.4868123587038435,2152,1704,2338,2801,2252,1481,-1050,-50,0,650,0,0,-380,-136,-125,218,-55,-65,122,124,122,125,121,123,45,47,46,47,46,49,21,40,36,22,8,10
2.8793,,86,-25.494505494505493,-10.021978021978022,-24.35164835164835,87.42857142857143,17.01098901098901,2.4868123587038435,2113,1704,2338,2826,2252,1481,-1150,0,0,800,0,0,-377,-118,-125,211,-55,-65,122,124,122,125,121,123,45,47,46,47,46,49,13,37,35,11,8,10
2.9128,,87,-28.307692307692307,-9.494505494505495,-24.263736263736263,88.92307692307692,17.01098901098901,2.4868123587038435,2076,1705,2338,2853,2252,1481,-1150,50,0,750,0,0,-367,-91,-125,186,-55,-65,122,124,122,125,121,124,45,47,46,47,46,49,29,26,36,13,8,10
2.9463,,88,-30.593406593406595,-8.615384615384615,-24.263736263736263,90.41758241758242,17.01098901098901,2.4868123587038435,2035,1705,2338,2878,2252,1481,-1200,0,0,700,0,0,-374,-60,-122,183,-55,-65,122,124,122,125,121,124,45,47,46,46,46,49,15,16,34,4,8,10
2.9798,,89,-32.527472527472526,-7.384615384615385,-24.263736263736263,92.0,17.01098901098901,2.4868123587038435,1996,1705,2338,2899,2252,1481,-1200,0,0,700,0,0,-327,-17,-122,243,-55,-65,122,124,122,125,121,124,45,47,46,47,46,49,6,5,34,7,9,9
3.0133,,90,-34.1978021978022,-5.626373626373627,-24.263736263736263,93.67032967032966,17.01098901098901,2.562170308967596,1961,1708,2338,2920,2252,1481,-1050,50,0,600,0,0,-275,-60,-122,140,-55,-65,122,124,122,125,121,124,45,47,46,46,46,49,1,1,35,6,9,10
3.0468,,91,-35.42857142857143,-3.6043956043956045,-24.263736263736263,95.6923076923077,17.01098901098901,2.562170308967596,1930,1715,2338,2939,2252,1481,-1000,150,0,600,0,0,-217,106,-122,132,-55,-62,122,124,122,125,121,124,45,48,46,47,45,49,5,2,34,3,8,9
3.0803,,92,-36.395604395604394,-1.2307692307692308,-24.263736263736263,97.45054945054945,17.01098901098901,2.562170308967596,1902,1728,2338,2958,2252,1481,-850,350,0,550,0,0,-237,141,-122,144,-55,-62,122,124,122,125,121,124,45,47,46,47,46,49,1,2,34,11,8,10
3.1137,,93,-36.48351648351648,1.4945054945054945,-24.175824175824175,98.5934065934066,17.01098901098901,2.562170308967596,1878,1745,2338,2979,2252,1481,-700,500,0,600,0,0,-222,190,-122,166,-55,-62,122,124,122,125,121,124,45,47,46,47,46,49,0,1,34,6,8,9
3.1472,,94,-36.48351648351648,4.483516483516484,-24.175824175824175,99.73626373626374,17.0989010989011,2.562170308967596,1859,1768,2338,2998,2252,1481,-600,650,0,600,0,0,-37,132,-118,214,-55,-62,122,124,122,125,121,124,45,47,46,46,46,49,0,0,31,6,8,9
3.1807,,95,-36.48351648351648,7.208791208791209,-24.175824175824175,100.61538461538461,17.0989010989011,2.562170308967596,1848,1794,2338,3015,2252,1481,-450,750,0,550,0,0,-72,152,-118,108,-51,-62,122,124,122,125,121,124,45,47,46,47,46,49,0,0,31,3,8,9
3.2142,,96,-36.48351648351648,10.021978021978022,-24.175824175824175,101.14285714285714,17.274725274725274,2.562170308967596,1842,1824,2338,3027,2252,1481,-200,850,0,400,0,0,-48,156,-118,136,-51,-62,122,124,122,125,121,124,45,47,46,47,46,49,1,0,31,3,8,9
3.2476,,97,-36.48351648351648,12.923076923076923,-24.175824175824175,101.14285714285714,17.45054945054945,2.562170308967596,1839,1856,2338,3035,2252,1481,-100,900,0,250,0,0,-37,150,-118,115,-44,-62,122,124,122,125,121,124,45,47,46,47,46,49,1,0,32,2,4,9
3.281,,98,-36.30769230769231,15.912087912087912,-24.263736263736263,101.14285714285714,17.45054945054945,2.562170308967596,1838,1890,2338,3038,2252,1481,-50,1000,0,100,0,0,-34,171,-118,97,-37,-62,122,124,122,125,121,124,45,47,46,47,46,49,2,0,31,12,4,9
3.3145,,99,-36.043956043956044,18.63736263736264,-24.35164835164835,101.14285714285714,17.626373626373628,2.4868123587038435,1837,1922,2338,3038,2252,1481,-50,1000,0,0,0,0,-23,166,-122,93,-37,-62,122,124,122,125,121,124,45,47,46,47,46,49,1,0,33,19,4,9
3.3479,,100,-35.69230769230769,21.0989010989011,-24.52747252747253,100.87912087912088,17.714285714285715,2.4868123587038435,1837,1957,2338,3038,2252,1481,0,1050,0,0,0,0,0,150,-125,93,-30,-65,122,124,122,125,121,124,45,47,46,46,46,49,0,0,36,19,3,10
3.3814,,101,-34.46153846153846,23.296703296703296,-24.615384615384617,100.7032967032967,17.714285714285715,2.4868123587038435,1839,1992,2338,3038,2252,1481,50,1000,0,0,0,0,27,123,-132,93,-27,-65,122,124,122,125,121,124,45,47,46,46,46,49,3,0,40,21,2,10
3.415,,102,-32.61538461538461,25.23076923076923,-24.791208791208792,100.43956043956044,17.626373626373628,2.4868123587038435,1840,2025,2338,3038,2252,1481,50,950,0,0,0,0,87,88,-136,93,-27,-65,122,124,122,125,121,124,45,47,46,46,46,49,11,0,43,20,2,10
3.4485,,103,-30.681318681318682,26.46153846153846,-24.791208791208792,99.73626373626374,17.626373626373628,2.4868123587038435,1843,2053,2338,3038,2251,1481,50,900,0,0,0,0,166,91,-143,93,-30,-65,122,124,122,125,121,124,45,47,46,46,46,49,28,0,47,21,2,11
3.4819,,104,-28.13186813186813,27.164835164835164,-24.791208791208792,98.68131868131869,17.626373626373628,2.4868123587038435,1854,2082,2338,3038,2251,1481,250,900,0,0,-50,0,124,29,-143,83,-27,-65,122,124,122,125,121,124,45,47,46,47,46,49,42,0,47,15,2,11
3.5154,,105,-24.703296703296704,27.252747252747252,-24.791208791208792,97.18681318681318,17.626373626373628,2.4868123587038435,1867,2101,2338,3038,2251,1481,350,650,0,0,0,0,263,-75,-143,18,-27,-65,122,124,122,125,121,124,45,47,46,47,46,49,48,15,47,3,2,10
3.5489,,106,-21.0989010989011,27.076923076923077,-24.791208791208792,95.34065934065934,17.626373626373628,2.4868123587038435,1882,2114,2338,3037,2251,1481,450,400,0,0,0,0,338,-41,-143,-70,-27,-65,122,124,122,125,121,124,45,47,46,47,46,49,85,32,46,6,3,9
3.5824,,107,-17.318681318681318,26.725274725274726,-24.791208791208792,93.58241758241758,17.714285714285715,2.4868123587038435,1903,2119,2338,3033,2251,1481,600,250,0,-100,0,0,324,-65,-143,-141,-27,-65,121,124,122,125,121,123,45,47,46,46,46,49,96,21,46,16,2,9
3.6158,,108,-13.538461538461538,26.46153846153846,-24.791208791208792,91.82417582417582,17.714285714285715,2.4868123587038435,1930,2120,2338,3023,2251,1481,750,50,0,-250,0,0,379,-90,-143,-96,-23,-65,121,124,122,124,121,123,45,47,46,47,46,49,118,26,45,17,2,10
3.6493,,109,-9.846153846153847,26.285714285714285,-24.87912087912088,90.32967032967034,17.714285714285715,2.4868123587038435,1962,2120,2338,3011,2251,1481,850,0,0,-300,0,0,422,-97,-143,-208,-23,-65,121,124,122,124,121,123,45,47,46,46,46,49,104,30,46,21,1,10
3.6828,,110,-6.329670329670329,26.285714285714285,-24.87912087912088,88.92307692307692,17.714285714285715,2.4868123587038435,1994,2120,2338,2995,2252,1481,1000,0,0,-450,0,0,448,-104,-146,-205,-27,-65,121,124,122,124,121,123,45,47,46,46,46,49,105,32,49,16,1,10
3.7162,,111,-2.901098901098901,26.197802197802197,-24.87912087912088,87.78021978021978,17.626373626373628,2.4868123587038435,2030,2120,2338,2978,2252,1481,1050,0,0,-500,0,0,462,-104,-146,-193,-27,-65,121,124,122,124,121,123,45,47,46,46,46,49,116,31,49,19,1,10
3.7496,,112,0.0,25.934065934065934,-24.87912087912088,86.54945054945055,17.626373626373628,2.4868123587038435,2069,2120,2338,2963,2252,1481,1150,0,0,-500,0,0,490,-108,-146,-118,-30,-65,121,124,122,124,121,123,45,47,46,47,46,49,133,34,48,8,3,10
3.783,,113,2.989010989010989,25.23076923076923,-24.87912087912088,85.4065934065934,17.626373626373628,2.4868123587038435,2106,2120,2338,2948,2252,1481,1200,0,0,-450,0,0,472,-118,-146,-195,-30,-65,121,124,122,124,121,123,45,47,46,47,46,49,95,42,48,10,2,10
3.8165,,114,5.802197802197802,24.439560439560438,-24.87912087912088,84.35164835164835,17.626373626373628,2.4868123587038435,2147,2120,2338,2933,2252,1481,1200,0,0,-400,0,0,446,-162,-146,-184,-30,-65,121,123,122,124,121,123,45,47,46,46,46,49,61,61,49,14,3,9
3.8499,,115,8.43956043956044,23.296703296703296,-24.87912087912088,83.2967032967033,17.626373626373628,2.4868123587038435,2187,2120,2338,2919,2252,1481,1200,0,0,-400,0,0,415,-190,-146,-80,-30,-65,121,124,122,124,121,123,45,47,46,46,46,49,56,87,49,9,2,10
3.8833,,116,10.637362637362637,21.978021978021978,-24.87912087912088,82.50549450549451,17.53846153846154,2.4868123587038435,2225,2120,2338,2907,2252,1481,1100,0,0,-400,0,0,380,-244,-146,-186,-30,-65,121,123,122,124,121,123,45,48,46,46,45,49,66,112,48,8,2,10
3.9168,,117,12.571428571428571,20.483516483516482,-24.87912087912088,82.15384615384616,17.53846153846154,2.4868123587038435,2258,2119,2338,2894,2253,1481,1100,0,0,-350,50,0,377,-303,-146,-163,-37,-65,121,123,121,124,120,123,45,47,46,46,46,49,54,158,48,6,4,10
3.9502,,118,13.89010989010989,18.725274725274726,-24.87912087912088,82.06593406593407,17.626373626373628,2.4868123587038435,2291,2119,2338,2884,2253,1481,1050,-50,0,-400,0,0,331,-359,-146,-30,-37,-65,121,123,121,124,120,123,45,47,46,47,46,49,40,229,48,7,4,10
3.9837,,119,14.417582417582418,16.615384615384617,-24.791208791208792,82.24175824175825,17.714285714285715,2.4868123587038435,2321,2113,2338,2877,2253,1481,900,-50,0,-250,0,0,267,-412,-146,-90,-34,-65,121,123,121,124,120,123,45,47,46,47,46,49,20,270,48,7,3,10
4.0172,,120,14.68131868131868,14.32967032967033,-24.703296703296704,82.41758241758242,17.802197802197803,2.4868123587038435,2348,2102,2339,2873,2253,1481,800,-300,0,-150,0,0,164,-458,-146,-69,-30,-65,121,123,121,124,120,123,45,47,46,47,46,49,14,248,48,5,3,9
4.0506,,121,14.68131868131868,11.428571428571429,-24.52747252747253,82.5934065934066,17.802197802197803,2.4868123587038435,2366,2087,2339,2871,2253,1481,600,-450,0,-50,0,0,124,-510,-143,-55,-27,-65,121,123,121,124,120,123,45,47,46,47,46,49,7,285,45,4,2,10
4.084,,122,14.593406593406593,8.175824175824175,-24.439560439560438,82.68131868131869,17.802197802197803,2.4868123587038435,2381,2066,2339,2870,2253,1481,400,-600,0,0,0,0,150,-551,-136,-44,-27,-65,121,123,121,124,120,122,45,47,46,47,46,49,7,282,41,3,2,10
4.1175,,123,14.153846153846153,4.835164835164835,-24.439560439560438,82.68131868131869,17.802197802197803,2.4868123587038435,2391,2042,2339,2870,2253,1481,300,-700,0,0,0,0,104,-590,-132,-41,-27,-65,121,123,121,124,120,123,45,47,46,47,46,49,2,282,39,3,2,9
4.151,,124,13.714285714285714,1.3186813186813187,-24.439560439560438,82.68131868131869,17.714285714285715,2.4868123587038435,2396,2014,2339,2870,2253,1481,150,-800,0,0,0,0,62,-623,-132,-41,-27,-65,121,123,121,124,120,122,45,48,46,46,46,49,2,279,39,2,1,10
4.1845,,125,13.45054945054945,-2.197802197802198,-24.439560439560438,82.68131868131869,17.714285714285715,2.4868123587038435,2398,1984,2339,2870,2253,1481,100,-900,0,0,0,0,37,-561,-132,-41,-30,-65,121,123,121,123,120,122,45,47,46,47,46,49,1,364,38,2,2,10
4.218,,126,12.571428571428571,-5.626373626373627,-24.439560439560438,82.68131868131869,17.714285714285715,2.4868123587038435,2397,1948,2339,2870,2253,1481,0,-1050,0,0,0,0,30,-506,-132,-41,-30,-65,121,123,121,124,120,123,45,48,46,47,46,49,2,304,38,3,3,10
4.2514,,127,11.780219780219781,-8.43956043956044,-24.439560439560438,82.68131868131869,17.714285714285715,2.4868123587038435,2396,1909,2339,2870,2253,1481,-50,-1100,0,0,0,0,-57,-598,-132,-41,-30,-65,121,123,121,124,120,123,45,47,46,46,46,49,4,301,39,2,3,10
4.2849,,128,11.692307692307692,-11.252747252747254,-24.35164835164835,82.68131868131869,17.714285714285715,2.4868123587038435,2392,1870,2339,2870,2253,1481,-50,-1150,0,0,0,0,-68,-575,-132,-41,-30,-65,121,123,121,124,120,123,45,47,46,46,46,49,2,281,39,2,2,9
4.3184,,129,11.692307692307692,-13.89010989010989,-24.35164835164835,82.68131868131869,17.36263736263736,2.4868123587038435,2389,1833,2339,2870,2253,1481,-150,-1150,0,0,0,0,-44,-545,-129,-41,-30,-65,121,123,121,124,120,123,45,47,46,46,46,49,1,207,37,2,3,9
4.3518,,130,11.692307692307692,-16.439560439560438,-24.35164835164835,82.68131868131869,17.36263736263736,2.4868123587038435,2387,1793,2339,2869,2249,1481,-50,-1150,0,0,-100,0,-37,-510,-129,-37,-34,-65,121,123,121,124,120,123,45,47,46,46,46,49,1,220,36,3,3,10
4.3853,,131,11.692307692307692,-18.725274725274726,-24.35164835164835,82.68131868131869,17.36263736263736,2.4868123587038435,2386,1759,2339,2869,2249,1481,0,-1000,0,0,0,0,-37,-514,-129,-37,0,-65,121,123,121,124,120,123,45,47,46,46,45,49,2,194,37,2,0,10
4.4188,,132,11.692307692307692,-20.923076923076923,-24.35164835164835,82.68131868131869,17.274725274725274,2.4868123587038435,2385,1729,2339,2871,2252,1481,-50,-950,0,50,300,0,-34,-494,-129,-41,-41,-65,121,123,121,124,120,123,45,47,46,46,46,49,3,195,36,2,6,10
4.4523,,133,11.692307692307692,-23.12087912087912,-24.35164835164835,82.68131868131869,17.186813186813186,2.4868123587038435,2385,1696,2338,2870,2250,1481,0,-1000,0,0,-50,0,-30,-461,-129,-41,-37,-65,121,123,121,124,121,123,45,47,46,46,46,49,2,179,37,2,4,9
4.4857,,134,11.692307692307692,-25.054945054945055,-24.35164835164835,82.68131868131869,17.186813186813186,2.4868123587038435,2383,1662,2338,2870,2252,1481,-50,-1000,-50,-50,-50,0,-23,-508,-125,-41,-133,-65,121,123,122,124,121,123,45,47,46,47,46,49,1,138,36,2,6,10
4.5192,,135,11.692307692307692,-26.9010989010989,-24.35164835164835,82.68131868131869,17.0989010989011,2.4868123587038435,2384,1629,2338,2870,2251,1481,50,-950,0,0,50,0,-27,-376,-125,-41,-44,-65,121,124,122,124,121,123,45,47,46,47,46,49,2,104,36,3,6,10
4.5526,,136,11.692307692307692,-28.65934065934066,-24.35164835164835,82.68131868131869,17.01098901098901,2.4868123587038435,2384,1603,2338,2870,2249,1481,0,-800,0,0,-100,0,-27,-380,-125,-41,-41,-65,121,124,122,124,121,123,45,47,46,47,45,49,2,137,36,2,4,10
4.5861,,137,11.692307692307692,-30.417582417582416,-24.35164835164835,82.68131868131869,17.01098901098901,2.4868123587038435,2385,1577,2338,2870,2249,1481,0,-800,0,0,0,0,-27,-441,-125,-41,-44,-65,121,124,122,124,121,123,45,47,46,46,46,49,1,112,36,2,5,10
4.6196,,138,11.692307692307692,-31.912087912087912,-24.35164835164835,82.68131868131869,17.01098901098901,2.4868123587038435,2385,1552,2338,2871,2249,1481,50,-750,0,0,0,0,-30,-331,-125,-44,-44,-65,121,124,122,124,121,123,45,47,46,46,46,49,2,110,35,8,4,10
4.6531,,139,11.692307692307692,-33.23076923076923,-24.35164835164835,82.68131868131869,16.923076923076923,2.4868123587038435,2384,1526,2338,2871,2249,1481,0,-750,0,0,0,0,90,-291,-125,-44,-44,-65,121,124,122,124,121,123,45,47,46,46,46,49,1,73,36,5,5,9
4.6866,,140,11.692307692307692,-34.1978021978022,-24.35164835164835,82.76923076923077,16.923076923076923,2.4868123587038435,2381,1503,2338,2871,2249,1481,-100,-700,0,0,0,0,0,-285,-125,-44,-48,-65,121,124,122,125,121,123,45,47,46,46,46,49,1,70,36,4,7,10
4.7201,,141,11.692307692307692,-34.637362637362635,-24.263736263736263,82.76923076923077,16.923076923076923,2.4868123587038435,2382,1480,2338,2871,2249,1481,-50,-700,0,0,0,0,0,-230,-125,-41,-48,-65,122,124,122,125,121,124,45,47,46,46,45,49,0,59,36,2,6,10
4.7536,,142,11.692307692307692,-34.637362637362635,-24.263736263736263,83.03296703296704,16.923076923076923,2.4868123587038435,2382,1461,2338,2871,2249,1481,0,-550,0,0,0,0,0,-149,-122,-41,-48,-65,122,124,122,125,121,124,45,47,46,47,46,49,0,24,34,3,7,11
4.7871,,143,11.692307692307692,-34.37362637362637,-24.263736263736263,83.64835164835165,16.923076923076923,2.562170308967596,2384,1447,2338,2871,2249,1481,50,-500,0,0,0,0,-27,-181,-122,-30,-48,-65,122,124,122,125,121,124,45,47,46,46,46,49,2,19,33,0,6,10
4.8206,,144,11.604395604395604,-33.75824175824176,-24.175824175824175,84.26373626373626,16.835164835164836,2.562170308967596,2384,1438,2338,2871,2248,1481,0,-350,0,0,0,0,-27,-132,-122,30,-44,-62,122,124,122,125,121,124,45,47,46,46,46,49,3,18,33,3,5,9
4.8541,,145,11.516483516483516,-32.61538461538461,-24.175824175824175,84.7032967032967,16.835164835164836,2.562170308967596,2384,1430,2337,2873,2248,1481,0,-200,0,50,0,0,-30,-67,-115,66,-48,-62,122,124,122,125,121,124,45,47,46,46,45,49,3,4,31,4,6,9
4.8875,,146,10.813186813186814,-31.208791208791208,-24.175824175824175,84.79120879120879,16.571428571428573,2.562170308967596,2384,1428,2337,2878,2248,1481,0,-100,0,100,0,0,-34,32,-115,59,-48,-62,122,124,122,125,121,124,45,47,46,47,46,49,4,2,30,1,6,9
4.921,,147,9.406593406593407,-29.714285714285715,-24.175824175824175,84.7032967032967,15.780219780219781,2.562170308967596,2384,1430,2337,2882,2248,1481,0,0,0,100,0,0,-78,83,-115,37,-58,-62,122,124,122,125,121,124,45,47,46,47,46,49,14,7,30,0,8,9
4.9545,,148,7.736263736263736,-28.13186813186813,-24.175824175824175,84.7032967032967,14.813186813186814,2.562170308967596,2380,1435,2337,2884,2244,1481,-100,100,0,50,-100,0,-134,125,-115,23,-94,-62,122,124,122,125,121,124,45,47,46,47,46,49,11,6,30,0,7,9
4.9882,,149,5.8901098901098905,-26.46153846153846,-24.175824175824175,84.79120879120879,13.934065934065934,2.562170308967596,2371,1443,2337,2886,2238,1481,-250,200,0,50,-150,0,-166,158,-115,0,-107,-62,122,124,122,125,121,124,45,47,46,47,46,49,28,21,30,0,4,9
5.0216,,150,3.78021978021978,-25.054945054945055,-24.175824175824175,84.79120879120879,13.054945054945055,2.562170308967596,2359,1453,2337,2886,2230,1481,-350,250,0,50,-250,0,-211,205,-115,0,-132,-62,122,124,122,125,121,124,45,47,46,47,46,49,22,9,30,0,13,9
5.0551,,151,1.2307692307692308,-23.824175824175825,-24.175824175824175,84.79120879120879,12.43956043956044,2.562170308967596,2343,1469,2337,2886,2223,1481,-400,450,0,0,-250,0,-243,207,-115,0,-140,-62,122,124,122,125,121,124,45,47,46,47,46,49,29,11,30,0,11,9
5.0886,,152,-1.5824175824175823,-22.681318681318682,-24.175824175824175,84.79120879120879,11.912087912087912,2.562170308967596,2326,1484,2337,2886,2214,1481,-500,450,0,0,-250,0,-192,194,-115,0,-112,-62,122,124,122,125,121,124,45,48,46,47,46,49,36,9,30,0,13,9
5.1221,,153,-5.010989010989011,-21.45054945054945,-24.175824175824175,84.79120879120879,11.648351648351648,2.562170308967596,2305,1499,2337,2886,2206,1481,-600,450,0,0,-250,0,-227,90,-115,0,-103,-62,122,124,122,125,121,124,45,47,46,47,45,49,39,6,30,0,7,9
5.1556,,154,-8.615384615384615,-20.21978021978022,-24.175824175824175,84.79120879120879,11.648351648351648,2.562170308967596,2281,1515,2337,2888,2199,1481,-700,450,0,50,-200,0,-272,169,-115,0,34,-62,122,124,122,125,121,124,45,48,46,47,46,49,43,17,30,0,6,9
5.1892,,155,-12.395604395604396,-18.9010989010989,-24.175824175824175,84.79120879120879,11.648351648351648,2.562170308967596,2254,1529,2337,2888,2195,1481,-750,400,0,0,-100,0,-329,101,-115,0,-72,-62,122,124,122,125,121,124,45,47,46,47,46,49,70,12,30,0,5,9
5.2226,,156,-15.736263736263735,-17.406593406593405,-24.175824175824175,84.79120879120879,11.648351648351648,2.562170308967596,2228,1542,2339,2891,2192,1481,-850,450,50,50,-100,0,-463,190,-206,-27,-62,-62,122,124,122,125,121,124,45,47,46,47,46,49,82,9,33,0,6,9
5.256,,157,-19.164835164835164,-16.0,-24.175824175824175,84.79120879120879,11.648351648351648,2.562170308967596,2200,1555,2339,2891,2188,1481,-800,400,0,0,-50,0,-416,115,-122,-30,-48,-62,121,124,122,125,121,123,45,47,46,47,46,49,149,27,33,0,3,9
5.2895,,158,-22.857142857142858,-15.12087912087912,-24.175824175824175,84.79120879120879,11.648351648351648,2.562170308967596,2175,1567,2339,2892,2183,1481,-750,400,0,50,-150,0,-464,121,-122,-34,-30,-62,121,124,122,124,121,123,45,48,46,47,45,49,213,32,33,0,1,9
5.323,,159,-26.46153846153846,-14.68131868131868,-24.175824175824175,84.79120879120879,11.648351648351648,2.562170308967596,2150,1577,2339,2892,2183,1481,-700,300,0,0,-50,0,-521,186,-122,-34,-27,-62,121,123,122,124,121,123,45,47,46,46,46,49,263,40,32,0,2,8
5.3565,,160,-29.89010989010989,-14.593406593406593,-24.175824175824175,84.79120879120879,11.648351648351648,2.562170308967596,2127,1584,2339,2892,2183,1481,-700,250,0,0,0,0,-673,192,-122,-34,-27,-62,121,123,121,124,120,123,45,47,46,46,46,49,378,46,33,1,2,8
5.39,,161,-32.967032967032964,-14.593406593406593,-24.175824175824175,84.79120879120879,11.648351648351648,2.562170308967596,2103,1589,2339,2893,2183,1481,-700,200,0,0,0,0,-730,164,-122,-37,-27,-62,120,123,121,123,120,122,45,47,46,46,46,49,526,48,32,0,2,9
5.4235,,162,-35.956043956043956,-14.76923076923077,-24.175824175824175,84.79120879120879,11.648351648351648,2.562170308967596,2079,1593,2340,2893,2183,1481,-700,150,0,0,0,0,-687,146,-125,-37,-27,-62,120,122,120,123,120,122,45,47,46,46,46,49,537,40,34,1,2,9
5.457,,163,-38.68131868131868,-14.945054945054945,-24.175824175824175,84.79120879120879,11.648351648351648,2.562170308967596,2056,1597,2340,2894,2183,1481,-700,100,0,50,0,0,-805,125,-125,-41,-27,-62,120,122,120,123,119,122,45,47,46,47,45,49,653,31,35,2,2,8
5.4905,collision,164,-41.40659340659341,-14.945054945054945,-24.175824175824175,84.87912087912088,11.648351648351648,2.562170308967596,2034,1599,2341,2897,2183,1481,-650,100,50,50,0,0,-762,115,-129,-48,-27,-62,119,122,120,122,119,121,45,47,46,46,46,49,787,21,37,9,2,8
5.524,,165,-43.78021978021978,-14.945054945054945,-24.175824175824175,84.96703296703296,11.648351648351648,2.562170308967596,2015,1600,2341,2899,2181,1481,-600,0,0,100,-100,0,-890,108,-129,-51,-23,-62,119,121,119,122,118,121,45,47,46,47,46,49,1010,24,36,14,3,9
5.5575,,166,-45.714285714285715,-14.68131868131868,-24.175824175824175,84.96703296703296,11.648351648351648,2.562170308967596,1998,1600,2341,2902,2178,1481,-500,0,0,50,-100,0,-840,108,-129,-58,0,-62,118,121,119,122,118,121,45,47,46,46,46,49,1087,25,35,9,0,9
5.591,,167,-47.56043956043956,-14.505494505494505,-24.175824175824175,84.96703296703296,11.648351648351648,2.562170308967596,1984,1600,2341,2905,2178,1481,-400,0,0,100,0,0,-951,118,-129,-72,23,-62,118,120,118,121,118,120,45,47,46,46,46,49,1257,32,36,12,3,7
5.6244,,168,-49.23076923076923,-14.417582417582418,-24.175824175824175,84.96703296703296,11.648351648351648,2.562170308967596,1971,1600,2342,2908,2178,1481,-400,0,0,100,0,0,-886,125,-132,-83,23,-62,118,120,118,121,117,120,45,47,46,47,46,49,1477,36,37,16,2,8
5.6578,,169,-50.285714285714285,-13.978021978021978,-24.175824175824175,84.96703296703296,11.648351648351648,2.562170308967596,1961,1600,2342,2911,2178,1481,-300,0,0,50,0,0,-930,129,-132,-90,23,-62,117,119,118,121,117,119,45,47,46,47,46,49,1670,36,38,20,2,9
5.6911,,170,-50.37362637362637,-13.538461538461538,-24.175824175824175,84.96703296703296,11.648351648351648,2.562170308967596,1952,1600,2342,2912,2178,1481,-250,0,0,100,0,0,-931,154,-132,-97,23,-62,117,119,117,120,117,119,45,47,46,47,46,49,1829,49,38,21,4,9
5.7247,,171,-50.285714285714285,-13.274725274725276,-24.175824175824175,84.96703296703296,11.912087912087912,2.562170308967596,1950,1600,2343,2913,2178,1481,-200,0,0,50,0,0,-984,167,-136,-101,23,-62,117,119,117,120,116,119,45,47,46,46,46,49,1857,61,39,23,3,8
5.7581,,172,-49.84615384615385,-13.186813186813186,-24.175824175824175,84.96703296703296,12.087912087912088,2.562170308967596,1950,1600,2343,2913,2178,1481,0,0,0,0,0,0,-981,174,-136,-101,34,-62,117,119,117,120,116,118,45,47,46,46,46,49,1807,60,38,23,4,8
5.7915,,173,-49.582417582417584,-13.186813186813186,-24.175824175824175,84.96703296703296,12.351648351648352,2.562170308967596,1949,1602,2343,2913,2178,1481,-50,100,0,0,0,0,-959,171,-136,-101,41,-62,117,119,117,120,116,119,45,47,46,46,46,49,1712,59,39,23,5,8
5.8249,,174,-48.7032967032967,-13.274725274725276,-24.263736263736263,84.96703296703296,12.43956043956044,2.562170308967596,1949,1603,2343,2913,2179,1481,0,50,0,0,50,0,-949,167,-136,-101,48,-62,117,119,117,120,116,119,45,47,46,47,46,49,1669,61,39,23,6,8
5.8583,,175,-46.94505494505494,-13.45054945054945,-24.263736263736263,84.96703296703296,12.43956043956044,2.562170308967596,1948,1603,2343,2912,2179,1481,0,0,0,0,0,0,-888,164,-139,20,51,-62,117,119,117,120,116,119,45,48,46,46,46,49,1523,58,42,20,6,8
5.8917,,176,-44.65934065934066,-13.538461538461538,-24.263736263736263,84.96703296703296,12.43956043956044,2.4868123587038435,1947,1605,2343,2911,2179,1481,0,50,0,-50,0,0,-809,153,-139,-93,51,-62,117,119,118,120,117,119,45,47,46,46,46,49,1289,46,42,20,8,9
5.9252,,177,-42.1978021978022,-13.626373626373626,-24.263736263736263,84.79120879120879,12.43956043956044,2.4868123587038435,1946,1605,2342,2910,2178,1481,-50,50,-50,0,0,0,-629,146,-136,-90,55,-65,118,120,118,121,117,120,45,47,46,46,45,49,991,45,40,18,8,10
5.9586,,178,-39.38461538461539,-13.626373626373626,-24.263736263736263,84.79120879120879,12.527472527472527,2.4868123587038435,1945,1609,2342,2909,2178,1481,-50,100,0,-50,0,0,-623,136,-136,-93,55,-65,119,121,119,122,118,121,45,47,46,46,46,49,797,29,40,20,8,10
5.992,,179,-36.13186813186813,-13.626373626373626,-24.263736263736263,84.79120879120879,12.527472527472527,2.4868123587038435,1943,1614,2341,2907,2177,1481,-50,150,0,-50,-50,0,-504,115,-132,-90,62,-65,119,122,120,122,119,121,45,47,46,47,46,49,537,24,35,16,9,9
6.0254,,180,-32.527472527472526,-13.45054945054945,-24.263736263736263,84.61538461538461,12.527472527472527,2.4868123587038435,1942,1619,2340,2907,2177,1481,-50,200,0,-50,0,0,-370,97,-129,-86,62,-65,120,122,120,123,119,122,45,47,46,46,46,49,321,8,37,16,10,10
6.0588,,181,-28.307692307692307,-13.274725274725276,-24.35164835164835,84.52747252747253,12.527472527472527,2.4868123587038435,1941,1624,2340,2906,2177,1481,0,100,0,0,0,0,-225,-34,-129,-90,62,-65,121,123,121,124,120,122,45,47,46,46,46,49,146,9,38,14,10,10
6.0922,,182,-24.087912087912088,-13.098901098901099,-24.35164835164835,84.52747252747253,12.527472527472527,2.4868123587038435,1939,1632,2339,2905,2177,1481,-50,150,0,0,0,0,-55,65,-129,-90,62,-65,121,123,121,124,121,123,45,47,46,46,46,49,61,3,39,20,11,10
6.1257,,183,-20.21978021978022,-12.923076923076923,-24.35164835164835,84.52747252747253,12.527472527472527,2.562170308967596,1940,1638,2338,2904,2176,1481,0,150,-50,-50,0,0,116,55,-129,-86,65,-65,121,124,122,125,121,123,45,47,46,46,46,49,19,0,38,13,9,10
6.1592,,184,-16.703296703296704,-12.923076923076923,-24.35164835164835,84.43956043956044,12.527472527472527,2.562170308967596,1951,1642,2338,2903,2181,1481,200,150,0,-50,50,0,255,44,-125,-83,-62,-62,122,124,122,125,121,124,45,47,46,47,46,49,32,1,36,16,4,9
6.1926,,185,-13.098901098901099,-12.835164835164836,-24.35164835164835,84.43956043956044,12.527472527472527,2.562170308967596,1966,1645,2337,2902,2185,1481,500,100,-50,0,150,0,264,-87,-122,-83,34,-62,122,124,122,125,121,124,45,47,46,47,46,49,54,0,32,17,2,9
6.226,,186,-9.494505494505495,-12.923076923076923,-24.35164835164835,84.43956043956044,12.527472527472527,2.562170308967596,1995,1647,2337,2902,2186,1481,500,50,0,-50,50,0,317,27,-122,-83,30,-62,122,124,122,125,121,124,45,47,46,46,46,49,42,0,34,15,3,9
6.2594,,187,-5.978021978021978,-13.098901098901099,-24.35164835164835,84.43956043956044,12.43956043956044,2.562170308967596,2024,1649,2337,2902,2186,1481,950,50,0,0,0,0,358,0,-122,-83,30,-62,122,124,122,125,121,124,45,47,46,46,46,49,49,0,34,16,3,9
6.2928,,188,-2.901098901098901,-13.274725274725276,-24.439560439560438,84.43956043956044,12.43956043956044,2.562170308967596,2054,1649,2337,2900,2186,1481,950,0,0,-100,0,0,404,-23,-122,-76,27,-62,122,124,122,125,121,124,45,47,46,46,46,49,82,0,35,13,3,9
6.3263,,189,-0.17582417582417584,-13.45054945054945,-24.439560439560438,84.43956043956044,12.43956043956044,2.562170308967596,2083,1650,2337,2900,2186,1481,950,0,0,0,0,0,428,-34,-125,-76,27,-62,121,124,122,125,121,124,45,47,46,46,46,49,120,1,35,12,3,9
6.3598,,190,2.901098901098901,-13.538461538461538,-24.439560439560438,84.43956043956044,12.43956043956044,2.562170308967596,2116,1651,2337,2900,2186,1481,950,50,0,0,0,0,427,-44,-125,-76,27,-62,121,124,122,125,121,123,45,47,46,46,46,49,111,4,35,13,2,9
6.3932,,191,5.978021978021978,-13.626373626373626,-24.439560439560438,84.43956043956044,12.43956043956044,2.562170308967596,2155,1652,2338,2900,2186,1481,1050,50,0,0,0,0,411,-51,-129,-76,27,-62,121,124,122,125,121,123,45,47,46,46,46,49,77,5,37,12,2,9
6.4268,,192,8.791208791208792,-13.626373626373626,-24.439560439560438,84.43956043956044,12.43956043956044,2.562170308967596,2192,1653,2338,2900,2186,1481,1150,0,0,0,0,0,333,-58,-129,-76,27,-62,122,124,122,125,121,123,45,47,46,47,46,49,60,6,37,13,2,9
6.4603,,193,11.692307692307692,-13.714285714285714,-24.439560439560438,84.43956043956044,12.43956043956044,2.562170308967596,2232,1653,2338,2900,2186,1481,1150,0,0,0,0,0,394,-58,-129,-76,27,-62,122,124,122,125,121,124,45,47,46,46,46,49,35,8,37,12,3,9
6.4937,,194,14.505494505494505,-13.714285714285714,-24.439560439560438,84.43956043956044,12.43956043956044,2.562170308967596,2270,1653,2338,2900,2186,1481,1150,0,0,0,0,0,280,-62,-129,-76,27,-62,122,124,122,125,121,124,45,47,46,47,46,49,28,8,37,13,3,9
6.5272,,195,17.142857142857142,-13.802197802197803,-24.439560439560438,84.43956043956044,12.43956043956044,2.562170308967596,2306,1653,2338,2900,2186,1481,1100,0,0,0,0,0,348,-62,-129,-76,27,-62,122,124,122,125,121,124,45,47,46,47,45,49,28,9,38,12,1,9
6.5607,,196,19.78021978021978,-13.802197802197803,-24.439560439560438,84.43956043956044,12.43956043956044,2.562170308967596,2338,1652,2338,2900,2186,1481,1000,0,0,0,0,0,330,-62,-129,-76,27,-62,122,124,122,125,121,124,45,48,46,47,46,49,38,9,37,12,2,8
6.5941,,197,22.32967032967033,-13.802197802197803,-24.439560439560438,84.43956043956044,12.43956043956044,2.562170308967596,2371,1652,2338,2900,2186,1481,1000,0,0,0,0,0,431,-62,-129,-76,27,-62,122,124,122,125,121,124,45,47,46,46,46,49,48,9,37,11,2,9
6.6277,,198,24.615384615384617,-13.89010989010989,-24.52747252747253,84.43956043956044,12.43956043956044,2.562170308967596,2402,1652,2338,2900,2187,1481,900,0,0,0,50,0,336,-62,-129,-76,23,-62,122,124,122,125,121,124,45,47,46,46,46,49,55,8,37,11,3,9
6.661,,199,26.725274725274726,-13.89010989010989,-24.52747252747253,84.43956043956044,12.43956043956044,2.562170308967596,2432,1652,2338,2900,2187,1481,900,0,0,0,0,0,316,-65,-132,-76,23,-62,122,124,122,125,121,124,45,47,46,46,46,49,39,9,40,12,1,9
6.6945,,200,28.747252747252748,-13.89010989010989,-24.52747252747253,84.43956043956044,12.43956043956044,2.562170308967596,2461,1652,2338,2900,2187,1481,850,0,0,0,0,0,289,-65,-132,-76,23,-62,122,124,122,125,121,124,45,47,46,46,46,49,35,10,39,12,1,9
6.728,,201,30.945054945054945,-13.978021978021978,-24.52747252747253,84.43956043956044,12.43956043956044,2.562170308967596,2489,1652,2338,2900,2187,1481,800,0,0,0,0,0,264,-65,-132,-76,23,-62,121,124,122,125,121,124,45,47,46,46,45,49,35,9,39,11,1,9
6.7615,,202,33.142857142857146,-14.32967032967033,-24.52747252747253,84.43956043956044,12.43956043956044,2.562170308967596,2515,1652,2338,2900,2187,1481,800,0,0,0,0,0,283,-69,-132,-76,23,-62,122,124,122,125,121,123,45,47,46,46,45,49,33,10,40,12,1,9
6.7951,,203,35.252747252747255,-14.593406593406593,-24.52747252747253,84.43956043956044,12.43956043956044,2.562170308967596,2542,1652,2338,2900,2187,1481,800,0,0,0,0,0,274,-84,-132,-76,23,-62,122,124,122,125,121,123,45,47,46,46,46,49,36,17,39,11,1,9
6.8286,,204,37.0989010989011,-14.76923076923077,-24.52747252747253,84.43956043956044,12.43956043956044,2.562170308967596,2566,1652,2338,2900,2187,1481,750,0,0,0,0,0,349,-93,-132,-76,23,-62,122,124,122,125,121,123,45,47,46,46,46,49,38,20,40,12,1,9
6.862,,205,38.857142857142854,-15.12087912087912,-24.52747252747253,84.43956043956044,12.43956043956044,2.562170308967596,2591,1652,2338,2900,2187,1481,750,0,0,0,0,0,243,-101,-132,-76,23,-62,122,124,122,125,121,123,45,47,46,46,46,49,42,24,40,12,2,9
6.8954,,206,40.61538461538461,-15.472527472527473,-24.52747252747253,84.43956043956044,12.43956043956044,2.562170308967596,2616,1652,2338,2900,2187,1481,750,0,0,0,0,0,219,-115,-132,-76,23,-62,122,124,122,125,121,123,45,47,46,46,45,49,34,31,39,13,1,9
6.9289,,207,42.10989010989011,-15.648351648351648,-24.52747252747253,84.43956043956044,12.43956043956044,2.562170308967596,2638,1652,2338,2900,2187,1481,700,0,0,0,0,0,233,-134,-132,-76,23,-62,122,124,122,125,121,123,45,47,46,46,46,49,31,40,40,12,1,9
6.9624,,208,43.69230769230769,-16.175824175824175,-24.52747252747253,84.43956043956044,12.43956043956044,2.562170308967596,2660,1652,2338,2900,2187,1481,650,0,0,0,0,0,295,-136,-132,-76,23,-62,122,124,122,125,121,123,45,47,46,46,45,49,33,43,39,11,0,9
6.9959,,209,45.18681318681319,-16.615384615384617,-24.439560439560438,84.43956043956044,12.43956043956044,2.562170308967596,2680,1651,2338,2900,2187,1481,600,0,0,0,0,0,193,-160,-132,-76,23,-62,122,124,122,125,121,123,45,48,46,46,46,49,31,54,39,13,1,8
7.0294,,210,46.76923076923077,-16.791208791208792,-24.439560439560438,84.43956043956044,12.43956043956044,2.562170308967596,2701,1648,2338,2900,2187,1481,600,-100,0,0,0,0,175,-160,-129,-76,23,-62,121,124,122,125,121,123,45,47,46,47,46,49,22,53,37,13,1,9
7.0629,,211,48.175824175824175,-17.406593406593405,-24.52747252747253,84.43956043956044,12.43956043956044,2.562170308967596,2720,1644,2338,2900,2187,1481,600,-100,0,0,0,0,253,-157,-129,-76,23,-62,122,124,122,125,121,123,45,48,46,46,46,49,20,54,37,12,1,9
7.0963,,212,49.582417582417584,-17.846153846153847,-24.439560439560438,84.43956043956044,12.43956043956044,2.562170308967596,2738,1640,2338,2900,2187,1481,550,-150,0,0,0,0,179,-189,-132,-76,23,-62,122,124,122,125,121,123,45,47,46,46,46,49,26,53,39,12,1,9
7.1298,,213,50.81318681318681,-18.197802197802197,-24.439560439560438,84.52747252747253,12.43956043956044,2.562170308967596,2756,1633,2338,2900,2187,1481,600,-150,0,0,0,0,168,-169,-129,-76,23,-62,122,124,122,125,121,123,45,48,46,47,46,49,19,41,38,12,1,9
7.1633,,214,51.956043956043956,-18.813186813186814,-24.439560439560438,84.52747252747253,12.43956043956044,2.562170308967596,2773,1627,2338,2900,2187,1481,500,-200,0,0,0,0,233,-153,-129,-72,23,-62,122,124,122,125,121,124,45,48,46,47,46,49,28,39,37,11,1,10
7.1969,,215,53.0989010989011,-19.252747252747252,-24.439560439560438,84.52747252747253,12.43956043956044,2.562170308967596,2788,1621,2338,2901,2187,1481,500,-200,0,0,0,0,128,-159,-129,-161,23,-62,122,124,122,125,121,124,45,47,46,47,45,49,23,33,37,11,1,9
7.2303,,216,54.32967032967033,-19.692307692307693,-24.439560439560438,84.52747252747253,12.43956043956044,2.562170308967596,2804,1614,2338,2901,2187,1481,450,-200,0,0,0,0,143,-169,-129,-76,23,-62,122,124,122,125,121,124,45,47,46,46,46,49,19,34,37,13,1,10
7.2637,,217,55.472527472527474,-20.307692307692307,-24.439560439560438,84.61538461538461,12.43956043956044,2.562170308967596,2819,1608,2338,2901,2187,1481,400,-200,0,0,0,0,136,-159,-129,-76,23,-62,122,124,122,125,121,124,45,47,46,46,46,49,20,27,37,13,1,9
7.2971,,218,56.527472527472526,-20.747252747252748,-24.439560439560438,84.7032967032967,12.43956043956044,2.562170308967596,2834,1601,2338,2901,2187,1481,450,-150,0,0,0,0,121,-163,-129,-72,23,-62,122,124,122,125,121,123,45,47,46,46,46,49,17,30,37,11,1,9
7.3306,,219,57.31868131868132,-21.01098901098901,-24.439560439560438,84.7032967032967,12.43956043956044,2.562170308967596,2847,1595,2338,2901,2187,1481,400,-200,0,0,0,0,106,-54,-129,-69,23,-62,122,124,122,125,121,124,45,48,46,46,46,49,10,34,37,10,1,8
7.3641,,220,57.934065934065934,-21.45054945054945,-24.439560439560438,84.7032967032967,12.43956043956044,2.562170308967596,2861,1589,2338,2901,2187,1481,450,-200,0,0,0,0,162,-129,-129,-69,23,-62,122,124,122,125,121,124,45,47,46,46,45,49,20,33,37,10,1,9
7.3976,,221,58.02197802197802,-21.626373626373628,-24.439560439560438,84.79120879120879,12.43956043956044,2.562170308967596,2872,1583,2338,2901,2187,1481,350,-150,0,0,0,0,173,-145,-129,-69,23,-62,122,124,122,125,121,124,45,47,46,46,46,49,16,9,38,10,1,9
7.431,,222,58.02197802197802,-21.89010989010989,-24.439560439560438,84.79120879120879,12.43956043956044,2.562170308967596,2882,1578,2338,2901,2187,1481,300,-150,0,0,0,0,115,-118,-129,-65,23,-62,122,124,122,125,121,124,45,48,46,47,46,49,10,15,37,10,1,9
7.4644,,223,58.02197802197802,-22.505494505494507,-24.35164835164835,84.87912087912088,12.43956043956044,2.562170308967596,2888,1573,2338,2901,2187,1481,250,-150,0,0,0,0,-30,-111,-129,-65,23,-62,122,124,122,125,121,124,45,47,46,47,46,49,5,17,37,10,1,9
7.4979,,224,57.84615384615385,-23.12087912087912,-24.35164835164835,84.87912087912088,12.0,2.562170308967596,2893,1569,2338,2901,2187,1481,150,-150,0,0,0,0,72,-126,-125,-62,23,-62,122,124,122,125,121,124,45,47,46,47,46,49,3,27,35,8,1,9
7.5313,,225,57.494505494505496,-23.912087912087912,-24.35164835164835,84.87912087912088,11.824175824175825,2.562170308967596,2895,1564,2338,2901,2187,1481,100,-100,0,0,0,0,55,-129,-125,-62,-27,-62,122,124,122,125,121,124,45,47,46,47,46,49,3,31,35,8,2,9
7.5648,,226,57.23076923076923,-24.791208791208792,-24.35164835164835,84.87912087912088,11.648351648351648,2.562170308967596,2896,1559,2338,2901,2187,1481,0,-150,0,0,0,0,32,-169,-125,-62,-34,-62,122,124,122,125,121,124,45,47,46,46,46,49,2,32,36,8,4,9
7.5983,,227,56.79120879120879,-25.75824175824176,-24.35164835164835,84.87912087912088,11.56043956043956,2.562170308967596,2896,1553,2338,2901,2186,1481,0,-150,0,0,0,0,27,-175,-125,-62,-37,-62,122,124,122,125,121,124,45,47,46,46,46,49,1,46,36,8,4,9
7.6317,,228,55.64835164835165,-26.725274725274726,-24.35164835164835,84.87912087912088,11.56043956043956,2.562170308967596,2896,1545,2338,2901,2186,1481,0,-200,0,0,0,0,-24,-103,-125,-62,-41,-62,122,124,122,125,121,124,45,47,46,46,46,49,1,46,36,8,4,9
7.6651,,229,54.065934065934066,-27.78021978021978,-24.35164835164835,84.79120879120879,11.472527472527473,2.562170308967596,2896,1537,2338,2901,2186,1481,0,-250,0,0,0,0,-92,-102,-125,-62,-41,-62,122,124,122,125,121,124,45,48,46,46,46,49,11,44,36,8,4,9
7.6985,,230,51.956043956043956,-29.01098901098901,-24.35164835164835,84.79120879120879,11.472527472527473,2.562170308967596,2893,1528,2338,2901,2186,1481,0,-250,0,0,0,0,-156,-222,-125,-65,-44,-62,122,124,122,125,121,124,45,47,46,46,46,49,23,43,35,10,5,9
7.7319,,231,49.582417582417584,-30.505494505494507,-24.35164835164835,84.87912087912088,11.472527472527473,2.562170308967596,2882,1516,2338,2901,2186,1481,-300,-350,0,0,0,0,-119,-231,-125,-65,-44,-62,122,124,122,125,121,124,45,47,46,47,46,49,31,47,36,9,4,9
7.7654,,232,47.032967032967036,-31.912087912087912,-24.35164835164835,84.87912087912088,11.472527472527473,2.562170308967596,2867,1504,2338,2901,2186,1481,-400,-350,0,0,0,0,-249,-158,-125,-62,-44,-62,122,124,122,125,121,124,45,47,46,47,46,49,32,61,35,8,4,9
7.799,,233,44.48351648351648,-33.31868131868132,-24.35164835164835,84.87912087912088,11.472527472527473,2.562170308967596,2848,1490,2338,2901,2186,1481,-550,-400,0,0,0,0,-196,-247,-125,-62,-44,-62,122,124,122,125,121,124,45,48,46,47,46,49,31,54,36,9,4,9
7.8324,,234,41.75824175824176,-34.637362637362635,-24.35164835164835,84.87912087912088,11.296703296703297,2.562170308967596,2827,1476,2338,2901,2186,1481,-650,-450,0,0,0,0,-218,-161,-125,-62,-44,-62,122,124,122,125,121,124,45,47,46,47,45,49,39,47,36,9,5,9
7.8658,,235,38.76923076923077,-36.043956043956044,-24.35164835164835,84.87912087912088,10.241758241758241,2.562170308967596,2801,1460,2338,2901,2186,1481,-800,-500,0,0,0,0,-255,-179,-125,-62,-51,-62,122,124,122,125,121,124,45,48,46,47,46,49,30,42,35,8,8,9
7.8992,,236,35.78021978021978,-37.18681318681319,-24.35164835164835,84.87912087912088,8.043956043956044,2.562170308967596,2772,1443,2338,2901,2185,1481,-800,-450,0,0,0,0,-268,-175,-125,-62,-119,-62,122,124,122,125,121,124,45,47,46,46,46,49,24,34,35,8,12,9
7.9326,,237,33.05494505494506,-38.24175824175824,-24.35164835164835,84.87912087912088,5.582417582417582,2.562170308967596,2745,1427,2337,2901,2178,1481,-850,-500,-50,0,-150,0,-281,-238,-122,-62,-183,-62,122,124,122,125,121,123,45,47,46,47,46,49,18,31,35,8,27,9
7.9661,,238,30.505494505494507,-39.20879120879121,-24.35164835164835,84.79120879120879,3.4725274725274726,2.562170308967596,2716,1411,2337,2901,2164,1481,-850,-500,0,0,-300,0,-286,-216,-122,-62,-236,-62,122,124,122,125,121,123,45,48,46,47,46,49,17,20,34,9,31,9
7.9995,,239,28.395604395604394,-40.0,-24.35164835164835,84.79120879120879,2.1538461538461537,2.562170308967596,2685,1396,2337,2901,2147,1481,-900,-450,0,0,-500,0,-363,-190,-122,-65,-169,-62,122,124,122,125,121,123,45,47,46,46,46,49,18,24,34,10,32,9
8.0329,,240,26.9010989010989,-40.61538461538461,-24.35164835164835,84.79120879120879,1.3626373626373627,2.562170308967596,2657,1382,2337,2901,2128,1481,-900,-400,0,0,-550,0,-283,-109,-122,-65,-261,-62,122,124,122,125,121,124,45,48,46,47,46,49,34,11,35,10,34,9
8.0663,,241,25.582417582417584,-41.05494505494506,-24.35164835164835,84.79120879120879,0.5714285714285714,2.562170308967596,2628,1371,2337,2901,2110,1481,-850,-400,0,0,-650,0,-324,-84,-122,-65,-121,-62,122,124,122,125,121,124,45,47,46,47,45,49,12,22,34,9,19,9
8.0998,,242,24.263736263736263,-41.67032967032967,-24.35164835164835,84.79120879120879,-0.21978021978021978,2.562170308967596,2603,1361,2337,2901,2094,1481,-750,-300,0,0,-450,0,-190,-137,-122,-65,-185,-62,122,124,122,125,121,124,45,47,46,47,46,49,16,17,34,9,12,9
8.1332,,243,22.945054945054945,-42.285714285714285,-24.35164835164835,84.79120879120879,-1.098901098901099,2.562170308967596,2581,1353,2337,2901,2080,1481,-600,-250,0,0,-450,0,-159,-134,-122,-65,-65,-62,122,124,122,125,121,124,45,48,46,46,46,49,17,12,34,9,4,9
8.1667,,244,21.626373626373628,-43.07692307692308,-24.35164835164835,84.79120879120879,-1.8021978021978022,2.562170308967596,2562,1344,2337,2901,2069,1481,-600,-250,0,0,-350,0,-254,-35,-122,-65,-86,-62,122,124,122,125,121,124,45,47,46,47,46,49,16,13,34,9,20,9
8.2002,,245,20.395604395604394,-44.043956043956044,-24.35164835164835,84.79120879120879,-2.1538461538461537,2.562170308967596,2543,1335,2337,2901,2057,1481,-550,-250,0,0,-350,0,-147,-151,-122,-65,-148,-62,122,124,122,125,121,124,45,47,46,46,45,49,14,11,34,9,7,9
8.2336,,246,19.428571428571427,-44.92307692307692,-24.35164835164835,84.87912087912088,-2.4175824175824174,2.562170308967596,2522,1325,2337,2901,2047,1481,-650,-300,0,0,-300,0,-202,-150,-122,-65,-108,-62,122,124,122,125,121,124,45,47,46,46,46,49,2,4,33,9,9,9
8.267,,247,18.725274725274726,-45.714285714285715,-24.35164835164835,84.87912087912088,-2.5054945054945055,2.562170308967596,2506,1313,2337,2901,2041,1481,-550,-350,0,0,-250,0,-83,-47,-122,-62,-90,-62,122,124,122,125,121,124,45,47,46,46,46,49,3,5,34,8,8,9
8.3005,,248,18.021978021978022,-46.505494505494504,-24.35164835164835,84.87912087912088,-2.5054945054945055,2.562170308967596,2492,1298,2336,2901,2035,1481,-450,-450,0,0,-200,0,-131,-108,-33,-62,-72,-62,122,124,122,125,121,124,45,48,46,46,46,49,4,2,35,7,9,9
8.3339,,249,17.318681318681318,-46.94505494505494,-24.35164835164835,84.87912087912088,-2.5054945054945055,2.562170308967596,2482,1287,2336,2901,2032,1481,-350,-350,0,0,-100,0,-151,-119,-118,-62,-65,-62,122,124,122,125,121,124,45,47,46,46,46,49,5,1,31,9,8,9
8.3672,,250,16.791208791208792,-47.2967032967033,-24.35164835164835,84.87912087912088,-2.5054945054945055,2.562170308967596,2471,1278,2336,2901,2029,1481,-300,-300,0,0,-50,0,-49,-83,-118,-62,-55,-62,122,124,122,125,121,124,45,47,46,47,46,49,8,2,31,9,6,9
8.4007,,251,16.263736263736263,-47.472527472527474,-24.35164835164835,84.87912087912088,-2.5054945054945055,2.562170308967596,2461,1270,2335,2901,2028,1481,-350,-250,0,0,-50,0,-109,-62,-115,-62,-48,-62,122,124,122,125,121,124,45,47,46,46,46,49,2,0,30,9,4,9
8.4341,,252,15.912087912087912,-47.472527472527474,-24.35164835164835,84.87912087912088,-2.5054945054945055,2.562170308967596,2450,1262,2332,2901,2028,1481,-350,-200,-50,0,0,0,-82,80,-104,-62,-48,-62,122,124,122,125,121,124,45,47,46,46,46,49,3,0,22,8,6,9
8.4675,,253,15.648351648351648,-47.472527472527474,-24.35164835164835,84.87912087912088,-2.5054945054945055,2.562170308967596,2444,1255,2327,2901,2028,1481,-200,-200,-150,0,0,0,-69,0,-86,-62,-48,-62,122,124,122,125,121,124,45,47,46,47,46,49,5,0,16,8,5,9
8.501,,254,15.648351648351648,-47.38461538461539,-24.263736263736263,84.87912087912088,-2.5054945054945055,2.562170308967596,2439,1251,2322,2901,2027,1481,-100,-200,-200,0,-50,0,-69,34,-72,-62,-44,-62,122,124,122,125,121,124,45,47,46,47,46,49,6,3,4,8,5,9
8.5344,,255,15.648351648351648,-47.2967032967033,-24.263736263736263,84.87912087912088,-2.5934065934065935,2.562170308967596,2434,1251,2320,2901,2027,1481,-150,0,-100,0,0,0,-48,37,-58,-62,-44,-62,122,124,122,125,121,124,45,48,46,47,45,49,3,3,3,8,5,9
8.568,,256,15.648351648351648,-47.2967032967033,-24.263736263736263,84.7032967032967,-3.032967032967033,2.562170308967596,2432,1251,2320,2901,2027,1481,-100,0,0,0,0,0,-37,41,-58,-62,-48,-62,122,124,122,125,121,124,45,47,46,47,46,49,2,3,5,8,6,9
8.6015,,257,15.648351648351648,-47.20879120879121,-24.263736263736263,84.7032967032967,-3.6483516483516483,2.562170308967596,2430,1251,2320,2901,2027,1481,-100,0,0,0,0,0,-30,41,-58,-69,-65,-62,122,124,122,125,121,124,45,47,46,47,46,49,1,2,7,11,12,9
8.6349,,258,15.648351648351648,-47.20879120879121,-24.263736263736263,84.7032967032967,-3.7362637362637363,2.562170308967596,2428,1251,2320,2901,2024,1481,-50,0,0,0,-50,0,-27,44,-58,-69,-19,-62,122,124,122,125,121,124,45,47,46,46,46,49,1,3,7,11,15,10
8.6683,,259,15.736263736263735,-47.472527472527474,-24.263736263736263,84.87912087912088,-3.3846153846153846,2.562170308967596,2428,1251,2320,2901,2020,1481,0,0,0,0,-100,0,-23,44,-58,-69,-72,-62,122,124,122,125,121,124,45,47,46,46,45,49,0,4,7,10,9,9
8.7017,,260,15.736263736263735,-47.56043956043956,-24.263736263736263,84.87912087912088,-3.2967032967032965,2.562170308967596,2426,1251,2320,2901,2018,1481,-50,0,0,0,-100,0,0,34,-58,-62,-48,-62,122,124,122,125,121,124,45,47,46,46,46,49,0,1,7,8,5,9
8.7351,,261,15.736263736263735,-47.56043956043956,-24.263736263736263,84.87912087912088,-3.208791208791209,2.562170308967596,2426,1251,2320,2901,2018,1481,0,0,0,0,0,0,0,30,-58,-62,-44,-62,122,124,122,125,121,124,45,48,46,47,46,49,0,0,6,8,5,9
8.7685,,262,15.736263736263735,-47.20879120879121,-24.263736263736263,84.79120879120879,-3.120879120879121,2.562170308967596,2426,1251,2320,2901,2018,1481,0,0,0,0,0,0,0,30,-58,-62,-41,-62,122,124,122,125,121,124,45,47,46,47,46,49,0,1,7,7,4,9
8.8019,,263,15.736263736263735,-46.15384615384615,-24.175824175824175,84.61538461538461,-3.7362637362637363,2.562170308967596,2426,1251,2320,2901,2018,1481,0,0,0,0,0,0,0,52,-58,-65,-37,-62,122,124,122,125,121,124,45,48,46,47,46,49,0,4,8,10,4,9
8.8353,,264,15.736263736263735,-42.989010989010985,-24.0,84.52747252747253,-3.8241758241758244,2.562170308967596,2426,1251,2320,2901,2018,1481,0,0,0,0,0,0,0,113,-55,-72,-78,-62,122,124,122,125,121,124,45,48,46,47,46,49,0,19,5,12,14,9
8.8687,,265,15.736263736263735,-37.010989010989015,-23.64835164835165,84.35164835164835,-3.8241758241758244,2.562170308967596,2426,1252,2320,2901,2016,1481,0,0,0,0,-50,0,0,131,-48,-76,-58,-62,122,124,122,125,121,124,45,47,46,47,46,49,0,63,4,13,8,9
8.9022,,266,15.736263736263735,-28.307692307692307,-23.64835164835165,83.2967032967033,-3.8241758241758244,2.562170308967596,2426,1262,2320,2901,2014,1481,0,200,0,0,-50,0,0,391,-34,-83,-51,-62,122,124,122,125,121,124,45,48,46,47,46,49,0,137,1,16,7,9
8.9356,,267,15.648351648351648,-17.67032967032967,-23.912087912087912,79.6923076923077,-3.8241758241758244,2.562170308967596,2426,1281,2317,2901,2014,1481,0,500,-50,0,0,0,0,588,-27,-147,-51,-62,121,124,122,124,121,123,45,47,46,47,46,49,0,228,0,36,8,9
8.9691,,268,16.439560439560438,-6.241758241758242,-24.175824175824175,73.8021978021978,-3.8241758241758244,2.562170308967596,2426,1314,2314,2895,2014,1481,0,950,-50,-150,0,0,0,663,-30,-228,-51,-62,121,123,121,124,120,123,45,48,46,47,46,49,0,375,1,60,7,9
9.0026,,269,16.967032967032967,3.6923076923076925,-24.263736263736263,65.89010989010988,-3.2967032967032965,2.562170308967596,2426,1357,2309,2878,2014,1481,0,1150,-200,-350,0,0,69,891,0,-397,-51,-62,120,122,120,123,119,122,45,48,46,46,46,49,7,536,0,86,7,9
9.036,,270,18.197802197802197,11.164835164835164,-24.175824175824175,58.417582417582416,-3.208791208791209,2.562170308967596,2427,1418,2308,2850,2014,1481,0,1650,-50,-750,0,0,66,977,0,-469,-23,-62,120,122,120,122,119,121,45,47,46,46,46,49,8,678,0,125,2,9
9.0694,,271,19.076923076923077,16.35164835164835,-24.175824175824175,52.35164835164835,-3.032967032967033,2.4868123587038435,2430,1493,2308,2809,2014,1481,100,2150,0,-1250,0,0,128,985,0,-593,-27,-62,120,122,120,122,119,121,45,48,46,47,45,49,20,468,0,150,1,9
9.1028,,272,19.252747252747252,18.54945054945055,-24.175824175824175,49.53846153846154,-2.9450549450549453,2.4868123587038435,2436,1578,2315,2755,2014,1481,150,2400,100,-1450,0,0,147,987,-27,-584,0,-65,120,122,120,122,119,121,45,47,46,46,46,49,26,403,1,150,1,9
9.1362,,273,18.98901098901099,19.252747252747252,-24.175824175824175,49.362637362637365,-2.9450549450549453,2.4868123587038435,2442,1666,2317,2696,2014,1481,200,2700,100,-1700,0,0,108,923,-44,-579,0,-65,120,122,120,123,119,122,45,47,46,46,46,49,17,255,2,109,0,9
9.1696,,274,18.54945054945055,19.34065934065934,-24.0,49.362637362637365,-2.9450549450549453,2.4868123587038435,2446,1769,2317,2641,2013,1481,150,2800,0,-1800,0,0,-37,779,-44,-450,0,-65,121,123,121,124,120,123,45,48,46,46,45,49,7,39,4,32,0,10
9.2031,,275,18.285714285714285,19.076923076923077,-23.824175824175825,49.714285714285715,-2.9450549450549453,2.4868123587038435,2449,1855,2316,2586,2013,1481,100,2750,0,-1550,0,0,51,394,-34,-223,0,-65,121,124,122,124,121,123,45,48,46,46,46,49,5,5,2,4,0,9
9.2365,,276,18.10989010989011,19.076923076923077,-23.824175824175825,49.8021978021978,-2.9450549450549453,2.4868123587038435,2449,1927,2321,2548,2013,1481,0,2300,50,-1050,0,0,41,68,-129,-149,0,-65,122,124,122,125,121,124,45,47,46,46,45,49,4,1,1,1,0,10
9.2699,,277,18.10989010989011,18.98901098901099,-23.912087912087912,49.8021978021978,-2.9450549450549453,2.4868123587038435,2449,1995,2333,2533,2015,1481,0,2000,350,-400,100,0,34,-45,-157,-104,0,-65,122,124,122,125,121,124,45,48,46,46,46,49,2,33,32,0,0,10
9.3033,,278,18.10989010989011,18.725274725274726,-23.912087912087912,49.8021978021978,-2.857142857142857,2.4868123587038435,2450,2041,2338,2525,2015,1481,50,1250,100,-350,0,0,30,-168,-104,-146,0,-65,121,124,122,125,121,123,45,47,46,47,45,49,2,209,41,23,0,9
9.3367,,279,18.285714285714285,18.373626373626372,-23.912087912087912,49.89010989010989,-2.769230769230769,2.4868123587038435,2451,2055,2339,2519,2015,1481,50,650,100,-150,0,0,27,-178,-111,-40,0,-65,121,124,122,124,121,123,45,47,46,46,46,49,2,142,39,26,0,10
9.3701,,280,18.46153846153846,17.67032967032967,-23.824175824175825,49.97802197802198,-2.681318681318681,2.4868123587038435,2451,2052,2335,2514,2014,1481,0,-100,-150,-150,-50,0,34,-185,-97,-101,23,-65,122,124,122,125,121,123,45,47,46,47,46,49,4,68,23,15,1,10
9.4034,,281,18.63736263736264,17.142857142857142,-23.736263736263737,49.97802197802198,-2.681318681318681,2.4868123587038435,2451,2047,2334,2510,2014,1481,0,-150,-50,-150,0,0,41,-200,-90,-86,27,-65,122,124,122,125,121,124,45,47,46,47,46,49,5,62,18,11,2,10
9.4368,,282,18.725274725274726,16.791208791208792,-23.736263736263737,49.97802197802198,-2.681318681318681,2.4868123587038435,2450,2042,2334,2507,2014,1481,-50,-200,0,-100,0,0,51,-211,-86,-76,27,-65,122,124,122,125,121,124,45,47,46,47,45,49,8,79,17,7,2,10
9.4702,,283,18.725274725274726,16.263736263736263,-23.64835164835165,50.065934065934066,-2.681318681318681,2.4868123587038435,2450,2041,2335,2506,2014,1481,0,-100,0,-50,0,0,55,-206,-86,-69,27,-65,122,124,122,125,121,124,45,47,46,47,46,49,8,94,21,9,2,10
9.5036,,284,18.813186813186814,15.56043956043956,-23.560439560439562,50.065934065934066,-2.681318681318681,2.4868123587038435,2450,2042,2335,2506,2014,1481,0,0,50,-50,0,0,55,-237,-86,-65,27,-65,122,124,122,125,121,124,45,47,46,47,46,49,8,118,17,8,2,10
9.537,,285,18.9010989010989,14.945054945054945,-23.560439560439562,50.065934065934066,-2.681318681318681,2.4868123587038435,2450,2042,2335,2506,2014,1481,0,0,0,0,0,0,58,-269,-83,-65,27,-65,122,124,122,125,121,123,45,47,46,47,46,49,8,148,16,9,1,10
9.5704,,286,18.9010989010989,14.153846153846153,-23.47252747252747,50.15384615384615,-2.681318681318681,2.4868123587038435,2450,2042,2335,2505,2014,1481,0,0,0,0,0,0,62,-303,-83,-65,27,-65,121,124,122,125,121,123,45,48,46,47,46,49,10,173,15,9,2,10
9.6038,,287,18.813186813186814,13.274725274725276,-23.47252747252747,50.94505494505494,-2.681318681318681,2.4868123587038435,2450,2040,2335,2505,2014,1481,0,0,0,0,0,0,62,-334,-79,-58,27,-65,121,124,122,124,121,123,45,48,46,46,46,49,10,191,14,6,2,10
9.6372,,288,18.54945054945055,12.131868131868131,-23.47252747252747,52.967032967032964,-2.681318681318681,2.4868123587038435,2450,2035,2336,2505,2014,1481,0,-150,0,0,0,0,58,-346,-79,23,27,-65,121,124,122,124,121,123,45,47,46,46,46,49,8,196,29,1,3,10
9.6706,,289,18.10989010989011,10.461538461538462,-23.47252747252747,55.604395604395606,-2.681318681318681,2.4868123587038435,2450,2029,2336,2506,2014,1481,0,-200,0,50,0,0,48,-377,-83,110,27,-65,121,124,122,124,121,123,45,47,46,46,46,49,5,228,18,13,2,10
9.7041,,290,17.582417582417584,8.175824175824175,-23.47252747252747,59.120879120879124,-2.681318681318681,2.4868123587038435,2450,2019,2336,2515,2014,1481,0,-250,0,100,0,0,30,-406,-83,99,27,-65,121,123,122,124,121,123,45,47,46,47,45,49,2,244,16,21,2,10
9.7377,,291,16.35164835164835,4.835164835164835,-23.47252747252747,62.989010989010985,-2.681318681318681,2.4868123587038435,2450,2004,2336,2530,2014,1481,0,-400,0,400,0,0,-107,-461,-83,268,27,-65,121,123,121,124,121,123,45,47,46,46,46,49,3,224,16,34,2,10
9.7712,,292,15.208791208791208,0.5274725274725275,-23.47252747252747,66.94505494505495,-2.9450549450549453,2.4868123587038435,2450,1985,2336,2553,2014,1481,0,-500,0,550,0,0,-99,-433,-83,253,27,-65,121,123,121,124,120,123,45,47,46,47,46,49,14,238,16,27,2,9
9.8047,,293,13.802197802197803,-5.010989010989011,-23.47252747252747,71.6043956043956,-3.120879120879121,2.4868123587038435,2445,1963,2336,2582,2014,1481,-50,-650,0,750,0,0,-128,-509,-83,309,0,-65,121,123,121,124,120,123,45,48,46,47,46,49,12,326,16,36,0,10
9.8381,,294,11.252747252747254,-11.780219780219781,-23.47252747252747,75.56043956043956,-3.2967032967032965,2.4868123587038435,2437,1935,2336,2615,2014,1481,-250,-800,0,950,0,0,-156,-605,-83,365,-23,-65,121,123,121,124,120,123,45,47,46,47,46,49,14,342,16,36,1,10
9.8714,,295,7.736263736263736,-18.9010989010989,-23.47252747252747,78.1978021978022,-2.857142857142857,2.4868123587038435,2427,1899,2336,2651,2014,1481,-300,-1050,0,1100,0,0,-222,-707,-83,411,-30,-65,121,123,121,123,120,122,45,48,46,46,46,49,30,435,15,42,3,10
9.9049,,296,3.956043956043956,-24.967032967032967,-23.47252747252747,79.25274725274726,-2.681318681318681,2.4868123587038435,2413,1854,2336,2692,2014,1481,-400,-1350,0,1200,0,0,-310,-807,-83,399,0,-65,120,122,120,123,120,122,45,48,46,46,45,49,60,521,15,28,1,10
9.9382,,297,1.5824175824175823,-29.714285714285715,-23.384615384615383,79.51648351648352,-2.681318681318681,2.4868123587038435,2393,1803,2336,2732,2014,1481,-550,-1450,0,1200,0,0,-304,-790,-83,225,27,-65,120,122,120,123,119,122,45,47,46,46,46,49,93,515,16,5,3,10
9.9718,,298,0.967032967032967,-32.175824175824175,-23.384615384615383,79.86813186813187,-2.681318681318681,2.4868123587038435,2367,1743,2335,2768,2014,1481,-750,-1750,0,1050,0,0,-323,-804,-79,160,27,-65,120,122,120,123,119,122,45,47,46,46,46,49,62,385,14,1,2,10
10.0052,,299,1.1428571428571428,-33.05494505494506,-23.384615384615383,80.48351648351648,-2.5934065934065935,2.4868123587038435,2336,1678,2335,2792,2014,1481,-850,-1850,-50,950,0,0,-228,-730,-76,72,27,-65,120,123,121,123,120,122,45,48,46,46,45,49,18,302,13,0,2,9
10.0385,,300,1.2307692307692308,-33.31868131868132,-23.384615384615383,82.06593406593407,-2.5934065934065935,2.4868123587038435,2309,1619,2335,2810,2014,1481,-1000,-1850,0,550,0,0,-121,-638,-76,67,30,-65,121,123,121,124,120,123,45,47,46,47,46,49,5,181,13,0,3,10
10.072,,301,1.4945054945054945,-33.40659340659341,-23.47252747252747,84.26373626373626,-2.5934065934065935,2.4868123587038435,2289,1564,2334,2824,2014,1481,-600,-1700,-50,400,0,0,-129,-419,-72,161,30,-65,121,124,122,124,121,123,45,47,46,46,46,49,1,59,11,2,3,10
10.1054,,302,1.8461538461538463,-33.494505494505496,-23.47252747252747,86.1978021978022,-2.5934065934065935,2.4868123587038435,2276,1520,2333,2837,2014,1481,-550,-1450,0,400,0,0,59,-241,-72,120,30,-65,122,124,122,125,121,123,45,47,46,46,46,49,0,15,9,6,3,9
10.1388,,303,1.8461538461538463,-33.582417582417584,-23.47252747252747,87.16483516483517,-2.5934065934065935,2.4868123587038435,2270,1488,2332,2856,2014,1481,-250,-1100,-50,500,0,0,-23,-199,-69,215,30,-65,122,124,122,125,121,124,45,47,46,47,46,49,1,2,10,8,2,10
10.1723,,304,1.8461538461538463,-33.934065934065934,-23.47252747252747,87.34065934065934,-2.681318681318681,2.4868123587038435,2268,1458,2332,2875,2014,1481,-50,-1000,0,600,0,0,0,-90,-69,78,30,-65,122,124,122,125,121,124,45,47,46,46,46,49,0,0,10,2,3,10
10.2058,,305,1.8461538461538463,-34.10989010989011,-23.47252747252747,87.25274725274726,-2.681318681318681,2.4868123587038435,2267,1438,2332,2892,2014,1481,-50,-550,0,450,0,0,23,-58,-69,30,27,-65,122,124,122,125,121,124,45,47,46,46,45,49,1,0,10,0,2,10
10.2392,,306,1.8461538461538463,-34.10989010989011,-23.47252747252747,87.25274725274726,-2.681318681318681,2.4868123587038435,2270,1423,2330,2902,2014,1481,100,-500,-50,400,0,0,0,37,-65,69,27,-65,122,124,123,125,122,124,45,47,46,47,45,49,0,0,8,0,3,10
10.2726,,307,1.7582417582417582,-34.10989010989011,-23.47252747252747,87.25274725274726,-2.681318681318681,2.4868123587038435,2270,1414,2327,2906,2014,1481,0,-250,-50,150,0,0,0,-41,-55,48,27,-65,122,124,123,125,122,124,45,48,46,47,46,49,0,0,5,0,2,10
10.3061,,308,1.6703296703296704,-33.934065934065934,-23.384615384615383,87.34065934065934,-2.681318681318681,2.4868123587038435,2269,1408,2327,2911,2014,1481,0,-250,-100,150,0,0,0,0,-51,34,27,-65,122,124,123,125,122,124,45,47,46,47,46,49,1,0,5,0,2,10
10.3395,,309,1.4945054945054945,-33.67032967032967,-23.384615384615383,87.34065934065934,-2.681318681318681,2.4868123587038435,2267,1406,2329,2913,2014,1481,-100,-150,50,100,0,0,0,30,-55,30,27,-65,122,124,122,125,122,124,45,48,46,46,46,49,0,12,4,0,1,10
10.3729,,310,1.2307692307692308,-33.494505494505496,-23.384615384615383,87.34065934065934,-2.857142857142857,2.4868123587038435,2267,1408,2330,2916,2014,1481,0,50,0,50,0,0,-23,37,-55,0,27,-65,122,124,123,125,122,124,45,47,46,46,46,49,2,2,5,0,1,10
10.4063,,311,1.1428571428571428,-33.40659340659341,-23.384615384615383,87.34065934065934,-3.120879120879121,2.4868123587038435,2267,1417,2331,2917,2014,1481,0,100,50,50,0,0,-34,0,-58,0,0,-65,122,124,122,125,122,124,45,48,46,47,45,49,3,0,6,0,0,11
10.4397,,312,1.054945054945055,-33.05494505494506,-23.208791208791208,87.34065934065934,-3.208791208791209,2.4868123587038435,2265,1419,2331,2917,2014,1481,-50,200,50,0,0,0,-30,-27,-62,0,-23,-65,122,124,123,125,122,124,45,47,46,47,46,49,2,0,8,0,2,10
10.4731,,313,0.967032967032967,-32.26373626373626,-23.032967032967033,87.34065934065934,-3.2967032967032965,2.4868123587038435,2263,1420,2331,2917,2014,1481,-50,50,0,0,0,0,90,0,-55,0,-27,-65,122,124,123,125,122,124,45,48,46,46,46,49,1,0,4,0,2,10
10.5065,,314,0.5274725274725275,-31.560439560439562,-22.945054945054945,87.34065934065934,-3.2967032967032965,2.4868123587038435,2262,1420,2331,2917,2014,1481,-50,0,0,0,0,0,-30,72,-48,0,-30,-65,122,124,123,125,122,124,45,48,46,46,46,49,3,6,3,0,2,10
10.5398,,315,-0.7912087912087912,-30.505494505494507,-22.945054945054945,87.34065934065934,-3.2967032967032965,2.562170308967596,2261,1425,2331,2917,2014,1481,0,100,0,0,0,0,-53,-40,-44,0,-30,-65,122,124,123,125,122,124,45,47,46,46,46,49,4,4,4,0,2,10
10.5734,,316,-2.989010989010989,-29.274725274725274,-22.945054945054945,87.34065934065934,-3.3846153846153846,2.562170308967596,2255,1432,2331,2917,2014,1481,-200,200,0,0,0,0,-103,107,-44,0,-30,-62,122,124,123,125,122,124,45,48,46,47,45,49,11,6,4,0,2,9
10.6068,,317,-5.802197802197802,-28.395604395604394,-22.945054945054945,87.34065934065934,-3.3846153846153846,2.562170308967596,2247,1441,2331,2917,2014,1481,-150,200,0,0,0,0,-166,33,-44,0,-34,-62,122,124,122,125,122,124,45,47,46,46,46,49,13,7,4,0,4,9
10.6402,,318,-9.406593406593407,-27.428571428571427,-22.945054945054945,87.34065934065934,-3.2967032967032965,2.562170308967596,2233,1451,2331,2917,2014,1481,-350,300,0,0,0,0,-225,-17,-44,0,-34,-62,122,124,122,125,122,124,45,48,46,47,46,49,23,2,4,0,3,10
10.6737,,319,-13.714285714285714,-26.021978021978022,-22.945054945054945,87.34065934065934,-3.120879120879121,2.562170308967596,2217,1461,2331,2917,2014,1481,-450,300,0,0,0,0,-222,133,-44,0,-30,-62,122,124,122,125,121,124,45,47,46,47,45,49,34,7,3,0,3,9
10.7071,,320,-19.252747252747252,-24.52747252747253,-22.76923076923077,87.42857142857143,-2.9450549450549453,2.562170308967596,2191,1473,2331,2917,2014,1481,-750,300,0,0,0,0,-298,63,-44,0,-23,-62,122,124,122,125,121,124,45,47,46,46,45,49,32,9,3,0,1,9
10.7405,,321,-23.64835164835165,-23.384615384615383,-21.802197802197803,87.42857142857143,-2.681318681318681,2.562170308967596,2164,1484,2330,2917,2016,1481,-750,350,0,0,50,0,-391,165,-37,0,-23,-62,122,124,122,125,121,124,45,48,46,46,46,49,66,6,1,0,1,9
10.7741,,322,-26.63736263736264,-22.76923076923077,-20.395604395604394,87.42857142857143,-2.5934065934065935,2.562170308967596,2122,1492,2331,2917,2014,1481,-1300,350,0,0,-50,0,-424,167,54,0,27,-62,122,124,122,125,121,124,45,47,46,47,46,49,60,8,1,0,2,9
10.8077,,323,-28.483516483516482,-22.065934065934066,-18.63736263736264,87.34065934065934,-2.5934065934065935,2.562170308967596,2079,1504,2335,2917,2014,1481,-1250,400,100,0,0,0,-420,47,101,0,30,-62,122,124,122,125,121,124,45,47,46,47,45,49,35,9,9,0,3,9
10.8411,,324,-29.0989010989011,-21.714285714285715,-16.87912087912088,87.25274725274726,-2.5934065934065935,2.562170308967596,2035,1513,2343,2917,2014,1481,-1300,300,150,0,0,0,-302,160,156,0,30,-62,122,124,122,125,122,124,45,47,46,46,45,49,8,12,10,0,3,9
10.8745,,325,-29.186813186813186,-21.53846153846154,-15.56043956043956,87.16483516483517,-2.5934065934065935,2.562170308967596,2001,1517,2354,2917,2014,1481,-1150,100,300,0,0,0,-267,132,187,-23,30,-62,122,124,122,125,121,124,45,47,46,47,46,49,1,28,6,0,4,9
10.9079,collision,326,-29.186813186813186,-21.36263736263736,-14.68131868131868,87.16483516483517,-2.5934065934065935,2.562170308967596,1972,1517,2369,2917,2014,1481,-900,100,350,0,0,0,-142,136,183,-27,30,-62,122,124,122,125,121,124,45,47,46,46,46,49,0,42,5,0,3,9
10.9413,,327,-29.274725274725274,-21.274725274725274,-14.32967032967033,87.16483516483517,-2.5054945054945055,2.562170308967596,1951,1517,2383,2917,2014,1481,-750,0,450,0,0,0,-146,143,147,-27,30,-62,122,124,122,125,121,124,45,47,46,46,46,49,0,50,4,0,2,9
10.9748,,328,-29.274725274725274,-21.274725274725274,-14.153846153846153,87.07692307692308,-2.4175824175824174,2.562170308967596,1938,1517,2395,2917,2014,1481,-450,0,350,0,0,0,-101,146,23,-27,34,-62,122,124,122,125,121,124,45,48,46,46,45,49,1,51,1,0,3,8
11.0083,,329,-29.274725274725274,-21.0989010989011,-14.153846153846153,87.07692307692308,-1.4505494505494505,2.562170308967596,1932,1517,2405,2917,2014,1481,-200,0,300,0,0,0,37,146,90,-30,37,-62,122,124,122,125,121,124,45,48,46,46,46,49,0,50,1,0,4,8
11.0417,,330,-29.274725274725274,-20.571428571428573,-14.153846153846153,86.98901098901099,0.7472527472527473,2.562170308967596,1928,1516,2409,2917,2015,1481,-150,0,200,0,0,0,-65,157,65,-30,100,-62,122,124,122,125,121,124,45,47,46,46,46,49,3,56,2,0,13,9
11.0752,,331,-28.923076923076923,-20.13186813186813,-14.065934065934066,87.16483516483517,3.4725274725274726,2.562170308967596,1926,1516,2409,2917,2022,1481,-100,0,0,0,200,0,-55,183,65,-34,169,-62,122,124,122,125,121,124,45,47,46,46,46,49,5,74,3,1,18,9
11.1087,,332,-27.956043956043956,-19.604395604395606,-13.978021978021978,87.16483516483517,6.197802197802198,2.562170308967596,1925,1515,2411,2917,2035,1481,-50,-50,50,0,400,0,-37,199,62,-27,228,-62,122,124,122,125,121,124,45,48,46,46,45,49,3,91,5,0,18,9
11.1421,,333,-26.285714285714285,-18.54945054945055,-13.978021978021978,87.16483516483517,8.571428571428571,2.562170308967596,1925,1515,2412,2917,2054,1481,0,0,50,0,550,0,0,237,62,-27,282,-62,122,124,122,125,121,124,45,47,46,46,46,49,1,110,6,0,20,9
11.1756,,334,-23.208791208791208,-17.75824175824176,-13.89010989010989,87.07692307692308,10.593406593406593,2.4868123587038435,1928,1515,2412,2917,2077,1481,50,0,0,0,650,0,120,289,62,-27,215,-62,122,124,122,125,121,123,45,48,46,46,46,49,12,148,8,0,26,9
11.2091,,335,-18.813186813186814,-16.87912087912088,-13.802197802197803,87.07692307692308,12.615384615384615,2.4868123587038435,1933,1515,2412,2917,2101,1481,150,0,0,0,700,0,221,306,65,-30,296,-65,121,124,122,124,121,123,45,47,46,46,46,49,13,184,9,1,13,10
11.2426,,336,-14.065934065934066,-16.087912087912088,-13.802197802197803,86.98901098901099,15.076923076923077,2.4868123587038435,1948,1515,2412,2917,2124,1481,300,0,0,0,700,0,327,348,69,-30,201,-65,121,123,122,124,121,123,45,48,46,46,45,49,50,224,10,0,14,10
11.2761,,337,-9.054945054945055,-15.56043956043956,-13.802197802197803,86.9010989010989,18.417582417582416,2.562170308967596,1972,1515,2412,2917,2149,1481,650,0,0,0,750,0,336,365,69,-34,208,-65,121,123,121,124,120,123,45,47,46,47,46,49,74,264,10,0,19,10
11.3096,,338,-3.956043956043956,-15.296703296703297,-13.802197802197803,86.81318681318682,23.604395604395606,2.562170308967596,2002,1515,2412,2917,2176,1481,850,0,0,0,750,0,508,399,69,-37,254,-62,121,123,121,124,120,123,45,47,46,47,46,49,87,291,10,1,30,9
11.3431,,339,1.4065934065934067,-15.296703296703297,-13.802197802197803,86.98901098901099,30.63736263736264,2.637528259231349,2040,1515,2412,2917,2204,1481,1150,0,0,0,850,0,494,393,69,-41,324,-62,121,123,121,124,120,122,45,47,46,47,46,49,94,300,10,2,32,9
11.3765,,340,6.065934065934066,-15.56043956043956,-13.802197802197803,87.07692307692308,38.637362637362635,2.637528259231349,2080,1515,2411,2917,2235,1481,1250,0,0,0,950,0,548,393,157,-34,438,-58,121,123,121,124,120,122,45,47,46,46,46,49,128,299,11,0,72,7
11.4099,,341,9.758241758241759,-16.0,-13.802197802197803,87.07692307692308,45.67032967032967,2.562170308967596,2125,1515,2411,2917,2278,1481,1300,0,0,0,1250,0,588,382,72,-30,554,-58,120,123,121,123,120,122,45,48,46,46,46,49,124,283,11,0,80,8
11.4433,,342,12.483516483516484,-16.263736263736263,-13.802197802197803,87.16483516483517,52.08791208791209,2.562170308967596,2172,1515,2410,2917,2330,1481,1350,0,0,0,1400,0,503,365,76,-30,560,-62,120,122,120,123,120,122,45,47,46,46,46,49,149,256,11,0,93,9
11.4767,,343,15.12087912087912,-16.439560439560438,-13.802197802197803,87.25274725274726,57.27472527472528,2.562170308967596,2214,1514,2410,2917,2387,1481,1300,0,0,0,1700,0,592,357,76,-27,623,-62,120,122,120,123,120,122,45,48,46,46,46,49,138,245,12,0,112,9
11.5101,,344,17.494505494505493,-16.791208791208792,-13.802197802197803,87.07692307692308,61.582417582417584,2.562170308967596,2258,1514,2410,2917,2452,1481,1350,-50,0,0,1800,0,550,350,76,-23,643,-62,120,122,120,123,120,122,45,47,46,46,45,49,149,240,12,0,85,9
11.5434,,345,19.076923076923077,-17.142857142857142,-13.978021978021978,86.9010989010989,63.956043956043956,2.562170308967596,2298,1513,2408,2917,2519,1481,1200,-50,-50,0,1950,0,502,340,83,-30,709,-62,120,123,121,123,120,122,45,48,46,46,46,49,137,225,14,0,55,9
11.577,,346,19.604395604395606,-17.23076923076923,-14.065934065934066,86.9010989010989,64.83516483516483,2.562170308967596,2335,1513,2407,2917,2585,1481,1150,0,0,0,2000,0,424,326,79,-37,621,-62,121,123,121,124,120,122,45,47,46,46,46,49,105,209,15,2,16,9
11.6105,,347,19.692307692307693,-17.582417582417584,-13.89010989010989,87.07692307692308,64.83516483516483,2.562170308967596,2366,1513,2408,2916,2642,1481,950,0,100,0,1800,0,350,322,69,-41,440,-62,121,123,121,124,120,123,45,47,46,46,45,49,71,206,9,5,4,9
11.6439,,348,19.692307692307693,-17.75824175824176,-13.89010989010989,87.25274725274726,64.48351648351648,2.562170308967596,2388,1512,2407,2917,2689,1481,600,-50,0,100,1300,0,245,308,83,-27,227,-62,121,123,121,124,120,123,45,48,46,46,45,49,59,191,16,10,0,9
11.6774,,349,19.252747252747252,-17.75824175824176,-13.89010989010989,87.25274725274726,62.81318681318681,2.562170308967596,2404,1512,2406,2917,2723,1481,550,0,0,0,1250,0,266,305,86,-23,241,-62,121,123,121,124,121,123,45,47,46,47,46,49,58,187,16,1,0,9
11.7108,,350,18.9010989010989,-17.75824175824176,-13.802197802197803,87.34065934065934,59.032967032967036,2.562170308967596,2413,1511,2406,2917,2743,1481,300,-50,0,0,700,0,210,308,86,-23,-57,-62,121,123,121,124,121,123,45,47,46,47,46,49,52,190,16,0,7,9
11.7442,,351,18.46153846153846,-17.582417582417584,-13.802197802197803,87.25274725274726,53.40659340659341,2.562170308967596,2419,1511,2406,2917,2747,1481,200,0,0,0,350,0,171,308,90,0,-131,-62,121,123,121,124,121,123,45,47,46,47,45,49,48,191,18,0,14,9
11.7778,,352,16.791208791208792,-17.406593406593405,-13.89010989010989,86.98901098901099,46.37362637362637,2.562170308967596,2422,1511,2406,2917,2740,1481,150,0,0,0,0,0,134,315,90,-23,-182,-62,121,123,121,124,120,123,45,47,46,46,45,49,49,205,17,0,61,9
11.8113,,353,14.68131868131868,-17.318681318681318,-13.89010989010989,87.16483516483517,38.9010989010989,2.562170308967596,2422,1511,2406,2917,2716,1481,0,0,0,0,-700,0,62,322,86,-34,-442,-62,121,123,121,124,120,123,45,47,46,46,46,49,21,209,17,1,71,9
11.8447,,354,12.483516483516484,-17.406593406593405,-13.714285714285714,87.51648351648352,29.846153846153847,2.562170308967596,2421,1511,2406,2917,2682,1481,0,0,0,0,-900,0,-67,326,86,-27,-497,-62,121,123,121,124,120,123,45,47,46,46,46,49,4,212,17,0,77,9
11.8782,,355,10.10989010989011,-17.934065934065934,-13.802197802197803,87.95604395604396,19.824175824175825,2.562170308967596,2414,1511,2406,2917,2634,1481,-200,0,0,0,-1300,0,-131,322,93,0,-547,-62,121,123,121,124,120,122,45,47,46,47,46,49,3,205,19,0,130,9
11.9117,,356,7.912087912087912,-19.164835164835164,-13.978021978021978,88.3956043956044,10.505494505494505,2.562170308967596,2401,1511,2406,2917,2576,1481,-350,0,0,0,-1700,0,-180,301,90,37,-676,-62,121,123,121,124,120,122,45,47,46,46,46,49,6,179,18,2,162,9
11.9451,,357,6.241758241758242,-20.923076923076923,-13.802197802197803,88.3956043956044,3.7362637362637363,2.637528259231349,2385,1511,2406,2921,2507,1481,-500,0,0,150,-2050,0,-227,229,83,53,-780,-62,121,123,121,124,120,122,45,48,46,47,46,49,14,137,15,1,178,9
11.9787,,358,4.65934065934066,-21.978021978021978,-13.802197802197803,88.48351648351648,0.13186813186813187,2.637528259231349,2368,1510,2406,2925,2434,1481,-550,-50,0,100,-2200,0,-141,158,90,30,-838,-58,121,123,121,124,120,123,45,47,46,47,45,49,9,79,18,0,145,8
12.0121,,359,2.989010989010989,-22.76923076923077,-13.802197802197803,88.48351648351648,-0.8351648351648352,2.637528259231349,2348,1509,2406,2927,2353,1481,-600,-50,0,100,-2400,0,-217,128,90,23,-811,-58,121,123,121,124,120,123,45,47,46,46,46,49,7,64,17,0,93,7
12.0455,,360,1.8461538461538463,-23.736263736263737,-13.802197802197803,88.3956043956044,-1.098901098901099,2.637528259231349,2329,1509,2406,2929,2273,1481,-550,0,0,50,-2400,0,-125,105,90,0,-595,-58,121,124,122,124,121,123,45,47,46,46,46,49,7,40,18,0,43,8
12.0791,,361,1.4065934065934067,-24.35164835164835,-13.802197802197803,88.3956043956044,-1.010989010989011,2.637528259231349,2314,1508,2406,2930,2201,1481,-500,0,0,50,-2250,0,-187,65,90,-23,-465,-58,122,124,122,125,121,124,45,47,46,47,45,49,7,20,17,0,11,8
12.1125,,362,1.4065934065934067,-24.87912087912088,-13.802197802197803,88.48351648351648,-0.8351648351648352,2.637528259231349,2299,1500,2406,2930,2146,1481,-450,-200,0,0,-1800,0,-73,148,90,-23,-372,-58,122,124,122,125,121,124,45,48,46,47,45,49,4,24,17,0,1,8
12.146,,363,1.4065934065934067,-25.75824175824176,-13.802197802197803,88.48351648351648,-0.7472527472527473,2.637528259231349,2287,1493,2406,2930,2106,1481,-400,-250,0,0,-1500,0,-19,157,90,0,-195,-58,122,124,122,125,121,124,45,48,46,47,46,49,2,23,17,0,0,8
12.1794,,364,1.4065934065934067,-26.813186813186814,-13.802197802197803,88.57142857142857,-0.7472527472527473,2.637528259231349,2280,1488,2406,2930,2081,1481,-250,-150,0,0,-900,0,-76,45,90,0,-90,-58,122,124,122,125,122,124,45,48,46,46,46,49,4,16,18,0,0,8
12.2129,,365,1.4065934065934067,-27.86813186813187,-13.802197802197803,88.57142857142857,-0.6593406593406593,2.637528259231349,2276,1482,2406,2930,2068,1481,-100,-150,0,0,-450,0,-62,29,90,0,-33,-58,122,124,122,125,122,124,45,48,46,47,46,49,2,21,17,0,0,8
12.2463,,366,1.4065934065934067,-28.483516483516482,-13.802197802197803,88.74725274725274,-0.6593406593406593,2.637528259231349,2274,1476,2407,2930,2061,1481,-100,-200,50,0,-150,0,-55,-42,90,0,-97,-58,122,124,122,125,122,124,45,47,46,46,46,49,2,9,9,0,1,7
12.2798,,367,1.4065934065934067,-28.747252747252748,-13.714285714285714,88.74725274725274,-0.5714285714285714,2.637528259231349,2272,1467,2407,2930,2057,1481,-50,-250,0,0,-150,0,-48,-20,86,23,-79,-58,122,124,122,125,122,124,45,47,46,46,46,49,6,5,16,0,2,7
12.3133,,368,1.7582417582417582,-28.747252747252748,-13.714285714285714,89.27472527472527,-0.5714285714285714,2.7128862094951014,2270,1462,2407,2930,2053,1481,-50,-150,0,0,-100,0,-37,37,90,23,-62,-58,122,124,122,125,121,124,45,48,46,47,46,49,3,4,18,0,8,7
12.3468,,369,2.021978021978022,-28.13186813186813,-13.714285714285714,90.32967032967034,-0.4835164835164835,2.7882441597588548,2270,1460,2407,2931,2052,1481,-50,-150,0,0,-50,0,-23,44,90,47,-55,-55,122,124,122,125,121,124,45,47,46,47,46,49,1,5,17,2,7,4
12.3803,,370,2.021978021978022,-27.252747252747252,-13.714285714285714,91.64835164835165,-0.04395604395604396,3.541823662396383,2270,1460,2407,2935,2051,1481,0,-50,0,100,-50,0,0,78,90,89,-48,-48,122,124,122,125,121,124,45,48,46,47,46,49,0,14,17,0,6,3
12.4137,,371,1.8461538461538463,-24.87912087912088,-13.714285714285714,93.4065934065934,0.7472527472527473,5.0489826676714396,2270,1460,2407,2943,2050,1481,0,0,0,200,-50,0,0,133,90,130,18,49,122,124,122,125,121,124,45,48,46,46,46,49,0,28,17,3,2,2
12.4471,,372,1.6703296703296704,-21.53846153846154,-13.802197802197803,95.42857142857143,1.4505494505494505,6.782215523737754,2270,1460,2407,2953,2050,1483,0,0,0,250,0,0,0,215,90,166,58,129,122,124,122,125,121,124,45,47,46,46,46,49,0,77,17,10,4,11
12.4805,,373,1.6703296703296704,-17.846153846153847,-13.802197802197803,97.53846153846153,1.89010989010989,7.912584777694047,2270,1460,2407,2968,2052,1488,0,0,0,400,0,50,-27,352,86,194,74,204,122,124,122,125,121,124,45,48,46,46,45,49,2,198,17,9,9,25
12.5139,,374,2.10989010989011,-13.010989010989011,-13.802197802197803,99.64835164835165,1.978021978021978,8.364732479276563,2270,1461,2407,2985,2057,1504,0,0,0,500,150,450,-27,493,86,127,62,125,121,123,121,124,120,123,45,48,46,46,46,49,2,414,17,8,4,8
12.5473,,375,2.2857142857142856,-7.736263736263736,-13.802197802197803,102.10989010989012,2.4175824175824174,8.138658628485306,2271,1462,2407,3004,2060,1520,0,50,0,600,150,500,0,667,86,159,51,98,120,122,121,123,120,122,45,48,46,46,46,49,2,625,17,7,3,6
12.5808,,376,2.3736263736263736,-4.043956043956044,-13.362637362637363,102.63736263736264,2.9450549450549453,7.837226827430293,2271,1467,2407,3022,2064,1530,50,0,0,600,50,400,27,823,86,172,69,104,119,121,119,122,118,121,45,47,46,47,45,49,2,963,16,1,5,1
12.6143,,377,2.5494505494505493,-1.4945054945054945,-12.747252747252746,102.63736263736264,3.5604395604395602,7.761868877166542,2271,1477,2407,3035,2068,1535,0,350,0,400,100,150,30,878,109,111,76,72,118,120,118,121,117,120,45,48,46,46,46,49,2,1346,25,0,6,2
12.6477,,378,3.1648351648351647,0.0,-12.747252747252746,102.46153846153847,3.912087912087912,7.008289374529013,2271,1488,2407,3037,2073,1537,0,350,0,200,150,100,37,1000,140,-20,83,62,118,119,117,120,116,119,45,47,46,46,46,49,2,1607,38,1,8,3
12.6811,,379,3.5164835164835164,0.3516483516483517,-13.010989010989011,102.28571428571429,3.7362637362637363,4.596834966088922,2271,1499,2407,3039,2078,1537,0,300,0,100,150,50,67,1000,129,90,69,-37,117,118,116,119,115,118,45,48,46,46,45,49,7,1587,36,9,2,1
12.7145,,380,3.5164835164835164,-0.26373626373626374,-13.45054945054945,102.10989010989012,3.8241758241758244,1.8085908063300677,2273,1508,2407,3040,2081,1536,50,250,0,50,100,0,82,1000,115,86,51,-34,117,118,116,119,115,118,45,47,46,46,46,49,6,1822,29,16,3,12
12.7482,,381,3.6043956043956045,-0.967032967032967,-15.384615384615385,101.93406593406593,3.4725274725274726,2.185380557648832,2275,1514,2407,3040,2084,1525,100,200,0,0,100,-300,62,985,91,86,41,-269,117,118,116,119,115,118,45,47,46,47,46,49,4,1764,19,17,1,42
12.7816,,382,3.956043956043956,-2.989010989010989,-18.54945054945055,101.93406593406593,3.3846153846153846,2.3360964581763377,2276,1516,2407,3040,2085,1507,50,150,0,0,50,-550,62,945,-17,86,23,-228,117,118,116,119,115,118,45,48,46,46,46,49,6,1725,6,16,1,16
12.8151,,383,4.043956043956044,-5.714285714285714,-22.153846153846153,101.93406593406593,3.2967032967032965,2.3360964581763377,2276,1516,2400,3040,2086,1494,0,0,-150,0,50,-400,76,856,-138,86,0,-99,117,118,117,119,116,118,45,47,46,46,46,49,13,1498,1,17,0,2
12.8484,,384,4.043956043956044,-9.758241758241759,-26.46153846153846,101.93406593406593,3.120879120879121,2.3360964581763377,2276,1517,2386,3040,2086,1486,0,50,-400,0,0,-200,79,744,-138,86,0,-93,118,119,117,120,116,119,45,48,46,47,45,49,15,1224,6,17,0,1
12.882,,385,3.956043956043956,-15.032967032967033,-31.208791208791208,101.84615384615384,2.241758241758242,2.3360964581763377,2276,1518,2363,3040,2086,1482,0,0,-600,0,0,-150,79,621,-222,86,-27,-83,119,120,118,121,117,120,45,47,46,47,46,49,16,849,13,17,2,2
12.9155,,386,3.868131868131868,-19.86813186813187,-35.86813186813187,101.23076923076923,2.065934065934066,2.3360964581763377,2277,1518,2333,3040,2086,1480,50,50,-850,0,0,-50,72,429,-297,86,-86,-72,120,121,119,122,119,121,45,48,46,47,46,49,11,475,14,17,11,8
12.949,,387,3.868131868131868,-23.47252747252747,-40.79120879120879,100.08791208791209,2.241758241758242,2.3360964581763377,2277,1519,2297,3040,2084,1479,0,0,-950,0,0,-50,69,229,-359,86,55,-65,120,122,121,123,120,122,45,47,46,47,46,49,11,185,20,18,8,10
12.9824,,388,3.956043956043956,-25.23076923076923,-44.395604395604394,99.20879120879121,2.769230769230769,2.3360964581763377,2277,1519,2259,3040,2083,1478,0,0,-1100,0,-100,-50,69,58,-407,86,-51,-62,121,123,121,124,120,123,45,48,46,47,45,49,11,40,30,17,5,9
13.016,,389,3.956043956043956,-24.615384615384617,-45.53846153846154,99.12087912087912,3.032967032967033,2.3360964581763377,2277,1514,2215,3040,2082,1478,0,-50,-1300,0,-50,0,72,-62,-412,45,-27,-62,121,124,122,124,121,123,45,47,46,46,45,49,12,10,25,6,2,9
13.0494,,390,4.483516483516484,-22.153846153846153,-45.010989010989015,99.56043956043956,3.120879120879121,2.3360964581763377,2279,1504,2173,3040,2082,1478,100,-300,-1200,0,0,0,-52,-23,-375,51,0,-62,122,124,122,125,121,124,45,47,46,47,46,49,8,4,6,4,0,9
13.0828,,391,5.362637362637362,-17.054945054945055,-42.81318681318681,99.91208791208791,3.208791208791209,2.260738507912585,2281,1502,2133,3040,2082,1478,0,-50,-1200,0,0,0,95,140,-202,74,0,-62,122,124,122,125,121,124,45,48,46,47,46,49,6,33,1,11,0,9
13.1164,,392,6.593406593406593,-11.604395604395604,-39.824175824175825,100.79120879120879,3.6483516483516483,2.260738507912585,2285,1503,2107,3040,2082,1478,100,0,-1000,0,0,0,124,348,82,83,23,-69,122,124,122,125,121,124,45,47,46,47,46,49,20,164,14,17,2,11
13.1498,,393,7.824175824175824,-6.153846153846154,-36.92307692307692,101.49450549450549,4.351648351648351,2.260738507912585,2290,1508,2102,3040,2082,1478,200,150,-150,0,0,0,153,447,141,86,41,-69,121,123,122,124,121,123,45,48,46,46,46,49,30,414,32,18,5,11
13.1833,,394,8.0,-0.8791208791208791,-33.23076923076923,102.10989010989012,4.8791208791208796,2.260738507912585,2299,1519,2106,3040,2084,1478,200,250,50,0,0,0,165,625,245,86,68,-69,120,122,121,123,120,122,45,48,46,46,46,49,34,545,65,17,10,11
13.2169,,395,8.0,2.989010989010989,-29.0989010989011,102.10989010989012,4.8791208791208796,2.260738507912585,2310,1534,2118,3040,2089,1478,300,450,250,0,150,0,44,847,345,86,85,-69,120,121,120,122,119,121,45,48,46,46,45,49,15,866,88,17,5,10
13.2503,,396,8.175824175824175,5.978021978021978,-25.934065934065934,102.02197802197803,4.8791208791208796,2.260738507912585,2321,1551,2136,3040,2094,1478,300,450,400,0,150,0,86,892,351,86,-66,-69,119,120,118,121,117,120,45,48,46,47,46,49,3,1214,116,16,2,11
13.2837,,397,8.527472527472527,7.736263736263736,-23.64835164835165,101.93406593406593,4.7032967032967035,2.3360964581763377,2324,1571,2160,3040,2096,1478,200,550,650,0,150,0,76,974,494,86,41,-69,118,119,118,120,117,119,45,48,46,46,46,49,3,1531,130,17,2,10
13.3172,,398,8.967032967032967,8.87912087912088,-22.417582417582416,101.84615384615384,4.43956043956044,2.4114544084400906,2330,1593,2187,3040,2097,1478,50,700,750,0,50,0,-45,985,414,86,30,-62,118,119,117,120,116,119,45,48,46,46,46,49,2,1714,157,16,1,8
13.3506,,399,8.967032967032967,9.31868131868132,-22.32967032967033,101.84615384615384,4.351648351648351,2.4114544084400906,2338,1605,2215,3040,2098,1478,300,400,900,0,50,0,76,1000,391,86,0,-58,117,119,117,119,116,118,45,48,46,46,46,49,4,1718,107,16,0,6
13.3841,,400,8.967032967032967,9.23076923076923,-22.32967032967033,101.75824175824175,4.615384615384615,2.4114544084400906,2338,1608,2239,3040,2098,1478,0,50,650,0,0,0,58,1000,357,86,0,-58,117,118,116,119,115,118,45,48,46,47,46,49,2,1793,62,16,0,7
13.4175,,401,8.967032967032967,8.791208791208792,-22.417582417582416,101.75824175824175,4.615384615384615,2.4114544084400906,2340,1608,2254,3040,2098,1478,50,0,500,0,0,0,51,1000,294,86,23,-58,117,118,116,119,115,117,45,47,46,47,46,49,3,1814,79,16,2,7
13.451,,402,8.791208791208792,8.175824175824175,-22.417582417582416,101.75824175824175,4.791208791208791,2.4114544084400906,2340,1608,2261,3040,2098,1478,0,0,250,0,0,0,51,1000,259,86,23,-58,117,118,116,118,115,117,45,48,46,46,46,49,4,1812,71,15,1,6
13.4846,,403,8.703296703296703,7.384615384615385,-22.32967032967033,101.75824175824175,4.791208791208791,2.4114544084400906,2340,1608,2264,3040,2098,1478,0,0,100,0,0,0,44,1000,248,86,30,-58,116,118,116,118,115,117,45,47,46,47,46,49,3,1807,106,16,2,7
13.5181,,404,8.791208791208792,7.1208791208791204,-22.32967032967033,101.75824175824175,4.791208791208791,2.4114544084400906,2341,1608,2264,3040,2098,1478,0,0,50,0,0,0,41,950,248,86,30,-58,116,118,116,118,115,117,45,47,46,46,46,49,3,1732,117,16,2,6
13.5515,,405,8.87912087912088,7.1208791208791204,-22.32967032967033,101.84615384615384,4.791208791208791,2.4114544084400906,2341,1607,2264,3040,2098,1478,0,-50,0,0,0,0,41,966,248,86,30,-58,116,118,116,118,115,117,45,48,46,46,46,49,3,1740,122,16,3,7
13.585,,406,8.87912087912088,7.032967032967033,-22.32967032967033,101.93406593406593,4.791208791208791,2.4114544084400906,2342,1607,2264,3040,2098,1478,0,0,0,0,0,0,41,966,248,86,30,-58,116,118,116,118,115,117,45,48,46,46,45,49,2,1726,121,16,2,7
13.6184,,407,8.87912087912088,7.032967032967033,-22.153846153846153,101.93406593406593,4.791208791208791,2.4114544084400906,2343,1607,2264,3040,2098,1478,0,0,0,0,0,0,37,963,248,86,30,-58,116,118,116,118,115,117,45,48,46,47,46,49,1,1705,122,16,2,6
13.6518,,408,8.87912087912088,7.032967032967033,-22.153846153846153,101.93406593406593,4.791208791208791,2.4114544084400906,2343,1607,2264,3040,2098,1478,0,0,0,0,0,0,37,963,255,86,30,-58,116,118,116,118,115,117,45,47,46,47,46,49,2,1703,130,16,2,7
13.6854,,409,8.87912087912088,7.032967032967033,-22.24175824175824,101.93406593406593,4.791208791208791,2.4114544084400906,2343,1606,2264,3040,2098,1478,0,-50,0,0,0,0,37,966,255,86,30,-58,116,118,116,118,115,117,45,48,46,47,45,49,2,1706,129,16,2,7
13.7188,,410,8.703296703296703,7.032967032967033,-22.24175824175824,101.93406593406593,4.8791208791208796,2.4114544084400906,2343,1606,2264,3040,2098,1478,0,0,0,0,0,0,37,966,252,86,30,-58,116,118,116,118,115,117,45,48,46,47,45,49,2,1708,125,16,2,7
13.7521,,411,8.263736263736265,6.945054945054945,-22.417582417582416,101.75824175824175,5.406593406593407,2.4868123587038435,2344,1606,2264,3040,2098,1478,50,0,0,0,0,0,27,966,252,86,34,-58,116,118,116,118,115,117,45,48,46,46,46,49,1,1704,124,16,3,7
13.7857,,412,8.0,7.2967032967032965,-22.681318681318682,101.4065934065934,6.725274725274725,3.014318010550113,2345,1606,2264,3040,2098,1478,0,0,0,0,0,0,-27,963,245,86,57,-55,116,118,116,118,115,117,45,48,46,47,46,49,1,1686,118,16,6,6
13.8191,,413,8.0,7.824175824175824,-23.64835164835165,99.73626373626374,9.274725274725276,3.9939713639788996,2345,1606,2264,3040,2102,1478,0,0,0,0,50,0,-37,977,234,86,117,27,116,118,116,118,115,117,45,48,46,47,45,49,2,1742,109,15,12,1
13.8525,,414,8.703296703296703,8.527472527472527,-24.35164835164835,95.6043956043956,11.736263736263735,6.179351921627732,2345,1606,2264,3040,2111,1478,0,0,0,0,250,0,-37,1000,170,76,195,85,116,118,116,118,115,117,45,48,46,47,45,49,2,1756,79,10,30,7
13.886,,415,10.10989010989011,9.406593406593407,-24.967032967032967,90.68131868131869,13.142857142857142,10.550113036925396,2346,1606,2264,3040,2126,1482,0,0,0,0,350,50,0,1000,157,-46,248,187,116,118,116,118,115,117,45,48,46,46,46,49,0,1756,55,5,30,16
13.9194,,416,13.538461538461538,10.285714285714286,-24.87912087912088,85.4065934065934,13.23076923076923,17.03089675960814,2346,1606,2264,3039,2146,1492,0,0,0,0,600,150,102,1000,132,-268,146,337,116,118,116,118,115,117,45,48,46,47,46,49,11,1751,40,39,15,39
13.9529,,417,16.615384615384617,11.604395604395604,-24.791208791208792,81.0989010989011,12.967032967032967,25.094197437829692,2351,1606,2264,3025,2163,1519,100,0,0,-300,550,750,217,1000,146,-357,58,429,116,117,115,118,114,117,45,47,46,46,46,49,28,1743,44,93,2,72
13.9865,,418,18.9010989010989,13.45054945054945,-24.791208791208792,78.81318681318682,12.967032967032967,31.72569706103994,2364,1606,2264,2996,2174,1555,400,0,0,-850,300,1100,296,1000,150,-442,-19,500,116,117,115,118,114,116,45,48,46,47,46,49,50,1738,47,111,0,99
14.0199,,419,20.043956043956044,14.593406593406593,-24.791208791208792,78.46153846153847,13.31868131868132,36.925395629238885,2383,1606,2264,2959,2180,1601,500,0,0,-1050,250,1250,252,1000,150,-457,76,500,116,117,115,118,114,117,45,48,46,47,46,49,59,1737,48,105,1,79
14.0532,,420,21.0989010989011,15.032967032967033,-24.52747252747253,78.72527472527473,13.31868131868132,38.6586284853052,2406,1606,2264,2925,2185,1645,650,0,0,-1100,150,1400,220,1000,150,-360,69,500,116,117,115,118,114,117,45,48,46,47,46,49,41,1736,47,47,5,72
14.0866,,421,21.89010989010989,14.593406593406593,-24.35164835164835,80.65934065934066,13.31868131868132,38.58327053504145,2426,1606,2264,2895,2189,1693,650,0,0,-1000,150,1400,258,1000,160,-293,-66,500,116,117,116,118,114,117,45,48,46,46,46,49,17,1736,55,9,2,63
14.12,,422,22.065934065934066,13.802197802197803,-24.52747252747253,84.35164835164835,13.406593406593407,38.35719668425019,2446,1606,2264,2877,2192,1741,600,0,0,-650,100,1400,204,1000,167,-35,41,500,116,117,116,118,115,117,45,48,46,47,46,49,12,1733,59,3,2,61
14.1534,,423,21.802197802197803,11.604395604395604,-24.439560439560438,88.74725274725274,13.406593406593407,36.397889977392616,2460,1606,2264,2873,2194,1786,450,0,0,-200,50,1350,167,1000,160,49,-80,500,116,118,116,118,115,117,45,48,46,46,46,49,6,1731,53,3,0,63
14.187,,424,21.274725274725274,8.967032967032967,-24.263736263736263,93.4065934065934,12.791208791208792,31.348907309721174,2468,1606,2264,2878,2196,1833,250,0,0,0,50,1400,33,1000,164,204,34,500,116,117,116,118,115,117,45,48,46,46,46,49,8,1724,55,30,1,63
14.2205,,425,20.395604395604394,6.153846153846154,-24.263736263736263,97.8021978021978,11.912087912087912,23.51168048229088,2472,1606,2264,2896,2196,1876,150,0,0,400,0,1350,74,1000,171,327,-38,240,116,118,116,118,115,117,45,48,46,47,46,49,3,1723,61,33,2,10
14.2541,,426,18.54945054945055,2.197802197802198,-24.263736263736263,100.87912087912088,10.417582417582418,11.529766390354181,2472,1606,2264,2923,2195,1899,0,0,0,750,0,850,26,907,171,323,-76,-109,117,118,116,119,115,117,45,48,46,46,45,49,2,1526,61,52,9,33
14.2875,,427,16.439560439560438,-1.934065934065934,-24.087912087912088,102.1978021978022,10.241758241758241,0.6782215523737753,2472,1606,2264,2955,2191,1893,0,0,0,1000,-100,-100,-88,759,171,343,-128,-500,117,118,116,119,115,118,45,48,46,47,46,49,0,1239,61,39,10,124
14.3209,,428,14.32967032967033,-7.824175824175824,-22.32967032967033,102.46153846153847,9.89010989010989,2.3360964581763377,2468,1606,2264,2990,2184,1861,-50,0,0,1050,-200,-700,-165,622,178,229,-93,-500,118,119,118,120,117,119,45,48,46,47,46,49,23,810,68,6,10,124
14.3543,,429,12.307692307692308,-15.648351648351648,-18.813186813186814,102.28571428571429,9.538461538461538,5.727204220045215,2459,1606,2264,3017,2179,1816,-250,0,0,850,-150,-1250,-222,424,259,97,-86,-500,119,121,119,121,118,120,45,48,46,46,46,49,29,439,113,1,8,75
14.3877,,430,10.021978021978022,-21.89010989010989,-15.472527472527473,102.1978021978022,9.010989010989011,4.672192916352675,2447,1606,2265,3035,2174,1767,-300,0,0,700,-150,-1400,-258,170,404,26,-79,-500,120,121,119,122,118,121,45,48,46,46,46,49,49,141,215,0,10,64
14.4211,,431,6.945054945054945,-26.63736263736264,-12.571428571428571,102.1978021978022,8.307692307692308,2.4868123587038435,2432,1601,2276,3038,2168,1720,-400,0,200,200,-150,-1450,-208,-25,505,93,-84,-500,120,122,120,123,119,122,45,47,46,46,45,49,50,19,296,1,4,60
14.4545,,432,4.571428571428571,-29.274725274725274,-10.021978021978022,102.1978021978022,7.252747252747253,2.110022607385079,2415,1580,2296,3040,2163,1669,-500,-550,550,100,-100,-1450,-269,-158,478,86,-123,-500,120,122,120,123,119,122,45,48,46,46,46,49,82,5,316,10,10,51
14.488,,433,4.131868131868132,-30.32967032967033,-7.912087912087912,102.10989010989012,6.549450549450549,2.4114544084400906,2391,1543,2327,3040,2156,1618,-700,-1050,900,0,-200,-1500,-298,-221,485,86,-55,-488,121,123,121,123,120,122,45,48,46,46,45,49,68,1,207,16,16,45
14.5214,,434,4.21978021978022,-30.417582417582416,-5.538461538461538,102.10989010989012,6.373626373626373,2.4868123587038435,2365,1502,2362,3040,2147,1574,-750,-1200,1000,0,-250,-1450,-208,-77,447,86,-122,-312,121,123,121,124,120,123,45,48,46,46,46,49,27,0,144,17,7,6
14.5548,,435,4.21978021978022,-30.76923076923077,-3.076923076923077,102.10989010989012,6.197802197802198,2.562170308967596,2344,1466,2397,3040,2140,1541,-650,-1150,1050,0,-250,-1000,-196,30,412,86,-86,-202,121,124,122,124,121,123,45,48,46,46,46,49,6,0,97,16,8,3
14.5882,,436,4.21978021978022,-30.945054945054945,-1.4065934065934067,102.02197802197803,6.1098901098901095,2.562170308967596,2329,1449,2427,3041,2135,1519,-450,-500,900,0,-150,-650,-136,-27,391,83,-76,-199,122,124,122,124,121,123,45,47,46,47,45,49,2,2,97,15,11,1
14.6216,,437,3.956043956043956,-30.945054945054945,-0.8791208791208791,102.02197802197803,6.021978021978022,2.562170308967596,2320,1435,2456,3041,2131,1505,-350,-450,900,0,-100,-500,-23,122,384,83,-69,-160,121,124,122,124,121,123,45,48,46,47,46,49,3,9,101,16,7,3
14.655,,438,3.78021978021978,-30.945054945054945,-0.7912087912087912,102.02197802197803,5.670329670329671,2.562170308967596,2315,1429,2480,3041,2128,1496,-150,-200,750,0,-50,-300,-97,65,291,83,-62,-122,122,124,122,124,121,123,45,48,46,46,46,49,15,16,107,16,6,1
14.6884,,439,3.6923076923076925,-30.945054945054945,-0.7912087912087912,102.02197802197803,5.230769230769231,2.562170308967596,2312,1427,2496,3041,2125,1490,-100,-100,650,0,-100,-200,-93,76,216,83,-65,-97,121,124,122,124,121,123,45,48,46,46,46,49,19,16,94,16,8,2
14.7219,,440,3.6043956043956045,-30.945054945054945,-0.7912087912087912,102.02197802197803,4.967032967032967,2.562170308967596,2311,1427,2507,3041,2121,1487,-50,0,350,0,-100,-100,-90,76,259,83,-69,-83,121,124,122,124,121,123,45,48,46,46,45,49,17,17,82,16,8,9
14.7553,,441,3.5164835164835164,-30.857142857142858,-0.7912087912087912,102.02197802197803,4.967032967032967,2.562170308967596,2309,1427,2514,3041,2118,1484,-50,0,250,0,-150,-100,30,76,231,83,-65,-76,121,124,122,124,121,123,45,48,46,47,46,49,22,17,87,16,9,10
14.7888,,442,3.5164835164835164,-30.681318681318682,-0.7912087912087912,101.93406593406593,4.967032967032967,2.562170308967596,2308,1427,2518,3041,2115,1484,-50,0,100,0,-50,0,-86,79,220,83,-58,-72,121,124,122,124,121,123,45,48,46,47,45,49,17,18,86,16,4,12
14.8223,,443,3.5164835164835164,-30.32967032967033,-0.7912087912087912,101.84615384615384,4.967032967032967,2.562170308967596,2308,1427,2520,3041,2113,1482,0,0,100,0,-100,-50,-86,86,210,83,-51,-65,121,124,122,124,121,123,45,48,46,46,45,49,17,22,89,16,5,9
14.8557,,444,3.340659340659341,-29.978021978021978,-0.7912087912087912,101.67032967032966,4.967032967032967,2.562170308967596,2308,1427,2522,3041,2112,1482,0,0,50,0,0,0,-86,101,203,83,-44,-65,121,124,122,124,121,123,45,48,46,46,46,49,17,32,86,16,5,9
14.8891,,445,2.6373626373626373,-29.186813186813186,-0.5274725274725275,101.23076923076923,4.8791208791208796,2.562170308967596,2308,1427,2524,3041,2111,1482,0,0,50,0,-50,0,-93,115,196,83,-41,-65,121,124,122,124,121,123,45,48,46,46,46,49,22,40,84,17,4,9
14.9226,,446,-0.43956043956043955,-27.428571428571427,-0.5274725274725275,100.52747252747253,4.527472527472527,2.637528259231349,2307,1427,2524,3041,2111,1482,0,0,50,0,0,0,-145,156,209,83,-44,-65,121,123,121,124,121,123,45,48,46,46,46,49,35,65,93,17,5,9
14.956,,447,-5.8901098901098905,-25.054945054945055,-0.5274725274725275,99.82417582417582,4.175824175824176,2.93896006028636,2302,1427,2524,3041,2111,1482,-100,0,0,0,0,0,-194,242,206,83,-62,-62,121,123,121,124,120,123,45,48,46,46,46,49,50,121,91,16,10,9
14.9895,,448,-12.219780219780219,-22.417582417582416,-0.5274725274725275,99.20879120879121,4.351648351648351,3.391107761868877,2289,1427,2524,3041,2110,1482,-200,0,0,0,0,0,-375,337,206,76,-69,-41,121,123,121,124,120,123,45,48,46,46,45,49,110,182,90,12,11,4
15.0231,,449,-19.516483516483518,-18.9010989010989,-0.6153846153846154,99.03296703296704,4.967032967032967,5.124340617935192,2266,1426,2524,3041,2108,1482,-550,-50,0,0,-50,0,-436,446,206,44,-55,20,120,123,120,123,120,122,45,48,46,47,46,49,131,310,91,4,4,0
15.0565,,450,-26.10989010989011,-15.56043956043956,-0.6153846153846154,99.03296703296704,5.054945054945055,8.364732479276563,2234,1426,2524,3041,2107,1483,-900,0,0,0,-50,0,-571,580,203,44,-21,123,120,122,120,122,119,121,45,48,46,46,46,49,190,449,87,2,2,5
15.09,,451,-30.76923076923077,-12.747252747252746,-0.43956043956043955,99.03296703296704,4.791208791208791,13.489073097211756,2191,1426,2524,3041,2107,1488,-1250,0,0,0,0,150,-674,698,203,44,-23,166,119,121,119,121,118,120,45,48,46,46,45,49,242,730,85,3,1,47
15.1234,,452,-33.142857142857146,-10.54945054945055,-0.43956043956043955,99.12087912087912,4.175824175824176,20.497362471740768,2140,1426,2524,3041,2107,1507,-1500,0,0,0,0,300,-736,822,210,44,-34,404,118,119,118,120,117,119,45,48,46,47,46,49,225,1063,91,3,3,61
15.1568,collision,453,-34.285714285714285,-9.23076923076923,-0.43956043956043955,99.12087912087912,4.175824175824176,28.25923134890731,2090,1426,2524,3041,2107,1539,-1550,0,0,0,0,900,-627,921,210,48,-71,500,117,118,116,119,116,118,45,48,46,46,45,49,208,1399,91,3,10,95
15.1901,,454,-34.285714285714285,-8.43956043956044,-0.43956043956043955,99.12087912087912,4.8791208791208796,35.19216277317257,2038,1426,2524,3041,2105,1581,-1500,0,0,0,-50,1200,-520,972,210,48,-55,500,117,118,116,118,115,117,45,48,46,46,45,49,136,1621,89,4,2,74
15.2235,,455,-34.285714285714285,-7.736263736263736,-0.43956043956043955,99.12087912087912,5.230769230769231,41.3715146948003,1995,1426,2524,3041,2104,1625,-1450,0,0,0,-50,1350,-417,983,210,48,21,500,116,117,116,118,115,117,45,48,46,46,46,49,94,1684,90,3,2,69
15.2571,,456,-33.67032967032967,-6.857142857142857,-0.43956043956043955,99.20879120879121,5.582417582417582,45.139412207987945,1965,1426,2524,3041,2105,1672,-1000,0,0,0,0,1350,-336,1000,210,48,24,500,116,117,115,118,114,117,45,48,46,46,46,49,72,1702,90,4,2,64
15.2908,,457,-32.967032967032964,-5.978021978021978,-0.5274725274725275,99.20879120879121,7.428571428571429,45.591559909570464,1945,1426,2524,3041,2105,1720,-650,0,0,0,50,1400,-211,1000,210,51,38,500,116,117,115,118,114,117,45,48,46,46,46,49,57,1702,90,3,4,66
15.3244,,458,-30.505494505494507,-5.362637362637362,-0.7032967032967034,99.20879120879121,10.32967032967033,44.46119065561417,1934,1426,2524,3041,2106,1767,-450,0,0,0,0,1400,-220,1000,206,51,131,500,116,117,115,118,114,117,45,48,46,46,46,49,36,1698,87,4,9,57
15.3578,,459,-26.63736263736264,-5.010989010989011,-0.7912087912087912,99.12087912087912,13.31868131868132,40.54257724189902,1929,1426,2524,3041,2116,1815,-200,0,0,0,200,1400,-103,1000,199,51,131,500,116,117,115,118,114,117,45,48,46,47,45,49,33,1694,81,4,24,60
15.3913,,460,-21.186813186813186,-4.571428571428571,-1.1428571428571428,98.94505494505495,14.901098901098901,32.78070836473248,1928,1426,2524,3041,2133,1858,0,0,0,0,500,1350,90,1000,196,48,188,500,116,117,115,118,114,117,45,48,46,46,46,49,12,1695,79,3,28,60
15.4247,,461,-14.417582417582418,-3.78021978021978,-1.4065934065934067,98.24175824175825,15.340659340659341,22.38131122833459,1937,1426,2524,3041,2154,1906,300,0,0,0,700,1400,227,1000,176,41,201,500,116,117,115,118,115,117,45,48,46,46,46,49,21,1692,67,1,17,59
15.4581,,462,-7.032967032967033,-2.989010989010989,-1.4065934065934067,96.04395604395604,15.868131868131869,8.440090429540316,1953,1426,2524,3041,2175,1950,450,0,0,0,650,1400,321,1000,171,0,115,278,116,118,116,118,115,117,45,48,46,46,46,49,65,1692,60,0,4,12
15.4916,,463,0.6153846153846154,-1.934065934065934,-1.2307692307692308,92.96703296703296,16.395604395604394,0.0,1983,1426,2524,3041,2192,1973,800,0,0,0,550,800,481,1000,171,-130,72,-121,116,117,116,118,115,117,45,48,46,46,46,49,90,1684,61,14,1,42
15.525,,464,7.1208791208791204,-0.43956043956043955,-0.967032967032967,91.56043956043956,17.0989010989011,3.9939713639788996,2025,1426,2524,3038,2205,1967,1100,0,0,-50,400,150,531,1000,178,-244,37,-479,116,117,115,118,114,116,45,48,46,47,46,49,141,1670,66,40,2,143
15.5586,,465,11.428571428571429,0.6153846153846154,-0.967032967032967,91.38461538461539,17.274725274725274,7.234363225320271,2076,1426,2524,3023,2215,1931,1400,0,0,-300,300,-850,621,1000,189,-272,148,-500,116,117,115,117,114,116,45,48,46,46,46,49,162,1670,74,44,4,126
15.5921,,466,12.571428571428571,0.7912087912087912,-0.967032967032967,91.2967032967033,17.36263736263736,5.35041446872645,2131,1426,2524,3009,2224,1888,1700,0,0,-450,300,-1250,662,1000,189,-192,93,-500,116,117,115,118,114,117,45,48,46,46,46,49,159,1674,74,20,2,74
15.6255,,467,12.659340659340659,0.5274725274725275,-0.8791208791208791,91.38461538461539,17.53846153846154,2.4114544084400906,2191,1426,2524,2998,2230,1843,1750,0,0,-400,200,-1350,673,1000,189,-153,72,-500,116,117,115,118,114,117,45,48,46,46,46,49,78,1674,74,15,4,56
15.659,,468,12.307692307692308,0.08791208791208792,-0.8791208791208791,91.47252747252747,17.45054945054945,2.4114544084400906,2247,1426,2524,2992,2235,1795,1650,0,0,-200,150,-1400,494,1000,192,-122,62,-500,116,117,115,118,114,117,45,48,46,47,45,49,14,1674,78,15,2,53
15.6924,,469,11.604395604395604,-0.17582417582417584,-0.967032967032967,91.47252747252747,16.835164835164836,2.7882441597588548,2288,1426,2524,2987,2238,1747,1350,0,0,-100,100,-1450,277,1000,192,-104,44,-500,116,118,116,118,115,117,45,48,46,47,46,49,4,1673,78,16,2,54
15.726,,470,10.725274725274724,-0.5274725274725275,-0.967032967032967,91.47252747252747,16.571428571428573,2.7882441597588548,2319,1426,2524,2985,2239,1699,850,0,0,-100,0,-1400,158,1000,189,-97,-36,-500,117,118,116,118,115,117,45,48,46,46,46,49,0,1670,74,14,1,57
15.7595,,471,10.021978021978022,-0.43956043956043955,-0.967032967032967,91.47252747252747,16.307692307692307,2.7882441597588548,2339,1426,2524,2985,2239,1650,700,0,0,0,0,-1450,119,1000,189,-93,-27,-500,117,118,116,118,115,117,45,48,46,46,46,49,0,1668,74,16,2,56
15.793,,472,9.582417582417582,-0.26373626373626374,-0.8791208791208791,91.47252747252747,16.21978021978022,2.7882441597588548,2350,1426,2524,2984,2239,1606,350,0,0,0,0,-1450,56,1000,189,-90,-37,-339,117,118,116,118,115,117,45,48,46,46,45,49,1,1667,74,17,4,23
15.8265,,473,9.406593406593407,-0.08791208791208792,-0.8791208791208791,91.47252747252747,15.516483516483516,2.7882441597588548,2353,1426,2524,2984,2239,1566,250,0,0,0,0,-1300,-87,1000,192,-90,-41,-273,117,118,116,118,115,117,45,48,46,46,46,49,0,1666,78,16,4,3
15.86,,474,9.31868131868132,-0.08791208791208792,-0.8791208791208791,91.47252747252747,14.901098901098901,2.7882441597588548,2353,1427,2524,2984,2239,1539,50,0,0,0,0,-900,23,1000,192,-90,-77,-167,117,118,116,118,115,117,45,48,46,46,46,49,0,1663,76,16,12,1
15.8935,,475,9.23076923076923,-0.08791208791208792,-0.8791208791208791,91.47252747252747,14.725274725274724,2.7882441597588548,2353,1437,2527,2984,2236,1521,0,250,50,0,-50,-600,0,1000,100,-90,-108,-118,117,118,116,118,115,118,45,48,46,46,45,49,0,1781,70,18,9,4
15.9271,,476,9.23076923076923,-0.08791208791208792,-0.8791208791208791,91.47252747252747,14.725274725274724,2.7882441597588548,2353,1461,2531,2983,2233,1508,0,700,150,-50,-150,-450,0,1000,171,-86,-83,-65,117,118,117,119,116,118,45,48,46,46,46,49,0,1406,37,15,6,12
15.9606,,477,9.23076923076923,-0.17582417582417584,-0.8791208791208791,91.47252747252747,14.725274725274724,2.7882441597588548,2351,1495,2537,2983,2230,1500,-50,900,100,0,-100,-300,23,1000,65,-86,-69,-118,118,119,117,119,116,118,45,48,46,46,46,49,0,1189,37,15,9,4
15.9941,,478,9.31868131868132,-0.26373626373626374,-0.8791208791208791,91.47252747252747,14.725274725274724,2.7882441597588548,2350,1536,2546,2983,2228,1494,-50,1250,250,0,-50,-150,27,765,122,-86,-62,-97,118,120,118,121,117,119,45,48,46,46,46,49,1,773,14,15,8,4
16.0277,,479,9.31868131868132,-0.3516483516483517,-0.8791208791208791,91.47252747252747,14.725274725274724,2.7882441597588548,2352,1580,2561,2982,2227,1491,50,1250,500,-50,-50,-100,27,600,-55,-83,-143,-83,119,121,119,122,118,121,45,48,46,46,46,49,1,538,3,15,3,9
16.0611,,480,9.31868131868132,-0.3516483516483517,-0.8791208791208791,91.47252747252747,14.725274725274724,2.7882441597588548,2353,1624,2567,2981,2225,1488,50,1400,350,0,0,-50,0,572,48,-83,-51,-76,120,122,120,123,120,122,45,48,46,46,46,49,0,231,0,15,5,8
16.0945,,481,9.31868131868132,-0.43956043956043955,-0.8791208791208791,91.47252747252747,14.725274725274724,2.7882441597588548,2352,1660,2575,2981,2225,1488,0,1150,250,0,0,0,0,424,0,-79,-51,-72,121,123,121,124,120,123,45,48,46,46,45,49,0,96,0,13,7,13
16.128,,482,9.31868131868132,-0.5274725274725275,-0.8791208791208791,91.47252747252747,14.637362637362637,2.7882441597588548,2351,1695,2577,2979,2225,1488,-50,1050,200,0,0,0,27,287,-27,-72,-51,-72,121,123,122,124,121,123,45,48,46,47,46,49,2,34,1,11,8,14
16.1615,,483,9.142857142857142,-0.6153846153846154,-0.8791208791208791,91.56043956043956,14.197802197802197,2.7882441597588548,2350,1733,2579,2977,2225,1488,-50,1100,50,-50,0,0,30,139,-34,-65,-55,-72,122,124,122,125,121,124,45,48,46,47,46,49,3,4,1,6,8,15
16.195,,484,8.615384615384615,-0.6153846153846154,-0.8791208791208791,91.64835164835165,13.582417582417582,2.7882441597588548,2350,1755,2577,2975,2224,1488,0,750,0,-50,0,0,23,139,-30,-58,-69,-72,122,124,122,125,121,124,45,48,46,47,46,49,1,1,1,6,17,15
16.2285,,485,7.1208791208791204,-0.7912087912087912,-0.8791208791208791,91.91208791208791,13.31868131868132,2.7128862094951014,2349,1774,2579,2974,2221,1488,0,600,50,0,-100,0,-45,-30,-30,-125,-101,-72,122,124,122,125,121,124,45,48,46,47,46,49,2,0,0,13,11,15
16.262,,486,5.274725274725275,-0.967032967032967,-0.7912087912087912,92.26373626373626,13.31868131868132,2.7128862094951014,2346,1793,2582,2968,2213,1488,-100,550,100,-50,-200,0,-105,-23,-41,0,48,-79,122,124,122,125,121,124,45,48,46,46,46,49,1,16,4,6,5,15
16.2955,,487,2.989010989010989,-1.054945054945055,-0.7032967032967034,92.52747252747253,13.31868131868132,2.7128862094951014,2338,1807,2584,2968,2211,1486,-150,450,100,0,-50,-50,-155,-86,-48,30,-62,-72,122,124,122,125,121,124,45,48,46,46,45,49,11,44,7,1,3,13
16.329,,488,0.08791208791208792,-1.5824175824175823,-0.7032967032967034,93.05494505494505,13.23076923076923,2.7128862094951014,2329,1810,2583,2969,2209,1485,-250,100,-50,0,-100,-50,-212,-108,-41,37,-51,-69,122,124,122,125,121,124,45,48,46,46,46,49,22,33,4,2,6,12
16.3624,,489,-2.8131868131868134,-2.4615384615384617,-0.7032967032967034,93.49450549450549,13.23076923076923,2.7128862094951014,2314,1806,2582,2974,2207,1484,-400,-50,0,50,-50,-50,-279,-139,-37,64,-48,-65,122,124,122,125,121,124,45,48,46,46,46,49,39,33,2,2,4,10
16.3959,,490,-6.241758241758242,-3.1648351648351647,-0.7032967032967034,93.49450549450549,13.23076923076923,2.7128862094951014,2295,1803,2581,2974,2205,1484,-550,-100,-50,0,-100,0,-243,-167,-34,66,-41,-65,122,124,122,125,121,124,45,48,46,46,45,49,54,41,1,6,2,10
16.4294,,491,-9.758241758241759,-4.131868131868132,-0.7032967032967034,93.58241758241758,13.23076923076923,2.7128862094951014,2270,1799,2581,2977,2204,1484,-650,-100,0,0,-50,0,-289,-169,-34,51,-37,-65,121,124,122,125,121,123,45,48,46,46,46,49,58,30,2,2,3,10
16.4628,,492,-13.098901098901099,-4.65934065934066,-0.7032967032967034,93.58241758241758,13.23076923076923,2.7128862094951014,2241,1799,2582,2977,2204,1484,-800,-50,0,50,0,0,-328,-213,-37,51,-37,-65,121,124,122,124,121,123,45,48,46,46,45,49,57,77,1,2,4,9
16.4964,,493,-16.175824175824175,-4.835164835164835,-0.7032967032967034,93.58241758241758,13.23076923076923,2.637528259231349,2210,1799,2582,2979,2204,1484,-950,0,0,50,0,0,-343,-213,-37,44,-37,-65,121,123,122,124,121,123,45,48,46,46,46,49,55,97,2,1,4,9
16.5299,,494,-19.34065934065934,-4.835164835164835,-0.7032967032967034,93.58241758241758,13.31868131868132,2.637528259231349,2174,1798,2582,2981,2204,1484,-1050,0,0,50,0,0,-367,-220,-37,41,-37,-69,121,124,122,124,121,123,45,48,46,46,45,49,40,98,1,1,4,10
16.5635,,495,-22.417582417582416,-4.835164835164835,-0.7032967032967034,93.58241758241758,13.31868131868132,2.637528259231349,2135,1797,2582,2981,2204,1484,-1150,-50,0,0,0,0,-357,-213,-37,37,-34,-69,121,124,122,124,121,123,45,48,46,46,46,49,27,95,2,1,4,11
16.597,,496,-25.054945054945055,-4.747252747252747,-0.7032967032967034,93.58241758241758,13.31868131868132,2.637528259231349,2098,1797,2582,2981,2204,1484,-1100,0,0,0,0,0,-345,-213,-37,37,-34,-69,121,124,122,124,121,123,45,48,46,46,46,49,24,92,1,1,4,11
16.6305,,497,-27.516483516483518,-4.571428571428571,-0.7032967032967034,93.58241758241758,13.31868131868132,2.637528259231349,2064,1797,2582,2981,2204,1484,-1050,0,0,0,0,0,-321,-210,-37,37,-34,-69,121,124,122,124,121,123,45,48,46,46,46,49,16,89,1,1,4,11
16.6641,,498,-29.802197802197803,-4.483516483516484,-0.7032967032967034,93.58241758241758,13.31868131868132,2.637528259231349,2028,1797,2582,2981,2204,1484,-1100,0,0,0,0,0,-289,-203,-37,37,-34,-69,121,124,122,124,121,123,45,48,46,47,45,49,15,84,1,0,4,11
16.6976,,499,-31.560439560439562,-4.3076923076923075,-0.7032967032967034,93.58241758241758,13.582417582417582,2.637528259231349,1996,1797,2582,2981,2204,1484,-950,0,0,0,0,0,-295,-199,-37,37,-34,-69,121,124,122,124,121,123,45,48,46,47,46,49,10,83,2,1,4,10
16.7312,,500,-32.967032967032964,-4.131868131868132,-0.7032967032967034,93.58241758241758,13.846153846153847,2.637528259231349,1965,1797,2582,2981,2204,1484,-900,0,0,0,0,0,-254,-192,-37,37,-23,-69,121,124,122,124,121,123,45,48,46,47,45,49,4,77,2,1,2,10
16.7647,,501,-34.1978021978022,-4.043956043956044,-0.7032967032967034,93.58241758241758,13.934065934065934,2.637528259231349,1936,1797,2582,2981,2204,1484,-900,0,0,0,0,0,-199,-185,-37,37,0,-69,121,124,122,125,121,123,45,48,46,46,46,49,1,71,1,1,0,10
16.7982,,502,-35.34065934065934,-3.956043956043956,-0.7032967032967034,93.58241758241758,14.021978021978022,2.637528259231349,1913,1797,2582,2981,2204,1484,-800,0,0,0,0,0,-232,-181,-37,37,23,-69,121,124,122,125,121,123,45,48,46,46,46,49,1,68,1,1,1,10
16.8317,,503,-36.48351648351648,-3.956043956043956,-0.7032967032967034,93.58241758241758,14.021978021978022,2.637528259231349,1892,1797,2582,2981,2204,1484,-650,0,0,0,0,0,-109,-178,-37,37,27,-69,121,124,122,124,121,123,45,48,46,46,45,49,2,66,1,1,2,11
16.8651,,504,-37.53846153846154,-3.956043956043956,-0.7032967032967034,93.58241758241758,14.021978021978022,2.637528259231349,1873,1797,2582,2981,2204,1484,-550,0,0,0,0,0,-203,-178,-37,37,27,-69,121,124,122,125,121,123,45,48,46,47,46,49,3,67,2,1,3,11
16.8986,,505,-38.417582417582416,-3.956043956043956,-0.7032967032967034,93.58241758241758,14.10989010989011,2.637528259231349,1858,1797,2582,2981,2204,1484,-500,0,0,0,0,0,-179,-178,-37,37,27,-69,121,124,122,125,121,123,45,48,46,46,45,49,2,68,2,1,3,11
16.932,,506,-39.032967032967036,-3.956043956043956,-0.7032967032967034,93.49450549450549,14.10989010989011,2.637528259231349,1845,1797,2582,2981,2203,1484,-450,0,0,0,0,0,-69,-178,-37,37,30,-69,121,124,122,125,121,123,45,48,46,46,46,49,8,67,1,0,3,10
16.9654,,507,-39.20879120879121,-3.868131868131868,-0.7032967032967034,93.49450549450549,14.10989010989011,2.637528259231349,1834,1797,2582,2981,2203,1484,-300,0,0,0,-50,0,-130,-178,-37,34,34,-69,121,124,122,124,121,123,45,48,46,46,46,49,4,67,1,0,4,10
16.9989,,508,-39.032967032967036,-3.868131868131868,-0.7032967032967034,93.31868131868131,14.10989010989011,2.637528259231349,1824,1797,2582,2981,2203,1484,-300,0,0,0,0,0,-93,-174,-37,34,34,-69,121,124,122,124,121,123,45,48,46,46,46,49,3,64,1,0,4,11
17.0324,,509,-38.417582417582416,-3.78021978021978,-0.7912087912087912,93.23076923076923,14.197802197802197,2.637528259231349,1819,1797,2582,2981,2203,1484,-200,0,0,0,0,0,-72,-174,-37,27,34,-69,122,124,122,125,121,123,45,48,46,46,45,49,5,64,2,0,4,11
17.0659,,510,-37.8021978021978,-3.78021978021978,-0.7912087912087912,93.14285714285714,14.197802197802197,2.637528259231349,1816,1797,2582,2981,2203,1484,-100,0,0,0,0,0,-23,-171,-41,23,37,-69,122,124,122,125,121,124,45,48,46,46,45,49,1,62,2,0,4,10
17.0994,,511,-36.395604395604394,-3.78021978021978,-0.7912087912087912,93.14285714285714,14.197802197802197,2.637528259231349,1816,1797,2582,2981,2203,1484,-50,0,0,0,0,0,32,-171,-41,0,37,-69,121,124,122,125,121,123,45,48,46,46,46,49,1,62,2,0,4,11
17.1329,,512,-34.81318681318681,-3.78021978021978,-0.7912087912087912,93.05494505494505,14.197802197802197,2.637528259231349,1817,1797,2582,2981,2203,1484,0,0,0,0,0,0,102,-171,-41,0,37,-69,121,124,122,125,121,124,45,48,46,46,45,49,13,62,2,0,4,10
17.1664,,513,-33.23076923076923,-3.78021978021978,-0.7912087912087912,93.05494505494505,14.197802197802197,2.637528259231349,1820,1797,2582,2981,2203,1484,50,0,0,0,0,0,163,-171,-41,0,37,-69,121,124,122,125,121,123,45,48,46,46,46,49,24,62,3,0,4,11
17.1999,,514,-31.208791208791208,-3.78021978021978,-0.7912087912087912,93.05494505494505,14.197802197802197,2.637528259231349,1831,1797,2582,2981,2203,1484,250,0,0,0,0,0,194,-171,-41,0,37,-69,121,124,122,125,121,123,45,48,46,46,46,49,21,62,3,0,4,11
17.2334,,515,-28.747252747252748,-3.78021978021978,-0.7912087912087912,92.96703296703296,14.197802197802197,2.637528259231349,1843,1797,2582,2981,2203,1484,350,0,0,0,0,0,229,-171,-41,0,37,-69,122,124,122,125,121,123,45,48,46,46,46,49,29,62,2,0,4,11
17.2668,,516,-26.197802197802197,-3.78021978021978,-0.7912087912087912,92.96703296703296,14.197802197802197,2.637528259231349,1859,1797,2582,2981,2203,1484,400,0,0,0,0,0,271,-171,-41,0,37,-69,121,124,122,124,121,123,45,48,46,46,45,49,44,63,2,0,4,10
17.3003,,517,-23.384615384615383,-3.78021978021978,-0.7912087912087912,92.96703296703296,14.197802197802197,2.637528259231349,1876,1797,2582,2981,2203,1484,500,0,0,0,0,0,306,-171,-41,0,37,-69,121,124,122,124,121,123,45,48,46,46,46,49,54,62,3,0,4,10
17.3339,,518,-20.835164835164836,-3.78021978021978,-0.7912087912087912,92.96703296703296,14.461538461538462,2.637528259231349,1897,1797,2582,2981,2204,1484,600,0,0,0,50,0,271,-171,-41,0,34,-69,121,124,122,124,121,123,45,48,46,46,46,49,70,61,2,0,4,10
17.3673,,519,-18.285714285714285,-3.78021978021978,-0.7912087912087912,92.96703296703296,15.428571428571429,2.637528259231349,1921,1797,2582,2981,2204,1484,750,0,0,0,0,0,294,-171,-41,0,44,-69,121,124,122,124,121,123,45,48,46,46,46,49,52,62,2,0,5,11
17.4008,,520,-15.736263736263735,-3.78021978021978,-0.7912087912087912,92.96703296703296,16.395604395604394,2.637528259231349,1948,1797,2582,2981,2207,1484,750,0,0,0,50,0,300,-171,-41,0,99,-69,121,124,122,124,121,123,45,48,46,46,46,49,51,61,2,0,11,11
17.4342,,521,-13.274725274725276,-3.78021978021978,-0.7912087912087912,92.96703296703296,17.01098901098901,2.637528259231349,1975,1797,2582,2981,2214,1484,850,0,0,0,200,0,298,-171,-41,0,103,-69,121,124,122,124,121,123,45,48,46,46,46,49,42,62,1,0,8,10
17.4678,,522,-10.725274725274724,-3.78021978021978,-0.8791208791208791,92.96703296703296,17.36263736263736,2.637528259231349,2003,1797,2582,2981,2222,1484,850,0,0,0,200,0,289,-171,-41,0,83,-69,121,124,122,124,121,123,45,48,46,46,45,49,45,62,2,0,8,10
17.5012,,523,-8.175824175824175,-3.78021978021978,-0.8791208791208791,92.96703296703296,17.45054945054945,2.637528259231349,2032,1797,2582,2981,2229,1484,850,0,0,0,250,0,403,-171,-44,0,-32,-69,121,124,122,124,121,123,45,48,46,46,46,49,41,62,3,0,3,11
17.5345,,524,-5.802197802197802,-3.78021978021978,-0.967032967032967,92.87912087912088,17.45054945054945,2.637528259231349,2059,1797,2582,2981,2233,1484,850,0,0,0,200,0,313,-171,-44,0,-55,-69,121,124,122,124,121,123,45,48,46,47,46,49,46,62,3,0,2,11
17.5679,,525,-3.340659340659341,-3.78021978021978,-0.967032967032967,92.87912087912088,17.45054945054945,2.637528259231349,2088,1797,2582,2981,2238,1484,850,0,0,0,100,0,390,-171,-48,-23,48,-69,121,124,122,124,121,123,45,48,46,46,46,49,43,62,4,0,2,10
17.6013,,526,-1.2307692307692308,-3.78021978021978,-0.967032967032967,92.87912087912088,17.45054945054945,2.637528259231349,2116,1797,2582,2982,2241,1484,800,0,0,0,100,0,384,-171,-48,-27,-83,-69,121,124,122,124,121,123,45,48,46,47,45,49,38,62,4,0,1,11
17.6349,,527,0.7032967032967034,-3.868131868131868,-1.054945054945055,92.87912087912088,17.45054945054945,2.637528259231349,2144,1797,2582,2982,2243,1484,850,0,0,0,50,0,278,-171,-48,-27,27,-69,121,124,122,124,121,123,45,48,46,46,46,49,44,61,4,0,1,10
17.6683,,528,2.7252747252747254,-4.043956043956044,-1.054945054945055,92.87912087912088,17.45054945054945,2.637528259231349,2171,1797,2582,2982,2243,1484,800,0,0,0,0,0,285,-174,-51,-27,27,-69,121,124,122,124,121,123,45,48,46,47,46,49,33,64,4,0,1,11
17.7019,,529,4.483516483516484,-4.3076923076923075,-1.054945054945055,92.87912087912088,17.45054945054945,2.637528259231349,2196,1797,2582,2983,2243,1484,750,0,0,0,0,0,268,-181,-51,-27,27,-69,121,124,122,124,121,123,45,48,46,46,46,49,53,70,4,9,2,11
17.7353,,530,5.802197802197802,-4.65934065934066,-1.054945054945055,92.87912087912088,17.45054945054945,2.637528259231349,2222,1797,2582,2983,2243,1484,750,0,0,0,0,0,243,-192,-51,-30,27,-69,121,124,122,124,121,123,45,48,46,46,45,49,47,78,4,1,2,11
17.7689,,531,6.769230769230769,-4.923076923076923,-1.1428571428571428,92.87912087912088,17.36263736263736,2.637528259231349,2245,1797,2582,2983,2243,1484,700,0,0,0,0,0,286,-206,-51,-30,27,-69,121,124,122,124,121,123,45,48,46,46,46,49,37,89,4,0,2,10
17.8023,,532,7.736263736263736,-4.923076923076923,-1.2307692307692308,92.87912087912088,17.36263736263736,2.637528259231349,2265,1797,2582,2984,2243,1484,650,0,0,0,0,0,276,-219,-55,-30,23,-69,121,123,122,124,121,123,45,48,46,47,45,49,23,109,5,0,1,10
17.8357,,533,8.087912087912088,-5.186813186813187,-1.2307692307692308,92.96703296703296,17.36263736263736,2.637528259231349,2284,1796,2582,2984,2244,1484,550,-50,0,0,0,0,155,-213,-58,-34,23,-69,121,124,122,124,121,123,45,48,46,46,45,49,11,94,6,0,1,10
17.8691,,534,8.087912087912088,-5.362637362637362,-1.054945054945055,93.05494505494505,17.45054945054945,2.637528259231349,2299,1796,2582,2984,2244,1484,500,0,0,0,50,0,171,-224,-58,-30,0,-69,121,124,122,124,121,123,45,48,46,46,45,49,5,104,7,0,0,11
17.9026,,535,8.0,-5.450549450549451,-0.8791208791208791,93.23076923076923,17.45054945054945,2.637528259231349,2309,1795,2582,2984,2244,1484,400,0,0,0,0,0,129,-231,-51,-27,23,-69,121,124,122,124,121,123,45,48,46,46,46,49,7,121,4,0,1,10
17.9361,,536,7.648351648351649,-5.626373626373627,-0.8791208791208791,93.31868131868131,17.45054945054945,2.637528259231349,2316,1794,2582,2984,2244,1484,250,-50,0,0,0,0,97,-227,-44,0,23,-69,121,124,122,124,121,123,45,48,46,46,45,49,4,104,3,0,2,11
17.9697,,537,7.56043956043956,-5.714285714285714,-0.8791208791208791,93.31868131868131,17.36263736263736,2.637528259231349,2320,1794,2582,2985,2244,1484,150,0,0,50,0,0,65,-234,-44,0,23,-69,121,124,122,124,121,123,45,48,46,46,46,49,1,109,3,0,1,11
18.0032,,538,7.56043956043956,-6.241758241758242,-0.8791208791208791,93.4065934065934,16.835164835164836,2.637528259231349,2321,1793,2582,2985,2244,1484,0,-50,0,0,0,0,62,-234,-44,0,0,-69,121,124,122,124,121,123,45,48,46,46,46,49,8,121,3,0,0,11
18.0366,,539,7.384615384615385,-7.56043956043956,-0.7912087912087912,93.49450549450549,16.571428571428573,2.637528259231349,2321,1789,2582,2985,2244,1484,0,-50,0,0,0,0,62,-253,-44,0,-42,-69,121,124,122,124,121,123,45,48,46,46,46,49,10,126,3,0,4,11
18.07,,540,7.208791208791209,-9.23076923076923,-0.7912087912087912,93.49450549450549,16.483516483516482,2.637528259231349,2321,1785,2582,2985,2243,1484,0,-150,0,0,0,0,55,-221,-41,0,-41,-69,121,124,122,124,121,123,45,48,46,46,45,49,8,133,2,0,5,10
18.1035,,541,7.208791208791209,-11.428571428571429,-0.7912087912087912,93.49450549450549,16.307692307692307,2.637528259231349,2321,1775,2582,2985,2243,1484,0,-200,0,0,0,0,48,-339,-41,0,-44,-69,121,123,122,124,121,123,45,48,46,47,46,49,5,137,2,0,5,10
18.1369,,542,7.208791208791209,-14.065934065934066,-0.7912087912087912,93.49450549450549,15.868131868131869,2.637528259231349,2321,1763,2583,2985,2243,1484,0,-350,50,0,0,0,48,-311,-44,0,-51,-69,121,123,122,124,121,123,45,48,46,46,46,49,6,141,3,0,8,10
18.1703,,543,7.1208791208791204,-16.967032967032967,-0.7912087912087912,93.49450549450549,14.637362637362637,2.637528259231349,2321,1747,2583,2985,2243,1484,0,-400,0,0,0,0,48,-355,-44,0,-74,-69,121,123,122,124,121,123,45,48,46,46,45,49,5,152,4,0,15,10
18.2037,,544,7.1208791208791204,-20.043956043956044,-0.7912087912087912,93.4065934065934,13.406593406593407,2.637528259231349,2321,1725,2583,2985,2240,1484,0,-550,0,0,0,0,44,-393,-44,0,-49,-69,121,123,121,124,121,123,45,48,46,46,46,49,4,160,4,0,21,11
18.2371,,545,7.1208791208791204,-22.945054945054945,-0.7912087912087912,93.4065934065934,12.791208791208792,2.637528259231349,2321,1700,2583,2986,2231,1484,0,-750,0,0,-200,0,44,-421,-44,0,-146,-69,121,123,121,124,121,123,45,48,46,46,46,49,4,156,3,0,14,10
18.2705,,546,7.1208791208791204,-25.318681318681318,-0.7912087912087912,93.4065934065934,12.527472527472527,2.637528259231349,2321,1672,2583,2986,2222,1484,0,-850,0,0,-250,0,44,-459,-44,0,-144,-69,121,123,121,124,121,123,45,48,46,46,46,49,4,169,3,0,19,11
18.3039,,547,7.1208791208791204,-27.692307692307693,-0.7912087912087912,93.4065934065934,12.527472527472527,2.637528259231349,2321,1641,2583,2986,2214,1484,0,-950,0,0,-250,0,44,-449,-44,0,-108,-69,121,123,121,124,121,123,45,48,46,46,46,49,5,138,4,0,7,10
18.3373,,548,7.1208791208791204,-29.89010989010989,-0.7912087912087912,93.4065934065934,12.43956043956044,2.637528259231349,2321,1608,2583,2986,2208,1484,0,-950,0,0,-150,0,44,-424,-44,0,-83,-69,121,123,122,124,121,123,45,48,46,46,45,49,4,105,4,0,10,10
18.3708,,549,7.1208791208791204,-31.824175824175825,-0.7912087912087912,93.31868131868131,12.43956043956044,2.637528259231349,2321,1575,2583,2986,2204,1484,0,-950,0,0,-100,0,44,-395,-44,0,-72,-69,121,123,122,124,121,123,45,48,46,46,46,49,4,96,4,0,8,10
18.4043,,550,7.032967032967033,-33.84615384615385,-0.7912087912087912,93.31868131868131,12.43956043956044,2.637528259231349,2321,1545,2583,2986,2201,1484,0,-950,0,0,-100,0,44,-352,-44,-23,-62,-69,121,124,122,124,121,123,45,48,46,46,46,49,4,92,3,0,4,10
18.4378,,551,7.032967032967033,-35.69230769230769,-0.7912087912087912,93.31868131868131,12.43956043956044,2.637528259231349,2322,1515,2583,2986,2199,1484,0,-900,0,0,-100,0,41,-354,-44,-23,-55,-69,121,124,122,124,121,123,45,48,46,46,45,49,2,82,4,0,5,11
18.4713,,552,7.032967032967033,-37.45054945054945,-0.7912087912087912,93.31868131868131,12.43956043956044,2.637528259231349,2322,1486,2582,2986,2197,1484,0,-850,0,0,-100,0,37,-324,-44,-23,-44,-69,121,124,122,125,121,123,45,48,46,47,45,49,4,56,2,0,6,11
18.5048,,553,6.945054945054945,-38.94505494505494,-0.7912087912087912,93.31868131868131,12.43956043956044,2.637528259231349,2322,1459,2582,2986,2196,1484,0,-800,-50,0,0,0,37,-289,-41,-23,-41,-69,121,124,122,124,121,123,45,48,46,47,46,49,4,61,2,0,4,11
18.5383,,554,6.681318681318682,-40.35164835164835,-0.7912087912087912,93.31868131868131,12.43956043956044,2.637528259231349,2322,1435,2582,2987,2195,1484,0,-750,0,0,-50,0,34,-251,-41,-27,-37,-69,121,124,122,125,121,123,45,48,46,46,45,49,3,50,3,0,4,11
18.5718,,555,5.802197802197802,-41.582417582417584,-0.7912087912087912,93.4065934065934,12.43956043956044,2.637528259231349,2322,1412,2582,2987,2195,1484,0,-700,0,0,0,0,23,-304,-41,-27,-37,-69,122,124,122,125,121,124,45,48,46,46,45,49,1,38,3,0,4,10
18.6054,,556,4.65934065934066,-42.72527472527472,-0.7032967032967034,93.4065934065934,12.351648351648352,2.637528259231349,2322,1391,2582,2987,2195,1484,0,-600,0,0,0,0,-69,-306,-41,-23,-37,-69,122,124,122,125,121,124,45,48,46,47,45,49,5,31,2,0,4,11
18.6388,,557,3.340659340659341,-43.78021978021978,-0.7032967032967034,93.4065934065934,12.351648351648352,2.637528259231349,2319,1372,2582,2987,2195,1484,-50,-550,0,0,0,0,-107,-190,-37,-23,-41,-69,122,124,122,125,121,124,45,48,46,46,46,49,9,39,2,0,4,11
18.6722,,558,1.934065934065934,-44.92307692307692,-0.7032967032967034,93.4065934065934,12.263736263736265,2.637528259231349,2314,1356,2582,2987,2195,1484,-150,-500,0,0,0,0,-142,-251,-37,-23,-41,-69,122,124,122,125,121,124,45,48,46,46,46,49,9,36,2,0,4,11
18.7056,,559,0.6153846153846154,-45.89010989010989,-0.7032967032967034,93.4065934065934,12.175824175824175,2.637528259231349,2303,1340,2582,2987,2195,1484,-250,-500,0,0,0,0,-158,-147,-37,-23,-44,-69,122,124,122,125,121,124,45,48,46,46,46,49,6,23,2,0,7,11
18.739,,560,-0.43956043956043955,-46.76923076923077,-0.7032967032967034,93.4065934065934,11.208791208791208,2.637528259231349,2290,1323,2582,2987,2193,1484,-350,-500,0,0,0,0,-160,-200,-37,-23,-44,-69,122,124,122,125,121,124,45,48,46,46,45,49,16,26,2,0,5,10
18.7725,,561,-1.054945054945055,-47.38461538461539,-0.7032967032967034,93.4065934065934,9.89010989010989,2.637528259231349,2275,1309,2582,2987,2192,1484,-500,-450,0,0,0,0,-81,-127,-37,-23,-105,-69,122,124,122,125,121,124,45,48,46,47,45,49,3,13,2,0,14,11
18.8059,,562,-1.1428571428571428,-48.0,-0.7032967032967034,93.4065934065934,8.835164835164836,2.637528259231349,2262,1295,2582,2987,2186,1484,-450,-450,0,0,-100,0,-38,-81,-37,-23,-51,-69,122,124,122,125,121,124,45,48,46,47,45,49,5,16,3,0,15,10
18.8393,,563,-1.2307692307692308,-48.527472527472526,-0.6153846153846154,93.4065934065934,8.219780219780219,2.637528259231349,2252,1283,2582,2987,2176,1484,-350,-400,0,0,-250,0,-79,-62,-37,-23,-140,-69,122,124,122,125,121,124,45,48,46,47,46,49,2,15,1,0,12,10
18.8727,,564,-1.3186813186813187,-48.61538461538461,-0.6153846153846154,93.4065934065934,7.78021978021978,2.8636021100226077,2246,1271,2582,2987,2167,1484,-200,-350,0,0,-300,0,-62,-115,-34,-23,-23,-69,122,124,122,125,121,124,45,48,46,46,45,49,2,9,1,0,14,10
18.9061,,565,-1.4065934065934067,-48.61538461538461,-0.6153846153846154,93.4065934065934,7.516483516483516,3.089675960813866,2242,1262,2582,2987,2158,1484,-100,-300,0,0,-250,0,66,-93,-34,-23,-117,-47,122,124,122,125,121,124,45,48,46,46,46,49,1,3,0,0,14,5
18.9395,,566,-1.4945054945054945,-48.7032967032967,-0.6153846153846154,93.4065934065934,7.164835164835165,3.089675960813866,2239,1256,2582,2987,2151,1484,-100,-150,0,0,-250,0,-44,-69,-34,-23,-86,-44,122,124,122,125,121,124,45,48,46,46,46,49,3,3,1,0,8,4
18.9729,,567,-1.4945054945054945,-49.31868131868132,-0.6153846153846154,93.49450549450549,6.989010989010989,2.8636021100226077,2237,1247,2582,2988,2146,1484,-100,-300,0,0,-150,0,-37,-41,-34,-27,-79,-44,122,124,122,125,121,124,45,48,46,46,46,49,2,0,2,0,10,4
19.0063,,568,-1.4945054945054945,-50.637362637362635,-0.6153846153846154,93.49450549450549,7.164835164835165,2.8636021100226077,2235,1244,2582,2988,2142,1484,-50,-200,0,0,-150,0,-30,-61,-34,-23,-69,-55,122,124,122,125,121,124,45,48,46,46,46,49,2,4,1,0,7,7
19.0399,,569,-1.4945054945054945,-52.13186813186813,-0.6153846153846154,93.49450549450549,7.78021978021978,2.93896006028636,2233,1240,2582,2988,2139,1484,-50,-100,0,0,-150,0,-23,-111,-34,-23,-51,-55,122,124,122,125,121,124,45,48,46,46,46,49,1,9,0,0,5,6
19.0734,,570,-1.4945054945054945,-53.714285714285715,-0.6153846153846154,93.49450549450549,7.956043956043956,3.014318010550113,2233,1230,2582,2988,2138,1484,0,-250,0,0,-50,0,-23,-152,-34,-23,29,-51,122,124,122,125,121,124,45,48,46,46,46,49,1,8,1,0,3,5
19.107,,571,-1.4945054945054945,-55.032967032967036,-0.6153846153846154,93.49450549450549,7.956043956043956,3.089675960813866,2232,1218,2582,2988,2138,1484,0,-350,0,0,0,0,0,-173,-34,-23,0,-48,122,124,122,125,121,124,45,48,46,47,45,49,0,6,0,0,1,4
19.1404,,572,-1.4945054945054945,-55.824175824175825,-0.6153846153846154,93.49450549450549,7.868131868131868,3.089675960813866,2232,1205,2582,2988,2138,1484,0,-400,0,0,0,0,0,-170,-34,-23,0,-44,122,124,122,125,121,124,45,48,46,47,45,49,0,3,1,0,0,3
19.1738,,573,-1.4945054945054945,-56.08791208791209,-0.6153846153846154,93.49450549450549,7.516483516483516,3.089675960813866,2232,1190,2582,2988,2138,1484,0,-400,0,0,0,0,0,-132,-34,-23,0,-44,122,124,122,125,121,124,45,48,46,47,46,49,0,2,0,0,0,4
19.2072,,574,-1.5824175824175823,-56.35164835164835,-0.6153846153846154,93.49450549450549,7.428571428571429,2.7882441597588548,2232,1178,2581,2988,2138,1484,0,-400,-50,0,0,0,0,-90,-30,-23,-34,-44,122,124,122,125,121,124,45,48,46,47,45,49,0,1,0,0,4,4
19.2406,,575,-1.5824175824175823,-56.43956043956044,-0.6153846153846154,93.49450549450549,7.252747252747253,2.7128862094951014,2232,1170,2581,2988,2138,1484,0,-250,0,0,0,0,-23,41,-30,-23,-37,-62,122,124,122,125,121,124,45,48,46,47,46,49,1,1,1,0,4,8
19.2741,,576,-1.6703296703296704,-56.967032967032964,-0.6153846153846154,93.49450549450549,7.164835164835165,2.637528259231349,2232,1163,2581,2988,2138,1484,0,-250,0,0,0,0,-23,-51,-30,-23,-44,-65,122,124,122,125,121,124,45,48,46,46,45,49,0,0,1,0,5,9
19.3075,,577,-1.934065934065934,-57.67032967032967,-0.6153846153846154,93.4065934065934,7.076923076923077,2.637528259231349,2232,1157,2580,2988,2138,1484,0,-150,0,0,0,0,-27,-58,-27,-23,-48,-69,122,124,122,125,121,124,45,48,46,46,45,49,2,1,0,0,7,11
19.341,,578,-2.901098901098901,-58.285714285714285,-0.6153846153846154,93.4065934065934,7.076923076923077,2.637528259231349,2232,1151,2580,2988,2138,1484,0,-150,0,0,0,0,-37,-65,-27,-27,-51,-69,122,124,122,125,121,124,45,48,46,46,46,49,4,0,0,0,8,11
19.3745,,579,-3.956043956043956,-59.252747252747255,-0.5274725274725275,93.4065934065934,7.076923076923077,2.637528259231349,2232,1145,2580,2988,2138,1484,0,-200,0,0,0,0,-101,-85,-27,-27,-51,-69,122,124,122,125,121,124,45,48,46,46,45,49,12,2,0,0,8,10
19.4079,,580,-5.186813186813187,-60.395604395604394,-0.26373626373626374,93.31868131868131,7.076923076923077,2.637528259231349,2225,1139,2580,2988,2138,1484,-200,-200,0,0,0,0,-127,-20,-23,-27,-51,-69,122,124,122,125,121,124,45,48,46,46,46,49,8,6,0,0,8,11
19.4414,,581,-6.241758241758242,-61.53846153846154,0.0,93.4065934065934,7.076923076923077,2.637528259231349,2215,1130,2580,2988,2138,1484,-300,-200,0,0,0,0,-140,-120,0,-30,-51,-69,122,124,122,125,121,124,45,48,46,46,46,49,16,8,0,1,8,10
19.4748,,582,-6.857142857142857,-62.94505494505494,0.7032967032967034,93.4065934065934,7.076923076923077,2.637528259231349,2205,1120,2582,2988,2138,1484,-250,-250,0,0,0,0,-53,-127,27,-27,-51,-69,122,124,122,125,121,124,45,48,46,46,45,49,15,6,0,0,8,10
19.5082,,583,-7.032967032967033,-64.52747252747253,1.8461538461538463,93.4065934065934,7.164835164835165,2.637528259231349,2194,1108,2586,2988,2138,1484,-400,-350,100,0,0,0,16,-141,47,-27,-51,-69,122,124,122,125,121,124,45,48,46,46,46,49,10,6,0,0,8,10
19.5418,,584,-7.032967032967033,-65.75824175824175,3.5164835164835164,93.31868131868131,7.164835164835165,2.637528259231349,2185,1094,2592,2988,2138,1484,-300,-400,150,0,0,0,-86,-89,95,-27,-48,-69,122,124,122,125,121,124,45,48,46,47,46,49,1,3,4,0,5,10
19.5753,,585,-7.032967032967033,-67.16483516483517,5.802197802197802,93.23076923076923,7.164835164835165,2.637528259231349,2181,1079,2601,2988,2138,1484,-150,-450,200,0,0,0,-65,-164,135,-30,-48,-69,122,124,122,125,121,124,45,48,46,47,46,49,4,1,1,0,6,10
19.6087,,586,-7.032967032967033,-68.65934065934066,8.351648351648352,93.05494505494505,7.164835164835165,2.637528259231349,2177,1063,2613,2988,2138,1484,-50,-450,300,0,0,0,-51,-76,183,-34,-48,-69,122,124,122,125,121,124,45,48,46,47,45,49,3,0,8,1,6,11
19.6422,,587,-7.032967032967033,-70.15384615384616,11.076923076923077,92.96703296703296,7.076923076923077,2.637528259231349,2174,1047,2629,2988,2138,1484,-100,-450,450,0,0,0,-37,-159,137,-41,-48,-69,122,124,122,125,121,124,45,48,46,47,46,49,2,0,10,2,6,11
19.6757,,588,-7.032967032967033,-71.56043956043956,13.626373626373626,92.87912087912088,7.076923076923077,2.637528259231349,2173,1030,2651,2988,2138,1484,-50,-550,600,0,0,0,-34,-66,253,-44,-51,-69,122,124,122,125,121,124,45,48,46,47,46,49,1,0,6,3,8,11
19.7091,,589,-7.032967032967033,-72.79120879120879,15.912087912087912,92.79120879120879,7.076923076923077,2.637528259231349,2171,1012,2676,2988,2138,1484,0,-500,750,0,0,0,-30,-170,289,-48,-51,-69,122,124,122,125,121,124,45,48,46,47,45,49,1,0,6,4,7,11
19.7426,,590,-7.032967032967033,-74.02197802197803,18.021978021978022,92.79120879120879,7.076923076923077,2.637528259231349,2170,996,2702,2988,2138,1484,-50,-500,800,0,0,0,-23,-68,202,-51,-51,-69,122,124,122,125,121,124,45,48,46,46,46,49,1,0,3,4,8,11
19.7761,,591,-7.1208791208791204,-75.25274725274726,20.043956043956044,92.79120879120879,7.076923076923077,2.637528259231349,2170,981,2727,2988,2138,1484,0,-450,800,0,0,0,-23,-55,275,-51,-51,-69,122,124,122,125,121,124,45,48,46,46,46,49,1,0,0,4,8,11
19.8096,,592,-7.1208791208791204,-76.3076923076923,21.89010989010989,92.79120879120879,7.076923076923077,2.637528259231349,2170,966,2754,2988,2138,1484,0,-450,800,0,0,0,-27,-46,169,-51,-51,-69,122,124,122,125,121,124,45,48,46,46,46,49,2,2,0,4,7,11
19.8431,,593,-7.1208791208791204,-77.36263736263736,23.64835164835165,92.79120879120879,7.076923076923077,2.637528259231349,2170,952,2781,2988,2138,1484,0,-450,800,0,0,0,-27,-29,143,-51,-51,-69,122,124,122,125,121,124,45,48,46,46,46,49,2,0,0,5,6,11
19.8765,,594,-7.1208791208791204,-78.50549450549451,25.406593406593405,92.79120879120879,7.076923076923077,2.637528259231349,2170,939,2804,2988,2138,1484,0,-400,750,0,0,0,-27,-135,240,-51,-51,-69,122,124,122,125,121,124,45,48,46,46,46,49,1,0,0,5,7,11
19.91,,595,-7.1208791208791204,-79.64835164835165,27.252747252747252,92.79120879120879,7.076923076923077,2.637528259231349,2170,926,2828,2988,2138,1484,0,-400,750,0,0,0,-27,-46,134,-51,-51,-69,122,124,122,125,121,124,45,48,46,46,46,49,2,1,0,4,7,11
19.9436,,596,-7.208791208791209,-80.52747252747253,28.923076923076923,92.79120879120879,7.076923076923077,2.637528259231349,2170,913,2850,2988,2138,1484,0,-400,700,0,0,0,-27,-40,123,-51,-51,-69,122,124,122,125,121,124,45,48,46,46,45,49,2,0,0,4,8,11
19.977,,597,-7.208791208791209,-80.52747252747253,30.153846153846153,92.79120879120879,6.989010989010989,2.637528259231349,2170,901,2872,2988,2138,1484,0,-350,650,0,0,0,-30,-105,192,-51,-51,-69,122,124,122,125,121,124,45,48,46,47,45,49,2,0,0,4,8,10
20.0104,,598,-7.208791208791209,-80.52747252747253,31.032967032967033,92.79120879120879,6.989010989010989,2.637528259231349,2170,892,2892,2988,2138,1484,0,-300,650,0,0,0,-30,-65,190,-51,-55,-69,122,124,122,125,121,124,45,48,46,47,46,49,3,0,0,5,8,10
20.0438,,599,-7.2967032967032965,-80.52747252747253,31.384615384615383,92.79120879120879,6.989010989010989,2.637528259231349,2170,886,2911,2988,2138,1484,0,-200,550,0,0,0,-30,76,60,-51,-55,-69,122,124,122,125,121,124,45,48,46,46,46,49,2,0,0,4,9,10
20.0772,,600,-7.824175824175824,-80.61538461538461,31.736263736263737,92.7032967032967,6.989010989010989,2.637528259231349,2170,882,2926,2988,2138,1484,0,-100,500,0,0,0,-34,-27,79,-51,-55,-69,122,124,122,125,121,124,45,48,46,46,46,49,3,6,0,5,8,11
20.1105,,601,-8.43956043956044,-80.61538461538461,32.0,92.7032967032967,6.989010989010989,2.637528259231349,2170,879,2934,2988,2138,1484,0,-100,250,0,0,0,-59,0,-62,-55,-55,-69,122,124,122,125,121,124,45,48,46,46,45,49,6,1,0,6,8,11
20.1441,,602,-8.967032967032967,-80.61538461538461,32.879120879120876,92.7032967032967,7.076923076923077,2.637528259231349,2166,877,2940,2988,2138,1484,0,-100,200,0,0,0,-72,23,44,-55,-55,-69,122,124,122,125,121,124,45,48,46,46,46,49,8,0,0,5,9,11
20.1775,,603,-9.142857142857142,-80.61538461538461,33.934065934065934,92.7032967032967,7.076923076923077,2.637528259231349,2162,877,2945,2988,2138,1484,-150,0,150,0,0,0,-92,23,94,-55,-51,-69,122,124,122,125,121,124,45,48,46,46,46,49,8,0,1,5,8,11
20.211,,604,-9.142857142857142,-80.61538461538461,35.252747252747255,91.82417582417582,7.164835164835165,2.637528259231349,2157,877,2953,2988,2138,1484,-150,0,200,0,0,0,-65,23,109,-55,-51,-69,122,124,122,125,121,124,45,48,46,47,46,49,3,0,3,5,6,10
20.2444,,605,-9.142857142857142,-80.61538461538461,36.83516483516483,89.71428571428571,7.076923076923077,2.637528259231349,2154,877,2961,2988,2138,1484,-100,0,250,0,0,0,-51,23,133,-110,-48,-69,122,124,122,125,121,124,45,48,46,46,46,49,3,0,0,19,5,10
20.2777,,606,-9.142857142857142,-80.61538461538461,38.505494505494504,87.34065934065934,7.076923076923077,2.637528259231349,2152,877,2972,2984,2138,1484,-50,0,300,-50,0,0,-44,23,68,-187,-51,-69,122,124,122,125,121,124,45,48,46,46,46,49,2,0,10,34,8,10
20.3111,,607,-9.142857142857142,-80.61538461538461,40.61538461538461,84.87912087912088,7.076923076923077,2.637528259231349,2150,876,2984,2973,2138,1484,-50,-50,350,-300,0,0,-37,27,88,-255,-51,-69,122,124,122,125,121,124,45,48,46,46,45,49,3,0,12,58,8,10
20.3446,,608,-9.23076923076923,-80.61538461538461,42.81318681318681,82.76923076923077,7.076923076923077,2.637528259231349,2150,876,2997,2957,2138,1484,0,0,400,-500,0,0,-37,27,231,-299,-51,-69,122,124,122,125,121,124,45,48,46,46,46,49,4,0,19,60,7,11
20.3781,,609,-9.23076923076923,-80.61538461538461,45.27472527472528,81.18681318681318,7.076923076923077,2.637528259231349,2150,876,3009,2937,2138,1484,0,0,350,-600,0,0,-41,27,271,-229,-51,-69,122,124,122,125,121,123,45,48,46,46,45,49,4,0,31,41,8,11
20.4115,,610,-9.23076923076923,-80.61538461538461,47.91208791208791,80.04395604395604,7.076923076923077,2.637528259231349,2150,876,3028,2917,2138,1484,0,0,550,-650,0,0,-41,27,302,-298,-51,-69,122,124,122,125,121,123,45,48,46,46,45,49,3,0,49,23,8,11
20.445,,611,-9.23076923076923,-80.61538461538461,50.54945054945055,79.07692307692308,7.076923076923077,2.637528259231349,2150,875,3048,2895,2138,1484,0,0,550,-650,0,0,-41,30,249,-164,-51,-69,122,124,122,124,121,123,45,48,46,46,46,49,3,0,59,29,6,10
20.4785,,612,-9.23076923076923,-80.61538461538461,53.0989010989011,78.54945054945055,7.076923076923077,2.637528259231349,2150,875,3067,2876,2138,1484,0,0,550,-600,0,0,-41,30,297,-166,-51,-69,121,124,122,124,121,123,45,48,46,46,45,49,4,0,77,25,7,10
20.5122,,613,-9.31868131868132,-80.61538461538461,55.56043956043956,78.02197802197803,7.076923076923077,2.637528259231349,2150,875,3090,2863,2138,1484,0,0,700,-450,0,0,-41,30,318,-201,-51,-69,121,124,122,124,121,123,45,48,46,46,46,49,4,0,105,15,8,11
20.5458,,614,-9.582417582417582,-80.61538461538461,57.934065934065934,77.4065934065934,7.076923076923077,2.637528259231349,2150,875,3110,2848,2137,1484,0,0,700,-400,0,0,-44,30,343,-81,-48,-69,121,124,122,124,121,123,45,48,46,46,46,49,4,0,110,19,7,11
20.5793,,615,-9.67032967032967,-80.61538461538461,59.34065934065934,77.05494505494505,7.076923076923077,2.637528259231349,2150,874,3127,2839,2137,1484,0,-50,500,-250,0,0,-55,34,461,-71,-48,-69,121,123,121,124,121,123,45,48,46,46,45,49,9,1,215,25,5,10
20.6127,,616,-10.197802197802197,-80.52747252747253,59.956043956043956,77.05494505494505,7.076923076923077,2.637528259231349,2149,874,3142,2831,2137,1484,0,0,450,-300,0,0,-55,34,458,-129,-48,-69,121,123,121,124,120,123,45,48,46,46,45,49,7,3,256,17,5,11
20.6462,,617,-11.076923076923077,-80.43956043956044,60.30769230769231,77.05494505494505,7.076923076923077,2.637528259231349,2149,873,3152,2825,2137,1484,0,-50,350,-200,0,0,-92,41,443,-111,-48,-69,121,123,121,124,120,123,45,48,46,46,46,49,16,4,260,14,6,10
20.6796,collision,618,-12.219780219780219,-80.43956043956044,61.362637362637365,77.05494505494505,7.164835164835165,2.637528259231349,2148,873,3157,2821,2137,1484,0,0,200,-100,0,0,-135,44,417,23,-48,-69,121,123,121,124,120,122,45,48,46,46,45,49,26,4,287,12,6,10
20.713,,619,-13.538461538461538,-80.43956043956044,63.120879120879124,77.05494505494505,7.516483516483516,2.637528259231349,2142,873,3159,2819,2137,1484,-100,0,50,-100,0,0,-73,44,473,-86,-44,-69,121,123,121,123,120,122,45,48,46,46,46,49,25,4,370,16,5,10
20.7466,,620,-14.76923076923077,-80.43956043956044,65.23076923076923,77.05494505494505,7.6923076923076925,2.637528259231349,2135,872,3160,2819,2137,1484,-250,0,50,0,0,0,-187,48,542,-86,-30,-69,120,122,120,123,119,122,45,48,46,46,46,49,28,5,497,17,2,10
20.78,,621,-15.736263736263735,-80.43956043956044,67.51648351648352,77.05494505494505,7.6923076923076925,2.637528259231349,2127,872,3160,2819,2137,1484,-200,0,0,0,0,0,-198,48,627,-86,-23,-69,120,122,119,122,118,121,45,48,46,46,46,49,49,7,630,17,1,10
20.8135,,622,-16.263736263736263,-80.43956043956044,69.27472527472527,76.96703296703296,7.6923076923076925,2.637528259231349,2119,871,3160,2819,2137,1484,-250,0,0,0,0,0,-138,136,715,-86,-23,-69,119,121,118,121,118,120,45,48,46,47,46,49,62,7,851,17,1,10
20.847,,623,-16.35164835164835,-80.43956043956044,70.5934065934066,76.96703296703296,7.78021978021978,2.637528259231349,2111,868,3163,2819,2137,1484,-200,-50,50,0,0,0,-199,58,701,-90,-23,-69,119,120,118,120,117,119,45,48,46,47,45,49,51,8,993,18,1,10
20.8804,,624,-16.35164835164835,-80.43956043956044,72.0,76.96703296703296,7.78021978021978,2.637528259231349,2106,866,3172,2818,2137,1484,-200,-100,250,-50,0,0,-86,69,803,-86,0,-69,118,120,118,120,117,119,45,48,46,46,45,49,44,13,986,15,0,10
20.9139,,625,-16.263736263736263,-80.52747252747253,73.4065934065934,76.96703296703296,7.78021978021978,2.637528259231349,2102,865,3186,2818,2137,1484,-150,0,400,0,0,0,-157,72,721,-86,0,-69,118,120,117,120,117,119,45,48,46,46,45,49,41,11,825,16,0,10
20.9475,,626,-16.175824175824175,-80.52747252747253,74.72527472527473,76.96703296703296,7.604395604395604,2.637528259231349,2099,864,3205,2818,2137,1484,-50,-50,550,0,0,0,-143,72,705,-86,0,-69,119,120,118,121,117,119,45,48,46,46,45,49,41,19,818,17,0,11
20.9809,,627,-16.087912087912088,-80.52747252747253,76.21978021978022,76.96703296703296,7.604395604395604,2.637528259231349,2099,864,3227,2818,2137,1484,-50,0,600,0,0,0,-139,72,711,-86,-27,-69,119,120,118,121,117,120,45,48,46,47,46,49,43,16,741,17,3,11
21.0144,,628,-16.0,-80.52747252747253,77.36263736263736,76.96703296703296,7.252747252747253,2.637528259231349,2099,864,3251,2818,2137,1484,0,0,700,0,0,0,-136,72,679,-86,-27,-69,119,121,119,121,118,120,45,48,46,46,46,49,42,16,625,17,2,11
21.0479,,629,-15.56043956043956,-80.52747252747253,77.62637362637362,76.96703296703296,7.252747252747253,2.637528259231349,2098,864,3278,2818,2137,1484,0,0,750,0,0,0,-132,72,620,-86,-41,-69,119,121,119,122,118,121,45,48,46,46,45,49,26,14,461,17,5,10
21.0813,,630,-15.56043956043956,-80.52747252747253,77.8021978021978,76.96703296703296,7.252747252747253,2.637528259231349,2097,865,3307,2818,2137,1484,-50,0,900,0,0,0,-108,72,501,-86,-41,-69,120,122,120,122,119,121,45,48,46,46,45,49,24,8,321,17,4,10
21.1148,,631,-15.56043956043956,-80.52747252747253,78.41758241758242,77.05494505494505,7.164835164835165,2.637528259231349,2097,865,3332,2818,2137,1484,0,0,800,0,0,0,-108,69,413,-86,-41,-69,120,123,120,123,119,122,45,48,46,46,46,49,27,9,241,16,4,10
21.1484,,632,-15.736263736263735,-80.52747252747253,79.73626373626374,77.05494505494505,7.428571428571429,2.637528259231349,2097,865,3352,2818,2137,1484,0,0,600,0,0,0,-108,69,404,-83,-44,-69,121,123,121,123,120,122,45,48,46,46,46,49,28,9,217,16,4,10
21.1819,,633,-15.736263736263735,-80.52747252747253,81.31868131868131,77.05494505494505,7.604395604395604,2.637528259231349,2097,865,3374,2818,2137,1484,0,0,600,0,0,0,-115,69,472,-83,-34,-69,121,123,121,124,120,123,45,48,46,46,46,49,31,10,156,16,3,10
21.2154,,634,-16.087912087912088,-80.52747252747253,82.81318681318682,77.05494505494505,7.6923076923076925,2.637528259231349,2096,867,3400,2818,2137,1484,-50,50,700,0,0,0,-111,62,354,-83,-27,-69,121,123,121,124,120,123,45,48,46,46,46,49,28,6,101,16,2,11
21.249,,635,-16.087912087912088,-80.52747252747253,84.13186813186813,77.05494505494505,7.6923076923076925,2.637528259231349,2093,868,3429,2818,2137,1484,-100,50,850,0,0,0,-115,58,306,-83,-23,-69,121,123,122,124,121,123,45,48,46,46,45,49,28,6,62,16,1,10
21.2824,,636,-16.087912087912088,-80.52747252747253,85.27472527472527,77.05494505494505,7.6923076923076925,2.637528259231349,2089,868,3456,2818,2137,1484,-150,0,850,0,0,0,-104,58,289,-83,-23,-69,121,124,122,125,121,123,45,48,46,47,46,49,17,6,51,15,1,10
21.3159,,637,-16.087912087912088,-80.52747252747253,86.06593406593407,77.05494505494505,7.6923076923076925,2.637528259231349,2084,869,3483,2817,2137,1484,-100,0,800,0,0,0,-90,58,233,-83,-23,-69,122,124,122,125,121,124,45,48,46,47,46,49,4,5,23,15,1,10
21.3494,,638,-15.912087912087912,-80.52747252747253,86.76923076923077,77.05494505494505,7.6923076923076925,2.637528259231349,2081,870,3511,2815,2137,1484,-150,50,800,-50,0,0,45,51,147,-72,-23,-69,122,124,122,125,121,124,45,48,46,47,45,49,4,4,3,7,1,11
21.3828,,639,-15.56043956043956,-80.52747252747253,87.73626373626374,77.05494505494505,7.6923076923076925,2.637528259231349,2077,871,3532,2808,2133,1484,-150,0,750,-50,0,0,-51,48,176,-51,0,-69,122,124,122,125,121,124,45,48,46,47,45,49,4,4,0,5,3,10
21.4163,,640,-15.56043956043956,-80.52747252747253,88.61538461538461,77.05494505494505,7.6923076923076925,2.637528259231349,2076,870,3541,2802,2131,1484,-50,0,300,-250,-100,0,-34,51,182,-27,30,-69,122,124,122,125,121,124,45,48,46,46,46,49,1,4,12,1,3,11
21.4498,,641,-15.56043956043956,-80.52747252747253,89.75824175824175,77.14285714285714,7.6923076923076925,2.637528259231349,2076,870,3550,2799,2130,1484,0,0,300,-50,-50,0,-34,51,196,0,118,-69,122,124,122,125,121,124,45,48,46,46,46,49,2,4,19,0,3,10
21.4832,,642,-15.56043956043956,-80.52747252747253,89.84615384615384,77.14285714285714,7.78021978021978,2.637528259231349,2076,870,3556,2797,2127,1484,0,0,200,-100,-50,0,-34,51,134,27,41,-69,122,124,122,125,121,124,45,48,46,46,46,49,4,4,46,1,9,11
21.5167,,643,-15.56043956043956,-80.52747252747253,89.84615384615384,77.14285714285714,7.78021978021978,2.7128862094951014,2076,869,3560,2796,2127,1484,0,-50,100,-50,-50,0,-34,55,181,30,48,-69,121,124,122,125,121,123,45,48,46,46,46,49,4,5,50,0,6,11
21.5501,,644,-15.56043956043956,-80.52747252747253,89.84615384615384,77.14285714285714,7.78021978021978,2.7128862094951014,2076,869,3561,2795,2126,1484,0,0,50,-50,-50,0,-34,55,174,34,51,-65,121,124,122,125,121,123,45,48,46,46,45,49,3,5,64,1,7,9
21.5835,,645,-15.56043956043956,-80.52747252747253,89.84615384615384,77.14285714285714,7.78021978021978,2.7128862094951014,2076,869,3561,2795,2126,1484,0,0,0,0,0,0,-34,55,174,34,51,-65,121,124,122,125,121,123,45,48,46,47,46,49,3,5,66,1,5,9
21.617,,646,-15.56043956043956,-80.52747252747253,89.84615384615384,77.14285714285714,7.78021978021978,2.7128862094951014,2075,869,3561,2795,2127,1484,-50,0,0,0,50,0,-30,55,174,34,48,-65,121,124,122,125,121,123,45,48,46,46,46,49,3,6,67,1,6,9
21.6505,,647,-15.56043956043956,-80.52747252747253,89.84615384615384,77.14285714285714,7.78021978021978,2.7128862094951014,2073,869,3561,2795,2127,1484,0,0,0,0,0,0,-27,55,174,34,48,-65,121,124,122,124,121,123,45,48,46,47,46,49,2,5,68,1,5,9
21.684,,648,-15.56043956043956,-80.52747252747253,89.84615384615384,77.14285714285714,7.78021978021978,2.7128862094951014,2071,869,3561,2795,2128,1484,-50,0,0,0,50,0,0,55,174,34,44,-65,121,124,122,124,121,123,45,48,46,47,45,49,0,5,67,1,5,10
