t,marker,frame_idx,goal_pos.shoulder_pan,goal_pos.shoulder_lift,goal_pos.elbow_flex,goal_pos.wrist_flex,goal_pos.wrist_roll,goal_pos.gripper,pos.shoulder_pan,pos.shoulder_lift,pos.elbow_flex,pos.wrist_flex,pos.wrist_roll,pos.gripper,vel.shoulder_pan,vel.shoulder_lift,vel.elbow_flex,vel.wrist_flex,vel.wrist_roll,vel.gripper,load.shoulder_pan,load.shoulder_lift,load.elbow_flex,load.wrist_flex,load.wrist_roll,load.gripper,volt.shoulder_pan,volt.shoulder_lift,volt.elbow_flex,volt.wrist_flex,volt.wrist_roll,volt.gripper,temp.shoulder_pan,temp.shoulder_lift,temp.elbow_flex,temp.wrist_flex,temp.wrist_roll,temp.gripper,curr.shoulder_pan,curr.shoulder_lift,curr.elbow_flex,curr.wrist_flex,curr.wrist_roll,curr.gripper
0.0,,0,-8.527472527472527,-80.52747252747253,91.86813186813187,69.84615384615384,5.670329670329671,2.4868123587038435,2067,877,3562,2759,2128,1484,0,0,0,0,0,0,0,30,199,30,48,-65,122,124,122,125,121,124,45,47,46,46,46,49,0,0,0,0,0,0
0.0334,,1,-8.43956043956044,-80.52747252747253,91.86813186813187,69.84615384615384,5.670329670329671,2.4868123587038435,2067,877,3564,2758,2128,1484,0,0,0,0,0,0,120,27,116,-121,-99,-102,122,124,122,125,121,124,45,47,46,46,46,49,23,0,13,17,11,15
0.0668,,2,-8.43956043956044,-80.52747252747253,91.86813186813187,69.84615384615384,5.670329670329671,2.4868123587038435,2075,877,3576,2749,2126,1483,150,0,300,-250,-50,-50,288,27,138,-81,-65,-76,121,124,122,125,121,124,45,47,46,46,46,49,45,0,27,18,7,9
0.1002,,3,-8.43956043956044,-80.52747252747253,91.86813186813187,69.84615384615384,5.670329670329671,2.4868123587038435,2095,877,3597,2736,2122,1482,700,0,600,-350,-100,0,183,27,171,-93,-62,-69,122,124,122,125,121,123,45,47,46,46,46,49,23,0,5,2,1,9
0.1336,,4,-8.43956043956044,-80.52747252747253,91.86813186813187,69.84615384615384,5.670329670329671,2.4868123587038435,2113,877,3611,2728,2117,1482,550,0,500,-250,-250,0,79,27,86,-62,-34,-69,122,124,122,125,121,124,45,47,46,47,46,49,4,0,1,1,2,10
0.167,,5,-8.43956043956044,-80.52747252747253,91.86813186813187,69.84615384615384,5.670329670329671,2.4868123587038435,2127,877,3616,2724,2117,1482,400,0,200,-150,0,0,23,27,62,-41,-34,-69,122,124,122,125,121,124,45,47,46,47,46,49,2,1,0,0,3,11
0.2006,,6,-8.43956043956044,-80.52747252747253,91.86813186813187,69.84615384615384,5.670329670329671,2.4868123587038435,2134,877,3621,2719,2116,1482,300,0,150,-150,-50,0,83,27,44,-23,-30,-69,122,124,122,125,121,124,45,47,46,46,46,49,0,0,1,0,3,10
0.2341,,7,-8.43956043956044,-80.52747252747253,91.86813186813187,69.84615384615384,5.670329670329671,2.4868123587038435,2141,877,3626,2715,2116,1482,150,0,150,-100,0,0,65,27,30,0,-30,-69,122,124,122,125,121,124,45,47,46,47,46,49,2,0,0,0,3,10
0.2677,,8,-8.43956043956044,-80.52747252747253,91.86813186813187,69.84615384615384,5.670329670329671,2.4868123587038435,2143,877,3628,2714,2116,1482,100,0,50,0,0,0,48,27,0,23,-30,-69,122,124,122,125,121,124,45,47,46,47,46,49,3,0,0,0,3,10
0.301,,9,-8.43956043956044,-80.52747252747253,91.78021978021978,69.84615384615384,5.670329670329671,2.4868123587038435,2144,877,3629,2714,2116,1482,0,0,50,-50,0,0,48,27,0,27,-30,-69,122,124,122,125,121,124,45,47,46,46,46,49,2,0,0,0,3,10
0.3346,,10,-8.43956043956044,-80.52747252747253,91.6923076923077,69.84615384615384,5.670329670329671,2.4868123587038435,2147,877,3629,2714,2116,1482,50,0,0,0,0,0,37,27,0,27,-30,-69,122,124,122,125,121,124,45,47,46,46,46,49,3,0,0,0,2,11
0.368,,11,-8.43956043956044,-80.52747252747253,91.6043956043956,70.02197802197803,5.670329670329671,2.4868123587038435,2147,877,3629,2714,2116,1482,0,0,0,0,0,0,34,27,-23,27,-30,-69,122,124,122,125,121,124,45,47,46,46,46,49,3,0,0,0,3,10
0.4013,,12,-8.43956043956044,-80.52747252747253,91.51648351648352,70.10989010989012,5.758241758241758,2.562170308967596,2148,877,3629,2714,2116,1482,50,0,0,0,0,0,34,27,-27,34,-30,-69,122,124,122,125,121,124,45,47,46,46,46,49,3,0,0,2,3,11
0.4348,,13,-8.43956043956044,-80.52747252747253,91.42857142857143,70.10989010989012,5.846153846153846,2.562170308967596,2149,877,3629,2714,2116,1482,50,0,0,0,0,0,27,27,-30,37,-27,-65,122,124,122,125,121,124,45,47,46,46,46,49,2,0,1,2,3,9
0.4682,,14,-8.527472527472527,-80.52747252747253,91.16483516483517,70.10989010989012,5.846153846153846,2.562170308967596,2149,877,3629,2714,2116,1482,0,0,0,0,0,0,27,27,-34,37,-23,-65,122,124,122,125,121,124,45,47,46,46,46,49,2,0,1,1,0,10
0.5018,,15,-8.527472527472527,-80.52747252747253,90.54945054945055,70.02197802197803,5.934065934065934,2.562170308967596,2149,877,3629,2714,2116,1482,0,0,0,0,0,0,23,27,-44,37,-23,-65,122,124,122,125,121,124,45,47,46,47,46,49,1,0,4,2,0,10
0.5353,,16,-8.527472527472527,-80.52747252747253,89.23076923076923,70.02197802197803,5.934065934065934,2.562170308967596,2149,877,3629,2714,2116,1482,0,0,0,0,0,0,23,27,-72,34,0,-65,122,124,122,125,121,124,45,47,46,47,46,49,1,0,12,0,0,10
0.5688,,17,-8.527472527472527,-80.43956043956044,87.47252747252747,70.02197802197803,5.934065934065934,2.562170308967596,2149,877,3629,2714,2116,1482,0,0,0,0,0,0,23,27,-142,34,0,-65,121,124,122,125,121,123,45,47,46,46,46,49,1,0,39,0,0,10
0.6022,,18,-8.527472527472527,-80.17582417582418,85.27472527472527,70.10989010989012,6.021978021978022,2.562170308967596,2149,877,3625,2714,2116,1482,0,0,0,0,0,0,23,30,-124,34,0,-65,121,124,122,125,121,123,45,47,46,47,46,49,1,0,59,1,0,10
0.6358,,19,-8.527472527472527,-79.47252747252747,82.98901098901099,70.10989010989012,6.021978021978022,2.562170308967596,2149,877,3618,2714,2119,1482,0,0,-200,0,0,0,23,41,-272,37,-23,-65,121,124,122,124,121,123,45,47,46,47,46,49,1,4,103,2,2,10
0.6692,,20,-8.615384615384615,-77.36263736263736,80.7032967032967,70.02197802197803,6.1098901098901095,2.562170308967596,2149,878,3607,2716,2121,1482,0,0,-300,50,100,0,23,77,-240,30,-34,-65,121,123,121,124,121,123,45,47,46,47,46,49,1,11,103,1,5,10
0.7027,,21,-8.791208791208792,-74.28571428571429,78.24175824175825,70.02197802197803,6.9010989010989015,2.562170308967596,2149,883,3594,2721,2124,1482,0,100,-350,200,100,0,0,163,-370,0,-41,-65,121,123,121,124,120,123,45,47,46,46,46,49,0,20,128,0,5,9
0.7362,,22,-9.142857142857142,-70.32967032967034,75.6043956043956,70.02197802197803,8.131868131868131,2.562170308967596,2149,895,3578,2722,2125,1482,0,300,-450,50,50,0,0,156,-422,-27,42,-65,121,123,121,124,120,123,45,47,46,47,46,49,0,36,191,0,1,10
0.7698,,23,-9.142857142857142,-66.02197802197803,72.7032967032967,70.02197802197803,9.010989010989011,2.562170308967596,2149,914,3559,2722,2127,1482,0,550,-500,0,50,0,-34,324,-373,-27,91,-65,121,123,121,123,120,122,45,47,46,46,46,49,3,33,174,0,14,10
0.8032,,24,-8.967032967032967,-61.8021978021978,69.36263736263736,70.02197802197803,9.274725274725276,2.562170308967596,2148,942,3536,2722,2133,1482,0,650,-600,0,100,0,-30,392,-407,-27,-26,-65,120,123,121,123,120,122,45,47,46,46,46,49,1,41,201,0,3,9
0.8368,,25,-8.615384615384615,-58.1978021978022,65.84615384615384,70.10989010989012,9.274725274725276,2.562170308967596,2147,975,3511,2722,2139,1482,-50,900,-700,0,200,0,0,355,-444,-27,69,-65,120,123,121,123,120,122,45,47,46,46,46,49,0,43,161,0,6,10
0.8702,,26,-8.615384615384615,-55.2967032967033,62.15384615384615,70.1978021978022,9.274725274725276,2.562170308967596,2147,1011,3483,2722,2142,1482,0,1100,-850,0,150,0,36,393,-493,-23,58,-65,120,123,121,123,120,122,45,47,46,47,46,49,2,28,185,0,3,10
0.9037,,27,-8.615384615384615,-52.747252747252745,58.637362637362635,70.1978021978022,9.274725274725276,2.562170308967596,2147,1054,3452,2722,2145,1482,0,1250,-950,0,100,0,27,293,-525,0,44,-65,120,123,121,123,120,122,45,47,46,47,46,49,1,28,187,0,2,9
0.9372,,28,-8.703296703296703,-50.46153846153846,55.2967032967033,70.1978021978022,9.274725274725276,2.562170308967596,2147,1095,3417,2722,2148,1482,0,1350,-950,0,100,0,27,247,-545,0,37,-65,121,123,121,123,120,122,45,47,46,47,46,49,1,16,204,0,1,10
0.9706,,29,-8.703296703296703,-48.26373626373626,52.57142857142857,70.10989010989012,9.274725274725276,2.562170308967596,2147,1130,3380,2722,2149,1482,0,1100,-1050,0,50,0,23,299,-465,0,30,-65,121,123,121,123,120,122,45,47,46,47,46,49,1,7,198,0,1,10
1.004,,30,-8.703296703296703,-45.97802197802198,49.75824175824176,70.10989010989012,9.274725274725276,2.562170308967596,2147,1162,3344,2722,2151,1482,0,1000,-1100,0,50,0,23,261,-528,-23,23,-65,121,123,121,123,120,122,45,47,46,47,46,49,1,9,174,0,1,10
1.0375,,31,-8.703296703296703,-43.34065934065934,47.120879120879124,70.10989010989012,9.274725274725276,2.562170308967596,2147,1194,3307,2722,2152,1482,0,950,-1100,0,100,0,23,267,-540,-23,0,-65,121,123,121,124,120,122,45,47,46,47,46,49,1,1,156,0,0,10
1.0709,,32,-8.615384615384615,-40.527472527472526,44.65934065934066,70.10989010989012,9.362637362637363,2.562170308967596,2147,1226,3271,2722,2152,1482,0,1000,-1050,0,0,0,23,252,-518,-23,0,-65,121,123,121,124,120,123,45,47,46,46,46,49,1,0,180,0,0,10
1.1043,,33,-8.615384615384615,-37.714285714285715,42.46153846153846,70.02197802197803,9.45054945054945,2.562170308967596,2147,1254,3239,2722,2152,1482,0,900,-1050,0,0,0,27,252,-491,-23,23,-65,121,123,121,124,120,123,45,47,46,46,46,49,1,9,179,0,1,10
1.1377,,34,-8.615384615384615,-34.9010989010989,40.08791208791209,70.02197802197803,10.505494505494505,2.562170308967596,2147,1284,3205,2722,2152,1482,0,850,-1000,0,0,0,27,254,-455,-27,27,-65,121,123,121,124,120,123,45,47,46,46,46,49,1,4,141,0,2,9
1.1711,,35,-8.615384615384615,-31.912087912087912,37.8021978021978,70.02197802197803,12.351648351648352,2.562170308967596,2147,1316,3173,2722,2153,1482,0,900,-950,0,0,0,27,252,-430,-27,-33,-65,121,123,121,124,120,123,45,47,46,46,46,49,1,7,131,0,11,9
1.2045,,36,-8.615384615384615,-29.01098901098901,35.69230769230769,70.02197802197803,14.285714285714286,2.562170308967596,2147,1348,3143,2722,2159,1482,0,900,-900,0,200,0,27,367,-444,-27,155,-65,121,123,121,124,120,123,45,47,46,47,46,49,1,5,148,0,18,10
1.2381,,37,-8.615384615384615,-26.54945054945055,33.67032967032967,70.02197802197803,15.604395604395604,2.562170308967596,2147,1379,3116,2722,2171,1482,0,950,-850,0,300,0,27,280,-422,-27,191,-65,121,123,121,124,120,123,45,47,46,47,46,49,2,2,127,0,12,10
1.2717,,38,-8.527472527472527,-23.912087912087912,31.47252747252747,69.93406593406593,16.65934065934066,2.562170308967596,2147,1413,3088,2722,2187,1482,0,1000,-850,0,450,0,27,258,-398,-27,183,-65,121,123,121,124,120,123,45,47,46,47,46,49,2,0,126,0,12,10
1.3051,,39,-8.351648351648352,-21.626373626373628,29.274725274725274,69.93406593406593,17.36263736263736,2.562170308967596,2147,1446,3062,2722,2201,1482,0,950,-750,0,400,0,30,242,-388,-30,162,-65,121,123,121,124,120,123,45,47,46,47,46,49,2,1,139,1,8,9
1.3386,,40,-7.648351648351649,-19.516483516483518,26.9010989010989,69.93406593406593,17.53846153846154,2.562170308967596,2147,1479,3036,2722,2214,1482,0,950,-750,0,450,0,37,212,-380,-30,74,-65,121,123,121,124,120,123,45,47,46,47,46,49,4,0,170,1,3,10
1.372,,41,-6.153846153846154,-17.406593406593405,24.439560439560438,69.93406593406593,17.53846153846154,2.562170308967596,2147,1511,3012,2722,2226,1482,0,1050,-750,0,350,0,85,210,-409,-30,-16,-65,121,123,121,124,120,123,45,47,46,47,46,49,13,0,146,0,2,10
1.4054,,42,-4.483516483516484,-14.945054945054945,21.274725274725274,69.93406593406593,17.53846153846154,2.562170308967596,2149,1544,2986,2722,2232,1482,0,950,-750,0,300,0,149,172,-498,-30,72,-65,121,123,121,124,120,123,45,47,46,47,46,49,26,0,145,1,3,9
1.4389,,43,-2.10989010989011,-12.043956043956044,17.582417582417584,69.93406593406593,17.53846153846154,2.562170308967596,2156,1575,2960,2722,2236,1482,150,950,-750,0,150,0,189,239,-437,-30,55,-65,121,123,121,124,120,123,45,47,46,47,46,49,30,0,195,0,3,10
1.4723,,44,0.967032967032967,-8.967032967032967,13.626373626373626,69.93406593406593,17.53846153846154,2.562170308967596,2166,1604,2934,2722,2239,1482,250,950,-800,0,100,0,162,153,-478,-30,44,-65,120,123,121,124,120,122,45,47,46,47,46,49,50,0,193,0,2,10
1.5058,,45,4.395604395604396,-5.978021978021978,9.846153846153847,69.93406593406593,17.53846153846154,2.562170308967596,2181,1635,2903,2722,2242,1482,450,900,-950,0,50,0,235,185,-532,-30,37,-65,120,122,120,123,120,122,45,47,46,47,46,49,55,0,217,0,2,10
1.5394,,46,7.384615384615385,-2.901098901098901,5.8901098901098905,69.93406593406593,17.53846153846154,2.562170308967596,2201,1667,2868,2722,2244,1482,600,950,-1050,0,50,0,302,188,-566,-30,-90,-65,120,122,120,123,119,122,45,47,46,47,46,49,86,0,208,0,1,10
1.5728,,47,10.373626373626374,0.08791208791208792,2.10989010989011,69.93406593406593,17.53846153846154,2.562170308967596,2227,1700,2830,2722,2245,1482,700,950,-1100,0,0,0,338,195,-502,-30,-94,-65,120,122,120,123,120,122,45,47,46,46,46,49,82,0,248,1,1,10
1.6062,,48,13.098901098901099,2.8131868131868134,-1.4065934065934067,69.93406593406593,17.53846153846154,2.637528259231349,2253,1733,2793,2722,2245,1482,850,1000,-1150,0,0,0,356,188,-600,-30,23,-65,120,122,120,123,119,122,45,47,46,46,46,49,103,0,206,0,1,9
1.6396,,49,15.296703296703297,5.0989010989010985,-4.483516483516484,69.93406593406593,17.714285714285715,2.637528259231349,2283,1768,2752,2722,2246,1482,850,1000,-1200,0,50,0,361,171,-599,-30,0,-62,120,122,120,123,119,122,45,47,46,46,46,49,103,0,227,0,0,9
1.6729,,50,16.967032967032967,7.384615384615385,-7.2967032967032965,69.93406593406593,17.802197802197803,2.637528259231349,2315,1804,2711,2722,2246,1482,900,1050,-1250,0,0,0,369,167,-608,-30,27,-62,120,123,121,123,120,122,45,47,46,46,46,49,74,0,232,0,2,9
1.7063,,51,18.54945054945055,9.054945054945055,-9.67032967032967,69.93406593406593,17.802197802197803,2.637528259231349,2344,1838,2673,2722,2247,1482,900,1000,-1200,0,0,0,321,136,-581,-30,27,-62,121,123,121,123,120,122,45,47,46,46,46,49,50,0,232,1,1,9
1.7399,,52,19.956043956043956,10.461538461538462,-11.868131868131869,69.93406593406593,17.802197802197803,2.637528259231349,2373,1869,2634,2722,2249,1482,900,1000,-1150,0,50,0,273,81,-540,-30,23,-62,121,123,121,123,120,122,45,47,46,46,46,49,29,0,187,1,1,9
1.7733,,53,20.923076923076923,11.604395604395604,-13.626373626373626,69.93406593406593,17.802197802197803,2.637528259231349,2399,1898,2600,2722,2249,1482,750,900,-1050,0,50,0,316,20,-585,-30,0,-62,121,123,121,124,120,122,45,47,46,46,46,49,25,0,193,0,0,9
1.8068,,54,21.89010989010989,12.483516483516484,-15.208791208791208,69.84615384615384,17.89010989010989,2.637528259231349,2422,1920,2568,2722,2249,1482,700,650,-950,0,0,0,167,61,-448,-30,0,-62,121,123,121,124,120,123,45,47,46,46,46,49,17,0,191,0,0,9
1.8402,,55,22.857142857142858,13.274725274725276,-16.791208791208792,69.84615384615384,17.89010989010989,2.637528259231349,2440,1935,2542,2722,2250,1482,550,400,-800,0,50,0,174,62,-444,-34,23,-62,121,123,121,124,120,123,45,47,46,47,46,49,24,10,176,1,1,9
1.8737,,56,23.824175824175825,14.153846153846153,-18.54945054945055,69.84615384615384,17.89010989010989,2.637528259231349,2456,1946,2517,2722,2250,1482,500,350,-700,0,0,0,229,-73,-412,-34,0,-62,121,123,121,124,120,123,45,47,46,47,46,49,32,12,196,1,0,9
1.9071,,57,24.703296703296704,15.12087912087912,-20.307692307692307,69.84615384615384,17.89010989010989,2.637528259231349,2470,1957,2492,2722,2250,1482,400,350,-750,0,0,0,215,0,-391,-34,0,-62,121,123,121,124,120,123,45,47,46,47,46,49,33,16,153,2,0,8
1.9406,,58,25.67032967032967,16.263736263736263,-22.065934065934066,69.84615384615384,17.89010989010989,2.637528259231349,2483,1969,2468,2722,2250,1482,400,300,-700,0,0,0,106,0,-457,-34,0,-62,121,123,121,124,120,123,45,47,46,47,46,49,31,5,141,1,0,9
1.974,,59,26.725274725274726,17.23076923076923,-23.64835164835165,69.84615384615384,17.89010989010989,2.637528259231349,2494,1980,2447,2722,2250,1482,350,450,-700,0,0,0,132,-60,-384,-34,0,-62,121,123,121,124,120,123,45,47,46,47,46,49,44,1,157,1,0,9
2.0074,,60,27.516483516483518,17.67032967032967,-24.615384615384617,69.84615384615384,17.89010989010989,2.637528259231349,2505,1992,2426,2723,2250,1482,300,350,-600,50,0,0,216,-69,-455,-37,0,-62,121,123,121,124,120,123,45,47,46,47,46,49,23,0,194,1,0,9
2.0409,,61,27.956043956043956,17.406593406593405,-24.87912087912088,69.84615384615384,17.89010989010989,2.637528259231349,2516,2003,2406,2723,2250,1482,350,350,-600,0,0,0,194,-30,-321,-37,0,-62,121,123,121,124,120,123,45,47,46,47,46,49,19,31,130,2,0,9
2.0743,,62,27.956043956043956,16.791208791208792,-24.87912087912088,69.93406593406593,17.89010989010989,2.637528259231349,2526,2007,2392,2723,2250,1482,300,150,-500,0,0,0,160,-62,-255,-37,0,-62,121,123,121,124,120,123,45,47,46,47,46,49,20,18,133,2,0,9
2.1077,,63,27.78021978021978,15.296703296703297,-24.87912087912088,70.10989010989012,17.89010989010989,2.637528259231349,2534,2007,2382,2723,2250,1482,250,0,-300,0,0,0,129,-90,-305,-34,0,-62,121,123,121,124,120,123,45,47,46,47,46,49,16,22,130,1,0,9
2.1411,,64,27.252747252747252,13.098901098901099,-24.703296703296704,70.1978021978022,17.89010989010989,2.637528259231349,2541,2006,2375,2723,2250,1482,200,-50,-200,0,0,0,104,-154,-284,-27,0,-62,121,123,121,124,120,123,45,47,46,47,46,49,5,42,109,0,0,9
2.1744,,65,26.9010989010989,11.252747252747254,-24.703296703296704,70.1978021978022,17.802197802197803,2.637528259231349,2544,2005,2368,2723,2250,1482,150,0,-200,0,0,0,53,-253,-252,-23,0,-62,121,123,121,124,120,123,45,47,46,47,46,49,4,108,84,0,0,9
2.2078,,66,25.934065934065934,8.967032967032967,-24.703296703296704,70.1978021978022,17.802197802197803,2.637528259231349,2544,2002,2365,2723,2250,1482,0,-100,-150,0,0,0,51,-317,-234,-23,0,-62,121,123,121,124,120,123,45,47,46,47,46,49,5,172,99,0,0,9
2.2413,,67,24.52747252747253,6.593406593406593,-24.703296703296704,70.1978021978022,17.802197802197803,2.637528259231349,2544,1996,2363,2723,2250,1482,0,-100,-50,0,0,0,0,-391,-227,-23,0,-62,121,123,121,123,120,122,45,47,46,47,46,49,2,224,106,0,0,8
2.2747,,68,23.208791208791208,4.3076923076923075,-24.703296703296704,70.28571428571429,17.802197802197803,2.637528259231349,2541,1985,2363,2723,2250,1482,-50,-250,0,0,0,0,-89,-360,-227,-23,0,-62,120,122,121,123,120,122,45,47,46,47,46,49,8,221,106,0,0,8
2.3081,,69,21.626373626373628,2.197802197802198,-24.615384615384617,70.37362637362638,17.802197802197803,2.637528259231349,2535,1970,2363,2723,2250,1482,-150,-450,0,0,0,0,-130,-409,-227,0,0,-62,120,122,120,123,119,122,45,47,46,47,46,49,10,237,107,0,0,9
2.3417,,70,20.043956043956044,0.08791208791208792,-24.615384615384617,70.37362637362638,17.802197802197803,2.637528259231349,2527,1950,2363,2723,2250,1482,-250,-500,0,0,0,0,-166,-426,-224,0,0,-62,120,122,120,123,119,122,45,47,46,47,46,49,5,245,105,0,0,9
2.3751,,71,18.197802197802197,-1.8461538461538463,-24.52747252747253,70.46153846153847,17.802197802197803,2.637528259231349,2514,1927,2363,2723,2250,1482,-300,-650,0,0,0,0,-98,-426,-224,0,0,-62,120,122,120,123,119,122,45,47,46,47,46,49,6,247,105,0,0,9
2.4085,,72,16.175824175824175,-3.5164835164835164,-24.52747252747253,70.46153846153847,17.53846153846154,2.637528259231349,2500,1901,2363,2723,2249,1482,-400,-750,0,0,0,0,-119,-496,-220,0,0,-62,120,122,120,123,120,122,45,47,46,47,46,49,13,177,102,0,0,9
2.4421,,73,14.065934065934066,-5.010989010989011,-24.52747252747253,70.54945054945055,17.36263736263736,2.637528259231349,2485,1877,2362,2723,2249,1482,-500,-750,0,0,0,0,-161,-500,-217,0,-24,-62,120,122,121,123,120,122,45,47,46,47,46,49,15,183,99,0,1,9
2.4754,,74,11.692307692307692,-6.5054945054945055,-24.52747252747253,70.54945054945055,17.36263736263736,2.4868123587038435,2467,1852,2362,2723,2249,1482,-500,-750,0,0,0,0,-267,-380,-217,23,-30,-62,120,123,121,123,120,122,45,47,46,47,46,49,29,133,101,0,2,9
2.509,,75,9.23076923076923,-7.824175824175824,-24.52747252747253,70.54945054945055,17.274725274725274,2.4868123587038435,2447,1829,2362,2723,2249,1482,-550,-700,0,0,0,0,-292,-436,-217,23,-30,-69,121,123,121,123,120,122,45,47,46,47,46,49,19,132,101,0,2,11
2.5424,,76,6.681318681318682,-8.967032967032967,-24.52747252747253,70.54945054945055,17.274725274725274,2.4868123587038435,2425,1806,2362,2723,2249,1482,-600,-700,0,0,0,0,-310,-400,-217,23,-34,-69,121,123,121,123,120,122,45,47,46,47,46,49,29,106,102,0,4,11
2.5758,,77,4.131868131868132,-9.934065934065934,-24.439560439560438,70.54945054945055,17.186813186813186,2.4868123587038435,2402,1787,2362,2723,2249,1482,-700,-600,0,0,0,0,-321,-362,-217,23,-34,-69,121,123,121,124,120,122,45,47,46,47,46,49,26,119,101,0,4,11
2.6093,,78,1.4065934065934067,-10.813186813186814,-24.439560439560438,70.63736263736264,17.0989010989011,2.4868123587038435,2374,1769,2362,2723,2248,1482,-800,-550,0,0,0,0,-260,-364,-213,23,-37,-69,121,123,121,124,120,122,45,47,46,47,46,49,37,131,100,0,4,10
2.6428,,79,-1.4945054945054945,-11.516483516483516,-24.35164835164835,71.07692307692308,17.0989010989011,2.4868123587038435,2345,1753,2362,2723,2248,1482,-900,-500,0,0,0,0,-265,-247,-213,27,-37,-69,121,123,121,124,120,123,45,47,46,47,46,49,23,103,97,0,4,10
2.6762,,80,-4.571428571428571,-11.780219780219781,-24.35164835164835,72.65934065934066,17.0989010989011,2.4868123587038435,2317,1740,2362,2724,2248,1482,-900,-400,0,0,0,0,-269,-300,-210,45,-37,-69,121,123,121,124,120,123,45,47,46,47,46,49,27,100,95,3,4,10
2.7097,,81,-7.736263736263736,-11.868131868131869,-24.35164835164835,74.94505494505495,17.0989010989011,2.4868123587038435,2287,1728,2362,2727,2248,1482,-850,-350,0,50,0,0,-283,-252,-210,120,-37,-69,121,123,121,124,120,123,45,47,46,47,46,49,17,80,94,12,4,11
2.7433,,82,-11.604395604395604,-11.692307692307692,-24.35164835164835,77.93406593406593,17.0989010989011,2.4868123587038435,2257,1718,2361,2738,2248,1482,-900,-300,0,300,0,0,-298,-217,-206,177,-37,-69,121,123,121,124,120,123,45,47,46,47,46,49,26,66,90,12,4,11
2.7767,,83,-15.472527472527473,-11.340659340659341,-24.35164835164835,80.74725274725274,17.01098901098901,2.4868123587038435,2225,1710,2361,2753,2248,1482,-900,-250,0,400,0,0,-346,-192,-206,161,-37,-69,121,123,121,124,120,123,45,47,46,47,46,49,52,48,86,24,4,10
2.8102,,84,-18.813186813186814,-11.076923076923077,-24.35164835164835,83.38461538461539,17.01098901098901,2.4868123587038435,2192,1707,2361,2776,2248,1482,-1050,-150,0,700,0,0,-375,-156,-206,197,-41,-69,121,123,121,124,120,123,45,47,46,47,46,49,37,52,83,24,4,11
2.8437,,85,-22.153846153846153,-10.637362637362637,-24.35164835164835,85.58241758241758,17.01098901098901,2.4868123587038435,2155,1706,2361,2800,2248,1482,-1050,-100,0,650,0,0,-299,-143,-206,304,-41,-69,121,123,121,124,120,123,45,47,46,47,46,49,33,44,84,13,4,10
2.8771,,86,-25.494505494505493,-10.021978021978022,-24.35164835164835,87.42857142857143,17.01098901098901,2.4868123587038435,2115,1706,2361,2826,2248,1482,-1200,0,0,800,0,0,-379,-125,-206,208,-41,-69,121,123,121,124,120,123,45,47,46,47,46,49,18,35,84,16,4,11
2.9106,,87,-28.307692307692307,-9.494505494505495,-24.263736263736263,88.92307692307692,17.01098901098901,2.4868123587038435,2074,1706,2361,2853,2248,1482,-1200,0,0,750,0,0,-362,-99,-206,214,-41,-69,121,123,121,124,120,123,45,47,46,47,46,49,12,23,85,3,4,10
2.9441,,88,-30.593406593406595,-8.615384615384615,-24.263736263736263,90.41758241758242,17.01098901098901,2.4868123587038435,2036,1706,2361,2877,2248,1482,-1200,0,0,750,0,0,-367,-64,-203,180,-41,-69,121,123,121,124,121,123,45,47,46,47,46,49,19,13,83,3,4,10
2.9776,,89,-32.527472527472526,-7.384615384615385,-24.263736263736263,92.0,17.01098901098901,2.4868123587038435,1998,1706,2361,2900,2248,1482,-1200,0,0,650,0,0,-325,-22,-203,239,-41,-69,121,123,122,124,121,123,45,47,46,47,46,49,9,4,83,3,4,10
3.0112,,90,-34.1978021978022,-5.626373626373627,-24.263736263736263,93.67032967032966,17.01098901098901,2.562170308967596,1962,1707,2361,2921,2248,1482,-1050,0,0,600,0,0,-272,-60,-203,136,-41,-69,121,124,122,124,121,123,45,47,46,47,46,49,3,1,81,3,4,10
3.0446,,91,-35.42857142857143,-3.6043956043956045,-24.263736263736263,95.6923076923077,17.01098901098901,2.562170308967596,1930,1715,2359,2940,2248,1482,-950,200,-50,600,0,0,-213,105,-199,127,-41,-65,121,124,122,124,121,123,45,47,46,47,46,49,0,2,81,3,4,9
3.0779,,92,-36.395604395604394,-1.2307692307692308,-24.263736263736263,97.45054945054945,17.01098901098901,2.562170308967596,1903,1727,2356,2958,2248,1482,-900,350,-100,600,0,0,-193,157,-189,164,-41,-65,121,124,122,124,121,123,45,47,46,47,46,49,0,1,69,7,4,10
3.1114,,93,-36.48351648351648,1.4945054945054945,-24.175824175824175,98.5934065934066,17.01098901098901,2.562170308967596,1879,1745,2353,2979,2248,1482,-700,450,-100,550,0,0,-220,103,-174,247,-41,-65,121,124,122,125,121,123,45,47,46,47,46,49,0,3,60,6,4,9
3.1449,,94,-36.48351648351648,4.483516483516484,-24.175824175824175,99.73626373626374,17.0989010989011,2.562170308967596,1860,1767,2351,2998,2248,1482,-700,600,-100,650,0,0,-37,134,-164,209,-41,-65,121,124,122,125,121,123,45,47,46,47,46,49,0,0,58,6,4,9
3.1783,,95,-36.48351648351648,7.208791208791209,-24.175824175824175,100.61538461538461,17.0989010989011,2.562170308967596,1848,1792,2351,3015,2248,1482,-500,750,0,550,0,0,45,157,-164,102,-37,-65,121,124,122,125,121,123,45,47,46,47,46,49,0,0,61,3,4,10
3.2118,,96,-36.48351648351648,10.021978021978022,-24.175824175824175,101.14285714285714,17.274725274725274,2.562170308967596,1842,1821,2351,3028,2248,1482,-200,850,0,400,0,0,-51,161,-164,132,-37,-65,121,124,122,125,121,123,45,47,46,47,46,49,0,0,61,1,4,10
3.2453,,97,-36.48351648351648,12.923076923076923,-24.175824175824175,101.14285714285714,17.45054945054945,2.562170308967596,1840,1853,2351,3036,2248,1482,-100,950,0,250,0,0,-41,182,-164,111,-30,-65,121,124,122,125,121,123,45,47,46,46,46,49,0,0,61,0,2,10
3.2787,,98,-36.30769230769231,15.912087912087912,-24.263736263736263,101.14285714285714,17.45054945054945,2.562170308967596,1838,1888,2351,3039,2248,1482,-50,1000,0,200,0,0,-37,178,-164,90,-23,-65,121,124,122,125,121,124,45,47,46,46,46,49,1,0,61,9,0,10
3.3122,,99,-36.043956043956044,18.63736263736264,-24.35164835164835,101.14285714285714,17.626373626373628,2.4868123587038435,1838,1920,2351,3040,2248,1482,0,1050,0,50,0,0,-27,168,-167,86,-23,-65,121,124,122,125,121,124,45,47,46,47,46,49,2,0,64,16,1,9
3.3458,,100,-35.69230769230769,21.0989010989011,-24.52747252747253,100.87912087912088,17.714285714285715,2.4868123587038435,1839,1955,2351,3040,2248,1482,0,1000,0,0,0,0,0,152,-171,86,0,-69,122,124,122,125,121,124,45,47,46,47,46,49,0,0,67,18,0,11
3.3792,,101,-34.46153846153846,23.296703296703296,-24.615384615384617,100.7032967032967,17.714285714285715,2.4868123587038435,1840,1990,2351,3040,2248,1482,50,1050,0,0,0,0,23,123,-178,86,0,-69,121,124,122,125,121,124,45,47,46,47,46,49,1,0,74,17,0,11
3.4128,,102,-32.61538461538461,25.23076923076923,-24.791208791208792,100.43956043956044,17.626373626373628,2.4868123587038435,1841,2023,2351,3040,2248,1482,0,950,0,0,0,0,-25,128,-181,86,0,-69,122,124,122,124,121,123,45,47,46,47,46,49,10,0,74,18,0,10
3.4463,,103,-30.681318681318682,26.46153846153846,-24.791208791208792,99.73626373626374,17.626373626373628,2.4868123587038435,1843,2052,2351,3040,2248,1482,50,1000,0,0,0,0,166,88,-189,86,0,-69,121,124,122,124,121,123,45,47,46,47,46,49,10,0,80,18,0,11
3.4797,,104,-28.13186813186813,27.164835164835164,-24.791208791208792,98.68131868131869,17.626373626373628,2.4868123587038435,1854,2080,2351,3040,2247,1482,200,850,0,0,0,0,208,112,-189,76,0,-69,121,124,122,124,121,123,45,47,46,47,46,49,24,0,79,13,0,10
3.5132,,105,-24.703296703296704,27.252747252747252,-24.791208791208792,97.18681318681318,17.626373626373628,2.4868123587038435,1867,2100,2351,3040,2247,1482,350,650,0,0,0,0,260,-76,-189,-19,0,-69,121,124,122,124,121,123,45,47,46,47,46,49,52,23,79,2,0,11
3.5468,,106,-21.0989010989011,27.076923076923077,-24.791208791208792,95.34065934065934,17.626373626373628,2.4868123587038435,1884,2113,2351,3038,2247,1482,450,450,0,-50,0,0,249,-125,-189,-82,0,-69,121,124,122,124,121,123,45,47,46,47,46,49,60,30,79,6,0,11
3.5801,,107,-17.318681318681318,26.725274725274726,-24.791208791208792,93.58241758241758,17.714285714285715,2.4868123587038435,1904,2118,2351,3034,2248,1482,650,150,0,-150,50,0,319,-62,-189,-145,0,-69,121,123,121,124,121,123,45,47,46,47,46,49,74,26,79,16,0,11
3.6137,,108,-13.538461538461538,26.46153846153846,-24.791208791208792,91.82417582417582,17.714285714285715,2.4868123587038435,1930,2119,2351,3024,2248,1482,750,50,0,-300,0,0,376,-83,-189,-95,0,-69,121,123,121,124,121,123,45,47,46,47,46,49,103,20,79,17,0,10
3.6471,,109,-9.846153846153847,26.285714285714285,-24.87912087912088,90.32967032967034,17.714285714285715,2.4868123587038435,1962,2119,2351,3011,2248,1482,900,0,0,-350,0,0,417,-93,-189,-119,0,-69,121,123,121,124,120,123,45,47,46,47,46,49,106,21,79,12,0,10
3.6807,,110,-6.329670329670329,26.285714285714285,-24.87912087912088,88.92307692307692,17.714285714285715,2.4868123587038435,1995,2119,2351,2996,2248,1482,950,0,0,-450,0,0,448,-101,-192,-115,0,-69,121,123,121,124,120,123,45,47,46,47,46,49,120,24,83,15,0,10
3.7142,,111,-2.901098901098901,26.197802197802197,-24.87912087912088,87.78021978021978,17.626373626373628,2.4868123587038435,2029,2119,2351,2979,2248,1482,1050,0,0,-500,0,0,483,-101,-192,-134,0,-69,121,123,121,124,120,123,45,47,46,47,46,49,113,23,83,20,0,11
3.7478,,112,0.0,25.934065934065934,-24.87912087912088,86.54945054945055,17.626373626373628,2.4868123587038435,2069,2119,2351,2963,2248,1482,1150,0,0,-500,0,0,485,-104,-192,-117,0,-69,121,123,121,124,120,123,45,47,46,47,46,49,105,24,82,10,0,11
3.7811,,113,2.989010989010989,25.23076923076923,-24.87912087912088,85.4065934065934,17.626373626373628,2.4868123587038435,2109,2119,2351,2948,2248,1482,1200,0,0,-450,0,0,463,-115,-192,-194,0,-69,121,123,121,124,120,123,45,47,46,47,46,49,84,32,83,11,0,10
3.8147,,114,5.802197802197802,24.439560439560438,-24.87912087912088,84.35164835164835,17.626373626373628,2.4868123587038435,2150,2119,2351,2934,2248,1482,1200,0,0,-450,0,0,352,-156,-192,-93,0,-69,121,123,121,124,120,123,45,47,46,47,46,49,59,52,82,10,0,10
3.8482,,115,8.43956043956044,23.296703296703296,-24.87912087912088,83.2967032967033,17.626373626373628,2.4868123587038435,2186,2119,2351,2920,2248,1482,1150,0,0,-450,0,0,409,-186,-192,-79,0,-69,121,123,121,124,120,123,45,47,46,46,46,49,63,72,83,8,0,10
3.8818,,116,10.637362637362637,21.978021978021978,-24.87912087912088,82.50549450549451,17.53846153846154,2.4868123587038435,2224,2119,2351,2906,2249,1482,1150,0,0,-400,50,0,412,-247,-192,-184,0,-69,121,123,121,124,120,123,45,47,46,46,46,49,62,109,82,9,0,10
3.9153,,117,12.571428571428571,20.483516483516482,-24.87912087912088,82.15384615384616,17.53846153846154,2.4868123587038435,2260,2119,2351,2894,2249,1482,1050,0,0,-350,0,0,371,-299,-192,-75,-23,-69,121,123,121,124,120,122,45,47,46,47,46,49,48,158,81,5,1,10
3.9488,,118,13.89010989010989,18.725274725274726,-24.87912087912088,82.06593406593407,17.626373626373628,2.4868123587038435,2292,2118,2351,2884,2249,1482,950,0,0,-350,0,0,328,-358,-192,-30,-23,-69,120,122,121,123,120,122,45,47,46,47,46,49,35,245,80,9,1,10
3.9822,,119,14.417582417582418,16.615384615384617,-24.791208791208792,82.24175824175825,17.714285714285715,2.4868123587038435,2321,2112,2351,2876,2249,1482,950,-100,0,-250,0,0,263,-408,-192,-90,0,-69,120,122,120,123,120,122,45,47,46,47,46,49,25,261,82,8,0,10
4.0158,,120,14.68131868131868,14.32967032967033,-24.703296703296704,82.41758241758242,17.802197802197803,2.4868123587038435,2347,2101,2352,2873,2249,1482,850,-300,0,-150,0,0,248,-455,-192,-69,0,-69,120,122,120,123,119,122,45,47,46,47,46,49,17,237,79,4,0,11
4.0493,,121,14.68131868131868,11.428571428571429,-24.52747252747253,82.5934065934066,17.802197802197803,2.4868123587038435,2367,2086,2352,2871,2249,1482,600,-450,0,-100,0,0,207,-419,-189,-55,0,-69,120,122,120,123,119,122,45,47,46,47,46,49,12,282,78,4,0,10
4.0827,,122,14.593406593406593,8.175824175824175,-24.439560439560438,82.68131868131869,17.802197802197803,2.4868123587038435,2381,2066,2352,2870,2249,1482,400,-600,0,-50,0,0,61,-549,-181,-44,0,-69,120,122,120,123,119,122,45,47,46,47,46,49,8,274,73,3,0,10
4.1162,,123,14.153846153846153,4.835164835164835,-24.439560439560438,82.68131868131869,17.802197802197803,2.4868123587038435,2391,2044,2352,2870,2249,1482,350,-650,0,0,0,0,104,-507,-178,-41,0,-69,120,122,120,123,119,122,45,47,46,46,46,49,1,289,70,2,0,10
4.1497,,124,13.714285714285714,1.3186813186813187,-24.439560439560438,82.68131868131869,17.714285714285715,2.4868123587038435,2396,2017,2352,2870,2250,1482,200,-750,0,0,50,0,62,-543,-178,-41,0,-69,120,122,120,123,119,122,45,47,46,47,46,49,2,313,70,2,0,11
4.1831,,125,13.45054945054945,-2.197802197802198,-24.439560439560438,82.68131868131869,17.714285714285715,2.4868123587038435,2398,1986,2352,2870,2250,1482,50,-900,0,0,0,0,37,-568,-178,-41,0,-69,120,122,120,123,119,122,45,47,46,47,46,49,1,328,70,2,0,10
4.2167,,126,12.571428571428571,-5.626373626373627,-24.439560439560438,82.68131868131869,17.714285714285715,2.4868123587038435,2397,1950,2352,2870,2250,1482,0,-1050,0,0,0,0,30,-603,-178,-41,0,-69,120,122,120,123,119,122,45,47,46,47,46,49,2,292,70,2,0,10
4.2501,,127,11.780219780219781,-8.43956043956044,-24.439560439560438,82.68131868131869,17.714285714285715,2.4868123587038435,2396,1914,2352,2870,2250,1482,0,-1100,0,0,0,0,-57,-605,-178,-41,0,-69,120,122,120,123,119,122,45,47,46,47,46,49,6,298,70,3,0,10
4.2835,,128,11.692307692307692,-11.252747252747254,-24.35164835164835,82.68131868131869,17.714285714285715,2.4868123587038435,2393,1874,2352,2870,2250,1482,-50,-1150,0,0,0,0,51,-498,-178,-41,0,-69,120,122,120,123,120,122,45,47,46,47,46,49,4,265,70,3,0,10
4.317,,129,11.692307692307692,-13.89010989010989,-24.35164835164835,82.68131868131869,17.36263736263736,2.4868123587038435,2389,1835,2352,2870,2250,1482,-150,-1200,0,0,0,0,-44,-553,-174,-41,0,-69,120,122,121,123,120,122,45,47,46,47,46,49,1,217,68,2,0,11
4.3504,,130,11.692307692307692,-16.439560439560438,-24.35164835164835,82.68131868131869,17.36263736263736,2.4868123587038435,2386,1794,2352,2870,2249,1482,-100,-1200,0,0,0,0,-37,-514,-174,-41,-43,-69,120,123,121,123,120,122,45,47,46,47,46,49,1,204,68,3,1,11
4.3838,,131,11.692307692307692,-18.725274725274726,-24.35164835164835,82.68131868131869,17.36263736263736,2.4868123587038435,2383,1758,2352,2870,2249,1482,-50,-1100,0,0,0,0,-27,-512,-174,-41,-30,-69,121,123,121,124,120,122,45,47,46,47,46,49,1,156,68,2,3,11
4.4173,,132,11.692307692307692,-20.923076923076923,-24.35164835164835,82.68131868131869,17.274725274725274,2.4868123587038435,2382,1720,2351,2870,2249,1482,-50,-1100,-50,0,0,0,0,-467,-171,-41,-30,-69,121,123,121,124,120,123,45,47,46,47,46,49,0,129,66,3,3,10
4.4509,,133,11.692307692307692,-23.12087912087912,-24.35164835164835,82.68131868131869,17.186813186813186,2.4868123587038435,2382,1685,2351,2870,2249,1482,0,-1050,0,0,0,0,0,-423,-171,-41,-34,-69,121,123,121,124,120,123,45,47,46,47,46,49,0,109,65,3,4,11
4.4844,,134,11.692307692307692,-25.054945054945055,-24.35164835164835,82.68131868131869,17.186813186813186,2.4868123587038435,2382,1652,2351,2870,2249,1482,0,-950,0,0,0,0,0,-384,-171,-41,-37,-69,121,123,121,124,120,123,45,47,46,46,46,49,0,106,66,3,4,11
4.5179,,135,11.692307692307692,-26.9010989010989,-24.35164835164835,82.68131868131869,17.0989010989011,2.4868123587038435,2382,1621,2351,2870,2249,1482,0,-950,0,0,0,0,0,-467,-171,-41,-37,-69,121,123,121,124,121,123,45,47,46,46,46,49,0,90,65,3,4,11
4.5513,,136,11.692307692307692,-28.65934065934066,-24.35164835164835,82.68131868131869,17.01098901098901,2.4868123587038435,2382,1592,2351,2870,2249,1482,0,-850,0,0,0,0,0,-345,-171,-41,-41,-69,121,123,121,124,121,123,45,47,46,46,46,49,0,68,66,2,4,11
4.5849,,137,11.692307692307692,-30.417582417582416,-24.35164835164835,82.68131868131869,17.01098901098901,2.4868123587038435,2382,1564,2351,2870,2249,1482,0,-850,0,0,0,0,0,-395,-171,-41,-44,-69,121,123,121,124,121,123,45,47,46,46,46,49,0,61,66,2,6,10
4.6184,,138,11.692307692307692,-31.912087912087912,-24.35164835164835,82.68131868131869,17.01098901098901,2.4868123587038435,2382,1538,2351,2870,2248,1482,0,-750,0,0,0,0,0,-281,-171,-41,-41,-69,121,123,122,124,121,123,45,47,46,47,46,49,0,52,66,3,5,10
4.6518,,139,11.692307692307692,-33.23076923076923,-24.35164835164835,82.68131868131869,16.923076923076923,2.4868123587038435,2382,1514,2351,2870,2248,1482,0,-750,0,0,0,0,0,-326,-171,-41,-41,-69,121,123,122,124,121,123,45,47,46,47,46,49,0,48,67,2,4,10
4.6852,,140,11.692307692307692,-34.1978021978022,-24.35164835164835,82.76923076923077,16.923076923076923,2.4868123587038435,2382,1491,2351,2870,2248,1482,0,-650,0,0,0,0,0,-324,-171,-41,-44,-69,121,124,122,124,121,123,45,47,46,47,46,49,0,50,67,2,5,10
4.7186,,141,11.692307692307692,-34.637362637362635,-24.263736263736263,82.76923076923077,16.923076923076923,2.4868123587038435,2382,1469,2351,2870,2248,1482,0,-600,0,0,0,0,0,-187,-171,-37,-44,-69,121,124,122,124,121,123,45,47,46,47,46,49,0,33,67,2,5,10
4.752,,142,11.692307692307692,-34.637362637362635,-24.263736263736263,83.03296703296704,16.923076923076923,2.4868123587038435,2382,1452,2351,2870,2248,1482,0,-600,0,0,0,0,0,-199,-167,-37,-44,-69,121,124,122,124,121,123,45,47,46,47,46,49,0,12,63,1,6,10
4.7853,,143,11.692307692307692,-34.37362637362637,-24.263736263736263,83.64835164835165,16.923076923076923,2.562170308967596,2382,1438,2350,2870,2248,1482,0,-400,0,0,0,0,0,-146,-164,-27,-44,-69,121,124,122,124,121,123,45,47,46,47,46,49,0,8,61,0,4,10
4.8189,,144,11.604395604395604,-33.75824175824176,-24.175824175824175,84.26373626373626,16.835164835164836,2.562170308967596,2382,1428,2350,2871,2248,1482,0,-350,0,0,0,0,0,-97,-164,51,-44,-65,122,124,122,125,121,123,45,47,46,47,46,49,0,9,61,2,5,10
4.8524,,145,11.516483516483516,-32.61538461538461,-24.175824175824175,84.7032967032967,16.835164835164836,2.562170308967596,2382,1423,2350,2872,2248,1482,0,-150,0,0,0,0,-23,-40,-160,68,-48,-65,121,124,122,124,121,123,45,47,46,47,46,49,1,2,60,7,5,9
4.8858,,146,10.813186813186814,-31.208791208791208,-24.175824175824175,84.79120879120879,16.571428571428573,2.562170308967596,2381,1422,2350,2876,2248,1482,0,-100,0,50,0,0,-23,52,-160,60,-48,-65,122,124,122,125,121,123,45,47,46,46,46,49,1,0,60,2,4,9
4.9193,,147,9.406593406593407,-29.714285714285715,-24.175824175824175,84.7032967032967,15.780219780219781,2.562170308967596,2380,1420,2350,2881,2248,1482,0,0,0,150,0,0,54,114,-160,41,-58,-65,121,124,122,124,121,123,45,47,46,46,46,49,3,10,60,0,9,10
4.9528,,148,7.736263736263736,-28.13186813186813,-24.175824175824175,84.7032967032967,14.813186813186814,2.562170308967596,2376,1428,2350,2883,2247,1482,-100,150,0,100,0,0,-30,148,-160,27,-100,-65,121,124,122,124,121,123,45,47,46,46,46,49,11,6,59,0,19,10
4.9862,,149,5.8901098901098905,-26.46153846153846,-24.175824175824175,84.79120879120879,13.934065934065934,2.562170308967596,2369,1440,2350,2885,2241,1482,-200,350,0,50,-150,0,-170,99,-160,23,-136,-65,121,124,122,124,121,123,45,47,46,47,46,49,9,18,59,0,23,10
5.0197,,150,3.78021978021978,-25.054945054945055,-24.175824175824175,84.79120879120879,13.054945054945055,2.562170308967596,2355,1453,2350,2886,2233,1482,-450,400,0,0,-250,0,-198,205,-160,0,-138,-65,121,124,122,124,121,123,45,47,46,47,46,49,17,16,59,0,7,9
5.053,,151,1.2307692307692308,-23.824175824175825,-24.175824175824175,84.79120879120879,12.43956043956044,2.562170308967596,2336,1468,2350,2887,2224,1482,-500,400,0,50,-250,0,-130,207,-160,0,-140,-65,121,124,122,124,121,123,45,47,46,47,46,49,12,15,58,0,5,10
5.0864,,152,-1.5824175824175823,-22.681318681318682,-24.175824175824175,84.79120879120879,11.912087912087912,2.562170308967596,2319,1485,2350,2887,2216,1482,-550,500,0,0,-250,0,-249,103,-160,0,-119,-65,121,124,122,125,121,123,45,47,46,47,46,49,12,8,58,0,8,9
5.1198,,153,-5.010989010989011,-21.45054945054945,-24.175824175824175,84.79120879120879,11.648351648351648,2.562170308967596,2298,1505,2350,2887,2208,1482,-600,550,0,0,-250,0,-196,63,-160,0,-104,-65,121,124,122,125,121,123,45,47,46,47,46,49,17,2,59,0,7,9
5.1532,,154,-8.615384615384615,-20.21978021978022,-24.175824175824175,84.79120879120879,11.648351648351648,2.562170308967596,2274,1519,2350,2887,2201,1482,-700,500,0,0,-200,0,-257,173,-160,0,-98,-65,121,124,122,124,121,123,45,47,46,47,46,49,35,8,58,0,10,9
5.1866,,155,-12.395604395604396,-18.9010989010989,-24.175824175824175,84.79120879120879,11.648351648351648,2.562170308967596,2247,1535,2350,2887,2197,1482,-800,450,0,0,-150,0,-302,79,-160,0,-79,-65,121,124,122,124,121,123,45,47,46,47,46,49,43,7,59,0,10,9
5.22,,156,-15.736263736263735,-17.406593406593405,-24.175824175824175,84.79120879120879,11.648351648351648,2.562170308967596,2217,1550,2350,2887,2193,1482,-850,450,0,0,-100,0,-340,160,-160,0,-65,-65,121,124,122,125,121,123,45,47,46,47,46,49,34,1,59,0,6,10
5.2534,,157,-19.164835164835164,-16.0,-24.175824175824175,84.79120879120879,11.648351648351648,2.562170308967596,2183,1570,2350,2887,2191,1482,-1000,550,0,0,-100,0,-356,60,-160,0,-55,-65,121,124,122,125,121,123,45,47,46,47,46,49,33,0,59,0,7,10
5.2868,,158,-22.857142857142858,-15.12087912087912,-24.175824175824175,84.79120879120879,11.648351648351648,2.562170308967596,2147,1594,2351,2887,2189,1482,-1050,700,50,0,-50,0,-364,24,-164,0,69,-65,121,124,122,125,121,124,45,47,46,47,46,49,42,0,63,0,5,10
5.3203,,159,-26.46153846153846,-14.68131868131868,-24.175824175824175,84.79120879120879,11.648351648351648,2.562170308967596,2111,1615,2351,2887,2188,1482,-1050,600,0,0,-50,0,-400,-28,-164,0,-44,-65,121,124,122,125,121,123,45,47,46,47,46,49,50,3,61,0,3,10
5.3537,,160,-29.89010989010989,-14.593406593406593,-24.175824175824175,84.79120879120879,11.648351648351648,2.562170308967596,2076,1626,2351,2887,2187,1482,-1050,450,0,0,-50,0,-416,36,-164,0,-41,-65,121,124,122,125,121,123,45,47,46,47,46,49,48,0,61,0,3,10
5.3871,,161,-32.967032967032964,-14.593406593406593,-24.175824175824175,84.79120879120879,11.648351648351648,2.562170308967596,2035,1635,2351,2887,2186,1482,-1150,300,0,0,-50,0,-409,-30,-164,0,-37,-65,121,124,122,124,121,123,45,47,46,47,46,49,24,19,61,0,3,9
5.4205,,162,-35.956043956043956,-14.76923076923077,-24.175824175824175,84.79120879120879,11.648351648351648,2.562170308967596,1991,1638,2351,2887,2186,1482,-1300,150,0,0,0,0,-380,-44,-164,0,-37,-65,121,124,122,125,121,123,45,47,46,47,46,49,14,6,60,0,4,10
5.4539,,163,-38.68131868131868,-14.945054945054945,-24.175824175824175,84.79120879120879,11.648351648351648,2.562170308967596,1952,1638,2351,2887,2186,1482,-1200,0,0,0,0,0,-298,-51,-164,0,-37,-65,121,124,122,125,121,123,45,47,46,47,46,49,27,7,61,0,4,10
5.4873,,164,-41.40659340659341,-14.945054945054945,-24.175824175824175,84.87912087912088,11.648351648351648,2.562170308967596,1913,1638,2351,2887,2186,1482,-1200,0,0,0,0,0,-353,-58,-164,0,-37,-65,121,124,122,125,121,123,45,47,46,47,46,49,4,9,61,0,4,10
5.5208,,165,-43.78021978021978,-14.945054945054945,-24.175824175824175,84.96703296703296,11.648351648351648,2.562170308967596,1876,1637,2351,2887,2186,1482,-1150,-50,0,0,0,0,-326,-55,-164,0,-37,-65,121,124,122,125,121,123,45,47,46,47,46,49,9,7,60,0,4,10
5.5544,,166,-45.714285714285715,-14.68131868131868,-24.175824175824175,84.96703296703296,11.648351648351648,2.562170308967596,1841,1637,2351,2887,2186,1482,-1050,0,0,0,0,0,-292,-55,-164,23,-37,-65,121,124,122,125,121,123,45,47,46,47,46,49,16,7,61,0,4,9
5.5878,,167,-47.56043956043956,-14.505494505494505,-24.175824175824175,84.96703296703296,11.648351648351648,2.562170308967596,1814,1637,2351,2887,2185,1482,-800,0,0,0,0,0,-260,-44,-164,23,-34,-65,121,124,122,125,121,123,45,47,46,47,46,49,31,4,60,0,4,10
5.6212,,168,-49.23076923076923,-14.417582417582418,-24.175824175824175,84.96703296703296,11.648351648351648,2.562170308967596,1784,1637,2351,2887,2185,1482,-900,0,0,0,0,0,-349,-37,-164,23,-34,-65,121,124,122,125,121,123,45,47,46,47,46,49,12,4,61,0,3,9
5.6546,,169,-50.285714285714285,-13.978021978021978,-24.175824175824175,84.96703296703296,11.648351648351648,2.562170308967596,1758,1637,2351,2887,2185,1482,-800,0,0,0,0,0,-314,-34,-164,23,-34,-65,121,124,122,125,121,123,45,47,46,47,46,49,9,3,61,0,3,10
5.6879,,170,-50.37362637362637,-13.538461538461538,-24.175824175824175,84.96703296703296,11.648351648351648,2.562170308967596,1736,1638,2351,2887,2185,1482,-700,0,0,0,0,0,-172,0,-164,23,-34,-65,121,124,122,125,121,123,45,47,46,47,46,49,16,1,61,0,3,9
5.7215,,171,-50.285714285714285,-13.274725274725276,-24.175824175824175,84.96703296703296,11.912087912087912,2.562170308967596,1718,1643,2351,2887,2185,1482,-650,100,0,0,0,0,-171,0,-164,23,-34,-65,121,124,122,125,121,123,45,47,46,46,46,49,5,0,60,0,4,10
5.755,,172,-49.84615384615385,-13.186813186813186,-24.175824175824175,84.96703296703296,12.087912087912088,2.562170308967596,1705,1648,2351,2887,2185,1482,-450,150,0,0,0,0,-33,-111,-164,23,-23,-65,121,124,122,125,121,123,45,47,46,46,46,49,6,0,61,0,2,10
5.7884,,173,-49.582417582417584,-13.186813186813186,-24.175824175824175,84.96703296703296,12.351648351648352,2.562170308967596,1698,1650,2351,2887,2185,1482,-250,50,0,0,0,0,-72,-27,-164,23,0,-65,121,124,122,125,121,123,45,47,46,46,46,49,3,9,61,0,0,10
5.8219,,174,-48.7032967032967,-13.274725274725276,-24.263736263736263,84.96703296703296,12.43956043956044,2.562170308967596,1696,1651,2351,2887,2185,1482,-150,100,0,0,0,0,-58,-34,-164,23,27,-65,122,124,122,125,121,123,45,47,46,47,46,49,6,2,61,0,2,9
5.8552,,175,-46.94505494505494,-13.45054945054945,-24.263736263736263,84.96703296703296,12.43956043956044,2.562170308967596,1695,1651,2351,2887,2186,1482,0,0,0,0,0,0,33,-37,-167,23,27,-65,122,124,122,125,121,123,45,47,46,47,46,49,3,2,64,0,1,10
5.8888,,176,-44.65934065934066,-13.538461538461538,-24.263736263736263,84.96703296703296,12.43956043956044,2.4868123587038435,1698,1651,2351,2887,2186,1482,50,0,0,0,0,0,102,-44,-167,23,27,-65,122,124,122,124,121,123,45,47,46,47,46,49,5,4,64,0,2,10
5.9222,,177,-42.1978021978022,-13.626373626373626,-24.263736263736263,84.79120879120879,12.43956043956044,2.4868123587038435,1702,1651,2351,2887,2186,1482,150,0,0,0,0,0,179,-48,-167,23,27,-69,121,124,122,124,121,123,45,47,46,47,46,49,25,5,64,0,1,10
5.9556,,178,-39.38461538461539,-13.626373626373626,-24.263736263736263,84.79120879120879,12.527472527472527,2.4868123587038435,1715,1651,2351,2887,2186,1482,250,0,0,0,0,0,155,-51,-167,0,27,-69,121,124,122,125,121,123,45,47,46,47,46,49,26,4,64,0,2,10
5.9889,,179,-36.13186813186813,-13.626373626373626,-24.263736263736263,84.79120879120879,12.527472527472527,2.4868123587038435,1733,1651,2351,2887,2186,1482,550,0,0,0,0,0,202,-51,-167,0,30,-69,121,124,122,124,121,123,45,47,46,47,46,49,37,4,64,0,2,11
6.0225,,180,-32.527472527472526,-13.45054945054945,-24.263736263736263,84.61538461538461,12.527472527472527,2.4868123587038435,1754,1651,2351,2887,2186,1482,550,0,0,0,0,0,253,-51,-167,0,30,-69,121,124,122,124,121,123,45,47,46,47,46,49,50,5,64,0,3,11
6.0559,,181,-28.307692307692307,-13.274725274725276,-24.35164835164835,84.52747252747253,12.527472527472527,2.4868123587038435,1778,1651,2351,2887,2186,1482,700,0,0,0,0,0,304,-44,-167,-23,30,-69,121,124,122,124,121,123,45,47,46,47,46,49,63,4,63,1,2,10
6.0895,,182,-24.087912087912088,-13.098901098901099,-24.35164835164835,84.52747252747253,12.527472527472527,2.4868123587038435,1806,1651,2351,2887,2186,1482,850,0,0,0,0,0,373,-37,-171,-27,30,-69,121,124,122,124,121,123,45,47,46,47,46,49,67,2,67,0,3,11
6.123,,183,-20.21978021978022,-12.923076923076923,-24.35164835164835,84.52747252747253,12.527472527472527,2.562170308967596,1839,1651,2351,2887,2186,1482,950,0,0,0,0,0,425,-30,-171,-27,30,-69,121,123,122,124,121,123,45,47,46,47,46,49,103,0,66,0,3,11
6.1564,,184,-16.703296703296704,-12.923076923076923,-24.35164835164835,84.43956043956044,12.527472527472527,2.562170308967596,1876,1651,2351,2887,2186,1482,1100,0,0,0,0,0,450,-23,-171,-27,30,-65,121,123,122,124,121,123,45,47,46,47,46,49,93,0,66,0,3,10
6.1898,,185,-13.098901098901099,-12.835164835164836,-24.35164835164835,84.43956043956044,12.527472527472527,2.562170308967596,1914,1651,2351,2887,2186,1482,1150,0,0,0,0,0,459,-23,-171,-30,30,-65,121,123,121,124,121,123,45,47,46,47,46,49,79,0,66,1,2,10
6.2233,,186,-9.494505494505495,-12.923076923076923,-24.35164835164835,84.43956043956044,12.527472527472527,2.562170308967596,1956,1652,2351,2887,2186,1482,1250,50,0,0,0,0,366,-23,-171,-30,30,-65,121,123,122,124,121,123,45,47,46,47,46,49,78,15,66,1,2,9
6.2568,,187,-5.978021978021978,-13.098901098901099,-24.35164835164835,84.43956043956044,12.43956043956044,2.562170308967596,1999,1653,2351,2887,2186,1482,1300,50,0,0,0,0,472,-30,-171,-30,30,-65,121,123,122,124,121,123,45,47,46,47,46,49,52,5,66,0,3,9
6.2902,,188,-2.901098901098901,-13.274725274725276,-24.439560439560438,84.43956043956044,12.43956043956044,2.562170308967596,2039,1653,2351,2887,2186,1482,1200,0,0,0,0,0,462,-37,-171,-30,27,-65,121,123,122,124,121,123,45,47,46,47,46,49,48,4,66,0,2,10
6.3237,,189,-0.17582417582417584,-13.45054945054945,-24.439560439560438,84.43956043956044,12.43956043956044,2.562170308967596,2082,1653,2351,2887,2186,1482,1300,0,0,0,0,0,435,-44,-174,-30,27,-65,121,123,122,124,121,123,45,47,46,47,46,49,57,4,70,0,1,10
6.3572,,190,2.901098901098901,-13.538461538461538,-24.439560439560438,84.43956043956044,12.43956043956044,2.562170308967596,2122,1653,2351,2887,2186,1482,1200,0,0,0,0,0,405,-51,-174,-30,27,-65,121,123,122,124,121,123,45,47,46,47,46,49,42,5,68,0,2,9
6.3906,,191,5.978021978021978,-13.626373626373626,-24.439560439560438,84.43956043956044,12.43956043956044,2.562170308967596,2161,1653,2351,2887,2186,1482,1200,0,0,0,0,0,381,-55,-174,-30,27,-65,121,124,122,124,121,123,45,47,46,47,46,49,35,6,68,0,3,9
6.4241,,192,8.791208791208792,-13.626373626373626,-24.439560439560438,84.43956043956044,12.43956043956044,2.562170308967596,2196,1653,2351,2887,2186,1482,1100,0,0,0,0,0,396,-58,-174,-30,27,-65,121,123,122,124,121,123,45,47,46,47,46,49,43,7,69,0,2,9
6.4575,,193,11.692307692307692,-13.714285714285714,-24.439560439560438,84.43956043956044,12.43956043956044,2.562170308967596,2233,1653,2351,2887,2186,1482,1050,0,0,0,0,0,383,-58,-174,-30,27,-65,121,123,122,124,121,123,45,47,46,47,46,49,32,7,69,0,2,10
6.4909,,194,14.505494505494505,-13.714285714285714,-24.439560439560438,84.43956043956044,12.43956043956044,2.562170308967596,2269,1653,2351,2887,2186,1482,1050,0,0,0,0,0,364,-62,-174,-30,27,-65,121,124,122,124,121,123,45,47,46,47,46,49,43,9,69,1,2,10
6.5244,,195,17.142857142857142,-13.802197802197803,-24.439560439560438,84.43956043956044,12.43956043956044,2.562170308967596,2301,1653,2351,2887,2186,1482,1000,0,0,0,0,0,353,-62,-174,-30,27,-65,121,123,122,124,121,123,45,47,46,47,46,49,45,9,69,0,2,9
6.558,,196,19.78021978021978,-13.802197802197803,-24.439560439560438,84.43956043956044,12.43956043956044,2.562170308967596,2336,1653,2351,2887,2186,1482,1000,0,0,0,0,0,367,-65,-174,-30,27,-65,121,123,122,124,121,123,45,47,46,47,46,49,49,9,69,0,2,9
6.5914,,197,22.32967032967033,-13.802197802197803,-24.439560439560438,84.43956043956044,12.43956043956044,2.562170308967596,2369,1653,2351,2887,2186,1482,950,0,0,0,0,0,349,-65,-174,-30,27,-65,121,123,122,124,121,123,45,47,46,47,46,49,54,10,70,1,2,9
6.6249,,198,24.615384615384617,-13.89010989010989,-24.52747252747253,84.43956043956044,12.43956043956044,2.562170308967596,2401,1653,2351,2887,2186,1482,1000,0,0,0,0,0,332,-65,-174,-30,27,-65,121,123,122,124,121,123,45,47,46,47,46,49,56,10,69,0,2,9
6.6584,,199,26.725274725274726,-13.89010989010989,-24.52747252747253,84.43956043956044,12.43956043956044,2.562170308967596,2432,1653,2351,2887,2186,1482,950,0,0,0,0,0,306,-69,-178,-30,27,-65,121,124,122,124,121,123,45,47,46,47,46,49,32,11,72,0,2,10
6.6918,,200,28.747252747252748,-13.89010989010989,-24.52747252747253,84.43956043956044,12.43956043956044,2.562170308967596,2462,1653,2351,2887,2186,1482,900,0,0,0,0,0,278,-69,-178,-30,27,-65,121,124,122,124,121,123,45,47,46,47,46,49,40,10,71,1,1,10
6.7252,,201,30.945054945054945,-13.978021978021978,-24.52747252747253,84.43956043956044,12.43956043956044,2.562170308967596,2490,1653,2351,2887,2186,1482,850,0,0,0,0,0,287,-69,-178,-30,27,-65,121,124,122,124,121,123,45,47,46,47,46,49,28,10,71,0,2,10
6.7588,,202,33.142857142857146,-14.32967032967033,-24.52747252747253,84.43956043956044,12.43956043956044,2.562170308967596,2517,1653,2351,2887,2186,1482,750,0,0,0,0,0,274,-72,-178,-30,27,-65,121,124,122,124,121,123,45,47,46,46,46,49,43,11,72,0,2,9
6.7922,,203,35.252747252747255,-14.593406593406593,-24.52747252747253,84.43956043956044,12.43956043956044,2.562170308967596,2542,1653,2351,2887,2186,1482,800,0,0,0,0,0,264,-86,-178,-30,27,-65,121,124,122,124,121,123,45,47,46,47,46,49,47,18,71,0,2,9
6.8257,,204,37.0989010989011,-14.76923076923077,-24.52747252747253,84.43956043956044,12.43956043956044,2.562170308967596,2567,1653,2351,2887,2186,1482,700,0,0,0,0,0,254,-97,-178,-30,27,-65,121,123,122,124,121,123,45,47,46,47,46,49,49,22,71,1,2,9
6.8592,,205,38.857142857142854,-15.12087912087912,-24.52747252747253,84.43956043956044,12.43956043956044,2.562170308967596,2592,1653,2351,2887,2186,1482,750,0,0,0,0,0,235,-104,-178,-30,27,-65,121,123,122,124,121,123,45,47,46,46,46,49,38,25,71,0,2,10
6.8926,,206,40.61538461538461,-15.472527472527473,-24.52747252747253,84.43956043956044,12.43956043956044,2.562170308967596,2617,1652,2351,2887,2186,1482,700,0,0,0,0,0,243,-124,-178,-30,27,-65,121,123,122,124,121,123,45,47,46,46,46,49,30,32,71,0,2,9
6.9261,,207,42.10989010989011,-15.648351648351648,-24.52747252747253,84.43956043956044,12.43956043956044,2.562170308967596,2639,1652,2351,2887,2186,1482,750,-50,0,0,0,0,226,-130,-178,-30,27,-65,121,123,122,124,121,123,45,47,46,47,46,49,38,40,71,0,1,9
6.9597,,208,43.69230769230769,-16.175824175824175,-24.52747252747253,84.43956043956044,12.43956043956044,2.562170308967596,2661,1652,2351,2887,2186,1482,650,0,0,0,0,0,287,-136,-178,-30,27,-65,121,123,122,124,121,123,45,47,46,47,46,49,29,44,71,0,2,10
6.9931,,209,45.18681318681319,-16.615384615384617,-24.439560439560438,84.43956043956044,12.43956043956044,2.562170308967596,2681,1652,2351,2887,2186,1482,600,0,0,0,0,0,185,-159,-178,-30,27,-65,121,123,122,124,121,123,45,47,46,47,46,49,24,64,71,0,2,10
7.0265,,210,46.76923076923077,-16.791208791208792,-24.439560439560438,84.43956043956044,12.43956043956044,2.562170308967596,2701,1649,2351,2887,2186,1482,600,-50,0,0,0,0,166,-164,-174,-30,27,-65,121,123,122,124,121,123,45,47,46,47,46,49,22,71,68,0,2,10
7.06,,211,48.175824175824175,-17.406593406593405,-24.52747252747253,84.43956043956044,12.43956043956044,2.562170308967596,2719,1646,2351,2887,2186,1482,550,-100,0,0,0,0,190,-164,-174,-30,27,-65,121,123,122,124,121,123,45,47,46,47,46,49,28,39,68,0,2,9
7.0934,,212,49.582417582417584,-17.846153846153847,-24.439560439560438,84.43956043956044,12.43956043956044,2.562170308967596,2738,1641,2351,2887,2186,1482,600,-100,0,0,0,0,259,-185,-178,-30,27,-65,121,123,121,124,121,123,45,47,46,47,46,49,28,60,71,0,2,10
7.1269,,213,50.81318681318681,-18.197802197802197,-24.439560439560438,84.52747252747253,12.43956043956044,2.562170308967596,2756,1634,2351,2887,2186,1482,500,-150,0,0,0,0,247,-79,-174,-30,27,-65,121,123,122,124,121,123,45,47,46,47,46,49,29,41,69,0,2,10
7.1605,,214,51.956043956043956,-18.813186813186814,-24.439560439560438,84.52747252747253,12.43956043956044,2.562170308967596,2773,1628,2351,2887,2186,1482,550,-200,0,0,0,0,140,-157,-174,-27,27,-65,121,123,122,124,121,123,45,47,46,47,46,49,16,35,68,0,2,9
7.1939,,215,53.0989010989011,-19.252747252747252,-24.439560439560438,84.52747252747253,12.43956043956044,2.562170308967596,2789,1622,2351,2887,2186,1482,500,-200,0,0,0,0,239,-185,-174,-27,27,-65,121,123,122,124,121,123,45,47,46,47,46,49,25,45,68,0,2,9
7.2272,,216,54.32967032967033,-19.692307692307693,-24.439560439560438,84.52747252747253,12.43956043956044,2.562170308967596,2804,1615,2351,2887,2186,1482,450,-200,0,0,0,0,224,-166,-174,-27,27,-65,121,123,122,124,121,123,45,47,46,47,46,49,23,27,69,0,2,9
7.2607,,217,55.472527472527474,-20.307692307692307,-24.439560439560438,84.61538461538461,12.43956043956044,2.562170308967596,2819,1608,2351,2887,2186,1482,450,-200,0,0,0,0,215,-153,-174,-27,27,-65,121,124,122,124,121,123,45,47,46,47,46,49,23,24,69,0,1,10
7.2941,,218,56.527472527472526,-20.747252747252748,-24.439560439560438,84.7032967032967,12.43956043956044,2.562170308967596,2833,1602,2351,2888,2186,1482,450,-150,0,0,0,0,116,-159,-174,-27,27,-65,121,123,122,124,121,123,45,47,46,47,46,49,18,37,68,0,2,9
7.3275,,219,57.31868131868132,-21.01098901098901,-24.439560439560438,84.7032967032967,12.43956043956044,2.562170308967596,2847,1596,2351,2888,2186,1482,450,-200,0,0,0,0,188,-143,-174,-23,27,-65,121,124,122,124,121,123,45,47,46,47,46,49,14,31,68,0,2,10
7.3611,,220,57.934065934065934,-21.45054945054945,-24.439560439560438,84.7032967032967,12.43956043956044,2.562170308967596,2860,1589,2351,2888,2186,1482,350,-200,0,0,0,0,192,-52,-174,-23,27,-65,121,124,122,124,121,123,45,47,46,47,46,49,19,25,68,0,2,10
7.3945,,221,58.02197802197802,-21.626373626373628,-24.439560439560438,84.79120879120879,12.43956043956044,2.562170308967596,2872,1584,2351,2888,2186,1482,400,-150,0,0,0,0,164,-139,-174,-23,27,-65,121,124,122,124,121,123,45,47,46,47,46,49,7,38,69,0,2,9
7.428,,222,58.02197802197802,-21.89010989010989,-24.439560439560438,84.79120879120879,12.43956043956044,2.562170308967596,2882,1579,2351,2888,2186,1482,300,-150,0,0,0,0,115,-33,-174,0,27,-65,121,124,122,124,121,123,45,47,46,47,46,49,3,26,69,0,2,10
7.4617,,223,58.02197802197802,-22.505494505494507,-24.35164835164835,84.87912087912088,12.43956043956044,2.562170308967596,2888,1574,2351,2888,2186,1482,250,-150,0,0,0,0,86,-111,-174,0,27,-65,121,124,122,124,121,123,45,47,46,47,46,49,7,19,69,0,1,10
7.4951,,224,57.84615384615385,-23.12087912087912,-24.35164835164835,84.87912087912088,12.0,2.562170308967596,2893,1569,2351,2888,2186,1482,150,-150,0,0,0,0,72,-122,-171,0,27,-65,121,124,122,124,121,123,45,47,46,47,46,49,7,25,65,0,2,10
7.5284,,225,57.494505494505496,-23.912087912087912,-24.35164835164835,84.87912087912088,11.824175824175825,2.562170308967596,2895,1564,2351,2888,2186,1482,50,-150,0,0,0,0,58,-150,-171,0,-34,-65,121,124,122,124,121,123,45,47,46,47,46,49,2,29,66,0,1,10
7.562,,226,57.23076923076923,-24.791208791208792,-24.35164835164835,84.87912087912088,11.648351648351648,2.562170308967596,2896,1559,2351,2888,2186,1482,50,-150,0,0,0,0,37,-78,-171,0,-30,-65,121,124,122,124,121,123,45,47,46,47,46,49,2,35,66,0,3,10
7.5955,,227,56.79120879120879,-25.75824175824176,-24.35164835164835,84.87912087912088,11.56043956043956,2.562170308967596,2896,1553,2351,2888,2186,1482,0,-150,0,0,0,0,27,-173,-171,0,-37,-65,121,124,122,124,121,123,45,47,46,47,46,49,1,48,66,0,4,10
7.6289,,228,55.64835164835165,-26.725274725274726,-24.35164835164835,84.87912087912088,11.56043956043956,2.562170308967596,2896,1546,2351,2888,2186,1482,0,-200,0,0,0,0,-23,-185,-171,0,-41,-65,121,124,122,124,121,123,45,47,46,47,46,49,2,52,67,0,4,10
7.6624,,229,54.065934065934066,-27.78021978021978,-24.35164835164835,84.79120879120879,11.472527472527473,2.562170308967596,2896,1537,2351,2888,2186,1482,0,-250,0,0,0,0,-90,-184,-171,0,-41,-65,121,124,122,124,121,123,45,47,46,47,46,49,11,62,66,0,4,9
7.6958,,230,51.956043956043956,-29.01098901098901,-24.35164835164835,84.79120879120879,11.472527472527473,2.562170308967596,2892,1528,2351,2888,2186,1482,-50,-300,0,0,0,0,-152,-220,-171,0,-44,-65,121,123,122,124,121,123,45,47,46,47,46,49,11,48,66,0,4,10
7.7294,,231,49.582417582417584,-30.505494505494507,-24.35164835164835,84.87912087912088,11.472527472527473,2.562170308967596,2881,1517,2351,2888,2186,1482,-300,-300,0,0,0,0,-116,-142,-171,0,-44,-65,121,124,122,124,121,123,45,47,46,47,46,49,11,46,66,0,4,10
7.7629,,232,47.032967032967036,-31.912087912087912,-24.35164835164835,84.87912087912088,11.472527472527473,2.562170308967596,2867,1504,2351,2888,2186,1482,-350,-350,0,0,0,0,-158,-242,-171,0,-44,-65,121,123,122,124,121,123,45,47,46,47,46,49,23,41,66,0,4,9
7.7963,,233,44.48351648351648,-33.31868131868132,-24.35164835164835,84.87912087912088,11.472527472527473,2.562170308967596,2849,1490,2351,2888,2186,1482,-500,-400,0,0,0,0,-193,-156,-171,0,-44,-65,121,123,122,124,121,123,45,47,46,47,46,49,30,38,66,0,4,10
7.8297,,234,41.75824175824176,-34.637362637362635,-24.35164835164835,84.87912087912088,11.296703296703297,2.562170308967596,2827,1476,2351,2888,2186,1482,-650,-400,0,0,0,0,-236,-268,-171,0,-44,-65,121,123,122,124,121,123,45,47,46,47,46,49,40,42,66,0,4,10
7.8631,,235,38.76923076923077,-36.043956043956044,-24.35164835164835,84.87912087912088,10.241758241758241,2.562170308967596,2801,1460,2351,2888,2186,1482,-750,-450,0,0,0,0,-250,-263,-171,0,-51,-65,121,123,122,124,121,123,45,47,46,47,46,49,32,42,66,0,8,10
7.8966,,236,35.78021978021978,-37.18681318681319,-24.35164835164835,84.87912087912088,8.043956043956044,2.562170308967596,2772,1444,2351,2888,2185,1482,-800,-500,0,0,0,0,-264,-259,-171,0,-114,-65,121,123,122,124,121,123,45,47,46,47,46,49,26,42,67,0,20,10
7.9301,,237,33.05494505494506,-38.24175824175824,-24.35164835164835,84.87912087912088,5.582417582417582,2.562170308967596,2744,1428,2351,2888,2177,1482,-900,-450,0,0,-200,0,-276,-147,-171,0,-95,-65,121,123,122,124,121,123,45,47,46,47,46,49,21,30,67,0,34,9
7.9636,,238,30.505494505494507,-39.20879120879121,-24.35164835164835,84.79120879120879,3.4725274725274726,2.562170308967596,2713,1411,2350,2888,2164,1482,-900,-500,0,0,-400,0,-273,-209,-167,0,-145,-65,121,124,122,124,121,123,45,47,46,47,46,49,18,33,65,0,40,10
7.9971,,239,28.395604395604394,-40.0,-24.35164835164835,84.79120879120879,2.1538461538461537,2.562170308967596,2682,1395,2350,2888,2145,1482,-950,-500,0,0,-500,0,-291,-220,-167,0,-269,-65,121,124,122,124,121,123,45,47,46,47,46,49,18,18,64,0,32,9
8.0307,,240,26.9010989010989,-40.61538461538461,-24.35164835164835,84.79120879120879,1.3626373626373627,2.562170308967596,2652,1380,2350,2888,2126,1482,-850,-450,0,0,-600,0,-270,-184,-167,0,-249,-65,121,124,122,124,121,123,45,47,46,47,46,49,8,12,63,0,27,9
8.0642,,241,25.582417582417584,-41.05494505494506,-24.35164835164835,84.79120879120879,0.5714285714285714,2.562170308967596,2623,1367,2350,2888,2108,1482,-900,-450,0,0,-600,0,-302,-152,-167,0,-195,-65,121,124,122,124,121,123,45,47,46,47,46,49,4,4,63,0,9,10
8.0976,,242,24.263736263736263,-41.67032967032967,-24.35164835164835,84.79120879120879,-0.21978021978021978,2.562170308967596,2597,1355,2350,2888,2093,1482,-800,-400,0,0,-500,0,-163,-111,-167,0,-175,-65,121,124,122,124,121,123,45,47,46,47,46,49,5,5,71,0,10,10
8.1311,,243,22.945054945054945,-42.285714285714285,-24.35164835164835,84.79120879120879,-1.098901098901099,2.562170308967596,2575,1345,2346,2888,2080,1482,-650,-250,-100,0,-400,0,-219,-101,-153,0,-149,-65,122,124,122,124,121,123,45,47,46,47,46,49,7,3,49,0,8,9
8.1647,,244,21.626373626373628,-43.07692307692308,-24.35164835164835,84.79120879120879,-1.8021978021978022,2.562170308967596,2556,1331,2343,2888,2068,1482,-550,-400,-100,0,-300,0,-144,-105,-146,0,-85,-65,122,124,122,125,121,124,45,47,46,47,46,49,8,3,41,0,19,9
8.1981,,245,20.395604395604394,-44.043956043956044,-24.35164835164835,84.79120879120879,-2.1538461538461537,2.562170308967596,2539,1325,2339,2888,2058,1482,-550,-250,-150,0,-350,0,-214,-23,-132,0,-147,-65,122,124,122,125,121,124,45,47,46,46,46,49,3,4,30,0,6,10
8.2317,,246,19.428571428571427,-44.92307692307692,-24.35164835164835,84.87912087912088,-2.4175824175824174,2.562170308967596,2521,1315,2337,2888,2048,1482,-500,-300,-100,0,-300,0,-192,-23,-122,0,-23,-65,122,124,122,125,121,124,45,47,46,47,46,49,4,4,37,0,9,10
8.2651,,247,18.725274725274726,-45.714285714285715,-24.35164835164835,84.87912087912088,-2.5054945054945055,2.562170308967596,2505,1304,2334,2888,2040,1482,-500,-300,-100,0,-250,0,-75,17,-111,0,-90,-65,122,124,122,125,121,124,45,47,46,47,46,49,3,3,26,0,10,9
8.2986,,248,18.021978021978022,-46.505494505494504,-24.35164835164835,84.87912087912088,-2.5054945054945055,2.562170308967596,2491,1293,2331,2888,2035,1482,-450,-300,-50,0,-200,0,-37,-84,-101,0,-72,-65,122,124,122,125,121,124,45,47,46,47,46,49,2,1,24,0,7,10
8.332,,249,17.318681318681318,-46.94505494505494,-24.35164835164835,84.87912087912088,-2.5054945054945055,2.562170308967596,2480,1283,2328,2888,2032,1482,-350,-300,-100,0,-150,0,-143,-20,-93,0,-65,-65,122,124,122,125,121,124,45,47,46,47,46,49,2,3,17,0,8,10
8.3655,,250,16.791208791208792,-47.2967032967033,-24.35164835164835,84.87912087912088,-2.5054945054945055,2.562170308967596,2470,1274,2326,2888,2030,1482,-350,-300,-50,0,-50,0,-126,-65,-83,0,-55,-65,122,124,122,125,121,124,45,47,46,47,46,49,4,0,12,0,5,10
8.399,,251,16.263736263736263,-47.472527472527474,-24.35164835164835,84.87912087912088,-2.5054945054945055,2.562170308967596,2461,1267,2324,2888,2028,1482,-300,-200,-50,0,-50,0,-104,-51,-76,0,-48,-65,122,124,122,125,121,124,45,47,46,47,46,49,5,0,12,0,5,10
8.4325,,252,15.912087912087912,-47.472527472527474,-24.35164835164835,84.87912087912088,-2.5054945054945055,2.562170308967596,2453,1261,2323,2888,2027,1482,-300,-150,0,0,0,0,-87,-37,-72,0,-44,-65,122,124,122,125,121,124,45,47,46,47,46,49,3,0,12,0,6,9
8.466,,253,15.648351648351648,-47.472527472527474,-24.35164835164835,84.87912087912088,-2.5054945054945055,2.562170308967596,2446,1257,2323,2888,2027,1482,-250,-150,0,0,0,0,-92,-27,-72,0,-44,-65,122,124,122,125,121,124,45,47,46,47,46,49,1,0,11,0,5,9
8.4994,,254,15.648351648351648,-47.38461538461539,-24.263736263736263,84.87912087912088,-2.5054945054945055,2.562170308967596,2440,1254,2323,2888,2027,1482,-200,-50,0,0,0,0,-69,0,-72,0,-44,-65,122,124,122,125,121,124,45,47,46,47,46,49,6,0,11,0,5,9
8.5328,,255,15.648351648351648,-47.2967032967033,-24.263736263736263,84.87912087912088,-2.5934065934065935,2.562170308967596,2435,1254,2323,2888,2027,1482,-150,-50,0,0,0,0,-51,27,-69,0,-44,-65,122,124,122,125,121,124,45,47,46,47,46,49,3,0,10,0,5,9
8.5663,,256,15.648351648351648,-47.2967032967033,-24.263736263736263,84.7032967032967,-3.032967032967033,2.562170308967596,2432,1254,2323,2888,2027,1482,-100,0,0,0,0,0,-41,30,-69,0,-48,-65,122,124,122,125,121,124,45,47,46,47,46,49,2,1,11,0,6,9
8.5999,,257,15.648351648351648,-47.20879120879121,-24.263736263736263,84.7032967032967,-3.6483516483516483,2.562170308967596,2430,1254,2323,2888,2027,1482,-50,0,0,0,0,0,-30,30,-69,-23,-65,-65,122,124,122,125,121,124,45,47,46,47,46,49,2,0,11,1,14,10
8.6333,,258,15.648351648351648,-47.20879120879121,-24.263736263736263,84.7032967032967,-3.7362637362637363,2.562170308967596,2428,1254,2323,2888,2023,1482,-50,0,0,0,-100,0,-27,34,-69,-23,-103,-65,122,124,122,125,121,124,45,47,46,47,46,49,3,1,10,0,16,9
8.6668,,259,15.736263736263735,-47.472527472527474,-24.263736263736263,84.87912087912088,-3.3846153846153846,2.562170308967596,2427,1254,2323,2888,2020,1482,0,0,0,0,-100,0,0,34,-69,-23,-72,-65,122,124,122,125,121,124,45,47,46,47,46,49,0,0,10,0,6,9
8.7002,,260,15.736263736263735,-47.56043956043956,-24.263736263736263,84.87912087912088,-3.2967032967032965,2.562170308967596,2427,1253,2323,2888,2018,1482,0,0,0,0,-100,0,0,27,-69,0,-48,-65,122,124,122,125,121,124,45,47,46,47,46,49,0,0,11,0,4,9
8.7336,,261,15.736263736263735,-47.56043956043956,-24.263736263736263,84.87912087912088,-3.208791208791209,2.562170308967596,2427,1253,2323,2888,2018,1482,0,0,0,0,0,0,0,23,-69,0,-44,-65,122,124,122,125,121,124,45,47,46,46,46,49,0,0,10,0,4,10
8.7672,,262,15.736263736263735,-47.20879120879121,-24.263736263736263,84.79120879120879,-3.120879120879121,2.562170308967596,2427,1253,2323,2888,2018,1482,0,0,0,0,0,0,0,23,-69,0,-41,-65,122,124,122,125,121,124,45,47,46,47,46,49,0,0,10,0,4,9
8.8007,,263,15.736263736263735,-46.15384615384615,-24.175824175824175,84.61538461538461,-3.7362637362637363,2.562170308967596,2427,1253,2323,2888,2018,1482,0,0,0,0,0,0,0,43,-69,0,-37,-65,122,124,122,125,121,124,45,47,46,47,46,49,0,2,11,0,4,10
8.8343,,264,15.736263736263735,-42.989010989010985,-24.0,84.52747252747253,-3.8241758241758244,2.562170308967596,2427,1253,2323,2888,2018,1482,0,0,0,0,0,0,0,105,-65,-27,-78,-65,122,124,122,125,121,124,45,47,46,47,46,49,0,15,9,0,12,9
8.8677,,265,15.736263736263735,-37.010989010989015,-23.64835164835165,84.35164835164835,-3.8241758241758244,2.562170308967596,2427,1254,2323,2888,2016,1482,0,0,0,0,-50,0,0,218,-58,-30,-58,-65,122,124,122,125,121,124,45,47,46,47,46,49,0,72,7,1,9,10
8.9011,,266,15.736263736263735,-28.307692307692307,-23.64835164835165,83.2967032967033,-3.8241758241758244,2.562170308967596,2427,1263,2323,2888,2015,1482,0,100,0,0,-50,0,0,387,-44,-37,-58,-65,121,124,122,125,121,123,45,47,46,47,46,49,0,118,3,2,5,10
8.9346,,267,15.648351648351648,-17.67032967032967,-23.912087912087912,79.6923076923077,-3.8241758241758244,2.562170308967596,2426,1283,2322,2888,2014,1482,0,500,0,0,-100,0,0,499,-41,-101,-51,-65,121,123,121,124,121,123,45,47,46,47,46,49,0,166,2,15,5,10
8.968,,268,16.439560439560438,-6.241758241758242,-24.175824175824175,73.8021978021978,-3.8241758241758244,2.562170308967596,2426,1313,2317,2887,2014,1482,0,950,-150,0,0,0,0,658,-41,-196,-51,-65,120,122,121,123,120,122,45,47,46,47,46,49,0,360,0,55,7,10
9.0014,,269,16.967032967032967,3.6923076923076925,-24.263736263736263,65.89010989010988,-3.2967032967032965,2.562170308967596,2426,1358,2312,2873,2014,1482,0,1100,-150,-200,0,0,68,889,-30,-380,-51,-65,120,121,120,122,119,121,45,47,46,47,46,49,7,561,0,103,7,9
9.0349,,270,18.197802197802197,11.164835164835164,-24.175824175824175,58.417582417582416,-3.208791208791209,2.562170308967596,2427,1419,2311,2846,2014,1482,0,1600,-50,-700,0,0,66,977,-27,-456,-25,-65,119,121,119,122,118,121,45,47,46,47,46,49,7,612,1,130,2,9
9.0683,,271,19.076923076923077,16.35164835164835,-24.175824175824175,52.35164835164835,-3.032967032967033,2.4868123587038435,2430,1494,2311,2807,2014,1482,100,2100,0,-1200,0,0,128,1000,-23,-586,-27,-65,119,121,119,121,118,120,45,47,46,47,46,49,17,502,0,163,1,9
9.1017,,272,19.252747252747252,18.54945054945055,-24.175824175824175,49.53846153846154,-2.9450549450549453,2.4868123587038435,2436,1574,2317,2754,2014,1482,200,2500,200,-1600,0,0,146,1000,-37,-579,0,-69,119,121,119,122,118,121,45,47,46,47,46,49,27,424,0,165,0,10
9.1351,,273,18.98901098901099,19.252747252747252,-24.175824175824175,49.362637362637365,-2.9450549450549453,2.4868123587038435,2442,1666,2318,2695,2014,1482,200,2700,100,-1700,0,0,108,926,-48,-574,0,-69,120,122,120,122,119,121,45,47,46,47,46,49,17,256,3,125,0,10
9.1687,,274,18.54945054945055,19.34065934065934,-24.0,49.362637362637365,-2.9450549450549453,2.4868123587038435,2446,1769,2318,2641,2013,1482,150,3150,0,-1700,-50,0,83,692,-48,-447,0,-69,121,123,121,123,120,122,45,47,46,47,46,49,3,47,3,39,0,11
9.2021,,275,18.285714285714285,19.076923076923077,-23.824175824175825,49.714285714285715,-2.9450549450549453,2.4868123587038435,2449,1850,2317,2586,2013,1482,100,2800,0,-1600,0,0,51,394,-37,-227,0,-69,121,123,122,124,121,123,45,47,46,47,46,49,5,6,2,5,0,10
9.2356,,276,18.10989010989011,19.076923076923077,-23.824175824175825,49.8021978021978,-2.9450549450549453,2.4868123587038435,2449,1926,2322,2549,2012,1482,0,2350,50,-1300,-50,0,41,158,-133,-149,23,-69,122,124,122,125,121,124,45,47,46,47,46,49,4,1,1,1,0,10
9.269,,277,18.10989010989011,18.98901098901099,-23.912087912087912,49.8021978021978,-2.9450549450549453,2.4868123587038435,2449,1993,2334,2533,2015,1482,0,2000,250,-450,150,0,34,-41,-72,-104,0,-69,122,124,122,125,121,124,45,47,46,47,46,49,2,28,19,0,0,10
9.3025,,278,18.10989010989011,18.725274725274726,-23.912087912087912,49.8021978021978,-2.857142857142857,2.4868123587038435,2450,2039,2340,2525,2016,1482,50,1350,150,-400,50,0,30,-249,-111,-146,-23,-69,121,123,121,124,121,123,45,47,46,47,46,49,2,154,54,22,0,10
9.3361,,279,18.285714285714285,18.373626373626372,-23.912087912087912,49.89010989010989,-2.769230769230769,2.4868123587038435,2451,2054,2341,2520,2015,1482,0,800,100,-200,0,0,27,-171,-118,-129,0,-69,121,123,121,124,120,123,45,47,46,47,46,49,2,166,41,20,0,10
9.3695,,280,18.46153846153846,17.67032967032967,-23.824175824175825,49.97802197802198,-2.681318681318681,2.4868123587038435,2451,2051,2337,2514,2014,1482,0,0,-200,-150,0,0,34,-181,-104,-101,23,-69,121,123,121,124,121,123,45,47,46,47,46,49,3,81,21,14,1,11
9.4029,,281,18.63736263736264,17.142857142857142,-23.736263736263737,49.97802197802198,-2.681318681318681,2.4868123587038435,2450,2045,2336,2510,2014,1482,-50,-200,0,-100,0,0,44,-193,-97,-86,27,-69,121,123,121,124,121,123,45,47,46,47,46,49,5,81,20,11,2,10
9.4363,,282,18.725274725274726,16.791208791208792,-23.736263736263737,49.97802197802198,-2.681318681318681,2.4868123587038435,2450,2040,2336,2508,2014,1482,0,-200,0,-100,0,0,51,-204,-93,-76,27,-69,121,123,122,124,121,123,45,47,46,47,46,49,7,48,19,10,2,10
9.4698,,283,18.725274725274726,16.263736263736263,-23.64835164835165,50.065934065934066,-2.681318681318681,2.4868123587038435,2449,2039,2336,2507,2014,1482,-50,-50,0,-50,0,0,58,-199,-93,-72,27,-69,121,123,121,124,121,123,45,47,46,47,46,49,9,76,20,10,2,10
9.5032,,284,18.813186813186814,15.56043956043956,-23.560439560439562,50.065934065934066,-2.681318681318681,2.4868123587038435,2449,2039,2337,2507,2014,1482,0,0,0,0,0,0,58,-227,-93,-69,27,-69,121,123,121,124,121,123,45,47,46,47,46,49,9,109,19,10,2,11
9.5368,,285,18.9010989010989,14.945054945054945,-23.560439560439562,50.065934065934066,-2.681318681318681,2.4868123587038435,2449,2039,2337,2507,2014,1482,0,0,0,0,0,0,62,-258,-90,-69,27,-69,121,123,121,124,120,123,45,47,46,46,46,49,10,137,17,11,2,10
9.5703,,286,18.9010989010989,14.153846153846153,-23.47252747252747,50.15384615384615,-2.681318681318681,2.4868123587038435,2450,2038,2337,2507,2014,1482,50,0,0,0,0,0,62,-269,-90,-69,27,-69,121,123,121,124,120,123,45,47,46,46,46,49,7,159,17,10,2,10
9.6038,,287,18.813186813186814,13.274725274725276,-23.47252747252747,50.94505494505494,-2.681318681318681,2.4868123587038435,2450,2034,2337,2507,2014,1482,0,-150,0,0,0,0,62,-316,-86,-65,27,-69,121,123,121,124,120,123,45,47,46,46,46,49,10,159,17,10,2,11
9.6373,,288,18.54945054945055,12.131868131868131,-23.47252747252747,52.967032967032964,-2.681318681318681,2.4868123587038435,2450,2029,2337,2507,2014,1482,0,-150,0,0,0,0,58,-327,-86,17,27,-69,121,123,121,124,120,123,45,47,46,46,46,49,10,140,17,2,1,10
9.6708,,289,18.10989010989011,10.461538461538462,-23.47252747252747,55.604395604395606,-2.681318681318681,2.4868123587038435,2450,2022,2337,2507,2014,1482,0,-200,0,0,0,0,48,-266,-86,106,27,-69,121,123,121,124,120,123,45,47,46,46,46,49,5,215,17,9,1,10
9.7043,,290,17.582417582417584,8.175824175824175,-23.47252747252747,59.120879120879124,-2.681318681318681,2.4868123587038435,2450,2013,2337,2516,2014,1482,0,-250,0,250,0,0,30,-390,-86,183,27,-69,121,123,121,124,120,123,45,47,46,46,46,49,1,211,17,21,1,10
9.7378,,291,16.35164835164835,4.835164835164835,-23.47252747252747,62.989010989010985,-2.681318681318681,2.4868123587038435,2450,2000,2337,2532,2014,1482,0,-400,0,400,0,0,-107,-447,-86,177,27,-69,121,123,121,124,120,122,45,47,46,46,46,49,3,218,17,22,1,10
9.7713,,292,15.208791208791208,0.5274725274725275,-23.47252747252747,66.94505494505495,-2.9450549450549453,2.4868123587038435,2450,1983,2337,2555,2014,1482,0,-450,0,650,0,0,-99,-425,-86,251,27,-69,120,123,121,123,120,122,45,47,46,46,46,49,11,218,17,37,1,10
9.8048,,293,13.802197802197803,-5.010989010989011,-23.47252747252747,71.6043956043956,-3.120879120879121,2.4868123587038435,2445,1961,2337,2581,2014,1482,0,-550,0,700,0,0,-128,-505,-86,307,0,-69,120,122,120,123,119,122,45,47,46,46,46,49,5,285,16,32,0,10
9.8382,,294,11.252747252747254,-11.780219780219781,-23.47252747252747,75.56043956043956,-3.2967032967032965,2.4868123587038435,2437,1935,2337,2615,2014,1482,-250,-750,0,950,0,0,-157,-602,-86,362,-23,-69,120,122,120,123,119,122,45,47,46,46,46,49,8,333,17,34,0,11
9.8717,,295,7.736263736263736,-18.9010989010989,-23.47252747252747,78.1978021978022,-2.857142857142857,2.4868123587038435,2426,1899,2337,2652,2014,1482,-300,-1000,0,1050,0,0,-134,-706,-86,309,-30,-69,120,122,120,122,119,121,45,47,46,47,46,49,28,369,17,40,2,10
9.9052,,296,3.956043956043956,-24.967032967032967,-23.47252747252747,79.25274725274726,-2.681318681318681,2.4868123587038435,2412,1855,2337,2693,2014,1482,-400,-1300,0,1200,0,0,-304,-803,-86,316,0,-69,120,121,120,122,119,121,45,47,46,46,46,49,47,492,17,34,1,11
9.9387,,297,1.5824175824175823,-29.714285714285715,-23.384615384615383,79.51648351648352,-2.681318681318681,2.4868123587038435,2392,1801,2337,2730,2014,1482,-600,-1650,0,1200,0,0,-386,-790,-86,317,27,-69,119,121,119,122,118,121,45,47,46,47,46,49,73,520,16,10,1,10
9.9722,,298,0.967032967032967,-32.175824175824175,-23.384615384615383,79.86813186813187,-2.681318681318681,2.4868123587038435,2367,1744,2337,2766,2014,1482,-750,-1750,0,1100,0,0,-322,-804,-83,164,27,-69,119,121,119,122,119,121,45,47,46,46,46,49,56,411,15,1,2,10
10.0056,,299,1.1428571428571428,-33.05494505494506,-23.384615384615383,80.48351648351648,-2.5934065934065935,2.4868123587038435,2336,1680,2337,2792,2014,1482,-850,-1900,0,750,0,0,-229,-734,-83,160,27,-69,120,122,120,123,119,121,45,47,46,47,46,49,16,297,16,0,1,10
10.039,,300,1.2307692307692308,-33.31868131868132,-23.384615384615383,82.06593406593407,-2.5934065934065935,2.4868123587038435,2307,1618,2336,2810,2014,1482,-1000,-1850,0,650,0,0,-97,-662,-79,31,30,-69,120,122,121,123,120,122,45,47,46,46,46,49,4,206,16,0,3,10
10.0726,,301,1.4945054945054945,-33.40659340659341,-23.47252747252747,84.26373626373626,-2.5934065934065935,2.4868123587038435,2288,1563,2335,2823,2014,1482,-550,-1650,0,400,0,0,-44,-516,-79,72,30,-69,121,123,121,124,120,123,45,47,46,47,46,49,0,84,7,9,3,10
10.1061,,302,1.8461538461538463,-33.494505494505496,-23.47252747252747,86.1978021978022,-2.5934065934065935,2.4868123587038435,2276,1522,2334,2838,2014,1482,-600,-1550,-50,400,0,0,-62,-248,-76,208,30,-69,121,124,122,124,121,123,45,47,46,47,46,49,0,16,12,16,3,11
10.1397,,303,1.8461538461538463,-33.582417582417584,-23.47252747252747,87.16483516483517,-2.5934065934065935,2.4868123587038435,2270,1488,2334,2856,2014,1482,-250,-1150,-50,550,0,0,-23,-202,-76,219,30,-69,121,124,122,125,121,123,45,47,46,47,46,49,1,2,13,10,2,11
10.1731,,304,1.8461538461538463,-33.934065934065934,-23.47252747252747,87.34065934065934,-2.681318681318681,2.4868123587038435,2268,1458,2334,2876,2014,1482,-50,-1050,0,650,0,0,0,-90,-76,85,30,-69,122,124,122,125,121,124,45,47,46,47,46,49,0,0,13,2,3,11
10.2067,,305,1.8461538461538463,-34.10989010989011,-23.47252747252747,87.25274725274726,-2.681318681318681,2.4868123587038435,2268,1438,2333,2891,2014,1482,0,-550,0,450,0,0,0,-30,-72,33,27,-69,122,124,122,125,121,124,45,47,46,47,46,49,0,0,13,1,2,10
10.2401,,306,1.8461538461538463,-34.10989010989011,-23.47252747252747,87.25274725274726,-2.681318681318681,2.4868123587038435,2270,1422,2332,2901,2014,1482,100,-450,-50,250,0,0,0,37,-69,72,27,-69,122,124,122,125,121,124,45,47,46,47,46,49,0,0,11,0,2,10
10.2737,,307,1.7582417582417582,-34.10989010989011,-23.47252747252747,87.25274725274726,-2.681318681318681,2.4868123587038435,2270,1414,2329,2906,2014,1482,0,-300,-100,150,0,0,0,-41,-58,51,27,-69,122,124,122,125,121,124,45,47,46,47,46,49,0,0,4,0,1,10
10.3071,,308,1.6703296703296704,-33.934065934065934,-23.384615384615383,87.34065934065934,-2.681318681318681,2.4868123587038435,2268,1408,2329,2910,2014,1482,0,-150,0,100,0,0,0,0,-58,34,27,-69,122,124,122,125,121,124,45,47,46,47,46,49,1,0,7,1,2,10
10.3405,,309,1.4945054945054945,-33.67032967032967,-23.384615384615383,87.34065934065934,-2.681318681318681,2.4868123587038435,2267,1406,2330,2913,2014,1482,-100,-150,50,100,0,0,0,30,-58,27,27,-69,122,124,122,125,121,124,45,47,46,47,46,49,0,3,8,0,2,10
10.3739,,310,1.2307692307692308,-33.494505494505496,-23.384615384615383,87.34065934065934,-2.857142857142857,2.4868123587038435,2267,1409,2331,2916,2014,1482,0,50,50,50,0,0,-23,36,-62,0,27,-69,122,124,122,125,121,124,45,47,46,47,46,49,2,2,8,0,1,11
10.4073,,311,1.1428571428571428,-33.40659340659341,-23.384615384615383,87.34065934065934,-3.120879120879121,2.4868123587038435,2267,1418,2332,2916,2014,1482,0,300,0,0,0,0,-34,0,-65,0,0,-69,122,124,122,125,121,124,45,47,46,47,46,49,4,2,10,0,1,10
10.4408,,312,1.054945054945055,-33.05494505494506,-23.208791208791208,87.34065934065934,-3.208791208791209,2.4868123587038435,2265,1419,2332,2916,2014,1482,-50,150,0,0,0,0,-30,-27,-65,0,-23,-69,122,124,122,125,121,124,45,47,46,47,46,49,2,0,9,0,2,11
10.4744,,313,0.967032967032967,-32.26373626373626,-23.032967032967033,87.34065934065934,-3.2967032967032965,2.4868123587038435,2263,1420,2332,2916,2014,1482,-50,50,0,0,0,0,-27,0,-58,0,-27,-69,122,124,122,125,121,124,45,47,46,47,46,49,1,0,7,0,3,10
10.5078,,314,0.5274725274725275,-31.560439560439562,-22.945054945054945,87.34065934065934,-3.2967032967032965,2.4868123587038435,2263,1420,2332,2917,2014,1482,0,0,0,0,0,0,-30,61,-51,0,-30,-69,122,124,122,125,121,124,45,47,46,47,46,49,1,5,4,0,3,11
10.5412,,315,-0.7912087912087912,-30.505494505494507,-22.945054945054945,87.34065934065934,-3.2967032967032965,2.562170308967596,2260,1425,2332,2917,2014,1482,-50,150,0,0,0,0,-57,84,-48,0,-30,-69,122,124,122,125,121,124,45,47,46,47,46,49,3,4,4,0,3,10
10.5746,,316,-2.989010989010989,-29.274725274725274,-22.945054945054945,87.34065934065934,-3.3846153846153846,2.562170308967596,2255,1432,2333,2917,2014,1482,-200,200,50,0,0,0,-103,112,-51,0,-30,-65,122,124,122,125,121,124,45,47,46,47,46,49,9,2,5,0,2,9
10.608,,317,-5.802197802197802,-28.395604395604394,-22.945054945054945,87.34065934065934,-3.3846153846153846,2.562170308967596,2247,1440,2333,2917,2014,1482,-200,250,0,0,0,0,-166,38,-51,0,-34,-65,122,124,122,125,121,124,45,47,46,47,46,49,10,4,4,0,3,10
10.6416,,318,-9.406593406593407,-27.428571428571427,-22.945054945054945,87.34065934065934,-3.2967032967032965,2.562170308967596,2234,1451,2333,2917,2014,1482,-350,300,0,0,0,0,-227,23,-51,0,-34,-65,122,124,122,125,121,124,45,47,46,47,46,49,20,3,4,0,3,10
10.6751,,319,-13.714285714285714,-26.021978021978022,-22.945054945054945,87.34065934065934,-3.120879120879121,2.562170308967596,2217,1461,2333,2917,2014,1482,-450,300,0,0,0,0,-217,29,-51,0,-30,-65,122,124,122,125,121,124,45,47,46,47,46,49,46,8,4,0,2,9
10.7085,,320,-19.252747252747252,-24.52747252747253,-22.76923076923077,87.42857142857143,-2.9450549450549453,2.562170308967596,2191,1472,2333,2917,2014,1482,-700,350,0,0,0,0,-296,67,-51,0,-23,-65,122,124,122,125,121,124,45,47,46,47,46,49,32,9,4,0,0,10
10.742,,321,-23.64835164835165,-23.384615384615383,-21.802197802197803,87.42857142857143,-2.681318681318681,2.562170308967596,2162,1485,2333,2917,2014,1482,-850,350,0,0,0,0,-380,166,-44,0,0,-65,122,124,122,125,121,124,45,47,46,47,46,49,58,4,3,0,0,10
10.7756,,322,-26.63736263736264,-22.76923076923077,-20.395604395604394,87.42857142857143,-2.5934065934065935,2.562170308967596,2124,1501,2334,2917,2014,1482,-1050,450,0,0,0,0,-436,148,0,0,27,-65,122,124,122,125,121,124,45,47,46,47,46,49,55,2,1,0,1,10
10.809,,323,-28.483516483516482,-22.065934065934066,-18.63736263736264,87.34065934065934,-2.5934065934065935,2.562170308967596,2082,1516,2340,2917,2014,1482,-1150,450,150,0,0,0,-434,-23,85,0,30,-65,122,124,122,125,121,124,45,47,46,47,46,49,58,0,1,0,2,10
10.8425,,324,-29.0989010989011,-21.714285714285715,-16.87912087912088,87.25274725274726,-2.5934065934065935,2.562170308967596,2040,1528,2350,2916,2014,1482,-1250,350,300,0,0,0,-370,-35,33,0,30,-65,122,124,122,125,121,124,45,47,46,47,46,49,36,0,4,0,2,10
10.876,,325,-29.186813186813186,-21.53846153846154,-15.56043956043956,87.16483516483517,-2.5934065934065935,2.562170308967596,2003,1538,2365,2916,2014,1482,-1250,300,400,-50,0,0,-291,68,156,0,30,-65,122,124,122,125,121,124,45,47,46,47,46,49,7,0,1,0,2,9
10.9095,,326,-29.186813186813186,-21.36263736263736,-14.68131868131868,87.16483516483517,-2.5934065934065935,2.562170308967596,1969,1547,2383,2916,2014,1482,-1100,300,550,0,0,0,-135,37,139,-23,30,-65,122,124,122,125,121,124,45,47,46,47,46,49,1,1,0,0,3,10
10.9429,,327,-29.274725274725274,-21.274725274725274,-14.32967032967033,87.16483516483517,-2.5054945054945055,2.562170308967596,1945,1555,2402,2916,2014,1482,-850,200,550,0,0,0,-44,0,91,-23,30,-65,122,124,122,125,121,124,45,47,46,46,46,49,0,0,0,0,2,9
10.9763,,328,-29.274725274725274,-21.274725274725274,-14.153846153846153,87.07692307692308,-2.4175824175824174,2.562170308967596,1930,1560,2415,2916,2014,1482,-550,250,500,0,0,0,-72,-34,41,-23,34,-65,122,124,122,125,121,124,45,47,46,46,46,49,0,15,2,0,3,9
11.0098,,329,-29.274725274725274,-21.0989010989011,-14.153846153846153,87.07692307692308,-1.4505494505494505,2.562170308967596,1924,1560,2423,2916,2014,1482,-250,0,250,0,0,0,-55,-37,27,-27,37,-65,122,124,122,125,121,124,45,47,46,46,46,49,0,6,5,0,4,9
11.0434,,330,-29.274725274725274,-20.571428571428573,-14.153846153846153,86.98901098901099,0.7472527472527473,2.562170308967596,1920,1560,2428,2916,2015,1482,-100,0,150,0,0,0,-37,-30,-34,-27,101,-65,122,124,122,125,121,124,45,47,46,46,46,49,0,1,4,0,16,10
11.0769,,331,-28.923076923076923,-20.13186813186813,-14.065934065934066,87.16483516483517,3.4725274725274726,2.562170308967596,1919,1560,2429,2916,2022,1482,-100,0,50,0,150,0,-30,33,-37,-30,169,-65,122,124,122,125,121,124,45,47,46,47,46,49,1,1,2,1,20,9
11.1103,,332,-27.956043956043956,-19.604395604395606,-13.978021978021978,87.16483516483517,6.197802197802198,2.562170308967596,1919,1563,2429,2916,2034,1482,0,50,0,0,300,0,0,34,-34,-23,231,-65,122,124,122,125,121,124,45,47,46,47,46,49,0,0,2,0,32,9
11.1438,,333,-26.285714285714285,-18.54945054945055,-13.978021978021978,87.16483516483517,8.571428571428571,2.562170308967596,1919,1568,2429,2916,2054,1482,0,150,0,0,550,0,72,34,-30,-23,186,-65,122,124,122,125,121,124,45,47,46,46,46,49,9,0,1,0,35,10
11.1773,,334,-23.208791208791208,-17.75824175824176,-13.89010989010989,87.07692307692308,10.593406593406593,2.4868123587038435,1922,1575,2429,2916,2076,1482,0,150,0,0,650,0,148,87,-30,-23,220,-65,122,124,122,125,121,124,45,47,46,47,46,49,18,2,0,0,31,10
11.2108,,335,-18.813186813186814,-16.87912087912088,-13.802197802197803,87.07692307692308,12.615384615384615,2.4868123587038435,1930,1584,2429,2916,2101,1482,250,300,0,0,700,0,144,-44,-27,-27,218,-69,122,124,122,125,121,124,45,47,46,47,46,49,45,0,0,0,12,11
11.2443,,336,-14.065934065934066,-16.087912087912088,-13.802197802197803,86.98901098901099,15.076923076923077,2.4868123587038435,1946,1594,2429,2916,2124,1482,350,300,0,0,750,0,248,-37,-23,-27,208,-69,122,124,122,125,121,124,45,47,46,47,46,49,56,0,0,0,19,10
11.2779,,337,-9.054945054945055,-15.56043956043956,-13.802197802197803,86.9010989010989,18.417582417582416,2.562170308967596,1968,1603,2429,2916,2149,1482,600,250,0,0,700,0,349,-54,-23,-30,211,-69,122,124,122,125,121,124,45,47,46,47,46,49,76,0,0,0,22,11
11.3113,,338,-3.956043956043956,-15.296703296703297,-13.802197802197803,86.81318681318682,23.604395604395606,2.562170308967596,1998,1611,2429,2916,2176,1482,850,250,0,0,800,0,520,44,-23,-34,242,-65,121,124,122,124,121,123,45,47,46,46,46,49,115,0,0,1,25,10
11.3448,,339,1.4065934065934067,-15.296703296703297,-13.802197802197803,86.98901098901099,30.63736263736264,2.637528259231349,2036,1619,2429,2916,2204,1482,1050,250,0,0,800,0,508,37,-23,-37,317,-65,121,124,122,124,121,123,45,47,46,46,46,49,128,0,0,1,33,9
11.3782,,340,6.065934065934066,-15.56043956043956,-13.802197802197803,87.07692307692308,38.637362637362635,2.637528259231349,2077,1626,2429,2916,2237,1482,1250,250,0,0,950,0,477,-111,-23,-30,426,-62,121,123,122,124,121,123,45,47,46,46,46,49,130,3,0,1,66,9
11.4118,,341,9.758241758241759,-16.0,-13.802197802197803,87.07692307692308,45.67032967032967,2.562170308967596,2125,1628,2429,2916,2281,1482,1350,100,0,0,1200,0,595,-48,-23,-27,458,-62,121,123,121,124,121,123,45,47,46,47,46,49,134,5,0,0,96,9
11.4453,,342,12.483516483516484,-16.263736263736263,-13.802197802197803,87.16483516483517,52.08791208791209,2.562170308967596,2177,1628,2429,2916,2333,1482,1550,0,0,0,1550,0,491,-65,-23,-27,550,-65,121,123,121,124,120,123,45,47,46,47,46,49,87,10,0,0,94,10
11.4789,,343,15.12087912087912,-16.439560439560438,-13.802197802197803,87.25274725274726,57.27472527472528,2.562170308967596,2229,1628,2429,2916,2393,1482,1550,0,0,0,1700,0,434,-76,-23,-23,691,-65,121,123,121,124,120,123,45,47,46,47,46,49,57,14,0,0,103,10
11.5122,,344,17.494505494505493,-16.791208791208792,-13.802197802197803,87.07692307692308,61.582417582417584,2.562170308967596,2277,1628,2429,2916,2455,1482,1550,0,0,0,1900,0,494,-83,-23,0,549,-65,121,123,122,124,121,123,45,47,46,47,46,49,34,17,0,0,72,9
11.5458,,345,19.076923076923077,-17.142857142857142,-13.978021978021978,86.9010989010989,63.956043956043956,2.562170308967596,2323,1628,2429,2916,2522,1482,1450,0,0,0,1950,0,423,-97,-23,-27,616,-65,121,124,122,124,121,123,45,47,46,47,46,49,23,23,0,2,58,9
11.5794,,346,19.604395604395606,-17.23076923076923,-14.065934065934066,86.9010989010989,64.83516483516483,2.562170308967596,2364,1628,2429,2916,2587,1482,1300,0,0,0,2000,0,331,-111,-30,-34,530,-65,121,124,122,125,121,123,45,47,46,47,46,49,7,31,1,3,22,9
11.6128,,347,19.692307692307693,-17.582417582417584,-13.89010989010989,87.07692307692308,64.83516483516483,2.562170308967596,2398,1628,2429,2916,2647,1482,1050,0,0,0,1800,0,199,-115,-34,-34,377,-65,122,124,122,125,121,124,45,47,46,47,46,49,1,32,1,4,3,9
11.6463,,348,19.692307692307693,-17.75824175824176,-13.89010989010989,87.25274725274726,64.48351648351648,2.562170308967596,2422,1628,2429,2916,2693,1482,800,0,0,0,1450,0,220,-129,-27,-27,220,-65,122,124,122,125,121,124,45,47,46,47,46,49,0,41,0,1,1,9
11.6798,,349,19.252747252747252,-17.75824175824176,-13.89010989010989,87.25274725274726,62.81318681318681,2.562170308967596,2440,1628,2429,2917,2728,1482,500,0,0,0,1000,0,143,-136,-27,0,139,-65,122,124,122,125,121,124,45,47,46,47,46,49,0,44,0,0,0,9
11.7132,,350,18.9010989010989,-17.75824175824176,-13.802197802197803,87.34065934065934,59.032967032967036,2.562170308967596,2450,1628,2429,2917,2748,1482,350,0,0,50,700,0,74,-136,-27,-23,58,-65,122,124,122,125,121,124,45,47,46,47,46,49,2,44,0,0,0,10
11.7466,,351,18.46153846153846,-17.582417582417584,-13.802197802197803,87.25274725274726,53.40659340659341,2.562170308967596,2454,1628,2429,2917,2751,1482,100,0,0,0,100,0,51,-136,-23,0,-141,-65,122,124,122,125,121,124,45,47,46,47,46,49,3,43,0,0,27,10
11.78,,352,16.791208791208792,-17.406593406593405,-13.89010989010989,86.98901098901099,46.37362637362637,2.562170308967596,2454,1628,2429,2917,2740,1482,50,0,0,0,-150,0,30,-129,-23,-23,-212,-65,122,124,122,125,121,124,45,47,46,47,46,49,1,38,0,0,51,10
11.8134,,353,14.68131868131868,-17.318681318681318,-13.89010989010989,87.16483516483517,38.9010989010989,2.562170308967596,2453,1628,2429,2917,2715,1482,0,0,0,0,-600,0,-117,-122,-27,-34,-338,-65,121,124,122,124,121,123,45,47,46,47,46,49,6,34,0,2,73,10
11.8469,,354,12.483516483516484,-17.406593406593405,-13.714285714285714,87.51648351648352,29.846153846153847,2.562170308967596,2447,1628,2429,2917,2679,1482,-200,0,0,0,-1050,0,-162,-118,-27,-27,-491,-65,121,124,122,124,121,123,45,47,46,46,46,49,26,33,0,0,80,10
11.8803,,355,10.10989010989011,-17.934065934065934,-13.802197802197803,87.95604395604396,19.824175824175825,2.562170308967596,2436,1628,2430,2917,2634,1482,-200,0,0,0,-1200,0,-127,-122,0,0,-541,-65,121,123,122,124,121,123,45,47,46,46,46,49,14,35,14,0,105,10
11.9137,,356,7.912087912087912,-19.164835164835164,-13.978021978021978,88.3956043956044,10.505494505494505,2.562170308967596,2419,1628,2431,2918,2577,1482,-450,0,50,0,-1600,0,-162,-145,-30,34,-674,-65,121,123,121,124,120,123,45,47,46,46,46,49,23,49,3,2,185,10
11.9472,,357,6.241758241758242,-20.923076923076923,-13.802197802197803,88.3956043956044,3.7362637362637363,2.637528259231349,2399,1626,2431,2921,2508,1482,-600,-50,0,50,-2000,0,-261,-208,-37,44,-779,-65,121,123,121,124,120,123,45,47,46,46,46,49,25,73,2,3,170,10
11.9806,,358,4.65934065934066,-21.978021978021978,-13.802197802197803,88.48351648351648,0.13186813186813187,2.637528259231349,2375,1620,2432,2924,2431,1482,-750,-150,50,100,-2250,0,-180,-272,-34,34,-840,-62,121,123,121,124,120,123,45,47,46,47,46,49,20,89,1,0,152,9
12.014,,359,2.989010989010989,-22.76923076923077,-13.802197802197803,88.48351648351648,-0.8351648351648352,2.637528259231349,2353,1611,2432,2926,2354,1482,-650,-300,0,50,-2400,0,-159,-277,-34,30,-818,-62,121,123,121,124,120,123,45,47,46,47,46,49,6,97,2,0,103,9
12.0475,,360,1.8461538461538463,-23.736263736263737,-13.802197802197803,88.3956043956044,-1.098901098901099,2.637528259231349,2331,1600,2432,2928,2274,1482,-650,-300,0,50,-2400,0,-229,-257,-34,0,-694,-62,121,123,121,124,120,123,45,47,46,47,46,49,4,71,1,0,24,9
12.0809,,361,1.4065934065934067,-24.35164835164835,-13.802197802197803,88.3956043956044,-1.010989010989011,2.637528259231349,2312,1586,2432,2929,2202,1482,-600,-400,0,50,-2200,0,-103,-254,-34,0,-482,-62,121,124,122,124,121,123,45,47,46,47,46,49,1,61,1,0,4,9
12.1143,,362,1.4065934065934067,-24.87912087912088,-13.802197802197803,88.48351648351648,-0.8351648351648352,2.637528259231349,2294,1573,2431,2929,2147,1482,-500,-400,-50,0,-1850,0,-125,-206,-30,0,-391,-62,122,124,122,125,121,124,45,47,46,47,46,49,0,51,0,0,1,9
12.1479,,363,1.4065934065934067,-25.75824175824176,-13.802197802197803,88.48351648351648,-0.7472527472527473,2.637528259231349,2282,1562,2431,2929,2107,1482,-400,-350,0,0,-1250,0,27,-126,-30,0,-206,-62,122,124,122,125,121,124,45,47,46,47,46,49,0,43,0,0,0,9
12.1813,,364,1.4065934065934067,-26.813186813186814,-13.802197802197803,88.57142857142857,-0.7472527472527473,2.637528259231349,2275,1551,2431,2929,2082,1482,-300,-300,0,0,-950,0,59,-129,-30,0,-97,-62,122,124,122,125,121,124,45,47,46,47,46,49,1,40,0,0,0,8
12.2148,,365,1.4065934065934067,-27.86813186813187,-13.802197802197803,88.57142857142857,-0.6593406593406593,2.637528259231349,2271,1540,2431,2929,2068,1482,-150,-350,0,0,-500,0,-41,-215,-30,0,-125,-62,122,124,122,125,121,124,45,47,46,47,46,49,2,31,0,0,0,9
12.2484,,366,1.4065934065934067,-28.483516483516482,-13.802197802197803,88.74725274725274,-0.6593406593406593,2.637528259231349,2268,1529,2431,2929,2061,1482,-100,-350,0,0,-250,0,-34,-211,-30,0,-93,-62,122,124,122,125,121,124,45,47,46,47,46,49,2,30,0,0,7,9
12.2818,,367,1.4065934065934067,-28.747252747252748,-13.714285714285714,88.74725274725274,-0.5714285714285714,2.637528259231349,2267,1518,2431,2929,2057,1482,-50,-300,0,0,-100,0,-27,-208,-30,27,-83,-62,122,124,122,125,121,124,45,47,46,47,46,49,2,34,0,1,4,10
12.3152,,368,1.7582417582417582,-28.747252747252748,-13.714285714285714,89.27472527472527,-0.5714285714285714,2.7128862094951014,2266,1509,2431,2930,2054,1482,-50,-300,0,0,-100,0,-23,-164,-27,23,-65,-62,122,124,122,125,121,124,45,47,46,47,46,49,1,23,0,0,7,9
12.3488,,369,2.021978021978022,-28.13186813186813,-13.714285714285714,90.32967032967034,-0.4835164835164835,2.7882441597588548,2265,1501,2431,2933,2052,1482,-50,-200,0,50,-50,0,27,-136,-27,46,-55,-58,122,124,122,125,121,124,45,47,46,47,46,49,2,19,0,2,7,8
12.3824,,370,2.021978021978022,-27.252747252747252,-13.714285714285714,91.64835164835165,-0.04395604395604396,3.541823662396383,2265,1497,2431,2936,2050,1482,0,-200,0,100,-50,0,37,-81,-27,87,-48,-51,122,124,122,125,121,124,45,47,46,47,46,49,4,11,0,4,4,5
12.4159,,371,1.8461538461538463,-24.87912087912088,-13.714285714285714,93.4065934065934,0.7472527472527473,5.0489826676714396,2266,1495,2431,2944,2050,1482,0,-50,0,150,-50,0,34,-31,-27,112,-27,0,122,124,122,125,121,124,45,47,46,47,46,49,2,6,0,4,1,2
12.4494,,372,1.6703296703296704,-21.53846153846154,-13.802197802197803,95.42857142857143,1.4505494505494505,6.782215523737754,2266,1496,2431,2954,2050,1485,0,0,0,250,0,50,27,0,-27,166,61,121,122,124,122,125,121,124,45,47,46,47,46,49,2,7,0,6,5,5
12.483,,373,1.6703296703296704,-17.846153846153847,-13.802197802197803,97.53846153846153,1.89010989010989,7.912584777694047,2266,1505,2431,2968,2052,1490,0,250,0,400,50,150,0,203,-30,198,79,203,122,124,122,125,121,124,45,47,46,47,46,49,1,27,0,7,6,22
12.5165,,374,2.10989010989011,-13.010989010989011,-13.802197802197803,99.64835164835165,1.978021978021978,8.364732479276563,2266,1523,2430,2984,2057,1505,0,450,-50,500,100,350,0,284,-27,134,65,130,122,124,122,125,121,124,45,47,46,47,46,49,0,35,0,12,6,14
12.55,,375,2.2857142857142856,-7.736263736263736,-13.802197802197803,102.10989010989012,2.4175824175824174,8.138658628485306,2265,1547,2430,3004,2060,1521,-50,700,0,550,100,500,41,371,-27,148,51,65,122,124,122,125,121,124,45,47,46,46,46,49,7,33,0,12,6,4
12.5834,,376,2.3736263736263736,-4.043956043956044,-13.362637362637363,102.63736263736264,2.9450549450549453,7.837226827430293,2265,1580,2430,3022,2064,1531,0,950,0,550,100,300,48,364,-27,65,55,97,122,124,122,125,121,124,45,47,46,46,46,49,7,47,0,4,3,1
12.6169,,377,2.5494505494505493,-1.4945054945054945,-12.747252747252746,102.63736263736264,3.5604395604395602,7.761868877166542,2265,1620,2430,3035,2069,1535,0,1150,0,450,150,150,51,320,36,30,80,67,122,124,122,125,121,124,45,47,46,46,46,49,6,32,1,1,2,1
12.6503,,378,3.1648351648351647,0.0,-12.747252747252746,102.46153846153847,3.912087912087912,7.008289374529013,2265,1664,2433,3038,2073,1537,0,1250,50,100,100,100,58,386,56,97,88,58,122,124,122,125,121,124,45,47,46,47,46,49,9,9,0,1,8,4
12.6838,,379,3.5164835164835164,0.3516483516483517,-13.010989010989011,102.28571428571429,3.7362637362637363,4.596834966088922,2265,1707,2439,3040,2078,1538,0,1300,150,100,150,0,96,296,0,86,65,-43,122,124,122,125,121,124,45,47,46,46,46,49,20,1,0,11,6,3
12.7173,,380,3.5164835164835164,-0.26373626373626374,-13.45054945054945,102.10989010989012,3.8241758241758244,1.8085908063300677,2268,1751,2443,3041,2082,1537,50,1350,200,50,150,0,86,118,-41,83,44,-165,122,124,122,125,121,124,45,47,46,46,46,49,15,0,9,14,3,25
12.7508,,381,3.6043956043956045,-0.967032967032967,-15.384615384615385,101.93406593406593,3.4725274725274726,2.185380557648832,2271,1783,2444,3041,2085,1526,100,1050,0,0,50,-350,76,-69,-62,83,41,-267,122,124,122,125,121,124,45,47,46,47,46,49,8,18,13,16,4,49
12.7842,,382,3.956043956043956,-2.989010989010989,-18.54945054945055,101.93406593406593,3.3846153846153846,2.3360964581763377,2274,1798,2445,3041,2086,1507,50,450,50,0,50,-600,72,-72,-137,83,-18,-149,122,124,122,125,121,124,45,47,46,47,46,49,6,25,31,16,1,17
12.8177,,383,4.043956043956044,-5.714285714285714,-22.153846153846153,101.93406593406593,3.2967032967032965,2.3360964581763377,2277,1801,2444,3041,2086,1493,100,200,0,0,0,-450,76,-168,-286,83,0,-97,121,124,122,124,121,123,45,47,46,47,46,49,6,55,122,16,0,2
12.8512,,384,4.043956043956044,-9.758241758241759,-26.46153846153846,101.93406593406593,3.120879120879121,2.3360964581763377,2280,1798,2436,3041,2086,1486,100,-50,-150,0,0,-250,65,-279,-401,83,0,-93,121,123,121,124,120,123,45,47,46,47,46,49,6,129,157,16,0,0
12.8846,,385,3.956043956043956,-15.032967032967033,-31.208791208791208,101.84615384615384,2.241758241758242,2.3360964581763377,2281,1787,2419,3041,2086,1483,50,-300,-500,0,0,-100,62,-393,-505,83,-27,-79,121,123,121,123,120,122,45,47,46,47,46,49,9,158,189,16,2,2
12.918,,386,3.868131868131868,-19.86813186813187,-35.86813186813187,101.23076923076923,2.065934065934066,2.3360964581763377,2282,1772,2396,3041,2086,1481,0,-400,-600,0,0,-50,58,-497,-597,83,-88,-72,120,122,120,123,119,122,45,47,46,47,46,49,7,227,238,15,11,9
12.9515,,387,3.868131868131868,-23.47252747252747,-40.79120879120879,100.08791208791209,2.241758241758242,2.3360964581763377,2282,1748,2365,3041,2085,1480,0,-600,-850,0,-50,-50,51,-538,-596,83,-65,-69,119,121,119,122,118,121,45,47,46,47,46,49,5,324,332,16,10,10
12.9849,,388,3.956043956043956,-25.23076923076923,-44.395604395604394,99.20879120879121,2.769230769230769,2.3360964581763377,2283,1716,2328,3041,2083,1480,0,-800,-1000,0,0,0,48,-600,-654,83,-51,-69,119,121,119,121,118,120,45,47,46,47,46,49,3,349,300,15,6,10
13.0184,,389,3.956043956043956,-24.615384615384617,-45.53846153846154,99.12087912087912,3.032967032967033,2.3360964581763377,2284,1677,2284,3041,2082,1480,0,-1050,-1150,0,-50,0,48,-566,-669,36,-22,-69,119,121,119,122,118,120,45,47,46,47,46,49,4,219,294,5,2,10
13.0519,,390,4.483516483516484,-22.153846153846153,-45.010989010989015,99.56043956043956,3.120879120879121,2.3360964581763377,2284,1641,2238,3041,2082,1480,0,-1150,-1400,0,0,0,48,-396,-570,48,0,-69,120,122,120,122,119,121,45,47,46,47,46,49,4,149,209,3,1,10
13.0853,,391,5.362637362637362,-17.054945054945055,-42.81318681318681,99.91208791208791,3.208791208791209,2.260738507912585,2284,1608,2193,3041,2082,1480,0,-950,-1350,0,0,0,85,-226,-434,76,0,-69,121,123,121,123,120,122,45,47,46,47,46,49,13,43,83,11,0,11
13.1187,,392,6.593406593406593,-11.604395604395604,-39.824175824175825,100.79120879120879,3.6483516483516483,2.260738507912585,2288,1590,2160,3041,2082,1480,150,-500,-900,0,0,0,120,17,-165,81,23,-76,121,123,121,124,120,123,45,47,46,47,46,49,15,11,11,16,1,16
13.1521,,393,7.824175824175824,-6.153846153846154,-36.92307692307692,101.49450549450549,4.351648351648351,2.260738507912585,2294,1586,2146,3042,2082,1478,150,-350,-600,0,0,-50,149,250,-53,79,44,-69,121,124,122,124,121,123,45,47,46,47,46,49,17,60,1,16,4,9
13.1855,,394,8.0,-0.8791208791208791,-33.23076923076923,102.10989010989012,4.8791208791208796,2.260738507912585,2303,1599,2141,3042,2084,1478,250,400,-100,0,50,0,159,336,116,79,73,-69,121,124,122,124,121,123,45,47,46,47,46,49,13,115,31,15,8,10
13.219,,395,8.0,2.989010989010989,-29.0989010989011,102.10989010989012,4.8791208791208796,2.260738507912585,2311,1615,2139,3042,2088,1478,300,450,-300,0,150,0,30,579,184,79,69,-69,121,123,121,124,120,123,45,47,46,47,46,49,14,328,62,15,4,10
13.2524,,396,8.175824175824175,5.978021978021978,-25.934065934065934,102.02197802197803,4.8791208791208796,2.260738507912585,2316,1636,2155,3042,2094,1478,200,500,350,0,200,0,104,598,373,79,51,-69,120,122,120,123,119,121,45,47,46,47,46,49,6,495,103,14,2,10
13.2859,,397,8.527472527472527,7.736263736263736,-23.64835164835165,101.93406593406593,4.7032967032967035,2.3360964581763377,2320,1670,2180,3042,2097,1478,100,750,600,0,100,0,93,641,345,79,41,-69,120,122,120,122,119,121,45,47,46,47,46,49,13,359,96,15,2,10
13.3195,,398,8.967032967032967,8.87912087912088,-22.417582417582416,101.84615384615384,4.43956043956044,2.4114544084400906,2325,1720,2221,3042,2098,1478,150,1300,1000,0,50,0,90,473,310,79,27,-62,120,122,120,123,119,122,45,47,46,47,46,49,9,138,30,15,0,9
13.3531,,399,8.967032967032967,9.31868131868132,-22.32967032967033,101.84615384615384,4.351648351648351,2.4114544084400906,2330,1780,2258,3042,2099,1478,150,1800,1200,0,50,0,-30,294,215,79,0,-58,121,123,121,124,120,123,45,47,46,47,46,49,12,24,4,14,0,7
13.3865,,400,8.967032967032967,9.23076923076923,-22.32967032967033,101.75824175824175,4.615384615384615,2.4114544084400906,2332,1827,2287,3042,2098,1478,50,1350,800,0,-100,0,79,199,86,79,0,-58,121,124,122,124,121,123,45,47,46,47,46,49,11,6,1,14,1,7
13.42,,401,8.967032967032967,8.791208791208792,-22.417582417582416,101.75824175824175,4.615384615384615,2.4114544084400906,2333,1873,2315,3042,2097,1478,0,1400,900,0,0,0,76,-45,-23,79,23,-58,121,124,122,125,121,123,45,47,46,46,46,49,14,18,0,15,2,8
13.4534,,402,8.791208791208792,8.175824175824175,-22.417582417582416,101.75824175824175,4.791208791208791,2.4114544084400906,2334,1914,2335,3042,2098,1478,50,1350,650,0,0,0,72,-145,-23,79,23,-58,121,124,122,124,121,123,45,47,46,46,46,49,13,110,16,13,1,8
13.4868,,403,8.703296703296703,7.384615384615385,-22.32967032967033,101.75824175824175,4.791208791208791,2.4114544084400906,2340,1932,2343,3042,2099,1478,150,600,300,0,50,0,-69,-260,-65,79,27,-58,121,123,121,124,121,123,45,47,46,46,46,49,6,134,24,15,1,7
13.5204,,404,8.791208791208792,7.1208791208791204,-22.32967032967033,101.75824175824175,4.791208791208791,2.4114544084400906,2342,1929,2343,3042,2099,1478,200,150,50,0,0,0,34,-117,-62,79,27,-58,121,123,121,124,121,123,45,47,46,46,46,49,3,97,11,14,2,7
13.5539,,405,8.87912087912088,7.1208791208791204,-22.32967032967033,101.84615384615384,4.791208791208791,2.4114544084400906,2341,1920,2340,3042,2099,1478,0,-250,-50,0,0,0,37,-178,-55,79,27,-58,121,123,122,124,121,123,45,47,46,46,46,49,3,65,7,15,1,8
13.5873,,406,8.87912087912088,7.032967032967033,-22.32967032967033,101.93406593406593,4.791208791208791,2.4114544084400906,2340,1911,2340,3042,2099,1478,-50,-250,0,0,0,0,48,-58,-51,79,27,-58,121,124,122,124,121,123,45,47,46,47,46,49,3,28,5,14,1,8
13.6207,,407,8.87912087912088,7.032967032967033,-22.153846153846153,101.93406593406593,4.791208791208791,2.4114544084400906,2342,1907,2340,3042,2099,1478,50,-200,0,0,0,0,41,-125,-51,79,27,-58,121,124,122,125,121,124,45,47,46,47,46,49,3,26,4,15,1,8
13.6542,,408,8.87912087912088,7.032967032967033,-22.153846153846153,101.93406593406593,4.791208791208791,2.4114544084400906,2342,1907,2341,3042,2099,1478,0,-50,50,0,0,0,41,-122,-48,79,27,-58,121,124,122,125,121,124,45,47,46,47,46,49,4,38,4,15,2,9
13.6876,,409,8.87912087912088,7.032967032967033,-22.24175824175824,101.93406593406593,4.791208791208791,2.4114544084400906,2342,1908,2342,3042,2099,1478,0,50,50,0,0,0,41,-129,-51,79,27,-58,121,124,122,125,121,124,45,47,46,47,46,49,4,38,4,15,2,8
13.7211,,410,8.703296703296703,7.032967032967033,-22.24175824175824,101.93406593406593,4.8791208791208796,2.4114544084400906,2342,1909,2342,3042,2099,1478,0,0,0,0,0,0,41,-132,-55,79,27,-58,121,124,122,125,121,124,45,47,46,47,46,49,4,40,5,15,2,8
13.7546,,411,8.263736263736265,6.945054945054945,-22.417582417582416,101.75824175824175,5.406593406593407,2.4868123587038435,2343,1908,2342,3042,2099,1478,50,0,0,0,0,0,30,-129,-55,79,30,-58,121,124,122,125,121,124,45,47,46,47,46,49,2,40,5,14,3,8
13.788,,412,8.0,7.2967032967032965,-22.681318681318682,101.4065934065934,6.725274725274725,3.014318010550113,2343,1907,2342,3042,2100,1478,0,-50,0,0,0,0,0,-129,-62,79,56,-55,122,124,122,125,121,124,45,47,46,47,46,49,0,40,8,15,7,6
13.8214,,413,8.0,7.824175824175824,-23.64835164835165,99.73626373626374,9.274725274725276,3.9939713639788996,2342,1907,2342,3042,2103,1478,0,0,0,0,50,0,-27,-115,-72,79,119,17,122,124,122,125,121,124,45,47,46,46,46,49,2,30,12,15,10,1
13.8549,,414,8.703296703296703,8.527472527472527,-24.35164835164835,95.6043956043956,11.736263736263735,6.179351921627732,2342,1907,2342,3042,2112,1478,0,0,0,0,200,0,-27,-93,-129,66,187,79,122,124,122,125,121,123,45,47,46,47,46,49,2,19,29,10,18,7
13.8883,,415,10.10989010989011,9.406593406593407,-24.967032967032967,90.68131868131869,13.142857142857142,10.550113036925396,2342,1908,2342,3042,2127,1483,0,0,0,0,400,150,55,-44,-154,-40,245,85,121,124,122,124,121,123,45,47,46,47,46,49,2,9,48,4,30,23
13.9217,,416,13.538461538461538,10.285714285714286,-24.87912087912088,85.4065934065934,13.23076923076923,17.03089675960814,2342,1908,2342,3039,2146,1494,0,50,0,0,550,100,117,18,-178,-245,148,231,121,123,122,124,121,123,45,47,46,47,46,49,17,2,65,56,12,51
13.9552,,417,16.615384615384617,11.604395604395604,-24.791208791208792,81.0989010989011,12.967032967032967,25.094197437829692,2348,1912,2342,3021,2164,1522,100,50,0,-250,550,650,138,106,-160,-431,58,417,121,123,121,124,120,123,45,47,46,46,46,49,42,0,58,90,2,76
13.9886,,418,18.9010989010989,13.45054945054945,-24.791208791208792,78.81318681318682,12.967032967032967,31.72569706103994,2362,1921,2341,2990,2176,1557,350,300,-50,-950,350,1050,307,-53,-153,-420,86,500,121,123,121,123,120,122,45,47,46,47,46,49,71,0,52,92,3,108
14.022,,419,20.043956043956044,14.593406593406593,-24.791208791208792,78.46153846153847,13.31868131868132,36.925395629238885,2378,1932,2341,2951,2181,1605,500,300,0,-1150,200,1450,270,116,-153,-436,69,500,121,123,121,123,120,122,45,47,46,47,46,49,74,0,53,76,3,86
14.0555,,420,21.0989010989011,15.032967032967033,-24.52747252747253,78.72527472527473,13.31868131868132,38.6586284853052,2396,1948,2341,2913,2187,1655,500,450,0,-1200,100,1450,256,107,-153,-334,69,500,121,123,121,124,120,122,45,47,46,47,46,49,87,0,53,23,5,72
14.089,,421,21.89010989010989,14.593406593406593,-24.35164835164835,80.65934065934066,13.31868131868132,38.58327053504145,2416,1962,2341,2884,2191,1705,600,400,0,-900,100,1500,308,-76,-143,-168,48,500,121,123,121,124,120,123,45,47,46,47,46,49,63,10,46,5,3,62
14.1224,,422,22.065934065934066,13.802197802197803,-24.52747252747253,84.35164835164835,13.406593406593407,38.35719668425019,2436,1973,2343,2865,2194,1753,600,400,0,-800,100,1500,167,-51,-139,-82,37,500,121,123,121,124,120,123,45,47,46,47,46,49,30,12,43,1,2,54
14.156,,423,21.802197802197803,11.604395604395604,-24.439560439560438,88.74725274725274,13.406593406593407,36.397889977392616,2453,1976,2343,2861,2196,1803,550,150,50,-250,100,1450,181,-110,-150,108,30,500,121,123,121,124,120,123,45,47,46,47,46,49,19,27,51,7,1,54
14.1894,,424,21.274725274725274,8.967032967032967,-24.263736263736263,93.4065934065934,12.791208791208792,31.348907309721174,2466,1975,2343,2870,2197,1852,400,0,0,200,50,1500,135,-183,-146,146,27,477,121,123,121,124,120,123,45,47,46,47,46,49,7,59,48,36,1,51
14.223,,425,20.395604395604394,6.153846153846154,-24.263736263736263,97.8021978021978,11.912087912087912,23.51168048229088,2473,1971,2342,2890,2198,1895,200,-100,-50,600,0,1300,66,-301,-136,262,-51,211,121,123,121,124,120,123,45,47,46,47,46,49,4,124,40,56,3,6
14.2566,,426,18.54945054945055,2.197802197802198,-24.263736263736263,100.87912087912088,10.417582417582418,11.529766390354181,2475,1963,2342,2917,2197,1911,100,-150,0,750,0,900,-20,-386,-136,346,-86,-125,121,123,121,124,120,123,45,47,46,47,46,49,0,183,40,46,14,39
14.29,,427,16.439560439560438,-1.934065934065934,-24.087912087912088,102.1978021978022,10.241758241758241,0.6782215523737753,2475,1951,2342,2952,2192,1903,0,-300,0,1000,-100,-50,-99,-490,-136,340,-137,-432,120,122,120,123,119,122,45,47,46,47,46,49,15,280,41,31,12,153
14.3235,,428,14.32967032967033,-7.824175824175824,-22.32967032967033,102.46153846153847,9.89010989010989,2.3360964581763377,2470,1932,2342,2986,2184,1867,-150,-550,0,1000,-200,-1100,-169,-497,-129,200,30,-500,120,122,120,123,119,121,45,47,46,47,46,49,16,329,36,9,3,130
14.3571,,429,12.307692307692308,-15.648351648351648,-18.813186813186814,102.28571428571429,9.538461538461538,5.727204220045215,2458,1902,2342,3012,2178,1821,-300,-750,0,900,-200,-1300,-135,-583,-61,213,-94,-500,120,122,120,123,119,121,45,47,46,47,46,49,31,334,17,1,9,85
14.3907,,430,10.021978021978022,-21.89010989010989,-15.472527472527473,102.1978021978022,9.010989010989011,4.672192916352675,2442,1863,2345,3025,2172,1775,-450,-1050,0,550,-150,-1450,-250,-707,121,58,-81,-500,120,122,120,123,119,121,45,47,46,47,46,49,28,370,11,1,11,62
14.424,,431,6.945054945054945,-26.63736263736264,-12.571428571428571,102.1978021978022,8.307692307692308,2.4868123587038435,2427,1817,2359,3035,2167,1725,-450,-1250,200,250,-200,-1500,-193,-793,127,111,-88,-500,120,122,120,122,119,121,45,47,46,47,46,49,34,385,6,2,10,52
14.4575,,432,4.571428571428571,-29.274725274725274,-10.021978021978022,102.1978021978022,7.252747252747253,2.110022607385079,2408,1760,2382,3039,2162,1675,-500,-1600,600,200,-100,-1450,-242,-733,167,90,-102,-500,120,122,120,123,119,121,45,47,46,46,46,49,52,303,2,8,5,50
14.4909,,433,4.131868131868132,-30.32967032967033,-7.912087912087912,102.10989010989012,6.549450549450549,2.4114544084400906,2382,1698,2408,3040,2155,1627,-700,-1750,750,50,-200,-1500,-250,-759,175,86,-122,-500,120,122,120,123,119,122,45,47,46,47,46,49,40,254,2,13,8,52
14.5243,,434,4.21978021978022,-30.417582417582416,-5.538461538461538,102.10989010989012,6.373626373626373,2.4868123587038435,2352,1638,2436,3040,2145,1581,-900,-1750,800,0,-300,-1400,-182,-592,276,86,-126,-349,121,123,121,123,120,122,45,47,46,47,46,49,9,175,1,17,10,11
14.5577,,435,4.21978021978022,-30.76923076923077,-3.076923076923077,102.10989010989012,6.197802197802198,2.562170308967596,2332,1588,2463,3040,2139,1546,-750,-1750,850,0,-250,-1150,-72,-373,178,86,-86,-230,121,123,122,124,121,123,45,47,46,47,46,49,1,43,0,18,8,1
14.5911,,436,4.21978021978022,-30.945054945054945,-1.4065934065934067,102.02197802197803,6.1098901098901095,2.562170308967596,2315,1546,2491,3040,2133,1523,-500,-1300,800,0,-200,-750,27,-301,175,86,-72,-132,121,124,122,124,121,123,45,47,46,47,46,49,0,13,0,18,5,2
14.6247,,437,3.956043956043956,-30.945054945054945,-0.8791208791208791,102.02197802197803,6.021978021978022,2.562170308967596,2306,1514,2518,3040,2130,1508,-300,-1000,800,0,-100,-450,-55,-185,228,86,-62,-72,122,124,122,125,121,124,45,47,46,47,46,49,0,3,0,17,6,5
14.6581,,438,3.78021978021978,-30.945054945054945,-0.7912087912087912,102.02197802197803,5.670329670329671,2.562170308967596,2301,1493,2542,3041,2127,1498,-200,-750,750,0,-100,-400,-50,-210,86,83,-58,-132,122,124,122,125,121,124,45,47,46,47,46,49,0,1,0,16,6,5
14.6915,,439,3.6923076923076925,-30.945054945054945,-0.7912087912087912,102.02197802197803,5.230769230769231,2.562170308967596,2297,1478,2561,3042,2125,1491,-100,-500,650,0,-50,-200,-41,-146,-37,79,-69,-104,122,124,122,125,121,124,45,47,46,47,46,49,1,0,0,13,2,5
14.7249,,440,3.6043956043956045,-30.945054945054945,-0.7912087912087912,102.02197802197803,4.967032967032967,2.562170308967596,2297,1469,2570,3042,2121,1487,-100,-350,450,50,-100,-200,-125,-108,37,79,-74,-86,122,124,122,125,121,124,45,47,46,47,46,49,1,6,0,14,9,12
14.7584,,441,3.5164835164835164,-30.857142857142858,-0.7912087912087912,102.02197802197803,4.967032967032967,2.562170308967596,2296,1464,2578,3042,2119,1485,50,-200,250,0,-50,-100,-41,-86,-23,79,-69,-76,122,124,122,125,121,124,45,47,46,47,46,49,2,6,2,14,8,10
14.7918,,442,3.5164835164835164,-30.681318681318682,-0.7912087912087912,101.93406593406593,4.967032967032967,2.562170308967596,2291,1462,2580,3042,2116,1484,-100,-50,100,0,-100,-50,-30,-76,-34,79,-58,-72,122,124,122,125,121,124,45,47,46,47,46,49,2,4,2,14,8,14
14.8252,,443,3.5164835164835164,-30.32967032967033,-0.7912087912087912,101.84615384615384,4.967032967032967,2.562170308967596,2288,1462,2580,3042,2113,1482,-100,0,0,0,-50,-50,0,-69,-34,79,-51,-69,122,124,122,125,121,124,45,47,46,46,46,49,0,9,1,14,6,8
14.8587,,444,3.340659340659341,-29.978021978021978,-0.7912087912087912,101.67032967032966,4.967032967032967,2.562170308967596,2287,1462,2580,3042,2112,1482,-50,0,0,0,-50,-50,0,-53,-34,79,-44,-65,122,124,122,125,121,124,45,47,46,46,46,49,0,5,1,14,4,10
14.8921,,445,2.6373626373626373,-29.186813186813186,-0.5274725274725275,101.23076923076923,4.8791208791208796,2.562170308967596,2287,1462,2580,3042,2111,1482,0,0,0,0,-50,0,0,-41,-34,79,-41,-65,122,124,122,125,121,124,45,47,46,46,46,49,0,3,1,14,4,10
14.9255,,446,-0.43956043956043955,-27.428571428571427,-0.5274725274725275,100.52747252747253,4.527472527472527,2.637528259231349,2288,1462,2580,3042,2111,1482,50,0,0,0,0,0,-63,38,-23,79,-44,-65,122,124,122,125,121,124,45,47,46,47,46,49,8,2,0,14,5,9
14.959,,447,-5.8901098901098905,-25.054945054945055,-0.5274725274725275,99.82417582417582,4.175824175824176,2.93896006028636,2285,1465,2580,3042,2111,1482,0,0,0,0,0,0,-77,110,-23,79,-58,-62,122,124,122,125,121,124,45,47,46,47,46,49,13,7,0,15,9,9
14.9925,,448,-12.219780219780219,-22.417582417582416,-0.5274725274725275,99.20879120879121,4.351648351648351,3.391107761868877,2272,1476,2580,3042,2109,1482,-300,250,0,0,-50,0,-286,92,-23,72,46,-35,122,124,122,125,121,124,45,47,46,47,46,49,48,15,0,11,9,3
15.026,,449,-19.516483516483518,-18.9010989010989,-0.6153846153846154,99.03296703296704,4.967032967032967,5.124340617935192,2248,1491,2580,3042,2106,1482,-450,350,0,0,-100,0,-361,143,-23,33,-51,27,122,124,122,125,121,124,45,47,46,47,46,49,85,13,0,3,4,1
15.0595,,450,-26.10989010989011,-15.56043956043956,-0.6153846153846154,99.03296703296704,5.054945054945055,8.364732479276563,2211,1512,2580,3042,2105,1483,-900,550,0,0,-100,0,-405,203,-27,41,24,109,122,124,122,125,121,123,45,47,46,47,46,49,101,9,0,2,1,12
15.0929,,451,-30.76923076923077,-12.747252747252746,-0.43956043956043955,99.03296703296704,4.791208791208791,13.489073097211756,2166,1539,2580,3042,2105,1488,-1250,700,0,0,0,150,-506,240,-27,41,0,183,121,124,122,124,121,123,45,47,46,47,46,49,95,6,1,3,0,42
15.1264,,452,-33.142857142857146,-10.54945054945055,-0.43956043956043955,99.12087912087912,4.175824175824176,20.497362471740768,2114,1570,2581,3042,2105,1509,-1500,950,0,0,0,600,-548,244,-23,41,-27,298,121,123,122,124,121,123,45,47,46,47,46,49,113,7,0,2,2,71
15.1598,,453,-34.285714285714285,-9.23076923076923,-0.43956043956043955,99.12087912087912,4.175824175824176,28.25923134890731,2062,1604,2582,3042,2105,1541,-1650,1050,0,0,0,1000,-542,239,-27,44,-68,469,121,123,121,124,120,123,45,47,46,47,46,49,99,1,2,3,8,72
15.1932,,454,-34.285714285714285,-8.43956043956044,-0.43956043956043955,99.12087912087912,4.8791208791208796,35.19216277317257,2007,1640,2582,3042,2102,1585,-1650,1050,0,0,-100,1200,-517,161,-27,44,-44,500,121,124,122,124,121,123,45,47,46,47,46,49,39,0,0,3,4,90
15.2266,,455,-34.285714285714285,-7.736263736263736,-0.43956043956043955,99.12087912087912,5.230769230769231,41.3715146948003,1954,1672,2582,3042,2102,1632,-1550,950,0,0,0,1500,-209,54,-27,44,0,500,121,124,122,124,121,123,45,47,46,47,46,49,5,0,1,3,2,79
15.2601,,456,-33.67032967032967,-6.857142857142857,-0.43956043956043955,99.20879120879121,5.582417582417582,45.139412207987945,1918,1697,2583,3042,2102,1682,-1400,800,0,0,0,1500,-146,72,-30,44,34,500,122,124,122,125,121,123,45,47,46,47,46,49,1,13,2,3,4,74
15.2936,,457,-32.967032967032964,-5.978021978021978,-0.5274725274725275,99.20879120879121,7.428571428571429,45.591559909570464,1892,1712,2583,3042,2102,1734,-900,500,0,0,0,1500,-31,80,-30,48,55,500,122,124,122,125,121,123,45,47,46,47,46,49,0,6,3,4,6,70
15.3271,,458,-30.505494505494507,-5.362637362637362,-0.7032967032967034,99.20879120879121,10.32967032967033,44.46119065561417,1878,1723,2583,3042,2105,1784,-450,300,0,0,50,1500,96,-52,-34,48,121,500,122,124,122,125,121,123,45,47,46,47,46,49,0,1,4,4,6,70
15.3606,,459,-26.63736263736264,-5.010989010989011,-0.7912087912087912,99.12087912087912,13.31868131868132,40.54257724189902,1875,1731,2583,3042,2115,1831,-200,300,0,0,200,1450,110,46,-41,48,135,500,122,124,122,124,121,123,45,47,46,47,46,49,20,0,4,4,33,69
15.394,,460,-21.186813186813186,-4.571428571428571,-1.1428571428571428,98.94505494505495,14.901098901098901,32.78070836473248,1879,1737,2582,3042,2133,1881,0,200,0,0,500,1450,262,27,-41,44,192,500,121,124,122,124,121,123,45,47,46,47,46,49,66,0,4,3,32,68
15.4275,,461,-14.417582417582418,-3.78021978021978,-1.4065934065934067,98.24175824175825,15.340659340659341,22.38131122833459,1896,1745,2582,3042,2156,1932,450,200,0,0,700,1500,394,0,-55,37,175,500,121,124,122,124,121,123,45,47,46,47,46,49,86,0,8,2,20,59
15.461,,462,-7.032967032967033,-2.989010989010989,-1.4065934065934067,96.04395604395604,15.868131868131869,8.440090429540316,1923,1754,2583,3041,2177,1976,800,250,50,0,600,1250,423,47,-69,0,122,233,121,124,122,124,121,123,45,47,46,47,46,49,145,16,10,1,8,7
15.4943,,463,0.6153846153846154,-1.934065934065934,-1.2307692307692308,92.96703296703296,16.395604395604394,0.0,1960,1762,2583,3039,2192,1991,1000,250,0,-50,500,850,566,0,-69,-112,165,-231,121,123,121,124,121,123,45,47,46,47,46,49,191,2,11,11,2,41
15.5279,,464,7.1208791208791204,-0.43956043956043955,-0.967032967032967,91.56043956043956,17.0989010989011,3.9939713639788996,2004,1770,2583,3034,2206,1980,1350,300,0,-100,400,-200,687,58,-62,-233,128,-500,121,123,121,124,120,123,45,47,46,47,46,49,209,10,8,35,3,143
15.5614,,465,11.428571428571429,0.6153846153846154,-0.967032967032967,91.38461538461539,17.274725274725274,7.234363225320271,2059,1780,2583,3016,2216,1940,1450,250,0,-350,350,-850,679,-38,-51,-232,38,-500,121,123,121,123,120,122,45,47,46,47,46,49,205,1,7,18,5,94
15.5948,,466,12.571428571428571,0.7912087912087912,-0.967032967032967,91.2967032967033,17.36263736263736,5.35041446872645,2121,1792,2583,2998,2226,1895,1800,350,0,-650,300,-1350,687,67,-51,-160,-37,-500,121,123,121,124,120,122,45,47,46,47,46,49,196,0,7,5,4,78
15.6284,,467,12.659340659340659,0.5274725274725275,-0.8791208791208791,91.38461538461539,17.53846153846154,2.4114544084400906,2185,1804,2583,2987,2232,1845,1900,350,0,-300,200,-1500,629,-87,-51,-33,69,-500,121,123,121,124,120,123,45,47,46,47,46,49,118,0,8,3,1,72
15.6618,,468,12.307692307692308,0.08791208791208792,-0.8791208791208791,91.47252747252747,17.45054945054945,2.4114544084400906,2242,1811,2583,2979,2236,1794,1850,300,0,-300,150,-1450,527,-44,-48,-83,-62,-500,121,123,122,124,121,123,45,47,46,47,46,49,20,19,7,0,1,54
15.6952,,469,11.604395604395604,-0.17582417582417584,-0.967032967032967,91.47252747252747,16.835164835164836,2.7882441597588548,2292,1812,2583,2975,2240,1744,1600,50,0,-150,100,-1500,278,-70,-48,-62,41,-500,121,124,122,124,121,123,45,47,46,47,46,49,2,15,8,2,1,64
15.7289,,470,10.725274725274724,-0.5274725274725275,-0.967032967032967,91.47252747252747,16.571428571428573,2.7882441597588548,2330,1812,2583,2973,2241,1693,1250,0,0,-50,50,-1450,113,-79,-51,-51,-29,-500,122,124,122,125,121,123,45,47,46,47,46,49,0,17,8,3,1,53
15.7623,,471,10.021978021978022,-0.43956043956043955,-0.967032967032967,91.47252747252747,16.307692307692307,2.7882441597588548,2353,1812,2583,2971,2241,1644,700,0,0,-50,0,-1500,66,-93,-51,-44,-34,-500,122,124,122,125,121,123,45,47,46,47,46,49,12,23,9,2,4,63
15.7956,,472,9.582417582417582,-0.26373626373626374,-0.8791208791208791,91.47252747252747,16.21978021978022,2.7882441597588548,2360,1812,2583,2970,2242,1595,350,0,0,-50,0,-1500,-22,-90,-51,-41,-48,-322,122,124,122,125,121,124,45,47,46,46,46,49,5,19,9,1,7,27
15.829,,473,9.406593406593407,-0.08791208791208792,-0.8791208791208791,91.47252747252747,15.516483516483516,2.7882441597588548,2360,1812,2583,2970,2241,1557,0,0,0,0,0,-1200,-32,-83,-48,-41,-51,-255,122,124,122,125,121,124,45,47,46,46,46,49,2,16,7,3,7,3
15.8626,,474,9.31868131868132,-0.08791208791208792,-0.8791208791208791,91.47252747252747,14.901098901098901,2.7882441597588548,2356,1812,2583,2969,2239,1532,-50,0,0,0,-50,-950,0,-76,-48,-37,-86,-149,122,124,122,125,121,124,45,47,46,46,46,49,0,14,8,2,13,2
15.896,,475,9.23076923076923,-0.08791208791208792,-0.8791208791208791,91.47252747252747,14.725274725274724,2.7882441597588548,2353,1812,2583,2969,2234,1515,-100,0,0,0,-100,-600,0,-76,-48,-37,38,-167,122,124,122,125,121,124,45,47,46,46,46,49,0,14,8,1,10,6
15.9294,,476,9.23076923076923,-0.08791208791208792,-0.8791208791208791,91.47252747252747,14.725274725274724,2.7882441597588548,2352,1812,2583,2969,2230,1503,-50,0,0,0,-150,-350,0,-76,-48,-37,-72,-139,122,124,122,125,121,124,45,47,46,47,46,49,0,15,8,1,4,6
15.9628,,477,9.23076923076923,-0.17582417582417584,-0.8791208791208791,91.47252747252747,14.725274725274724,2.7882441597588548,2352,1812,2583,2969,2226,1496,0,0,0,0,-100,-200,0,-76,-48,-37,-58,-108,122,124,122,125,121,124,45,47,46,47,46,49,0,14,6,1,5,12
15.9962,,478,9.31868131868132,-0.26373626373626374,-0.8791208791208791,91.47252747252747,14.725274725274724,2.7882441597588548,2352,1812,2583,2969,2224,1492,0,0,0,0,-100,-200,0,-79,-48,-37,-48,-90,122,124,122,125,121,124,45,47,46,47,46,49,0,16,7,1,6,4
16.0296,,479,9.31868131868132,-0.3516483516483517,-0.8791208791208791,91.47252747252747,14.725274725274724,2.7882441597588548,2352,1811,2583,2969,2223,1489,0,-50,0,0,-50,-100,23,-79,-48,-37,-44,-79,122,124,122,125,121,124,45,47,46,47,46,49,1,16,7,2,6,10
16.0631,,480,9.31868131868132,-0.3516483516483517,-0.8791208791208791,91.47252747252747,14.725274725274724,2.7882441597588548,2353,1811,2583,2969,2222,1488,0,0,0,0,-50,-50,0,-83,-48,-37,-41,-72,122,124,122,125,121,124,45,47,46,47,46,49,0,18,7,2,4,12
16.0964,,481,9.31868131868132,-0.43956043956043955,-0.8791208791208791,91.47252747252747,14.725274725274724,2.7882441597588548,2353,1811,2583,2969,2221,1487,0,0,0,0,0,0,0,-83,-48,-37,-41,-72,122,124,122,125,121,124,45,47,46,47,46,49,0,17,7,2,4,10
16.1298,,482,9.31868131868132,-0.5274725274725275,-0.8791208791208791,91.47252747252747,14.637362637362637,2.7882441597588548,2353,1811,2583,2969,2221,1486,0,0,0,0,0,-50,0,-86,-48,-37,-37,-65,122,124,122,125,121,124,45,47,46,47,46,49,0,18,7,2,4,9
16.1634,,483,9.142857142857142,-0.6153846153846154,-0.8791208791208791,91.56043956043956,14.197802197802197,2.7882441597588548,2353,1811,2583,2969,2221,1486,0,0,0,0,0,0,0,-90,-48,-37,-41,-65,122,124,122,125,121,124,45,47,46,47,46,49,0,19,8,2,4,11
16.1968,,484,8.615384615384615,-0.6153846153846154,-0.8791208791208791,91.64835164835165,13.582417582417582,2.7882441597588548,2353,1811,2583,2969,2221,1486,0,0,0,0,0,0,0,-93,-48,-34,-58,-65,122,124,122,125,121,124,45,47,46,47,46,49,0,21,7,1,9,11
16.2302,,485,7.1208791208791204,-0.7912087912087912,-0.8791208791208791,91.91208791208791,13.31868131868132,2.7128862094951014,2352,1811,2583,2969,2219,1486,0,0,0,0,0,0,-58,-93,-48,-30,17,-65,122,124,122,125,121,124,45,47,46,47,46,49,3,21,8,0,13,11
16.2638,,486,5.274725274725275,-0.967032967032967,-0.7912087912087912,92.26373626373626,13.31868131868132,2.7128862094951014,2350,1811,2583,2969,2215,1486,-50,0,0,0,-100,0,-110,-101,-48,0,-76,-72,122,124,122,125,121,124,45,47,46,47,46,49,13,24,8,0,6,14
16.2971,,487,2.989010989010989,-1.054945054945055,-0.7032967032967034,92.52747252747253,13.31868131868132,2.7128862094951014,2343,1811,2583,2969,2211,1484,-100,0,0,0,-100,-50,-89,-108,-44,27,-62,-69,122,124,122,125,121,124,45,47,46,47,46,49,25,27,5,1,5,5
16.3306,,488,0.08791208791208792,-1.5824175824175823,-0.7032967032967034,93.05494505494505,13.23076923076923,2.7128862094951014,2329,1811,2583,2969,2208,1484,-350,0,0,0,-100,0,-219,-111,-41,37,-48,-65,122,124,122,125,121,124,45,47,46,46,46,49,28,30,4,2,3,9
16.3642,,489,-2.8131868131868134,-2.4615384615384617,-0.7032967032967034,93.49450549450549,13.23076923076923,2.7128862094951014,2313,1811,2583,2969,2206,1484,-450,0,0,0,-50,0,-273,-133,-41,58,-44,-65,122,124,122,125,121,124,45,47,46,47,46,49,42,43,4,8,5,10
16.3976,,490,-6.241758241758242,-3.1648351648351647,-0.7032967032967034,93.49450549450549,13.23076923076923,2.7128862094951014,2294,1811,2583,2970,2204,1484,-550,0,0,0,-100,0,-243,-193,-41,88,-41,-65,122,124,122,125,121,123,45,47,46,47,46,49,48,66,5,6,1,9
16.4312,,491,-9.758241758241759,-4.131868131868132,-0.7032967032967034,93.58241758241758,13.23076923076923,2.7128862094951014,2270,1811,2583,2975,2204,1484,-700,0,0,150,0,0,-291,-210,-41,58,-37,-65,121,124,122,124,121,123,45,47,46,47,46,49,41,91,4,4,3,9
16.4647,,492,-13.098901098901099,-4.65934065934066,-0.7032967032967034,93.58241758241758,13.23076923076923,2.7128862094951014,2241,1810,2583,2977,2204,1484,-750,0,0,100,0,0,-328,-255,-41,51,-37,-65,121,123,122,124,121,123,45,47,46,47,46,49,45,122,4,3,4,10
16.4981,,493,-16.175824175824175,-4.835164835164835,-0.7032967032967034,93.58241758241758,13.23076923076923,2.637528259231349,2207,1805,2583,2979,2204,1484,-950,-100,0,50,0,0,-343,-238,-41,44,-37,-65,121,123,122,124,121,123,45,47,46,47,46,49,39,97,4,1,4,10
16.5315,,494,-19.34065934065934,-4.835164835164835,-0.7032967032967034,93.58241758241758,13.31868131868132,2.637528259231349,2174,1801,2583,2981,2204,1484,-1000,-100,0,50,0,0,-343,-227,-41,37,-37,-69,121,123,122,124,121,123,45,47,46,47,46,49,36,101,4,1,4,11
16.565,,495,-22.417582417582416,-4.835164835164835,-0.7032967032967034,93.58241758241758,13.31868131868132,2.637528259231349,2137,1796,2583,2981,2204,1484,-1050,-150,0,0,0,0,-364,-128,-41,37,-34,-69,121,124,122,124,121,123,45,47,46,46,46,49,34,88,4,2,3,11
16.5986,,496,-25.054945054945055,-4.747252747252747,-0.7032967032967034,93.58241758241758,13.31868131868132,2.637528259231349,2099,1791,2583,2981,2204,1484,-1100,-100,0,0,0,0,-353,-196,-41,37,-34,-69,121,124,122,124,121,123,45,47,46,46,46,49,29,72,4,2,3,10
16.6321,,497,-27.516483516483518,-4.571428571428571,-0.7032967032967034,93.58241758241758,13.31868131868132,2.637528259231349,2063,1789,2583,2981,2204,1484,-1100,-100,0,0,0,0,-326,-181,-41,37,-34,-69,121,124,122,124,121,123,45,47,46,46,46,49,13,73,4,1,3,10
16.6657,,498,-29.802197802197803,-4.483516483516484,-0.7032967032967034,93.58241758241758,13.31868131868132,2.637528259231349,2027,1788,2583,2981,2204,1484,-1100,0,0,0,0,0,-291,-171,-41,37,-34,-69,121,124,122,125,121,123,45,47,46,47,45,49,5,65,4,2,3,11
16.6991,,499,-31.560439560439562,-4.3076923076923075,-0.7032967032967034,93.58241758241758,13.582417582417582,2.637528259231349,1995,1788,2583,2981,2204,1484,-1000,0,0,0,0,0,-261,-167,-41,37,-34,-69,121,124,122,125,121,123,45,47,46,47,46,49,6,63,4,2,4,10
16.7326,,500,-32.967032967032964,-4.131868131868132,-0.7032967032967034,93.58241758241758,13.846153846153847,2.637528259231349,1964,1788,2583,2981,2204,1484,-900,0,0,0,0,0,-257,-160,-41,37,-23,-69,122,124,122,125,121,124,45,47,46,47,46,49,5,58,4,2,1,10
16.766,,501,-34.1978021978022,-4.043956043956044,-0.7032967032967034,93.58241758241758,13.934065934065934,2.637528259231349,1937,1788,2583,2981,2204,1484,-900,0,0,0,0,0,-203,-153,-41,37,0,-69,122,124,122,125,121,124,45,47,46,47,46,49,1,54,4,2,0,10
16.7994,,502,-35.34065934065934,-3.956043956043956,-0.7032967032967034,93.58241758241758,14.021978021978022,2.637528259231349,1912,1788,2583,2981,2204,1484,-800,0,0,0,0,0,-238,-150,-41,37,23,-69,122,124,122,125,121,124,45,47,46,47,46,49,3,51,4,2,1,11
16.8328,,503,-36.48351648351648,-3.956043956043956,-0.7032967032967034,93.58241758241758,14.021978021978022,2.637528259231349,1891,1788,2583,2981,2204,1484,-650,0,0,0,0,0,-112,-146,-41,37,27,-69,122,124,122,125,121,124,45,47,46,47,46,49,1,48,4,2,1,11
16.8663,,504,-37.53846153846154,-3.956043956043956,-0.7032967032967034,93.58241758241758,14.021978021978022,2.637528259231349,1872,1788,2583,2981,2204,1484,-550,0,0,0,0,0,-171,-146,-41,37,27,-69,122,124,122,125,121,124,45,47,46,47,46,49,2,49,4,1,1,11
16.8997,,505,-38.417582417582416,-3.956043956043956,-0.7032967032967034,93.58241758241758,14.10989010989011,2.637528259231349,1858,1788,2583,2981,2204,1484,-450,0,0,0,0,0,-184,-146,-41,37,27,-69,122,124,122,125,121,124,45,47,46,47,46,49,6,49,4,2,2,10
16.9333,,506,-39.032967032967036,-3.956043956043956,-0.7032967032967034,93.49450549450549,14.10989010989011,2.637528259231349,1846,1788,2583,2981,2204,1484,-350,0,0,0,0,0,-167,-146,-41,37,30,-69,122,124,122,125,121,124,45,47,46,47,46,49,4,50,4,2,3,10
16.9668,,507,-39.20879120879121,-3.868131868131868,-0.7032967032967034,93.49450549450549,14.10989010989011,2.637528259231349,1834,1788,2583,2981,2204,1484,-400,0,0,0,0,0,-46,-146,-41,34,30,-69,122,124,122,125,121,124,45,47,46,46,46,49,7,49,4,1,3,11
17.0001,,508,-39.032967032967036,-3.868131868131868,-0.7032967032967034,93.31868131868131,14.10989010989011,2.637528259231349,1824,1788,2583,2981,2204,1484,-300,0,0,0,0,0,-97,-143,-41,34,30,-69,122,124,122,125,121,124,45,47,46,46,46,49,2,46,4,0,2,10
17.0337,,509,-38.417582417582416,-3.78021978021978,-0.7912087912087912,93.23076923076923,14.197802197802197,2.637528259231349,1819,1788,2583,2981,2204,1484,-200,0,0,0,0,0,-76,-143,-41,27,30,-69,122,124,122,125,121,124,45,47,46,46,46,49,1,46,4,0,3,10
17.0672,,510,-37.8021978021978,-3.78021978021978,-0.7912087912087912,93.14285714285714,14.197802197802197,2.637528259231349,1817,1788,2583,2981,2204,1484,-100,0,0,0,0,0,-20,-139,-44,23,34,-69,122,124,122,125,121,124,45,47,46,46,46,49,1,45,5,0,4,10
17.1006,,511,-36.395604395604394,-3.78021978021978,-0.7912087912087912,93.14285714285714,14.197802197802197,2.637528259231349,1816,1788,2583,2981,2204,1484,-50,0,0,0,0,0,35,-139,-44,0,34,-69,122,124,122,125,121,124,45,47,46,47,46,49,4,45,5,0,4,10
17.1342,,512,-34.81318681318681,-3.78021978021978,-0.7912087912087912,93.05494505494505,14.197802197802197,2.637528259231349,1817,1788,2583,2981,2204,1484,0,0,0,0,0,0,103,-139,-44,0,34,-69,122,124,122,125,121,124,45,47,46,47,46,49,13,45,6,0,3,9
17.1677,,513,-33.23076923076923,-3.78021978021978,-0.7912087912087912,93.05494505494505,14.197802197802197,2.637528259231349,1820,1788,2583,2981,2204,1484,100,0,0,0,0,0,151,-139,-44,0,34,-69,122,124,122,125,121,124,45,47,46,47,46,49,24,45,5,0,3,10
17.2011,,514,-31.208791208791208,-3.78021978021978,-0.7912087912087912,93.05494505494505,14.197802197802197,2.637528259231349,1831,1788,2583,2981,2204,1484,350,0,0,0,0,0,110,-139,-44,0,34,-69,122,124,122,125,121,124,45,47,46,47,46,49,27,45,6,0,2,10
17.2345,,515,-28.747252747252748,-3.78021978021978,-0.7912087912087912,92.96703296703296,14.197802197802197,2.637528259231349,1844,1788,2583,2981,2204,1484,350,0,0,0,0,0,229,-139,-44,0,34,-69,122,124,122,125,121,124,45,47,46,47,46,49,29,45,5,0,4,10
17.2679,,516,-26.197802197802197,-3.78021978021978,-0.7912087912087912,92.96703296703296,14.197802197802197,2.637528259231349,1858,1788,2583,2981,2204,1484,450,0,0,0,0,0,185,-139,-44,0,34,-69,122,124,122,125,121,124,45,47,46,47,46,49,37,45,5,0,3,10
17.3013,,517,-23.384615384615383,-3.78021978021978,-0.7912087912087912,92.96703296703296,14.197802197802197,2.637528259231349,1877,1788,2583,2981,2204,1484,500,0,0,0,0,0,306,-139,-44,0,34,-69,122,124,122,125,121,124,45,47,46,47,46,49,50,45,5,0,3,10
17.3346,,518,-20.835164835164836,-3.78021978021978,-0.7912087912087912,92.96703296703296,14.461538461538462,2.637528259231349,1898,1788,2583,2981,2204,1484,600,0,0,0,0,0,256,-139,-44,0,34,-69,121,124,122,125,121,124,45,47,46,47,46,49,63,45,5,0,4,10
17.368,,519,-18.285714285714285,-3.78021978021978,-0.7912087912087912,92.96703296703296,15.428571428571429,2.637528259231349,1920,1788,2583,2981,2204,1484,700,0,0,0,0,0,293,-139,-44,0,44,-69,121,124,122,125,121,123,45,47,46,47,46,49,68,45,5,0,5,10
17.4014,,520,-15.736263736263735,-3.78021978021978,-0.7912087912087912,92.96703296703296,16.395604395604394,2.637528259231349,1947,1788,2583,2981,2207,1484,750,0,0,0,0,0,299,-139,-44,0,100,-69,121,124,122,125,121,123,45,47,46,47,46,49,66,45,5,0,14,9
17.4349,,521,-13.274725274725276,-3.78021978021978,-0.7912087912087912,92.96703296703296,17.01098901098901,2.637528259231349,1976,1788,2583,2981,2214,1484,850,0,0,0,200,0,297,-139,-44,0,106,-69,121,124,122,125,121,123,45,47,46,47,46,49,48,45,5,0,4,11
17.4685,,522,-10.725274725274724,-3.78021978021978,-0.8791208791208791,92.96703296703296,17.36263736263736,2.637528259231349,2005,1788,2583,2981,2222,1484,850,0,0,0,250,0,292,-139,-44,0,-34,-69,121,124,122,125,121,124,45,47,46,47,46,49,31,45,6,0,5,11
17.5019,,523,-8.175824175824175,-3.78021978021978,-0.8791208791208791,92.96703296703296,17.45054945054945,2.637528259231349,2031,1788,2583,2981,2229,1484,850,0,0,0,200,0,316,-139,-48,0,92,-69,122,124,122,125,121,123,45,47,46,47,46,49,34,45,8,0,5,11
17.5352,,524,-5.802197802197802,-3.78021978021978,-0.967032967032967,92.87912087912088,17.45054945054945,2.637528259231349,2061,1788,2583,2981,2234,1484,850,0,0,0,150,0,312,-139,-48,0,62,-69,121,124,122,125,121,123,45,47,46,47,46,49,38,45,7,0,4,11
17.5686,,525,-3.340659340659341,-3.78021978021978,-0.967032967032967,92.87912087912088,17.45054945054945,2.637528259231349,2089,1788,2583,2982,2238,1484,850,0,0,0,150,0,305,-139,-51,-111,48,-69,121,124,122,124,121,123,45,47,46,47,46,49,38,45,9,0,1,11
17.602,,526,-1.2307692307692308,-3.78021978021978,-0.967032967032967,92.87912087912088,17.45054945054945,2.637528259231349,2116,1788,2583,2982,2241,1484,850,0,0,50,100,0,384,-139,-51,-27,37,-69,121,124,122,124,121,123,45,47,46,47,46,49,39,44,8,0,0,11
17.6354,,527,0.7032967032967034,-3.868131868131868,-1.054945054945055,92.87912087912088,17.45054945054945,2.637528259231349,2145,1788,2583,2982,2243,1484,800,0,0,0,50,0,275,-139,-51,-27,-90,-69,121,124,122,125,121,123,45,47,46,47,46,49,46,45,8,0,1,10
17.6689,,528,2.7252747252747254,-4.043956043956044,-1.054945054945055,92.87912087912088,17.45054945054945,2.637528259231349,2172,1788,2583,2983,2243,1484,850,0,0,50,0,0,369,-143,-55,-30,27,-69,121,124,122,124,121,123,45,47,46,47,46,49,37,47,9,0,2,10
17.7023,,529,4.483516483516484,-4.3076923076923075,-1.054945054945055,92.87912087912088,17.45054945054945,2.637528259231349,2198,1788,2583,2983,2244,1484,750,0,0,0,0,0,268,-150,-55,-30,23,-69,121,124,122,124,121,123,45,47,46,47,46,49,26,52,9,0,1,11
17.7357,,530,5.802197802197802,-4.65934065934066,-1.054945054945055,92.87912087912088,17.45054945054945,2.637528259231349,2222,1788,2583,2983,2244,1484,750,0,0,0,0,0,328,-160,-55,-30,23,-69,121,124,122,124,121,123,45,47,46,47,46,49,20,60,10,0,1,10
17.7692,,531,6.769230769230769,-4.923076923076923,-1.1428571428571428,92.87912087912088,17.36263736263736,2.637528259231349,2246,1788,2583,2984,2244,1484,700,0,0,0,0,0,198,-174,-55,-34,23,-69,121,124,122,124,121,123,45,47,46,47,46,49,24,70,10,1,0,10
17.8026,,532,7.736263736263736,-4.923076923076923,-1.2307692307692308,92.87912087912088,17.36263736263736,2.637528259231349,2267,1788,2583,2984,2244,1484,650,0,0,0,0,0,231,-185,-58,-34,0,-69,121,124,122,124,121,123,45,47,46,47,46,49,25,79,10,0,0,11
17.8362,,533,8.087912087912088,-5.186813186813187,-1.2307692307692308,92.96703296703296,17.36263736263736,2.637528259231349,2285,1788,2583,2984,2244,1484,550,0,0,0,0,0,153,-185,-62,-34,0,-69,121,124,122,125,121,123,45,47,46,47,46,49,16,77,11,0,0,10
17.8697,,534,8.087912087912088,-5.362637362637362,-1.054945054945055,93.05494505494505,17.45054945054945,2.637528259231349,2299,1788,2583,2984,2244,1484,450,0,0,0,0,0,83,-196,-62,-30,0,-69,121,124,122,125,121,123,45,47,46,47,46,49,14,88,10,0,0,11
17.9031,,535,8.0,-5.450549450549451,-0.8791208791208791,93.23076923076923,17.45054945054945,2.637528259231349,2310,1788,2583,2984,2244,1484,400,0,0,0,0,0,40,-203,-55,-27,23,-69,121,124,122,125,121,123,45,47,46,47,46,49,9,92,9,0,1,11
17.9365,,536,7.648351648351649,-5.626373626373627,-0.8791208791208791,93.31868131868131,17.45054945054945,2.637528259231349,2317,1788,2583,2984,2244,1484,250,0,0,0,0,0,93,-206,-48,0,23,-69,121,124,122,125,121,123,45,47,46,47,46,49,10,95,7,0,1,11
17.97,,537,7.56043956043956,-5.714285714285714,-0.8791208791208791,93.31868131868131,17.36263736263736,2.637528259231349,2321,1788,2583,2985,2244,1484,150,0,0,50,0,0,65,-213,-48,0,23,-69,121,124,122,125,121,123,45,47,46,47,46,49,6,101,7,0,1,11
18.0034,,538,7.56043956043956,-6.241758241758242,-0.8791208791208791,93.4065934065934,16.835164835164836,2.637528259231349,2322,1788,2583,2985,2244,1484,0,0,0,0,0,0,62,-217,-48,0,0,-69,121,124,122,124,121,123,45,47,46,47,46,49,9,103,7,0,0,11
18.0368,,539,7.384615384615385,-7.56043956043956,-0.7912087912087912,93.49450549450549,16.571428571428573,2.637528259231349,2322,1787,2583,2985,2244,1484,50,0,0,0,0,0,58,-248,-48,0,-42,-69,121,124,122,124,121,123,45,47,46,47,46,49,8,93,8,0,4,10
18.0703,,540,7.208791208791209,-9.23076923076923,-0.7912087912087912,93.49450549450549,16.483516483516482,2.637528259231349,2322,1782,2583,2985,2244,1484,0,-100,0,0,0,0,51,-299,-44,0,-44,-69,121,124,122,124,121,123,45,47,46,47,46,49,7,132,5,0,5,10
18.1037,,541,7.208791208791209,-11.428571428571429,-0.7912087912087912,93.49450549450549,16.307692307692307,2.637528259231349,2322,1773,2583,2985,2244,1484,0,-250,0,0,0,0,44,-333,-44,0,-48,-69,121,124,122,124,121,123,45,47,46,47,46,49,4,156,5,0,7,10
18.1371,,542,7.208791208791209,-14.065934065934066,-0.7912087912087912,93.49450549450549,15.868131868131869,2.637528259231349,2322,1760,2583,2985,2244,1484,0,-350,0,0,0,0,44,-388,-44,0,-55,-69,121,123,122,124,121,123,45,47,46,47,46,49,4,154,6,0,8,10
18.1706,,543,7.1208791208791204,-16.967032967032967,-0.7912087912087912,93.49450549450549,14.637362637362637,2.637528259231349,2322,1742,2583,2985,2243,1484,0,-500,0,0,0,0,44,-344,-44,0,-80,-69,121,123,122,124,121,123,45,47,46,46,46,49,4,154,5,0,17,11
18.204,,544,7.1208791208791204,-20.043956043956044,-0.7912087912087912,93.4065934065934,13.406593406593407,2.637528259231349,2322,1721,2583,2985,2240,1484,0,-600,0,0,-50,0,41,-466,-44,0,-137,-69,121,123,121,124,121,123,45,47,46,47,46,49,4,159,6,0,25,10
18.2375,,545,7.1208791208791204,-22.945054945054945,-0.7912087912087912,93.4065934065934,12.791208791208792,2.637528259231349,2322,1695,2583,2985,2231,1484,0,-700,0,0,-200,0,41,-407,-44,0,-63,-69,121,123,121,124,120,123,45,47,46,47,46,49,4,154,5,0,17,10
18.2709,,546,7.1208791208791204,-25.318681318681318,-0.7912087912087912,93.4065934065934,12.527472527472527,2.637528259231349,2322,1666,2583,2985,2222,1484,0,-850,0,0,-300,0,41,-420,-44,0,-118,-69,121,123,122,124,121,123,45,47,46,47,46,49,4,163,5,0,15,11
18.3043,,547,7.1208791208791204,-27.692307692307693,-0.7912087912087912,93.4065934065934,12.527472527472527,2.637528259231349,2322,1634,2583,2986,2214,1484,0,-950,0,50,-250,0,41,-434,-44,0,-108,-69,121,123,121,124,121,123,45,47,46,47,46,49,4,127,6,0,3,11
18.3377,,548,7.1208791208791204,-29.89010989010989,-0.7912087912087912,93.4065934065934,12.43956043956044,2.637528259231349,2323,1604,2583,2986,2208,1484,0,-950,0,0,-200,0,37,-409,-44,0,34,-69,121,123,122,124,121,123,45,47,46,47,46,49,4,118,5,0,6,10
18.3711,,549,7.1208791208791204,-31.824175824175825,-0.7912087912087912,93.31868131868131,12.43956043956044,2.637528259231349,2323,1571,2583,2986,2204,1484,0,-950,0,0,-150,0,37,-380,-44,0,-72,-69,121,123,122,124,121,123,45,47,46,47,46,49,4,89,6,0,6,10
18.4045,,550,7.032967032967033,-33.84615384615385,-0.7912087912087912,93.31868131868131,12.43956043956044,2.637528259231349,2323,1540,2583,2986,2202,1484,0,-950,0,0,-100,0,37,-341,-44,-23,-62,-69,121,124,122,124,121,123,45,47,46,47,46,49,4,65,5,0,6,10
18.438,,551,7.032967032967033,-35.69230769230769,-0.7912087912087912,93.31868131868131,12.43956043956044,2.637528259231349,2323,1512,2583,2986,2199,1484,0,-900,0,0,-50,0,34,-343,-44,-23,-55,-69,121,124,122,124,121,123,45,47,46,47,46,49,4,72,5,0,8,10
18.4714,,552,7.032967032967033,-37.45054945054945,-0.7912087912087912,93.31868131868131,12.43956043956044,2.637528259231349,2324,1484,2583,2986,2197,1484,50,-850,0,0,-50,0,30,-314,-44,-23,-48,-69,121,124,122,125,121,123,45,47,46,47,46,49,3,51,5,0,2,10
18.5048,,553,6.945054945054945,-38.94505494505494,-0.7912087912087912,93.31868131868131,12.43956043956044,2.637528259231349,2324,1457,2583,2986,2195,1484,0,-850,0,0,-50,0,30,-282,-44,-23,-41,-69,121,124,122,125,121,123,45,47,46,46,46,49,2,53,6,0,3,11
18.5382,,554,6.681318681318682,-40.35164835164835,-0.7912087912087912,93.31868131868131,12.43956043956044,2.637528259231349,2324,1432,2583,2986,2195,1484,0,-750,0,0,-50,0,27,-332,-44,-23,-37,-69,122,124,122,125,121,124,45,47,46,46,46,49,1,41,6,0,4,10
18.5716,,555,5.802197802197802,-41.582417582417584,-0.7912087912087912,93.4065934065934,12.43956043956044,2.637528259231349,2324,1410,2583,2986,2194,1484,0,-700,0,0,0,0,0,-298,-44,-23,-34,-69,122,124,122,125,121,124,45,47,46,47,46,49,1,34,8,0,2,11
18.605,,556,4.65934065934066,-42.72527472527472,-0.7032967032967034,93.4065934065934,12.351648351648352,2.637528259231349,2324,1388,2583,2986,2194,1484,0,-650,0,0,0,0,-76,-295,-44,0,-34,-69,122,124,122,125,121,124,45,47,46,47,46,49,7,37,6,0,3,11
18.6384,,557,3.340659340659341,-43.78021978021978,-0.7032967032967034,93.4065934065934,12.351648351648352,2.637528259231349,2321,1368,2583,2987,2194,1484,-100,-550,0,50,0,0,-114,-176,-41,-23,-37,-69,122,124,122,125,121,124,45,47,46,47,46,49,8,23,4,0,4,11
18.6718,,558,1.934065934065934,-44.92307692307692,-0.7032967032967034,93.4065934065934,12.263736263736265,2.637528259231349,2314,1351,2583,2987,2194,1484,-150,-550,0,0,0,0,-146,-234,-41,-23,-37,-69,122,124,122,125,121,124,45,47,46,47,46,49,13,23,4,0,4,10
18.7052,,559,0.6153846153846154,-45.89010989010989,-0.7032967032967034,93.4065934065934,12.175824175824175,2.637528259231349,2303,1334,2583,2987,2194,1484,-350,-450,0,0,0,0,-158,-215,-41,-23,-41,-69,122,124,122,125,121,124,45,47,46,47,46,49,11,22,4,0,4,11
18.7388,,560,-0.43956043956043955,-46.76923076923077,-0.7032967032967034,93.4065934065934,11.208791208791208,2.637528259231349,2289,1318,2583,2987,2194,1484,-350,-500,0,0,0,0,-157,-185,-41,-23,-44,-69,122,124,122,125,121,124,45,47,46,47,46,49,9,14,5,0,5,11
18.7723,,561,-1.054945054945055,-47.38461538461539,-0.7032967032967034,93.4065934065934,9.89010989010989,2.637528259231349,2273,1304,2583,2987,2193,1484,-500,-450,0,0,0,0,-163,-196,-41,-23,-20,-69,122,124,122,125,121,124,45,47,46,47,46,49,5,17,4,0,16,11
18.8058,,562,-1.1428571428571428,-48.0,-0.7032967032967034,93.4065934065934,8.835164835164836,2.637528259231349,2262,1291,2583,2987,2187,1484,-450,-400,0,0,-100,0,-41,-159,-41,-23,-143,-69,122,124,122,125,121,124,45,47,46,47,46,49,5,12,5,0,12,11
18.8392,,563,-1.2307692307692308,-48.527472527472526,-0.6153846153846154,93.4065934065934,8.219780219780219,2.637528259231349,2252,1280,2583,2987,2177,1484,-350,-400,0,0,-250,0,-79,-51,-41,-23,-55,-69,122,124,122,125,121,124,45,47,46,47,46,49,1,12,4,0,18,11
18.8727,,564,-1.3186813186813187,-48.61538461538461,-0.6153846153846154,93.4065934065934,7.78021978021978,2.8636021100226077,2246,1269,2583,2987,2167,1484,-150,-350,0,0,-300,0,-62,-110,-37,-23,-111,-69,122,124,122,125,121,124,45,47,46,47,46,49,0,4,4,0,7,10
18.9061,,565,-1.4065934065934067,-48.61538461538461,-0.6153846153846154,93.4065934065934,7.516483516483516,3.089675960813866,2242,1260,2582,2987,2159,1484,-150,-250,-50,0,-250,0,-51,-79,-34,-23,-33,-47,122,124,122,125,121,124,45,47,46,47,46,49,2,4,3,0,9,5
18.9396,,566,-1.4945054945054945,-48.7032967032967,-0.6153846153846154,93.4065934065934,7.164835164835165,3.089675960813866,2238,1255,2582,2987,2152,1484,-100,-150,0,0,-200,0,-41,-65,-34,-23,30,-44,122,124,122,125,121,124,45,47,46,47,46,49,2,1,1,0,5,3
18.973,,567,-1.4945054945054945,-49.31868131868132,-0.6153846153846154,93.49450549450549,6.989010989010989,2.8636021100226077,2236,1248,2582,2987,2146,1484,-100,-200,0,0,-150,0,-34,-44,-34,-23,37,-44,122,124,122,125,121,124,45,47,46,47,46,49,2,1,0,0,6,4
19.0064,,568,-1.4945054945054945,-50.637362637362635,-0.6153846153846154,93.49450549450549,7.164835164835165,2.8636021100226077,2234,1243,2582,2987,2142,1484,-50,-200,0,0,-150,0,-27,-57,-34,0,-69,-55,122,124,122,125,121,124,45,47,46,47,46,49,1,5,1,0,7,6
19.0398,,569,-1.4945054945054945,-52.13186813186813,-0.6153846153846154,93.49450549450549,7.78021978021978,2.93896006028636,2233,1239,2582,2987,2139,1484,-50,-100,0,0,-100,0,-23,-108,-34,0,-51,-55,122,124,122,125,121,124,45,47,46,47,46,49,1,8,1,0,4,5
19.0732,,570,-1.4945054945054945,-53.714285714285715,-0.6153846153846154,93.49450549450549,7.956043956043956,3.014318010550113,2232,1231,2582,2987,2138,1484,-50,-150,0,0,-50,0,0,-152,-34,0,29,-51,122,124,122,125,121,124,45,47,46,47,46,49,0,16,1,0,2,4
19.1069,,571,-1.4945054945054945,-55.032967032967036,-0.6153846153846154,93.49450549450549,7.956043956043956,3.089675960813866,2232,1222,2582,2987,2138,1484,0,-300,0,0,0,0,0,-184,-34,0,0,-48,122,124,122,125,121,124,45,47,46,47,46,49,0,12,1,0,0,4
19.1403,,572,-1.4945054945054945,-55.824175824175825,-0.6153846153846154,93.49450549450549,7.868131868131868,3.089675960813866,2232,1209,2582,2987,2138,1484,0,-250,0,0,0,0,0,-102,-34,0,0,-44,122,124,122,125,121,124,45,47,46,47,46,49,0,8,1,0,0,4
19.1739,,573,-1.4945054945054945,-56.08791208791209,-0.6153846153846154,93.49450549450549,7.516483516483516,3.089675960813866,2232,1195,2582,2987,2138,1484,0,-450,0,0,0,0,0,-63,-34,0,0,-44,122,124,122,125,121,124,45,47,46,47,46,49,0,3,1,0,0,4
19.2074,,574,-1.5824175824175823,-56.35164835164835,-0.6153846153846154,93.49450549450549,7.428571428571429,2.7882441597588548,2232,1180,2582,2987,2138,1484,0,-450,0,0,0,0,0,23,-34,0,-34,-44,122,124,122,125,121,124,45,47,46,47,46,49,0,1,2,0,3,4
19.2409,,575,-1.5824175824175823,-56.43956043956044,-0.6153846153846154,93.49450549450549,7.252747252747253,2.7128862094951014,2232,1170,2582,2987,2138,1484,0,-300,0,0,0,0,-23,44,-34,0,-37,-64,122,124,122,125,121,124,45,47,46,46,46,49,1,0,1,0,4,9
19.2744,,576,-1.6703296703296704,-56.967032967032964,-0.6153846153846154,93.49450549450549,7.164835164835165,2.637528259231349,2232,1163,2582,2987,2138,1484,0,-150,0,0,0,0,-23,66,-34,0,-44,-65,122,124,122,125,121,124,45,47,46,46,46,49,1,0,1,0,5,9
19.3079,,577,-1.934065934065934,-57.67032967032967,-0.6153846153846154,93.4065934065934,7.076923076923077,2.637528259231349,2232,1157,2582,2988,2138,1484,0,-200,0,0,0,0,-27,-60,-34,0,-48,-69,122,124,122,125,121,124,45,47,46,47,46,49,1,3,1,2,6,11
19.3415,,578,-2.901098901098901,-58.285714285714285,-0.6153846153846154,93.4065934065934,7.076923076923077,2.637528259231349,2232,1151,2580,2988,2138,1484,0,-200,0,50,0,0,-37,-66,-30,-27,-51,-69,122,124,122,125,121,124,45,47,46,47,46,49,4,0,0,0,8,10
19.3748,,579,-3.956043956043956,-59.252747252747255,-0.5274725274725275,93.4065934065934,7.076923076923077,2.637528259231349,2230,1143,2580,2988,2138,1484,0,-250,-50,0,0,0,-90,-52,-27,-27,-51,-69,122,124,122,125,121,124,45,47,46,47,46,49,17,1,0,0,7,10
19.4083,,580,-5.186813186813187,-60.395604395604394,-0.26373626373626374,93.31868131868131,7.076923076923077,2.637528259231349,2224,1136,2580,2988,2138,1484,-150,-200,0,0,0,0,-36,19,-23,-27,-51,-69,122,124,122,125,121,124,45,47,46,47,46,49,8,0,0,0,7,10
19.4417,,581,-6.241758241758242,-61.53846153846154,0.0,93.4065934065934,7.076923076923077,2.637528259231349,2217,1128,2581,2988,2138,1484,-200,-250,0,0,0,0,-59,-113,0,-30,-51,-69,122,124,122,125,121,124,45,47,46,47,46,49,13,6,0,0,8,10
19.4753,,582,-6.857142857142857,-62.94505494505494,0.7032967032967034,93.4065934065934,7.076923076923077,2.637528259231349,2206,1119,2584,2988,2138,1484,-300,-300,50,0,0,0,-143,-121,0,-27,-51,-69,122,124,122,125,121,124,45,47,46,47,46,49,6,2,0,0,7,10
19.5088,,583,-7.032967032967033,-64.52747252747253,1.8461538461538463,93.4065934065934,7.164835164835165,2.637528259231349,2195,1108,2589,2988,2138,1484,-350,-300,150,0,0,0,-109,-142,42,-27,-51,-69,122,124,122,125,121,124,45,47,46,47,46,49,3,2,0,0,7,10
19.5422,,584,-7.032967032967033,-65.75824175824175,3.5164835164835164,93.31868131868131,7.164835164835165,2.637528259231349,2186,1094,2595,2988,2138,1484,-300,-400,150,0,0,0,-79,-154,73,-27,-48,-69,122,124,122,125,121,124,45,47,46,46,46,49,3,9,0,0,5,10
19.5756,,585,-7.032967032967033,-67.16483516483517,5.802197802197802,93.23076923076923,7.164835164835165,2.637528259231349,2181,1080,2602,2988,2138,1484,-200,-400,200,0,0,0,-65,-168,43,-30,-48,-69,122,124,122,125,121,124,45,47,46,46,46,49,0,5,6,0,5,10
19.609,,586,-7.032967032967033,-68.65934065934066,8.351648351648352,93.05494505494505,7.164835164835165,2.637528259231349,2176,1064,2614,2988,2138,1484,-100,-450,300,0,0,0,-48,-169,179,-34,-48,-69,122,124,122,125,121,124,45,47,46,46,46,49,2,1,7,1,5,11
19.6424,,587,-7.032967032967033,-70.15384615384616,11.076923076923077,92.96703296703296,7.076923076923077,2.637528259231349,2172,1047,2631,2988,2138,1484,-150,-500,400,0,0,0,87,-164,136,-41,-48,-69,122,124,122,125,121,124,45,47,46,47,46,49,0,0,10,2,5,11
19.6758,,588,-7.032967032967033,-71.56043956043956,13.626373626373626,92.87912087912088,7.076923076923077,2.637528259231349,2171,1030,2650,2988,2138,1484,-50,-550,550,0,0,0,-27,-66,168,-44,-51,-69,122,124,122,125,121,124,45,47,46,47,46,49,2,0,15,3,7,10
19.7092,,589,-7.032967032967033,-72.79120879120879,15.912087912087912,92.79120879120879,7.076923076923077,2.637528259231349,2171,1012,2675,2988,2138,1484,0,-500,700,0,0,0,-27,-170,203,-48,-51,-69,122,124,122,125,121,124,45,47,46,47,46,49,1,0,17,4,7,10
19.7427,,590,-7.032967032967033,-74.02197802197803,18.021978021978022,92.79120879120879,7.076923076923077,2.637528259231349,2170,995,2702,2988,2138,1484,-50,-450,800,0,0,0,-23,-154,202,-51,-51,-69,122,124,122,125,121,124,45,47,46,47,46,49,1,0,5,5,7,11
19.7763,,591,-7.1208791208791204,-75.25274725274726,20.043956043956044,92.79120879120879,7.076923076923077,2.637528259231349,2169,980,2728,2988,2138,1484,0,-500,800,0,0,0,0,-141,190,-51,-51,-69,122,124,122,125,121,124,45,47,46,47,46,49,0,0,1,5,8,11
19.8098,,592,-7.1208791208791204,-76.3076923076923,21.89010989010989,92.79120879120879,7.076923076923077,2.637528259231349,2169,966,2754,2988,2138,1484,0,-400,800,0,0,0,-23,-48,173,-51,-51,-69,122,124,122,125,121,124,45,47,46,46,46,49,1,0,1,4,8,11
19.8433,,593,-7.1208791208791204,-77.36263736263736,23.64835164835165,92.79120879120879,7.076923076923077,2.637528259231349,2169,952,2780,2988,2138,1484,0,-400,800,0,0,0,-23,-28,143,-51,-51,-69,122,124,122,125,121,124,45,47,46,47,46,49,1,2,0,4,7,10
19.8766,,594,-7.1208791208791204,-78.50549450549451,25.406593406593405,92.79120879120879,7.076923076923077,2.637528259231349,2169,939,2805,2988,2138,1484,0,-400,750,0,0,0,-23,-137,155,-51,-51,-69,122,124,122,125,121,124,45,47,46,47,46,49,1,0,0,5,7,10
19.91,,595,-7.1208791208791204,-79.64835164835165,27.252747252747252,92.79120879120879,7.076923076923077,2.637528259231349,2169,925,2829,2988,2138,1484,0,-400,700,0,0,0,-23,-131,134,-51,-51,-69,122,124,122,125,121,124,45,47,46,47,46,49,1,0,0,4,7,10
19.9434,,596,-7.208791208791209,-80.52747252747253,28.923076923076923,92.79120879120879,7.076923076923077,2.637528259231349,2169,913,2851,2988,2138,1484,0,-350,650,0,0,0,-23,-125,208,-51,-51,-69,122,124,122,125,121,124,45,47,46,47,46,49,1,1,0,4,8,10
19.977,,597,-7.208791208791209,-80.52747252747253,30.153846153846153,92.79120879120879,6.989010989010989,2.637528259231349,2169,900,2873,2988,2138,1484,0,-400,650,0,0,0,-27,-105,189,-51,-51,-69,122,124,122,125,121,124,45,47,46,47,46,49,2,0,0,4,8,10
20.0105,,598,-7.208791208791209,-80.52747252747253,31.032967032967033,92.79120879120879,6.989010989010989,2.637528259231349,2169,891,2894,2988,2138,1484,0,-300,600,0,0,0,-27,-58,62,-51,-55,-69,122,124,122,125,121,124,45,47,46,47,46,49,2,0,0,4,8,10
20.044,,599,-7.2967032967032965,-80.52747252747253,31.384615384615383,92.79120879120879,6.989010989010989,2.637528259231349,2169,886,2912,2988,2138,1484,0,-150,550,0,0,0,-27,-44,142,-51,-55,-69,122,124,122,125,121,124,45,47,46,47,46,49,2,4,0,4,8,11
20.0775,,600,-7.824175824175824,-80.61538461538461,31.736263736263737,92.7032967032967,6.989010989010989,2.637528259231349,2169,883,2928,2988,2138,1484,0,-100,550,0,0,0,-30,-27,-48,-51,-55,-69,122,124,122,125,121,124,45,47,46,47,46,49,3,2,0,5,8,11
20.1109,,601,-8.43956043956044,-80.61538461538461,32.0,92.7032967032967,6.989010989010989,2.637528259231349,2169,880,2937,2988,2138,1484,0,-100,300,0,0,0,-58,-23,48,-55,-55,-69,122,124,122,125,121,124,45,47,46,46,46,49,6,0,0,6,8,10
20.1444,,602,-8.967032967032967,-80.61538461538461,32.879120879120876,92.7032967032967,7.076923076923077,2.637528259231349,2166,878,2944,2988,2138,1484,-50,-50,250,0,0,0,-74,0,30,-55,-55,-69,122,124,122,125,121,124,45,47,46,46,46,49,4,0,0,5,9,10
20.1778,,603,-9.142857142857142,-80.61538461538461,33.934065934065934,92.7032967032967,7.076923076923077,2.637528259231349,2160,878,2949,2988,2138,1484,-200,-50,150,0,0,0,-90,0,77,-55,-51,-69,122,124,122,125,121,124,45,47,46,47,46,49,3,0,0,6,6,11
20.2112,,604,-9.142857142857142,-80.61538461538461,35.252747252747255,91.82417582417582,7.164835164835165,2.637528259231349,2154,878,2958,2988,2138,1484,-200,0,250,0,0,0,-55,0,92,-55,-51,-69,122,124,122,125,121,124,45,47,46,47,46,49,3,0,0,5,7,10
20.2447,,605,-9.142857142857142,-80.61538461538461,36.83516483516483,89.71428571428571,7.076923076923077,2.637528259231349,2150,878,2967,2988,2138,1484,-150,0,250,0,0,0,-41,0,116,-111,-48,-69,122,124,122,125,121,124,45,47,46,46,46,49,2,0,0,20,5,10
20.2782,,606,-9.142857142857142,-80.61538461538461,38.505494505494504,87.34065934065934,7.076923076923077,2.637528259231349,2148,878,2980,2984,2138,1484,-50,0,300,-50,0,0,87,0,133,-102,-51,-69,122,124,122,125,121,124,45,47,46,47,46,49,1,0,3,39,8,11
20.3117,,607,-9.142857142857142,-80.61538461538461,40.61538461538461,84.87912087912088,7.076923076923077,2.637528259231349,2147,878,2993,2972,2138,1484,-50,0,400,-300,0,0,-27,0,58,-155,-51,-69,122,124,122,125,121,124,45,47,46,47,46,49,2,0,1,47,7,11
20.3452,,608,-9.23076923076923,-80.61538461538461,42.81318681318681,82.76923076923077,7.076923076923077,2.637528259231349,2145,878,3010,2955,2138,1484,-50,0,500,-500,0,0,-23,0,100,-210,-51,-69,122,124,122,125,121,124,45,47,46,46,46,49,1,0,0,33,7,11
20.3786,,609,-9.23076923076923,-80.61538461538461,45.27472527472528,81.18681318681318,7.076923076923077,2.637528259231349,2145,878,3029,2936,2138,1484,0,0,600,-550,0,0,-23,0,122,-313,-51,-69,122,124,122,125,121,124,45,47,46,47,46,49,2,0,0,33,7,11
20.4121,,610,-9.23076923076923,-80.61538461538461,47.91208791208791,80.04395604395604,7.076923076923077,2.637528259231349,2145,878,3051,2914,2138,1484,0,0,600,-650,0,0,-23,0,228,-295,-51,-69,122,124,122,125,121,124,45,47,46,47,46,49,1,0,1,26,7,11
20.4456,,611,-9.23076923076923,-80.61538461538461,50.54945054945055,79.07692307692308,7.076923076923077,2.637528259231349,2145,878,3074,2893,2138,1484,0,0,700,-650,0,0,-23,0,246,-163,-51,-69,122,124,122,125,121,124,45,47,46,47,46,49,1,0,2,19,7,11
20.4791,,612,-9.23076923076923,-80.61538461538461,53.0989010989011,78.54945054945055,7.076923076923077,2.637528259231349,2145,878,3100,2874,2138,1484,0,0,750,-600,0,0,-23,0,254,-212,-51,-69,122,124,122,125,121,124,45,47,46,47,46,49,1,0,1,15,7,11
20.5127,,613,-9.31868131868132,-80.61538461538461,55.56043956043956,78.02197802197803,7.076923076923077,2.637528259231349,2145,878,3128,2859,2138,1484,0,0,800,-500,0,0,-23,0,194,-108,-51,-69,122,124,122,125,121,124,45,47,46,47,46,49,1,0,0,12,8,10
20.546,,614,-9.582417582417582,-80.61538461538461,57.934065934065934,77.4065934065934,7.076923076923077,2.637528259231349,2145,878,3156,2847,2138,1484,0,0,850,-450,0,0,-27,0,187,-167,-51,-69,122,124,122,125,121,124,45,47,46,47,46,49,2,0,0,15,8,11
20.5795,,615,-9.67032967032967,-80.61538461538461,59.34065934065934,77.05494505494505,7.076923076923077,2.637528259231349,2145,878,3186,2837,2138,1484,0,0,850,-300,0,0,-37,0,175,-150,-51,-69,122,124,122,125,121,124,45,47,46,47,46,49,3,0,0,16,7,11
20.6129,,616,-10.197802197802197,-80.52747252747253,59.956043956043956,77.05494505494505,7.076923076923077,2.637528259231349,2144,879,3216,2828,2137,1484,0,50,900,-300,-50,0,-41,0,117,-33,-48,-69,122,124,122,125,121,124,45,47,46,47,46,49,1,0,0,12,7,11
20.6465,,617,-11.076923076923077,-80.43956043956044,60.30769230769231,77.05494505494505,7.076923076923077,2.637528259231349,2141,879,3243,2822,2137,1484,-50,0,850,-200,0,0,-51,0,-16,-104,-48,-69,122,124,122,125,121,124,45,47,46,47,46,49,7,0,0,6,6,11
20.68,,618,-12.219780219780219,-80.43956043956044,61.362637362637365,77.05494505494505,7.164835164835165,2.637528259231349,2138,882,3260,2819,2137,1484,-100,100,500,-100,0,0,-100,0,71,-90,-48,-69,122,124,122,125,121,124,45,47,46,47,46,49,10,0,1,7,6,11
20.7135,,619,-13.538461538461538,-80.43956043956044,63.120879120879124,77.05494505494505,7.516483516483516,2.637528259231349,2131,886,3269,2818,2137,1484,-150,150,250,-50,0,0,-123,-34,94,-83,-44,-69,122,124,122,125,121,124,45,47,46,47,46,49,9,2,0,13,4,11
20.7469,,620,-14.76923076923077,-80.43956043956044,65.23076923076923,77.05494505494505,7.6923076923076925,2.637528259231349,2122,883,3281,2816,2137,1484,-250,-50,350,0,0,0,-57,-27,124,-79,-30,-69,122,124,122,125,121,124,45,47,46,46,46,49,14,0,1,6,2,11
20.7804,,621,-15.736263736263735,-80.43956043956044,67.51648351648352,77.05494505494505,7.6923076923076925,2.637528259231349,2110,879,3296,2815,2137,1484,-300,-200,400,-50,0,0,-147,23,156,-72,-23,-69,122,124,122,125,121,124,45,47,46,46,46,49,6,0,0,10,1,11
20.8138,,622,-16.263736263736263,-80.43956043956044,69.27472527472527,76.96703296703296,7.6923076923076925,2.637528259231349,2097,878,3313,2814,2137,1484,-400,-50,550,0,0,0,-68,27,112,-69,-23,-69,122,124,122,125,121,124,45,47,46,47,46,49,12,0,0,9,2,10
20.8473,,623,-16.35164835164835,-80.43956043956044,70.5934065934066,76.96703296703296,7.78021978021978,2.637528259231349,2085,878,3335,2812,2137,1484,-400,0,650,-50,0,0,-113,27,110,-69,-23,-69,122,124,122,125,121,124,45,47,46,47,46,49,5,0,0,10,1,10
20.8808,,624,-16.35164835164835,-80.43956043956044,72.0,76.96703296703296,7.78021978021978,2.637528259231349,2079,879,3358,2811,2137,1484,-250,50,650,-50,0,0,-79,23,160,-62,0,-69,122,124,122,125,121,124,45,47,46,46,46,49,3,0,0,9,0,11
20.9143,,625,-16.263736263736263,-80.52747252747253,73.4065934065934,76.96703296703296,7.78021978021978,2.637528259231349,2076,879,3380,2810,2137,1484,-100,0,650,0,0,0,-69,23,46,-58,0,-69,122,124,122,125,121,124,45,47,46,46,46,49,2,0,0,6,0,11
20.9478,,626,-16.175824175824175,-80.52747252747253,74.72527472527473,76.96703296703296,7.604395604395604,2.637528259231349,2071,879,3399,2809,2137,1484,-200,0,600,0,0,0,-44,0,111,-55,0,-69,122,124,122,125,121,124,45,47,46,46,46,49,1,0,0,7,0,11
20.9814,,627,-16.087912087912088,-80.52747252747253,76.21978021978022,76.96703296703296,7.604395604395604,2.637528259231349,2067,879,3418,2809,2137,1484,-150,0,550,0,0,0,-30,0,35,-55,-27,-69,122,124,122,125,121,124,45,47,46,47,46,49,0,0,0,5,2,11
21.0149,,628,-16.0,-80.52747252747253,77.36263736263736,76.96703296703296,7.252747252747253,2.637528259231349,2066,879,3434,2809,2137,1484,-50,0,500,0,0,0,0,0,32,-55,-27,-69,122,124,122,125,121,124,45,47,46,47,46,49,0,0,0,5,2,11
21.0485,,629,-15.56043956043956,-80.52747252747253,77.62637362637362,76.96703296703296,7.252747252747253,2.637528259231349,2066,879,3449,2809,2137,1484,0,0,450,0,0,0,0,0,-17,-55,-41,-69,122,124,122,125,121,124,45,47,46,47,46,49,0,0,0,5,5,10
21.0819,,630,-15.56043956043956,-80.52747252747253,77.8021978021978,76.96703296703296,7.252747252747253,2.637528259231349,2066,879,3460,2809,2137,1484,0,0,450,0,0,0,34,0,44,-55,-41,-69,122,124,122,125,121,124,45,47,46,47,46,49,2,0,0,5,4,10
21.1153,,631,-15.56043956043956,-80.52747252747253,78.41758241758242,77.05494505494505,7.164835164835165,2.637528259231349,2067,882,3467,2809,2137,1484,0,100,250,0,0,0,30,-23,-94,-55,-41,-69,122,124,122,125,121,124,45,47,46,47,46,49,3,11,2,7,4,11
21.1488,,632,-15.736263736263735,-80.52747252747253,79.73626373626374,77.05494505494505,7.428571428571429,2.637528259231349,2069,881,3473,2809,2137,1484,50,0,200,0,0,0,27,0,53,-51,-44,-69,122,124,122,125,121,124,45,47,46,47,46,49,1,1,0,4,4,10
21.1822,,633,-15.736263736263735,-80.52747252747253,81.31868131868131,77.05494505494505,7.604395604395604,2.637528259231349,2069,879,3480,2809,2137,1484,0,-50,150,0,0,0,0,0,89,-51,-34,-69,122,124,122,125,121,124,45,47,46,47,46,49,0,0,2,5,3,11
21.2156,,634,-16.087912087912088,-80.52747252747253,82.81318681318682,77.05494505494505,7.6923076923076925,2.637528259231349,2069,879,3489,2809,2137,1484,0,0,250,0,0,0,0,0,119,-51,-27,-69,122,124,122,125,121,124,45,47,46,46,46,49,0,0,3,5,2,11
21.249,,635,-16.087912087912088,-80.52747252747253,84.13186813186813,77.05494505494505,7.6923076923076925,2.637528259231349,2068,879,3503,2804,2133,1484,-50,0,400,0,0,0,-27,0,39,-37,0,-69,122,124,122,125,121,124,45,47,46,46,46,49,1,0,0,4,0,10
21.2825,,636,-16.087912087912088,-80.52747252747253,85.27472527472527,77.05494505494505,7.6923076923076925,2.637528259231349,2068,878,3515,2799,2129,1484,0,-50,350,-150,-200,0,-27,23,40,0,122,-69,122,124,122,125,121,124,45,47,46,46,46,49,2,0,0,1,3,11
21.316,,637,-16.087912087912088,-80.52747252747253,86.06593406593407,77.05494505494505,7.6923076923076925,2.637528259231349,2068,878,3523,2797,2128,1484,0,0,300,-50,-50,0,-27,23,160,0,41,-69,122,124,122,125,121,124,45,47,46,46,46,49,2,0,1,0,4,11
21.3496,,638,-15.912087912087912,-80.52747252747253,86.76923076923077,77.05494505494505,7.6923076923076925,2.637528259231349,2068,877,3528,2796,2127,1484,0,-50,150,0,0,0,-27,27,72,23,41,-69,122,124,122,125,121,124,45,47,46,47,46,49,2,1,22,0,14,10
21.383,,639,-15.56043956043956,-80.52747252747253,87.73626373626374,77.05494505494505,7.6923076923076925,2.637528259231349,2068,877,3531,2796,2126,1484,0,0,200,-50,-50,0,0,27,172,27,44,-69,122,124,122,125,121,124,45,47,46,47,46,49,0,0,50,0,17,11
21.4165,,640,-15.56043956043956,-80.52747252747253,88.61538461538461,77.05494505494505,7.6923076923076925,2.637528259231349,2068,877,3532,2795,2126,1484,0,0,0,-50,-50,0,27,27,208,30,48,-69,121,124,122,125,121,123,45,47,46,47,46,49,2,0,79,0,6,11
21.45,,641,-15.56043956043956,-80.52747252747253,89.75824175824175,77.14285714285714,7.6923076923076925,2.637528259231349,2068,876,3539,2795,2127,1484,0,-50,150,0,50,0,27,30,151,30,44,-69,121,124,122,124,121,123,45,47,46,47,46,49,2,0,85,0,4,11
21.4835,,642,-15.56043956043956,-80.52747252747253,89.84615384615384,77.14285714285714,7.78021978021978,2.637528259231349,2068,876,3547,2795,2127,1484,0,0,200,0,0,0,27,30,253,34,44,-69,121,124,122,124,121,123,45,47,46,47,46,49,2,0,66,0,4,11
21.517,,643,-15.56043956043956,-80.52747252747253,89.84615384615384,77.14285714285714,7.78021978021978,2.7128862094951014,2068,876,3553,2795,2127,1484,0,0,250,0,0,0,27,30,206,34,48,-69,121,124,122,124,121,123,45,47,46,47,46,49,2,0,42,1,6,11
21.5505,,644,-15.56043956043956,-80.52747252747253,89.84615384615384,77.14285714285714,7.78021978021978,2.7128862094951014,2068,876,3554,2795,2127,1484,0,0,50,0,0,0,27,30,199,34,48,-65,121,124,122,124,121,123,45,47,46,46,46,49,2,0,75,1,7,9
21.584,,645,-15.56043956043956,-80.52747252747253,89.84615384615384,77.14285714285714,7.78021978021978,2.7128862094951014,2068,876,3554,2795,2127,1484,0,0,0,0,0,0,27,30,199,34,48,-65,121,124,122,124,121,123,45,47,46,46,46,49,2,0,84,1,6,10
21.6174,,646,-15.56043956043956,-80.52747252747253,89.84615384615384,77.14285714285714,7.78021978021978,2.7128862094951014,2068,876,3554,2795,2127,1484,0,0,0,0,0,0,27,30,199,34,48,-65,121,124,122,124,121,123,45,47,46,46,46,49,2,0,87,0,5,10
21.651,,647,-15.56043956043956,-80.52747252747253,89.84615384615384,77.14285714285714,7.78021978021978,2.7128862094951014,2068,876,3554,2795,2127,1484,0,0,0,0,0,0,27,30,199,34,48,-65,121,124,122,124,121,123,45,47,46,46,46,49,2,0,87,0,5,9
21.6845,,648,-15.56043956043956,-80.52747252747253,89.84615384615384,77.14285714285714,7.78021978021978,2.7128862094951014,2068,876,3554,2795,2127,1484,0,0,0,0,0,0,27,30,199,34,48,-65,121,124,122,124,121,123,45,47,46,46,46,49,2,0,87,1,6,10
