t,repeat,phase,frame_idx,goal_pos.shoulder_pan,goal_pos.shoulder_lift,goal_pos.elbow_flex,goal_pos.wrist_flex,goal_pos.wrist_roll,goal_pos.gripper,pos.shoulder_pan,pos.shoulder_lift,pos.elbow_flex,pos.wrist_flex,pos.wrist_roll,pos.gripper,vel.shoulder_pan,vel.shoulder_lift,vel.elbow_flex,vel.wrist_flex,vel.wrist_roll,vel.gripper,load.shoulder_pan,load.shoulder_lift,load.elbow_flex,load.wrist_flex,load.wrist_roll,load.gripper,volt.shoulder_pan,volt.shoulder_lift,volt.elbow_flex,volt.wrist_flex,volt.wrist_roll,volt.gripper,temp.shoulder_pan,temp.shoulder_lift,temp.elbow_flex,temp.wrist_flex,temp.wrist_roll,temp.gripper,curr.shoulder_pan,curr.shoulder_lift,curr.elbow_flex,curr.wrist_flex,curr.wrist_roll,curr.gripper
0.0087,0,lift,0,2227,909,3655,2666,2154,1494,2227,875,3655,2666,2154,1494,0,0,0,0,0,0,-86,0,-27,0,37,-65,121,123,122,124,121,123,46,46,46,48,48,51,3,0,0,0,2,7
0.0422,0,lift,1,2227,942,3655,2666,2154,1494,2227,880,3655,2666,2154,1495,0,0,0,0,0,0,0,33,0,0,0,0,121,123,121,124,120,123,46,46,46,48,48,51,3,25,0,0,0,2
0.0755,0,lift,2,2227,976,3655,2666,2154,1494,2227,893,3655,2665,2154,1495,0,250,0,0,0,0,0,192,0,0,0,0,121,123,121,124,120,123,46,46,46,48,48,51,0,67,0,0,0,0
0.1087,0,lift,3,2227,1010,3655,2666,2154,1494,2227,910,3654,2664,2154,1495,0,550,0,-50,0,0,0,181,0,23,0,0,121,123,121,124,120,123,46,46,46,48,48,51,0,83,0,0,0,0
0.1423,0,lift,4,2227,1044,3655,2666,2154,1494,2227,932,3651,2662,2154,1495,0,550,-50,-50,0,0,0,223,27,30,0,0,121,123,121,124,120,123,46,46,46,48,48,51,0,72,0,0,0,0
0.1757,0,lift,5,2227,1077,3655,2666,2154,1494,2227,955,3645,2661,2152,1495,0,650,-200,0,-50,0,0,255,48,30,23,0,121,123,121,124,120,123,46,46,46,48,48,51,0,70,6,2,0,0
0.2087,0,lift,6,2227,1111,3655,2666,2154,1494,2227,979,3645,2660,2150,1495,0,700,0,-50,-100,0,0,365,51,37,30,0,121,123,121,124,120,123,46,46,46,48,48,51,0,138,4,3,1,0
0.2423,0,lift,7,2227,1145,3655,2666,2154,1494,2227,1007,3643,2657,2149,1495,0,850,-50,-50,-50,0,0,329,55,44,34,0,120,123,121,123,120,123,46,46,46,48,48,51,0,149,5,5,1,0
0.2757,0,lift,8,2227,1179,3655,2666,2154,1494,2227,1035,3641,2653,2148,1495,0,800,-100,-150,0,0,0,343,62,62,34,0,120,123,121,123,120,123,46,46,46,48,48,51,0,129,13,12,3,0
0.3087,0,lift,9,2227,1212,3655,2666,2154,1494,2227,1061,3640,2649,2148,1495,0,800,-50,-100,0,0,0,361,69,72,37,0,120,122,121,123,120,122,46,46,46,48,48,51,0,147,10,15,3,0
0.3423,0,lift,10,2227,1246,3655,2666,2154,1494,2227,1089,3638,2644,2147,1495,0,800,-50,-150,0,0,0,371,76,90,37,0,120,122,121,123,120,122,46,46,46,48,48,51,0,148,12,24,13,0
0.3755,0,lift,11,2227,1280,3655,2666,2154,1494,2227,1118,3635,2640,2147,1495,0,850,-50,-150,-50,0,0,382,86,104,41,0,120,122,121,123,120,122,46,46,46,48,48,51,0,248,18,36,6,0
0.4087,0,lift,12,2227,1314,3655,2666,2154,1494,2227,1145,3628,2637,2147,1495,0,850,-150,-100,0,0,0,519,104,115,41,0,120,122,121,123,120,122,46,46,46,48,48,51,0,255,41,42,4,0
0.4423,0,lift,13,2227,1347,3655,2666,2154,1494,2227,1174,3621,2636,2147,1495,0,750,-250,-50,0,0,0,445,129,122,41,0,120,122,120,123,120,122,46,46,46,48,48,51,0,268,66,39,3,0
0.4755,0,lift,14,2227,1381,3655,2666,2154,1494,2227,1203,3614,2635,2147,1495,0,800,-200,-50,0,0,0,452,242,125,41,0,120,122,120,123,119,122,46,46,46,48,48,51,0,229,77,47,3,0
0.5087,0,lift,15,2227,1415,3655,2666,2154,1494,2226,1231,3607,2635,2147,1495,-50,850,-200,0,0,0,0,463,181,125,41,0,120,122,120,123,119,122,46,46,46,48,48,51,0,350,84,50,4,0
0.5422,0,lift,16,2227,1448,3655,2666,2154,1494,2226,1259,3599,2636,2147,1495,0,850,-250,0,0,0,0,512,291,122,41,0,120,122,120,122,119,122,46,46,46,48,48,51,0,355,117,49,3,0
0.5755,0,lift,17,2227,1482,3655,2666,2154,1494,2226,1287,3593,2636,2147,1495,0,800,-200,0,0,0,0,523,231,122,41,0,120,122,120,122,119,121,46,46,46,48,48,51,0,399,141,48,4,0
0.609,0,lift,18,2227,1516,3655,2666,2154,1494,2226,1315,3589,2636,2147,1495,0,800,-150,0,0,0,0,625,333,122,41,0,120,121,119,122,118,121,46,46,46,48,48,51,0,383,141,47,3,0
0.6423,0,lift,19,2227,1550,3655,2666,2154,1494,2226,1339,3583,2636,2147,1495,0,800,-150,0,0,0,0,650,269,122,41,0,119,121,119,122,118,121,46,46,46,48,48,51,0,486,164,47,4,0
0.6757,0,lift,20,2227,1583,3655,2666,2154,1494,2225,1362,3576,2636,2147,1495,-50,650,-200,0,0,0,23,681,291,122,41,0,119,120,119,121,118,120,46,46,46,48,48,51,0,729,177,47,3,0
0.7087,0,lift,21,2227,1617,3655,2666,2154,1494,2225,1386,3570,2637,2147,1495,0,750,-200,50,0,0,23,649,308,118,41,0,119,121,119,121,118,120,46,46,46,48,48,51,0,668,218,36,3,0
0.7423,0,lift,22,2227,1651,3655,2666,2154,1494,2225,1410,3563,2638,2148,1495,0,700,-200,50,0,0,23,674,421,115,37,0,119,120,118,121,118,120,46,46,46,48,48,51,0,751,256,32,2,0
0.7755,0,lift,23,2227,1685,3655,2666,2154,1494,2225,1429,3561,2638,2149,1495,0,550,-100,0,50,0,23,808,347,115,34,0,118,120,118,120,117,119,46,46,46,48,48,51,0,969,233,30,1,0
0.8087,0,lift,24,2227,1718,3655,2666,2154,1494,2225,1444,3559,2638,2149,1495,0,500,-50,0,0,0,23,780,354,115,34,0,118,119,117,120,116,119,46,46,46,48,48,51,0,1350,229,29,1,0
0.8423,0,lift,25,2227,1752,3655,2666,2154,1494,2225,1459,3557,2638,2150,1495,0,450,-50,0,0,0,23,945,357,115,30,0,117,118,116,119,115,118,46,46,46,48,48,51,0,1598,299,29,1,0
0.8755,0,lift,26,2227,1786,3655,2666,2154,1494,2225,1467,3556,2638,2150,1495,0,300,-50,0,0,0,23,938,365,115,30,0,116,117,115,118,114,117,46,46,46,48,48,51,0,1789,290,28,0,0
0.9087,0,lift,27,2227,1820,3655,2666,2154,1494,2225,1471,3551,2639,2152,1495,0,150,-100,0,50,0,23,1000,379,115,27,0,116,116,115,117,114,116,46,46,46,48,48,51,0,2040,291,28,0,0
0.9422,0,lift,28,2227,1853,3655,2666,2154,1494,2225,1474,3548,2639,2153,1495,0,0,-150,0,50,0,23,1000,389,111,23,0,115,116,114,116,113,116,46,46,46,48,48,51,0,1937,352,26,0,0
0.9757,0,lift,29,2227,1887,3655,2666,2154,1494,2225,1476,3548,2639,2153,1495,0,50,-50,0,50,0,23,1000,393,111,0,0,115,116,114,117,113,116,46,46,46,48,48,51,0,1904,301,26,0,0
1.0097,0,align,0,2225,1887,3614,2678,2153,1515,2225,1476,3548,2639,2154,1495,0,0,0,0,0,0,23,1000,393,111,0,0,115,116,114,117,114,116,46,46,46,48,48,51,0,1901,285,24,0,0
1.0422,0,align,1,2223,1887,3574,2691,2152,1537,2224,1476,3543,2641,2154,1498,0,0,0,50,50,0,0,1000,344,146,0,79,116,117,115,117,114,116,46,46,46,48,48,51,0,1902,163,57,0,5
1.0755,0,align,2,2221,1887,3533,2704,2151,1558,2224,1482,3533,2647,2155,1503,0,50,-250,200,50,100,0,1000,153,181,-27,139,116,117,115,117,114,116,46,46,46,48,48,51,0,1897,110,37,0,22
1.1087,0,align,3,2219,1887,3492,2716,2151,1579,2224,1508,3517,2657,2157,1519,0,750,-450,250,100,500,-27,1000,69,189,-37,157,117,118,116,118,115,118,46,46,46,48,48,51,2,1506,42,46,2,29
1.1423,0,align,4,2217,1887,3452,2728,2150,1601,2223,1556,3493,2670,2160,1536,0,1400,-750,350,100,450,-34,1000,66,185,-44,185,118,119,117,119,116,119,46,46,46,48,48,51,2,1148,39,41,6,14
1.1757,0,align,5,2215,1887,3411,2741,2149,1622,2221,1615,3462,2684,2158,1552,-50,1650,-850,450,-50,450,-30,949,34,174,-44,199,119,120,119,121,118,120,46,46,46,48,48,51,0,711,20,27,2,10
1.2087,0,align,6,2213,1887,3371,2754,2148,1643,2219,1668,3433,2700,2156,1564,-50,1650,-900,400,-50,400,-30,645,-26,181,-44,139,120,121,120,122,119,121,46,46,46,48,48,51,0,313,2,15,1,43
1.2423,0,align,7,2211,1887,3330,2766,2147,1665,2216,1717,3398,2720,2154,1577,-50,1600,-950,550,-100,350,-30,544,-37,69,-37,252,121,122,120,123,119,122,46,46,46,48,48,51,0,158,0,4,1,114
1.2757,0,align,8,2209,1887,3289,2778,2146,1686,2214,1756,3365,2736,2150,1590,-50,1250,-950,600,0,350,-30,396,-58,132,-27,298,121,123,121,124,120,123,46,46,46,48,48,51,1,116,16,4,0,105
1.3087,0,align,9,2207,1887,3249,2791,2145,1707,2213,1787,3335,2751,2150,1605,-50,1000,-900,450,0,450,-30,311,-121,115,-30,319,121,123,122,124,121,123,46,46,46,48,48,51,0,53,16,10,1,103
1.3422,0,align,10,2205,1887,3208,2804,2144,1729,2211,1815,3304,2770,2150,1622,-50,900,-950,500,0,500,-30,291,-146,-27,-34,329,122,124,122,124,121,123,46,46,46,48,48,51,0,23,9,10,2,88
1.3754,0,align,11,2203,1887,3167,2816,2144,1750,2209,1836,3278,2786,2151,1639,-50,700,-800,500,50,500,-34,206,-188,97,-41,252,122,123,122,125,121,123,46,46,46,48,48,51,0,9,6,1,3,120
1.409,0,align,12,2201,1887,3127,2828,2143,1771,2206,1859,3251,2801,2151,1656,-100,750,-850,450,0,550,-30,33,-230,79,-41,262,122,124,122,125,121,123,46,46,46,48,48,51,3,1,49,0,3,157
1.4423,0,align,13,2199,1887,3086,2841,2142,1793,2204,1870,3222,2818,2151,1673,-50,300,-900,500,0,500,90,86,-297,62,-44,379,122,124,122,124,121,123,46,46,46,48,48,51,1,1,96,4,3,154
1.4756,0,align,14,2198,1887,3046,2854,2141,1814,2202,1877,3193,2836,2150,1690,-50,250,-800,550,0,500,-27,-62,-336,41,-48,393,121,124,122,124,120,123,46,46,46,48,48,51,0,0,120,5,2,156
1.5087,0,align,15,2196,1887,3005,2866,2140,1835,2201,1882,3163,2850,2148,1706,0,150,-1000,500,-50,500,-30,37,-357,48,-41,407,121,123,121,124,120,122,46,46,46,48,48,51,0,2,99,1,2,209
1.5422,0,align,16,2194,1887,2964,2878,2139,1857,2198,1887,3133,2865,2147,1724,-100,150,-800,450,-50,550,-27,0,-392,30,-41,410,121,123,121,124,120,122,46,46,46,48,48,51,0,0,155,12,3,224
1.5753,0,align,17,2192,1887,2924,2891,2138,1878,2196,1890,3101,2881,2145,1744,-50,100,-850,400,-50,600,-27,-27,-417,0,-37,350,121,123,121,124,120,122,46,46,46,48,48,51,1,2,283,1,2,205
1.6087,0,align,18,2190,1887,2883,2904,2138,1899,2193,1890,3068,2891,2144,1768,-100,0,-950,350,0,700,0,-27,-473,0,80,340,121,123,121,123,120,122,46,46,46,48,48,51,1,2,238,3,2,163
1.6422,0,align,19,2188,1887,2842,2916,2137,1921,2190,1890,3027,2899,2143,1795,-50,0,-1150,250,-50,750,0,-27,-470,34,-34,311,121,123,121,124,120,122,46,46,46,48,48,51,0,1,169,1,1,89
1.6757,0,align,20,2186,1887,2802,2928,2136,1942,2188,1890,2983,2905,2142,1825,-50,0,-1250,200,0,900,0,-27,-449,-59,-34,276,121,123,121,124,120,123,46,46,46,48,48,51,0,2,109,0,2,59
1.7087,0,align,21,2184,1887,2761,2941,2135,1963,2186,1891,2940,2906,2140,1857,-50,50,-1300,50,-50,950,0,-30,-424,93,-34,234,122,123,122,124,121,123,46,46,46,48,48,51,1,1,127,3,1,67
1.7422,0,align,22,2182,1887,2720,2954,2134,1985,2185,1893,2897,2914,2138,1885,-50,50,-1300,150,-50,900,0,-37,-374,30,-27,234,121,124,122,124,121,123,46,46,46,48,48,51,1,3,168,19,1,24
1.7757,0,align,23,2180,1887,2680,2966,2133,2006,2183,1894,2857,2925,2139,1913,-50,50,-1100,350,0,850,0,-41,-452,122,-34,202,121,124,122,124,121,123,46,46,46,48,48,51,0,4,173,27,2,11
1.8087,0,align,24,2178,1887,2639,2978,2132,2027,2181,1894,2818,2934,2139,1939,-50,0,-1200,250,-50,750,0,-41,-353,143,-37,178,122,124,122,124,121,123,46,46,46,48,48,51,0,4,126,15,2,20
1.8422,0,align,25,2176,1887,2599,2991,2131,2049,2178,1894,2777,2947,2139,1963,-100,0,-1200,300,0,750,0,-41,-431,139,-41,245,122,124,122,124,121,123,46,46,46,48,48,51,0,3,89,6,4,41
1.8755,0,align,26,2174,1887,2558,3004,2131,2070,2176,1894,2736,2959,2139,1988,-50,0,-1150,400,0,700,0,-41,-332,139,-44,174,122,124,122,124,121,123,46,46,46,48,48,51,1,3,215,9,4,24
1.9087,0,align,27,2172,1887,2517,3016,2130,2091,2174,1894,2700,2972,2140,2011,-50,0,-1100,350,0,750,0,-41,-466,47,-44,245,122,124,122,124,121,123,46,46,46,48,48,51,0,4,176,19,4,6
1.9422,0,align,28,2170,1887,2477,3028,2129,2113,2173,1894,2660,2985,2140,2032,-50,0,-1150,350,50,600,0,-41,-466,125,-51,234,122,124,122,124,121,123,46,46,46,48,48,51,0,4,150,14,6,12
1.9757,0,align,29,2168,1887,2436,3041,2128,2134,2170,1894,2619,2999,2138,2054,-100,0,-1150,350,-100,650,0,-41,-452,54,-48,231,122,123,122,124,121,123,46,46,46,48,48,51,0,3,139,6,4,30
2.0087,0,home,0,2168,1887,2436,3041,2128,2134,2168,1894,2581,3012,2138,2077,-100,0,-1150,350,0,700,0,-41,-449,47,-51,220,122,123,122,124,121,123,46,46,46,48,48,51,0,3,165,6,4,32
2.0112,0,home,1,2168,1887,2436,3041,2129,2134,2168,1894,2579,3013,2138,2078,-100,0,-1150,500,0,700,0,-41,-449,47,-51,220,122,123,122,124,121,123,46,46,46,48,48,51,0,3,114,6,5,17
2.0427,0,home,2,2168,1887,2436,3041,2129,2134,2167,1894,2547,3019,2138,2093,0,0,-950,200,0,600,0,-41,-361,-20,-48,90,122,124,122,125,121,124,46,46,46,48,48,51,0,3,82,4,4,12
2.076,0,home,3,2168,1887,2436,3041,2130,2134,2167,1894,2524,3025,2138,2104,0,0,-800,200,0,350,0,-41,-259,76,-48,129,122,124,122,125,121,124,46,46,46,48,48,51,0,3,58,1,4,2
2.1095,0,home,4,2168,1887,2436,3041,2130,2134,2167,1894,2508,3028,2138,2112,0,0,-550,150,0,300,0,-41,-280,65,-44,97,122,124,122,125,121,124,46,46,46,48,48,51,0,4,62,2,4,6
2.1431,0,home,5,2168,1887,2436,3041,2130,2134,2167,1894,2498,3030,2138,2116,0,0,-400,100,0,200,0,-41,-238,55,-44,79,122,124,122,125,121,124,46,46,46,48,48,51,0,3,42,2,4,7
2.1762,0,home,6,2168,1887,2436,3041,2130,2134,2167,1894,2493,3032,2138,2120,0,0,-200,100,0,100,0,-41,-217,48,-44,69,122,124,122,125,121,124,46,46,46,48,48,51,0,3,71,3,4,5
2.2097,0,home,7,2168,1887,2436,3041,2130,2134,2167,1894,2490,3034,2138,2122,0,0,-100,50,0,100,0,-41,-210,41,-44,62,122,124,122,125,121,124,46,46,46,48,48,51,0,3,93,2,4,2
2.2433,0,home,8,2168,1887,2436,3041,2130,2134,2167,1894,2488,3034,2138,2122,0,0,-100,0,0,0,0,-41,-199,41,-44,58,122,124,122,125,121,124,46,46,46,48,48,51,0,3,96,2,3,7
2.2765,0,home,9,2168,1887,2436,3041,2130,2134,2167,1894,2486,3034,2138,2124,0,0,-50,0,0,100,0,-41,-192,41,-44,51,122,124,122,125,121,124,46,46,46,48,48,51,0,3,84,3,4,3
2.3097,0,home,10,2168,1887,2436,3041,2130,2134,2167,1894,2486,3034,2138,2124,0,0,0,0,0,0,0,-41,-192,41,-44,51,122,124,122,125,121,124,46,46,46,48,48,51,0,2,83,2,4,4
2.3433,0,home,11,2168,1887,2436,3041,2130,2134,2167,1894,2485,3034,2138,2124,0,0,0,0,0,0,0,-41,-189,41,-44,51,122,124,122,125,121,124,46,46,46,48,48,51,0,3,80,2,4,4
2.3767,0,home,12,2168,1887,2436,3041,2130,2134,2167,1894,2485,3034,2138,2124,0,0,-50,0,0,0,0,-41,-189,41,-44,51,122,124,122,125,121,124,46,46,46,48,48,51,0,4,80,2,4,4
2.4102,0,home,13,2168,1887,2436,3041,2130,2134,2167,1894,2485,3034,2138,2124,0,0,0,0,0,0,0,-41,-189,41,-44,51,122,124,122,125,121,124,46,46,46,48,48,51,0,4,81,2,4,4
2.4437,0,home,14,2168,1887,2436,3041,2130,2134,2167,1894,2485,3034,2138,2124,0,0,0,0,0,0,0,-41,-189,41,-44,51,122,124,122,125,121,124,46,46,46,48,48,51,0,4,81,2,3,4
2.4773,0,home,15,2168,1887,2436,3041,2130,2134,2167,1894,2485,3034,2138,2124,0,0,0,0,0,0,0,-41,-189,41,-44,51,122,124,122,125,121,124,46,46,46,48,48,51,0,3,80,3,4,4
2.5107,0,home,16,2168,1887,2436,3041,2130,2134,2167,1894,2485,3034,2138,2124,0,0,0,0,0,0,0,-41,-189,41,-44,51,122,124,122,125,121,124,46,46,46,48,48,51,0,3,80,3,4,4
2.5443,0,home,17,2168,1887,2436,3041,2130,2134,2167,1894,2485,3034,2138,2124,0,0,0,0,0,0,0,-41,-189,41,-44,51,122,124,122,125,121,124,46,46,46,48,48,51,0,3,80,2,4,4
2.5777,0,home,18,2168,1887,2436,3041,2130,2134,2167,1894,2485,3034,2138,2124,0,0,0,0,0,0,0,-41,-189,41,-44,51,122,124,122,125,121,124,46,46,46,48,48,51,0,4,81,2,4,4
2.6112,0,home,19,2168,1887,2436,3041,2130,2134,2167,1894,2485,3034,2138,2124,0,0,0,0,0,0,0,-41,-189,41,-44,51,122,124,122,125,121,124,46,46,46,48,48,51,0,4,80,3,4,4
2.6447,0,home,20,2168,1887,2436,3041,2130,2134,2167,1894,2485,3034,2138,2124,0,0,0,0,0,0,0,-41,-189,41,-44,51,122,124,122,125,121,124,46,46,46,48,48,51,0,4,81,2,4,4
2.6783,0,home,21,2168,1887,2436,3041,2130,2134,2167,1894,2485,3034,2138,2124,0,0,0,0,0,0,0,-41,-189,41,-44,51,122,124,122,125,121,124,46,46,46,48,48,51,0,3,80,2,4,4
2.7117,0,home,22,2168,1887,2436,3041,2130,2134,2167,1894,2485,3034,2138,2124,0,0,0,0,0,0,0,-41,-189,41,-44,51,122,124,122,125,121,124,46,46,46,48,48,51,0,3,80,3,4,4
2.7452,0,home,23,2168,1887,2436,3041,2130,2134,2167,1894,2485,3034,2138,2124,0,0,0,0,0,0,0,-41,-189,41,-44,51,122,124,122,125,121,124,46,46,46,48,48,51,0,4,81,2,4,4
2.7787,0,home,24,2168,1887,2436,3041,2130,2134,2167,1894,2485,3034,2138,2124,0,0,0,0,0,0,0,-41,-189,41,-44,51,122,124,122,125,121,124,46,46,46,48,48,51,0,3,80,3,4,4
2.8122,0,home,25,2168,1887,2436,3041,2130,2134,2167,1894,2485,3034,2138,2124,0,0,0,0,0,0,0,-41,-189,41,-44,51,122,124,122,125,121,124,46,46,46,48,48,51,0,4,80,3,4,4
2.8457,0,home,26,2168,1887,2436,3041,2130,2134,2167,1894,2485,3034,2138,2124,0,0,0,0,0,0,0,-41,-189,41,-44,51,122,124,122,125,121,124,46,46,46,48,48,51,0,4,81,2,4,4
2.8792,0,home,27,2168,1887,2436,3041,2130,2134,2167,1894,2485,3034,2138,2124,0,0,0,0,0,0,0,-41,-189,41,-44,51,122,124,122,125,121,124,46,46,46,48,48,51,0,3,81,2,4,4
2.9126,0,home,28,2168,1887,2436,3041,2130,2134,2167,1894,2485,3034,2138,2124,0,0,0,0,0,0,0,-41,-189,41,-44,51,122,124,122,125,121,124,46,46,46,48,48,51,0,3,81,2,4,4
2.9462,0,home,29,2168,1887,2436,3041,2130,2134,2167,1894,2485,3034,2138,2124,0,0,0,0,0,0,0,-41,-189,41,-44,51,122,124,122,125,121,124,46,46,46,48,48,51,0,3,81,2,4,4
2.9797,0,home,30,2168,1887,2436,3041,2130,2134,2167,1894,2485,3034,2138,2124,0,0,0,0,0,0,0,-41,-189,41,-44,51,122,124,122,125,121,124,46,46,46,48,48,51,0,3,80,3,4,4
3.0132,0,home,31,2168,1887,2436,3041,2130,2134,2167,1894,2485,3034,2138,2124,0,0,0,0,0,0,0,-41,-189,41,-44,51,122,124,122,125,121,124,46,46,46,48,48,51,0,3,81,3,4,4
3.0467,0,home,32,2168,1887,2436,3041,2130,2134,2167,1894,2485,3034,2138,2124,0,0,0,0,0,0,0,-41,-189,41,-44,51,122,124,122,125,121,124,46,46,46,48,48,51,0,3,80,2,4,4
3.0802,0,home,33,2168,1887,2436,3041,2130,2134,2167,1894,2485,3034,2138,2124,0,0,0,0,0,0,0,-41,-189,41,-44,51,122,124,122,125,121,124,46,46,46,48,48,51,0,4,80,3,4,4
3.1135,0,home,34,2168,1887,2436,3041,2130,2134,2167,1894,2485,3034,2138,2124,0,0,0,0,0,0,0,-41,-189,41,-44,51,122,124,122,125,121,124,46,46,46,48,48,51,0,4,80,2,4,4
3.147,0,home,35,2168,1887,2436,3041,2130,2134,2167,1894,2485,3034,2138,2124,0,0,0,0,0,0,0,-41,-189,41,-44,51,122,124,122,125,121,124,46,46,46,48,48,51,0,4,80,2,4,4
3.1806,0,home,36,2168,1887,2436,3041,2130,2134,2167,1894,2485,3034,2138,2124,0,0,0,0,0,0,0,-41,-189,41,-44,51,122,124,122,125,121,124,46,46,46,48,48,51,0,3,80,3,4,4
3.2142,0,home,37,2168,1887,2436,3041,2130,2134,2167,1894,2485,3034,2138,2124,0,0,0,0,0,0,0,-41,-189,41,-44,51,122,124,122,125,121,124,46,46,46,48,48,51,0,3,81,3,5,4
3.2475,0,home,38,2168,1887,2436,3041,2130,2134,2167,1894,2485,3034,2138,2124,0,0,0,0,0,0,0,-41,-189,41,-44,51,122,124,122,125,121,124,46,46,46,48,48,51,0,4,80,2,4,4
3.2814,0,home,39,2168,1886,2436,3041,2130,2134,2167,1894,2485,3034,2138,2124,0,0,0,0,0,0,0,-41,-189,41,-44,51,122,124,122,125,121,124,46,46,46,48,48,51,0,3,80,3,4,4
3.3147,0,home,40,2168,1883,2436,3041,2130,2134,2167,1894,2485,3034,2138,2124,0,0,0,0,0,0,0,-44,-189,41,-44,51,122,124,122,125,121,124,46,46,46,48,48,51,0,4,81,3,4,4
3.3482,0,home,41,2168,1878,2436,3041,2130,2134,2167,1894,2485,3034,2138,2124,0,0,0,0,0,0,0,-55,-189,41,-44,51,122,124,122,125,121,124,46,46,46,48,48,51,0,7,81,2,4,4
3.3815,0,home,42,2168,1873,2436,3041,2130,2134,2167,1894,2485,3034,2138,2124,0,0,0,0,0,0,0,-72,-189,41,-44,51,122,124,122,125,121,124,46,46,46,48,48,51,0,17,80,2,4,5
3.4147,0,home,43,2168,1868,2436,3041,2130,2134,2167,1894,2485,3034,2138,2124,0,0,0,0,0,0,0,-90,-189,41,-44,51,122,124,122,125,121,124,46,46,46,48,48,51,0,21,80,2,4,4
3.4483,0,home,44,2168,1864,2436,3041,2131,2134,2167,1894,2485,3034,2138,2124,0,0,0,0,0,0,0,-108,-189,41,-44,51,122,124,122,125,121,124,46,46,46,48,48,51,0,26,80,3,4,4
3.4818,0,home,45,2168,1861,2436,3041,2131,2134,2167,1894,2485,3034,2138,2124,0,0,0,0,0,0,0,-122,-189,41,-41,51,122,124,122,125,121,124,46,46,46,48,48,51,0,33,80,3,3,4
3.5152,0,home,46,2168,1861,2436,3041,2131,2134,2167,1894,2485,3034,2138,2124,0,0,0,0,0,0,0,-132,-189,41,-41,51,122,124,122,125,121,124,46,46,46,48,48,51,0,46,80,3,3,4
3.5486,0,home,47,2168,1861,2436,3041,2131,2134,2167,1894,2485,3034,2138,2124,0,0,0,0,0,0,0,-132,-189,41,-41,51,122,124,122,125,121,124,46,46,46,48,48,51,0,42,79,1,2,4
3.5822,0,home,48,2168,1861,2436,3041,2131,2134,2167,1894,2485,3034,2138,2124,0,0,0,0,0,0,0,-132,-189,41,-41,51,122,124,122,125,121,124,46,46,46,48,48,51,0,42,81,3,3,4
3.6156,0,home,49,2168,1861,2436,3041,2131,2134,2167,1894,2485,3034,2138,2124,0,0,0,0,0,0,0,-132,-189,41,-41,51,122,124,122,125,121,124,46,46,46,48,48,51,0,41,80,2,3,4
3.6492,0,home,50,2168,1861,2436,3041,2131,2134,2167,1894,2485,3034,2138,2124,0,0,0,0,0,0,0,-132,-189,41,-41,51,122,124,122,125,121,124,46,46,46,48,48,51,0,41,81,3,2,4
3.6832,0,home,51,2167,1861,2436,3041,2131,2134,2167,1894,2485,3034,2138,2124,0,0,0,0,0,0,0,-132,-189,41,-41,51,122,124,122,125,121,124,46,46,46,48,48,51,0,42,79,2,3,4
3.7162,0,home,52,2167,1858,2437,3041,2131,2134,2167,1894,2485,3034,2138,2124,0,0,0,0,0,0,0,-132,-189,41,-41,51,122,124,122,125,121,124,46,46,46,48,48,51,0,42,80,2,4,4
3.7497,0,home,53,2167,1853,2439,3041,2131,2134,2167,1894,2485,3034,2138,2124,0,0,0,0,0,0,0,-143,-185,41,-41,51,122,124,122,125,121,124,46,46,46,48,48,51,0,48,78,3,3,4
3.7833,0,home,54,2165,1845,2445,3041,2131,2134,2167,1894,2485,3034,2138,2124,0,0,0,0,0,0,0,-160,-178,41,-41,51,122,124,122,125,121,124,46,46,46,48,48,51,0,58,73,2,3,4
3.8167,0,home,55,2163,1834,2453,3041,2131,2134,2167,1894,2485,3034,2138,2124,0,0,0,0,0,0,-23,-189,-157,41,-41,51,122,124,122,125,121,124,46,46,46,48,48,51,0,77,59,3,3,4
3.8502,0,home,56,2160,1821,2462,3041,2131,2134,2166,1893,2485,3034,2138,2124,-50,0,0,0,0,0,-27,-227,-129,41,-41,51,122,124,122,125,121,124,46,46,46,48,48,51,0,102,36,2,3,4
3.8836,0,home,57,2158,1806,2476,3041,2131,2134,2163,1888,2485,3034,2138,2124,-50,-50,0,0,0,0,-30,-255,-97,41,-41,51,122,124,122,125,121,124,46,46,46,48,48,51,0,133,21,3,3,4
3.9172,0,home,58,2156,1788,2492,3041,2131,2134,2161,1880,2486,3034,2138,2124,-50,-150,0,0,0,0,90,-280,-51,41,-41,51,122,124,122,125,121,124,46,46,46,48,48,51,1,119,8,2,3,4
3.9506,0,home,59,2155,1770,2509,3041,2131,2134,2159,1869,2490,3034,2138,2124,-100,-300,50,0,0,0,-27,-315,-87,41,-41,51,122,124,122,125,121,124,46,46,46,48,48,51,0,141,5,3,3,4
3.9842,0,home,60,2155,1750,2527,3041,2131,2134,2157,1853,2499,3034,2137,2124,-50,-500,300,0,0,0,-23,-237,-59,41,-37,51,122,124,122,125,121,124,46,46,46,48,48,51,0,91,1,2,2,4
4.0175,0,home,61,2155,1729,2542,3041,2131,2134,2156,1835,2512,3034,2137,2124,-50,-450,350,0,0,0,0,-329,79,41,-37,51,122,124,122,125,121,124,46,46,46,48,48,51,0,111,4,2,3,4
4.0507,0,home,62,2155,1709,2554,3041,2131,2134,2156,1818,2525,3034,2137,2124,0,-550,450,0,0,0,0,-333,79,41,-37,51,122,124,122,125,121,124,46,46,46,48,48,51,0,121,9,3,2,4
4.0842,0,home,63,2155,1686,2567,3041,2130,2134,2156,1798,2539,3034,2137,2124,0,-600,400,0,0,0,0,-333,72,41,-37,51,122,124,122,125,121,124,46,46,46,48,48,51,0,148,5,2,3,4
4.1176,0,home,64,2155,1662,2578,3041,2131,2134,2156,1777,2552,3034,2137,2124,0,-550,350,0,0,0,0,-361,-34,41,-41,51,122,124,122,125,121,124,46,46,46,48,48,51,0,167,1,2,4,4
4.1512,0,home,65,2155,1639,2589,3041,2133,2134,2156,1755,2565,3034,2137,2124,0,-600,400,0,0,0,0,-365,-45,41,-37,51,122,124,122,125,121,124,46,46,46,48,48,51,0,101,0,2,2,4
4.1845,0,home,66,2155,1616,2604,3041,2136,2134,2156,1734,2577,3034,2137,2124,0,-650,350,0,0,0,0,-276,-55,41,-30,51,122,124,122,125,121,124,46,46,46,48,48,51,0,103,2,3,1,4
4.218,0,home,67,2155,1595,2618,3041,2137,2134,2156,1709,2590,3035,2137,2124,0,-650,350,50,0,0,0,-266,69,37,0,51,122,124,122,125,121,124,46,46,46,48,48,51,0,119,10,2,0,4
4.2512,0,home,68,2155,1574,2633,3041,2139,2134,2156,1686,2604,3035,2137,2124,0,-700,400,0,0,0,0,-252,-52,37,0,51,122,124,122,125,121,124,46,46,46,48,48,51,0,128,4,1,0,4
4.2846,0,home,69,2155,1556,2648,3041,2141,2134,2156,1663,2616,3035,2137,2124,0,-700,350,0,0,0,0,-266,-30,37,23,51,122,124,122,125,121,124,46,46,46,48,48,51,0,91,0,2,0,4
4.3182,0,home,70,2155,1538,2662,3041,2141,2134,2156,1640,2630,3035,2137,2124,0,-650,400,0,0,0,0,-241,-30,37,30,51,122,124,122,125,121,124,46,46,46,48,48,51,0,70,2,2,1,4
4.3515,0,home,71,2155,1519,2675,3041,2141,2134,2156,1617,2645,3035,2137,2124,0,-650,400,0,0,0,0,-220,83,37,30,51,122,124,122,125,121,124,46,46,46,48,48,51,0,60,8,2,1,4
4.3846,0,home,72,2155,1501,2687,3041,2141,2134,2156,1597,2659,3035,2137,2124,0,-700,450,0,0,0,0,-294,76,37,30,51,122,124,122,125,121,124,46,46,46,48,48,51,0,85,5,2,1,4
4.4182,0,home,73,2155,1479,2703,3041,2141,2134,2156,1576,2673,3035,2137,2124,0,-600,400,0,0,0,0,-305,83,37,30,51,122,124,122,125,121,124,46,46,46,48,48,51,0,53,1,1,1,4
4.4516,0,home,74,2155,1455,2721,3041,2141,2134,2156,1555,2686,3035,2137,2124,0,-600,400,0,0,0,0,-305,-30,37,30,51,122,124,122,125,121,124,46,46,46,48,48,51,0,63,0,2,0,4
4.4852,0,home,75,2155,1431,2741,3037,2141,2134,2156,1533,2701,3035,2137,2124,0,-650,400,0,0,0,0,-220,93,37,30,51,122,124,122,125,121,124,46,46,46,48,48,51,0,51,4,2,1,4
4.5183,0,home,76,2155,1405,2766,3027,2141,2134,2156,1510,2719,3035,2137,2124,0,-650,450,0,0,0,0,-216,101,23,30,51,122,124,122,125,121,124,46,46,46,48,48,51,0,66,11,0,1,4
4.5519,0,home,77,2155,1380,2793,3018,2141,2134,2156,1486,2739,3035,2137,2124,0,-700,550,0,0,0,0,-305,26,-44,30,51,122,124,122,125,121,124,46,46,46,48,48,51,0,92,18,2,1,4
4.5855,0,home,78,2155,1356,2821,3006,2141,2134,2156,1460,2764,3032,2137,2124,0,-750,750,0,0,0,0,-241,61,52,30,51,122,124,122,125,121,124,46,46,46,48,48,51,0,72,6,7,0,4
4.619,0,home,79,2155,1337,2849,2995,2141,2134,2156,1434,2788,3026,2137,2124,0,-800,750,-150,0,0,0,-227,65,-86,30,51,122,124,122,125,121,124,46,46,46,48,48,51,0,42,1,18,1,4
4.6522,0,home,80,2155,1319,2879,2982,2141,2134,2156,1411,2815,3018,2137,2124,0,-700,750,-300,0,0,0,-202,150,-23,30,51,122,124,122,125,121,124,46,46,46,48,48,51,0,34,0,3,1,4
4.6856,0,home,81,2155,1302,2909,2971,2141,2134,2156,1387,2843,3008,2137,2124,0,-700,850,-150,0,0,0,-178,65,-33,30,51,122,124,122,125,121,124,46,46,46,48,48,51,0,39,5,12,0,4
4.7192,0,home,82,2155,1288,2937,2957,2141,2134,2156,1365,2872,2998,2137,2124,0,-650,800,-300,0,0,0,-241,65,-118,30,51,122,124,122,125,121,124,46,46,46,48,48,51,0,40,18,9,1,4
4.7526,0,home,83,2155,1273,2966,2941,2141,2134,2156,1346,2900,2987,2137,2124,0,-600,850,-300,0,0,0,-153,90,-40,30,51,122,124,122,125,121,124,46,46,46,48,48,51,0,14,3,13,0,4
4.7861,0,home,84,2155,1256,2993,2925,2141,2134,2156,1327,2929,2973,2137,2124,0,-550,850,-300,0,0,0,-135,83,-132,30,51,122,124,122,125,121,124,46,46,46,48,48,51,0,22,0,25,1,4
4.8194,0,home,85,2155,1239,3020,2907,2141,2134,2156,1309,2959,2960,2137,2124,0,-500,800,-350,0,0,0,-213,65,-72,30,51,122,124,122,125,121,124,46,46,46,48,48,51,0,29,5,7,1,4
4.8531,0,home,86,2155,1224,3045,2887,2141,2134,2156,1292,2986,2945,2137,2124,0,-550,800,-400,0,0,0,-206,51,-79,30,51,122,124,122,125,121,124,46,46,46,48,48,51,0,31,23,10,1,4
4.8862,0,home,87,2155,1207,3072,2868,2141,2134,2156,1275,3015,2929,2137,2124,0,-500,850,-400,0,0,0,-217,72,-86,30,51,122,124,123,125,122,124,46,46,46,48,48,51,0,26,11,15,1,4
4.9196,0,home,88,2155,1192,3101,2850,2141,2134,2156,1258,3041,2911,2137,2124,0,-550,800,-400,0,0,0,-125,65,-174,30,51,122,124,122,125,122,124,46,46,46,48,48,51,0,15,1,19,1,4
4.9526,0,home,89,2155,1179,3128,2831,2141,2134,2156,1242,3068,2894,2137,2124,0,-500,800,-550,0,0,0,-114,65,-111,30,51,122,124,122,125,121,124,46,46,46,48,48,51,0,19,0,22,1,4
4.9862,0,home,90,2155,1167,3158,2813,2141,2134,2156,1225,3096,2875,2137,2124,0,-450,800,-500,0,0,0,-185,51,-107,30,51,122,124,122,125,121,124,46,46,46,48,48,51,0,28,5,6,1,4
5.02,0,home,91,2155,1155,3187,2796,2141,2134,2156,1210,3124,2857,2137,2124,0,-450,800,-500,0,0,0,-171,54,-100,30,51,122,124,122,125,122,124,46,46,46,48,48,51,0,26,24,7,0,4
5.0532,0,home,92,2155,1143,3217,2779,2141,2134,2156,1195,3153,2838,2137,2124,0,-400,850,-550,0,0,0,-174,86,-90,30,51,122,124,123,125,122,124,46,46,46,48,48,51,0,9,12,22,1,4
5.0866,0,home,93,2155,1131,3244,2761,2141,2134,2156,1182,3180,2821,2137,2124,0,-450,850,-500,0,0,0,-79,83,-83,30,51,122,124,122,125,122,124,46,46,46,48,48,51,0,11,1,45,1,4
5.1202,0,home,94,2155,1118,3272,2743,2143,2134,2156,1169,3210,2803,2137,2124,0,-400,850,-450,0,0,0,-157,153,-104,30,51,122,124,122,125,121,124,46,46,46,48,48,51,0,20,1,22,1,4
5.1535,0,home,95,2155,1105,3298,2728,2148,2134,2156,1156,3239,2785,2137,2124,0,-350,850,-600,0,0,0,-153,58,-185,37,51,122,124,123,125,122,124,46,46,46,48,48,51,0,18,8,6,2,4
5.1869,0,home,96,2155,1093,3324,2711,2152,2134,2156,1143,3266,2769,2138,2124,0,-400,850,-450,50,0,0,-150,79,-171,51,51,122,124,123,125,122,124,46,46,46,48,48,51,0,16,17,11,3,4
5.2202,0,home,97,2155,1079,3351,2697,2155,2134,2156,1130,3293,2751,2142,2124,0,-400,850,-500,100,0,0,-72,65,-76,55,51,122,124,122,125,122,124,46,46,46,48,48,51,0,12,2,19,3,4
5.2535,0,home,98,2156,1066,3377,2686,2157,2132,2156,1117,3320,2735,2146,2124,0,-350,750,-500,150,0,0,-72,58,-65,51,51,122,124,122,125,122,124,46,46,46,48,48,51,0,17,0,20,3,4
5.2869,0,home,99,2157,1052,3399,2680,2159,2123,2156,1103,3347,2722,2149,2124,0,-400,800,-400,100,0,0,-153,47,-72,-73,44,122,124,122,125,122,124,46,46,46,48,48,51,0,20,2,4,1,4
5.3205,0,home,100,2159,1036,3422,2675,2159,2104,2156,1089,3372,2710,2151,2124,0,-400,800,-350,100,0,0,-150,26,-132,44,0,122,124,123,125,122,124,46,46,46,48,48,51,0,16,5,6,2,1
5.3536,0,home,101,2160,1017,3444,2673,2159,2081,2157,1075,3397,2700,2153,2120,0,-400,750,-350,100,-100,23,-171,47,-111,37,-76,122,124,123,125,122,124,46,46,46,48,48,51,0,16,5,9,1,6
5.3872,0,home,102,2161,992,3465,2672,2161,2054,2157,1059,3421,2693,2155,2112,50,-500,700,-200,50,-150,27,-93,33,-90,30,-47,122,124,122,125,121,124,46,46,46,48,48,51,0,8,1,2,1,9
5.4206,0,home,103,2161,966,3483,2671,2161,2026,2157,1041,3443,2689,2155,2097,0,-450,700,-100,0,-300,30,-114,108,37,37,-178,122,124,122,125,121,124,46,46,46,48,48,51,0,15,0,5,2,15
5.4543,0,home,104,2161,938,3501,2671,2161,2001,2157,1020,3463,2685,2157,2079,0,-550,600,-100,100,-600,30,-128,93,-72,30,-118,122,124,122,125,121,124,46,46,46,48,48,51,1,29,8,2,0,49
5.4875,0,home,105,2161,918,3515,2671,2161,1982,2157,996,3481,2683,2157,2057,0,-700,500,-50,0,-650,30,-224,-30,-62,30,-238,122,124,122,125,121,124,46,46,46,48,48,51,0,72,8,3,1,31
5.5211,0,home,106,2161,905,3523,2671,2161,1967,2157,972,3497,2682,2157,2034,0,-750,550,-50,0,-650,30,-146,-23,-55,30,-135,122,124,122,125,121,124,46,46,46,48,48,51,0,19,1,4,2,7
5.5542,0,home,107,2161,897,3532,2671,2161,1957,2157,951,3511,2681,2157,2016,0,-650,450,0,0,-600,30,-107,-52,-51,30,-111,122,124,122,125,121,124,46,46,46,48,48,51,0,10,0,4,0,11
5.5881,0,home,108,2161,893,3540,2671,2161,1949,2157,933,3522,2681,2157,1998,0,-550,350,0,0,-550,30,-153,-62,-51,30,-167,122,124,122,125,122,124,46,46,46,48,48,51,1,9,5,4,0,8
5.6212,0,home,109,2161,889,3548,2671,2161,1942,2157,920,3533,2681,2157,1984,0,-500,300,0,0,-450,30,-115,-73,-51,30,-143,122,124,123,125,122,124,46,46,46,48,48,51,0,2,1,5,1,5
5.6545,0,home,110,2163,887,3557,2671,2161,1929,2157,910,3541,2681,2157,1972,0,-350,300,0,0,-400,30,16,-69,-51,30,-136,122,124,123,125,122,124,46,46,46,48,48,51,1,1,0,4,1,1
5.6882,0,home,111,2165,886,3566,2671,2161,1907,2157,904,3551,2681,2157,1961,0,-200,300,0,0,-300,37,-79,48,-51,30,-136,122,124,123,125,122,124,46,46,46,48,48,51,3,5,0,5,0,5
5.7212,0,home,112,2167,884,3574,2671,2161,1879,2158,899,3561,2681,2157,1946,0,-200,250,0,0,-350,41,-65,41,-51,30,-164,122,124,122,125,122,124,46,46,46,48,48,51,2,2,5,5,0,17
5.7551,0,home,113,2169,884,3581,2671,2161,1838,2160,895,3570,2681,2157,1928,50,-100,300,0,0,-500,44,-58,34,-51,30,-196,122,124,122,125,121,124,46,46,46,48,48,51,1,1,3,5,1,34
5.7885,0,home,114,2169,884,3583,2671,2161,1792,2162,892,3580,2680,2157,1904,100,-100,300,0,0,-750,41,-44,23,-48,30,-167,122,124,122,125,121,124,46,46,46,48,48,51,4,1,3,4,1,71
5.8219,0,home,115,2169,884,3584,2671,2161,1743,2164,890,3589,2680,2157,1877,50,-50,300,0,0,-750,34,-37,-115,-48,30,-259,122,124,122,125,121,124,46,46,46,48,48,51,1,2,3,4,1,66
5.8555,0,home,116,2169,883,3586,2671,2161,1694,2165,889,3592,2680,2157,1842,50,-50,150,0,0,-1000,30,-34,-44,-48,30,-304,122,124,122,125,121,124,46,46,46,48,48,51,0,1,3,4,1,49
5.8886,0,home,117,2172,879,3594,2671,2161,1647,2165,888,3592,2680,2157,1803,0,0,0,0,0,-1100,30,-34,-37,-48,30,-336,122,124,122,125,121,124,46,46,46,48,48,51,1,0,3,4,1,55
5.9231,0,home,118,2175,879,3602,2671,2161,1613,2165,883,3596,2680,2157,1762,0,-100,0,0,0,-1150,41,-34,0,-48,30,-262,122,124,122,125,121,124,46,46,46,48,48,51,3,2,2,4,1,41
5.9566,0,home,119,2179,879,3612,2671,2161,1588,2168,879,3604,2680,2157,1721,100,-200,200,0,0,-1150,44,0,-193,-48,30,-230,122,124,122,125,122,124,46,46,46,48,48,51,2,0,0,4,1,45
5.9901,0,home,120,2183,880,3623,2671,2161,1571,2171,878,3612,2680,2157,1685,100,-50,250,0,0,-1200,44,0,27,-48,30,-308,122,124,123,125,122,124,46,46,46,48,48,51,3,0,1,4,1,32
6.0235,0,home,121,2185,880,3637,2668,2160,1559,2174,878,3622,2680,2157,1650,100,0,300,0,0,-1050,48,23,30,-48,30,-230,122,124,123,125,122,124,46,46,46,48,48,51,2,1,0,4,1,10
6.0571,0,home,122,2188,878,3644,2666,2160,1550,2177,878,3631,2674,2155,1623,50,0,250,-200,-100,-900,44,23,41,-37,30,-167,122,124,123,125,122,124,46,46,46,48,48,51,1,0,5,2,1,11
6.0902,0,home,123,2192,876,3651,2666,2159,1544,2179,878,3640,2672,2154,1602,100,0,250,-50,-50,-650,48,0,34,-37,37,-114,122,124,123,125,122,124,46,46,46,48,48,51,1,0,1,2,1,8
6.1241,0,home,124,2196,875,3652,2666,2160,1539,2182,876,3647,2669,2154,1585,100,0,200,-50,0,-550,51,0,34,-30,34,-178,122,124,123,125,122,124,46,46,46,48,48,51,5,0,0,1,1,2
6.1576,0,home,125,2200,875,3652,2666,2160,1536,2186,876,3651,2667,2154,1572,100,-50,200,-50,0,-400,55,0,23,-23,37,-143,122,124,123,125,122,124,46,46,46,48,48,51,4,0,0,0,0,6
6.1912,0,home,126,2205,875,3652,2666,2160,1533,2189,876,3655,2667,2155,1562,100,0,100,-50,50,-350,55,0,-23,0,34,-115,122,124,123,125,122,124,46,46,46,48,48,51,4,0,1,0,1,11
6.2246,0,home,127,2210,875,3652,2666,2160,1529,2193,875,3655,2666,2155,1555,150,0,100,-50,0,-250,58,0,-27,0,34,-97,122,125,123,125,122,124,46,46,46,48,48,51,2,0,0,0,0,10
6.2582,0,home,128,2215,875,3652,2666,2160,1522,2197,875,3655,2666,2155,1550,100,0,0,0,0,-200,65,0,-27,0,34,-90,122,124,123,125,122,124,46,46,46,48,48,51,3,0,0,0,2,10
6.2916,0,home,129,2222,875,3652,2666,2160,1510,2202,875,3655,2666,2156,1544,150,0,0,0,0,-200,65,0,-27,0,30,-101,122,124,123,125,122,124,46,46,46,48,48,51,8,0,0,0,1,2
6.3251,0,home,130,2226,875,3652,2666,2160,1497,2206,875,3655,2666,2156,1536,150,0,0,0,0,-300,76,0,-27,0,30,-115,122,124,123,125,122,124,46,46,46,48,48,51,9,0,0,0,1,5
6.3585,0,home,131,2229,875,3652,2666,2160,1489,2211,875,3655,2666,2156,1526,150,0,0,0,0,-250,69,0,-27,0,30,-125,122,124,123,125,122,124,46,46,46,48,48,51,4,0,0,0,1,17
6.3922,0,home,132,2231,875,3652,2666,2160,1484,2215,875,3655,2666,2156,1517,150,0,0,0,0,-300,69,0,-27,0,30,-118,122,124,123,125,122,124,46,46,46,48,48,51,3,0,0,0,1,13
6.4255,0,home,133,2233,875,3652,2666,2160,1481,2219,875,3655,2666,2156,1509,100,0,0,0,0,-250,62,0,-27,0,30,-19,122,124,123,125,122,124,46,46,46,48,48,51,1,0,0,0,1,4
6.4592,0,home,134,2233,875,3652,2666,2160,1480,2222,875,3655,2666,2156,1503,100,0,0,0,0,-250,55,0,-27,0,30,20,122,124,123,125,122,124,46,46,46,48,48,51,2,0,0,0,1,5
6.4921,0,home,135,2233,875,3652,2666,2160,1480,2225,875,3655,2666,2156,1499,50,0,0,0,0,-150,48,0,-27,0,30,-86,122,124,123,125,122,124,46,46,46,48,48,51,1,0,0,0,1,8
6.5261,0,home,136,2233,875,3652,2666,2160,1480,2226,875,3655,2666,2156,1496,50,0,0,0,0,-100,41,0,-27,0,30,-76,122,124,123,125,122,124,46,46,46,48,48,51,1,0,0,0,0,9
6.5593,0,home,137,2233,875,3652,2666,2160,1480,2227,875,3655,2666,2156,1495,50,0,0,0,0,-50,37,0,-27,0,30,-69,122,124,123,125,122,124,46,46,46,48,48,51,1,0,0,0,1,6
6.5931,0,home,138,2233,875,3652,2666,2160,1480,2227,875,3655,2666,2156,1494,0,0,0,0,0,-50,37,0,-27,0,30,-65,122,124,123,125,122,124,46,46,46,48,48,51,3,0,0,0,0,8
6.6262,0,home,139,2233,875,3652,2666,2160,1480,2227,875,3655,2666,2156,1494,0,0,0,0,0,0,37,0,-27,0,30,-65,122,124,123,125,122,124,46,46,46,48,48,51,2,0,0,0,1,8
6.6596,0,home,140,2233,875,3652,2666,2160,1480,2227,875,3655,2666,2156,1494,0,0,0,0,0,0,37,0,-27,0,30,-65,122,125,123,125,122,124,46,46,46,48,48,51,2,0,0,0,1,9
6.6931,0,home,141,2233,875,3652,2666,2160,1480,2227,875,3655,2666,2156,1494,0,0,0,0,0,0,37,0,-27,0,30,-65,122,124,123,125,122,124,46,46,46,48,48,51,3,0,0,0,1,9
6.7266,0,home,142,2233,875,3652,2666,2160,1480,2227,875,3655,2666,2156,1494,0,0,0,0,0,0,37,0,-27,0,30,-65,122,124,123,125,122,124,46,46,46,48,48,51,3,0,0,0,0,8
6.7602,0,home,143,2233,875,3652,2666,2160,1480,2227,875,3655,2666,2156,1494,0,0,0,0,0,0,37,0,-27,0,30,-65,122,124,123,125,122,124,46,46,46,48,48,51,2,0,0,0,1,9
6.7935,0,home,144,2233,875,3652,2666,2160,1480,2227,875,3655,2666,2156,1494,0,0,0,0,0,0,37,0,-27,0,30,-65,122,124,123,125,122,124,46,46,46,48,48,51,3,0,0,0,1,9
6.8271,0,home,145,2233,875,3652,2666,2160,1480,2227,875,3655,2666,2156,1494,0,0,0,0,0,0,37,0,-27,0,30,-65,122,124,123,125,122,124,46,46,46,48,48,51,2,0,0,0,1,9
6.8605,0,home,146,2233,875,3652,2666,2160,1480,2227,875,3655,2666,2156,1494,0,0,0,0,0,0,37,0,-27,0,30,-65,122,124,123,125,122,124,46,46,46,48,48,51,2,0,0,0,0,9
6.8941,0,home,147,2233,875,3652,2666,2160,1480,2227,875,3655,2666,2156,1494,0,0,0,0,0,0,37,0,-27,0,30,-65,122,124,123,125,122,124,46,46,46,48,48,51,3,0,0,0,1,9
6.9272,0,home,148,2233,875,3652,2666,2160,1480,2227,875,3655,2666,2156,1494,0,0,0,0,0,0,37,0,-27,0,30,-65,122,124,123,125,122,124,46,46,46,48,48,51,3,0,0,0,0,9
6.9611,0,home,149,2233,875,3652,2666,2160,1480,2227,875,3655,2666,2156,1494,0,0,0,0,0,0,37,0,-27,0,30,-65,122,124,123,125,122,124,46,46,46,48,48,51,3,0,0,0,1,9
6.9941,0,home,150,2233,875,3652,2666,2160,1480,2227,875,3655,2666,2156,1494,0,0,0,0,0,0,37,0,-27,0,30,-65,122,124,123,125,122,124,46,46,46,48,48,51,2,0,0,0,0,9
7.0276,0,home,151,2233,875,3652,2666,2160,1480,2227,875,3655,2666,2156,1494,0,0,0,0,0,0,37,0,-27,0,30,-65,122,124,123,125,122,124,46,46,46,48,48,51,2,0,0,0,0,9
7.0611,0,home,152,2233,875,3652,2666,2160,1480,2227,875,3655,2666,2156,1494,0,0,0,0,0,0,37,0,-27,0,30,-65,122,124,123,125,122,124,46,46,46,48,48,51,2,0,1,0,0,9
7.0944,0,home,153,2233,875,3652,2666,2160,1480,2227,875,3655,2666,2156,1494,0,0,0,0,0,0,37,0,-27,0,30,-65,122,124,123,125,122,124,46,46,46,48,48,51,1,0,0,0,1,9
7.1281,0,home,154,2233,875,3652,2666,2160,1480,2227,875,3655,2666,2156,1494,0,0,0,0,0,0,37,0,-27,0,30,-65,122,124,123,125,122,124,46,46,46,48,48,51,2,0,0,0,1,9
7.1614,0,home,155,2233,875,3652,2666,2160,1480,2227,875,3655,2666,2156,1494,0,0,0,0,0,0,37,0,-27,0,30,-65,122,124,123,125,122,124,46,46,46,48,48,51,3,0,0,0,1,9
7.1951,0,home,156,2233,875,3652,2666,2160,1480,2227,875,3655,2666,2156,1494,0,0,0,0,0,0,37,0,-27,0,30,-65,122,124,123,125,122,124,46,46,46,48,48,51,2,0,0,0,1,9
7.2284,0,home,157,2233,875,3652,2666,2160,1480,2227,875,3655,2666,2156,1494,0,0,0,0,0,0,37,0,-27,0,30,-65,122,124,123,125,122,124,46,46,46,48,48,51,2,0,0,0,1,9
7.2621,0,home,158,2233,875,3652,2666,2160,1480,2227,875,3655,2666,2156,1494,0,0,0,0,0,0,37,0,-27,0,30,-65,122,124,123,125,122,124,46,46,46,48,48,51,2,0,0,0,0,9
7.2954,0,home,159,2233,875,3652,2666,2160,1480,2227,875,3655,2666,2156,1494,0,0,0,0,0,0,37,0,-27,0,30,-65,122,124,123,125,122,124,46,46,46,48,48,51,2,0,0,0,1,8
7.3286,0,home,160,2233,875,3652,2666,2160,1480,2227,875,3655,2666,2156,1494,0,0,0,0,0,0,37,0,-27,0,30,-65,122,124,123,125,122,124,46,46,46,48,48,51,2,0,0,0,1,9
7.3621,0,home,161,2233,875,3652,2666,2160,1480,2227,875,3655,2666,2156,1494,0,0,0,0,0,0,37,0,-27,0,30,-65,122,124,123,125,122,124,46,46,46,48,48,51,3,0,0,0,1,9
7.3959,0,home,162,2233,875,3652,2666,2160,1480,2227,875,3655,2666,2156,1494,0,0,0,0,0,0,37,0,-27,0,30,-65,122,124,123,125,122,124,46,46,46,48,48,51,2,0,0,0,1,9
7.4291,0,home,163,2233,875,3652,2666,2160,1480,2227,875,3655,2666,2156,1494,0,0,0,0,0,0,37,0,-27,0,30,-65,122,124,123,125,122,124,46,46,46,48,48,51,3,0,0,0,1,9
7.4627,0,home,164,2233,875,3652,2666,2160,1480,2227,875,3655,2666,2156,1494,0,0,0,0,0,0,37,0,-27,0,30,-65,122,124,123,125,122,124,46,46,46,48,48,51,2,0,0,0,1,9
7.4959,0,home,165,2233,875,3652,2666,2160,1480,2227,875,3655,2666,2156,1494,0,0,0,0,0,0,37,0,-27,0,30,-65,122,124,123,125,122,124,46,46,46,48,48,51,2,0,0,0,1,9
7.5292,0,home,166,2233,875,3652,2666,2160,1480,2227,875,3655,2666,2156,1494,0,0,0,0,0,0,37,0,-27,0,30,-65,122,125,123,125,122,124,46,46,46,48,48,51,3,0,0,0,0,9
7.5629,0,home,167,2233,875,3652,2666,2160,1480,2227,875,3655,2666,2156,1494,0,0,0,0,0,0,37,0,-27,0,30,-65,122,125,123,125,122,124,46,46,46,48,48,51,2,0,0,0,0,9
7.5961,0,home,168,2233,875,3652,2666,2160,1480,2227,875,3655,2666,2156,1494,0,0,0,0,0,0,37,0,-27,0,30,-65,122,124,123,125,122,124,46,46,46,48,48,51,2,0,0,0,1,9
7.6294,0,home,169,2233,875,3652,2666,2160,1480,2227,875,3655,2666,2156,1494,0,0,0,0,0,0,37,0,-27,0,30,-65,122,125,123,125,122,124,46,46,46,48,48,51,2,0,0,0,1,8
7.6631,0,home,170,2233,875,3652,2666,2160,1480,2227,875,3655,2666,2156,1494,0,0,0,0,0,0,37,0,-27,0,30,-65,122,124,123,125,122,124,46,46,46,48,48,51,2,0,0,0,1,9
7.7031,1,lift,0,2227,909,3655,2666,2156,1494,2227,875,3655,2666,2156,1494,0,0,0,0,0,0,20,0,-27,0,30,-65,122,124,123,125,122,124,46,46,46,48,48,51,5,0,0,0,1,8
7.7365,1,lift,1,2227,942,3655,2666,2156,1494,2227,880,3655,2666,2156,1495,0,0,0,0,0,50,0,37,0,0,0,0,122,124,123,125,122,124,46,46,46,48,48,51,1,24,0,0,0,1
7.7701,1,lift,2,2227,976,3655,2666,2156,1494,2227,892,3655,2665,2156,1496,0,350,0,-50,0,0,0,196,0,0,0,-23,122,124,123,125,122,124,46,46,46,48,48,51,0,39,0,0,0,0
7.8031,1,lift,3,2227,1010,3655,2666,2156,1494,2227,911,3655,2664,2156,1496,0,600,0,-50,0,0,0,248,0,23,0,-23,122,124,123,125,122,124,46,46,46,48,48,51,0,100,0,6,0,0
7.8366,1,lift,4,2227,1044,3655,2666,2156,1494,2227,931,3651,2662,2154,1496,0,500,-50,-50,-50,0,0,230,23,30,0,-23,122,124,123,125,122,124,46,46,46,48,48,51,0,118,1,1,0,0
7.8698,1,lift,5,2227,1077,3655,2666,2156,1494,2227,955,3645,2661,2154,1496,0,650,-250,0,0,0,0,262,48,30,23,-23,122,124,122,125,122,124,46,46,46,48,48,51,0,91,5,0,0,0
7.9031,1,lift,6,2227,1111,3655,2666,2156,1494,2227,981,3645,2661,2153,1496,0,700,-50,-50,0,0,0,283,51,34,27,-23,122,124,122,125,121,124,46,46,46,48,48,51,0,114,4,1,0,0
7.9364,1,lift,7,2227,1145,3655,2666,2156,1494,2227,1007,3643,2660,2153,1496,0,750,-50,0,0,0,0,301,58,37,27,-23,122,124,122,125,121,124,46,46,46,48,48,51,0,167,7,2,0,0
7.9698,1,lift,8,2227,1179,3655,2666,2156,1494,2227,1035,3641,2656,2152,1496,0,850,-50,-50,-50,0,0,350,62,48,30,-23,122,124,122,125,121,124,46,46,46,48,48,51,0,183,21,7,0,0
8.0031,1,lift,9,2227,1212,3655,2666,2156,1494,2227,1063,3640,2650,2152,1496,0,850,-50,-200,0,0,0,368,69,69,30,-23,122,124,122,125,121,124,46,46,46,48,48,51,0,173,11,42,1,0
8.0366,1,lift,10,2227,1246,3655,2666,2156,1494,2227,1089,3638,2645,2152,1496,0,750,-50,-150,0,0,0,378,76,83,30,-23,122,124,122,125,121,123,46,46,46,48,48,51,0,146,11,27,0,0
8.0696,1,lift,11,2227,1280,3655,2666,2156,1494,2227,1118,3635,2641,2152,1496,0,850,-50,-150,0,0,0,389,83,101,30,-23,122,123,122,124,121,123,46,46,46,48,48,51,0,169,22,34,0,0
8.1031,1,lift,12,2227,1314,3655,2666,2156,1494,2227,1147,3629,2638,2152,1496,0,850,-150,-100,0,0,0,403,192,115,30,-23,121,123,122,124,121,123,46,46,46,48,48,51,0,260,45,37,0,0
8.1365,1,lift,13,2227,1347,3655,2666,2156,1494,2226,1173,3623,2636,2152,1496,0,800,-250,-50,0,0,0,452,210,118,30,-23,121,123,121,124,120,123,46,46,46,48,48,51,0,264,58,39,0,0
8.1698,1,lift,14,2227,1381,3655,2666,2156,1494,2226,1203,3616,2635,2152,1496,0,850,-200,-50,0,0,0,459,146,125,30,-23,121,123,121,124,120,123,46,46,46,48,48,51,0,260,67,44,1,0
8.2031,1,lift,15,2227,1415,3655,2666,2156,1494,2226,1232,3609,2635,2152,1496,0,850,-200,0,0,0,0,470,259,125,30,-23,121,123,121,124,120,123,46,46,46,48,48,51,0,280,95,48,1,0
8.2366,1,lift,16,2227,1448,3655,2666,2156,1494,2226,1257,3601,2635,2152,1496,0,750,-250,0,0,0,0,487,203,125,30,-23,121,123,121,124,120,122,46,46,46,48,48,51,0,447,130,49,0,0
8.2696,1,lift,17,2227,1482,3655,2666,2156,1494,2226,1286,3594,2636,2152,1496,0,850,-250,0,0,0,0,621,224,122,30,-23,121,123,121,123,120,122,46,46,46,48,48,51,0,498,130,44,0,0
8.3031,1,lift,18,2227,1516,3655,2666,2156,1494,2225,1314,3590,2636,2152,1496,-50,850,-150,0,0,0,23,547,241,122,30,-23,120,122,120,123,120,122,46,46,46,48,48,51,0,490,129,46,0,0
8.3362,1,lift,19,2227,1550,3655,2666,2156,1494,2225,1337,3587,2636,2152,1496,0,750,-100,0,0,0,23,572,252,122,30,-23,120,122,120,123,119,122,46,46,46,48,48,51,0,492,148,45,1,0
8.37,1,lift,20,2227,1583,3655,2666,2156,1494,2225,1359,3580,2636,2152,1496,0,600,-250,0,0,0,23,695,277,122,30,-23,120,122,120,122,119,121,46,46,46,48,48,51,0,733,226,45,0,0
8.4032,1,lift,21,2227,1617,3655,2666,2156,1494,2225,1383,3573,2636,2152,1496,0,750,-250,0,0,0,23,635,294,122,30,-23,120,121,119,122,118,121,46,46,46,48,48,51,0,895,243,45,1,0
8.4364,1,lift,22,2227,1651,3655,2666,2156,1494,2225,1407,3565,2637,2153,1496,0,750,-200,0,50,0,23,692,326,118,27,-23,119,121,119,121,118,121,46,46,46,48,48,51,0,916,246,38,0,0
8.4695,1,lift,23,2227,1685,3655,2666,2156,1494,2225,1425,3561,2638,2154,1496,0,550,-150,50,50,0,23,737,343,115,23,-23,119,120,118,121,117,120,46,46,46,48,48,51,0,971,249,31,0,0
8.503,1,lift,24,2227,1718,3655,2666,2156,1494,2224,1442,3559,2638,2155,1496,0,500,-50,0,0,0,27,794,350,115,0,-23,118,120,118,120,117,119,46,46,46,48,48,51,0,1244,236,30,0,0
8.5365,1,lift,25,2227,1752,3655,2666,2156,1494,2224,1458,3557,2638,2155,1496,0,500,-50,0,0,0,27,846,361,115,0,-23,118,119,117,120,116,119,46,46,46,48,48,51,0,1331,279,31,0,0
8.5698,1,lift,26,2227,1786,3655,2666,2156,1494,2224,1469,3556,2638,2156,1496,0,300,0,0,50,0,27,1000,365,115,0,-23,117,118,116,119,115,118,46,46,46,48,48,51,0,1921,327,30,0,0
8.6031,1,lift,27,2227,1820,3655,2666,2156,1494,2224,1473,3555,2638,2156,1496,0,150,-50,0,0,0,27,1000,368,115,0,-23,116,118,116,118,115,117,46,46,46,48,48,51,0,2039,281,30,0,0
8.6365,1,lift,28,2227,1853,3655,2666,2156,1494,2224,1474,3551,2638,2157,1496,0,0,-100,0,0,0,27,1000,467,115,0,-23,116,117,116,118,115,117,46,46,46,48,48,51,0,1909,292,29,0,0
8.6698,1,lift,29,2227,1887,3655,2666,2156,1494,2224,1474,3550,2639,2157,1496,0,0,-50,0,0,0,27,1000,386,111,0,-23,116,117,115,118,114,117,46,46,46,48,48,51,0,1892,286,27,0,0
8.704,1,align,0,2225,1887,3614,2678,2155,1515,2224,1474,3549,2639,2157,1496,0,0,0,0,0,0,27,1000,389,111,0,-23,116,117,115,117,114,116,46,46,46,48,48,51,0,1882,345,27,0,0
8.7365,1,align,1,2223,1887,3574,2691,2154,1537,2224,1475,3545,2640,2158,1498,0,0,0,50,50,0,0,1000,337,150,-27,79,116,117,115,118,114,117,46,46,46,48,48,51,0,1884,180,59,0,6
8.7695,1,align,2,2221,1887,3533,2704,2153,1558,2224,1484,3534,2645,2160,1503,0,150,-300,50,100,150,0,1000,146,178,-37,143,117,117,116,118,115,117,46,46,46,48,48,51,0,2103,87,73,2,10
8.803,1,align,3,2219,1887,3492,2716,2152,1579,2224,1516,3518,2656,2162,1518,0,550,-400,250,50,350,-27,1000,150,199,-48,160,117,118,116,119,115,118,46,46,46,48,48,51,0,1516,66,36,2,21
8.8365,1,align,4,2217,1887,3452,2728,2151,1601,2224,1561,3493,2669,2163,1537,0,1250,-650,350,50,550,-34,997,94,104,-55,167,118,119,118,120,117,119,46,46,46,48,48,51,3,1279,44,29,2,23
8.8698,1,align,5,2215,1887,3411,2741,2150,1622,2222,1620,3462,2684,2160,1551,0,1700,-850,400,-100,500,-37,857,27,93,-51,118,119,121,119,121,118,121,46,46,46,48,48,51,1,670,21,34,2,12
8.9031,1,align,6,2213,1887,3371,2754,2149,1643,2220,1674,3431,2700,2158,1564,-100,1550,-950,450,-50,350,-34,645,-30,79,73,227,120,122,120,122,119,122,46,46,46,48,48,51,0,369,3,15,3,27
8.9364,1,align,7,2211,1887,3330,2766,2149,1665,2218,1719,3398,2719,2156,1577,-50,1500,-1000,600,-100,400,-37,459,-44,76,-41,252,121,122,121,123,120,122,46,46,46,48,48,51,1,193,0,6,3,64
8.9698,1,align,8,2209,1887,3289,2778,2148,1686,2216,1758,3365,2736,2152,1590,-100,1150,-1000,550,-100,400,-37,396,-150,51,-27,195,121,123,121,124,120,123,46,46,46,48,48,51,2,103,0,1,0,144
9.0031,1,align,9,2207,1887,3249,2791,2147,1707,2215,1790,3335,2752,2152,1605,0,950,-950,450,0,400,-41,273,-133,33,-30,234,121,123,122,124,121,123,46,46,46,48,48,51,3,58,20,5,1,127
9.0365,1,align,10,2205,1887,3208,2804,2146,1729,2214,1815,3304,2770,2152,1623,-50,850,-950,550,0,550,-41,291,-153,-20,-34,333,122,124,122,124,121,123,46,46,46,48,48,51,0,23,21,11,2,96
9.07,1,align,11,2203,1887,3167,2816,2145,1750,2211,1837,3278,2786,2150,1639,-50,700,-800,550,-50,500,-37,206,-195,-37,-34,255,122,124,122,124,121,123,46,46,46,48,48,51,1,7,19,5,2,107
9.1031,1,align,12,2201,1887,3127,2828,2144,1771,2209,1860,3250,2802,2150,1657,-100,550,-750,450,-50,450,-37,33,-234,83,-34,262,122,124,122,125,121,123,46,46,46,48,48,51,0,1,20,1,0,121
9.1362,1,align,13,2199,1887,3086,2841,2143,1793,2206,1870,3222,2817,2150,1674,-100,450,-800,450,0,500,-37,76,-269,65,-37,357,122,124,122,124,121,123,46,46,46,48,48,51,2,0,91,0,0,169
9.1696,1,align,14,2198,1887,3046,2854,2142,1814,2203,1878,3193,2835,2149,1691,-50,200,-800,500,-50,500,-30,58,-343,-73,-37,304,121,123,122,124,120,123,46,46,46,48,48,51,0,1,139,17,0,182
9.203,1,align,15,2196,1887,3005,2866,2141,1835,2203,1883,3161,2851,2147,1707,0,150,-1000,500,-50,500,-34,37,-364,-87,-37,407,121,123,121,124,120,123,46,46,46,48,48,51,0,0,97,16,3,216
9.2365,1,align,16,2194,1887,2964,2878,2140,1857,2199,1888,3133,2866,2147,1726,-100,150,-800,450,-50,500,-27,0,-399,34,-37,410,121,123,121,124,120,122,46,46,46,48,48,51,0,0,141,4,3,192
9.2699,1,align,17,2192,1887,2924,2891,2139,1878,2197,1890,3101,2881,2147,1745,-100,100,-900,450,0,600,-30,-27,-424,0,-41,325,121,123,121,124,120,122,46,46,46,48,48,51,3,1,194,1,3,185
9.3031,1,align,18,2190,1887,2883,2904,2138,1899,2194,1890,3065,2891,2146,1769,-50,0,-1100,350,-50,650,-27,-27,-435,23,-41,428,121,123,121,124,120,122,46,46,46,48,48,51,1,0,260,0,3,142
9.3362,1,align,19,2188,1887,2842,2916,2137,1921,2192,1890,3027,2899,2143,1798,-50,0,-1100,250,-50,800,-27,-27,-477,-83,-37,311,121,123,121,124,120,123,46,46,46,48,48,51,1,0,188,2,2,93
9.3696,1,align,20,2186,1887,2802,2928,2136,1942,2190,1890,2983,2904,2143,1826,-100,0,-1250,200,0,850,-23,-27,-459,58,-37,280,121,124,122,124,121,123,46,46,46,48,48,51,0,1,105,2,2,55
9.4031,1,align,21,2184,1887,2761,2941,2135,1963,2188,1891,2938,2906,2140,1857,-50,0,-1300,100,0,900,94,-30,-346,93,-34,237,122,123,122,124,120,123,46,46,46,48,48,51,0,2,96,2,2,38
9.4363,1,align,22,2182,1887,2720,2954,2135,1985,2186,1893,2898,2913,2138,1888,-50,50,-1250,0,-150,900,-23,-37,-417,122,-27,199,122,124,122,124,121,123,46,46,46,48,48,51,1,5,130,5,1,39
9.47,1,align,23,2180,1887,2680,2966,2134,2006,2184,1894,2858,2924,2140,1914,-50,50,-1150,250,0,900,-27,-41,-463,125,-30,206,122,124,122,124,121,123,46,46,46,48,48,51,0,4,153,12,2,11
9.5031,1,align,24,2178,1887,2639,2978,2133,2027,2182,1893,2816,2935,2139,1940,-50,-50,-1250,250,-50,750,-23,-37,-364,129,-34,181,122,124,122,124,121,123,46,46,46,48,48,51,0,4,151,17,3,8
9.5365,1,align,25,2176,1887,2599,2991,2132,2049,2179,1893,2778,2947,2139,1965,-50,0,-1200,400,0,750,0,-37,-442,58,-37,160,122,124,122,124,121,123,46,46,46,48,48,51,0,4,92,12,3,23
9.5696,1,align,26,2174,1887,2558,3004,2131,2070,2177,1893,2737,2959,2140,1988,-100,0,-1200,400,0,750,0,-37,-431,143,-44,146,122,124,122,125,121,123,46,46,46,48,48,51,1,4,101,4,4,46
9.6031,1,align,27,2172,1887,2517,3016,2130,2091,2175,1894,2700,2973,2140,2011,-50,50,-1150,300,0,700,0,-41,-478,51,-48,248,122,124,122,124,121,123,46,46,46,48,48,51,1,4,250,13,3,17
9.6365,1,align,28,2170,1887,2477,3028,2129,2113,2173,1894,2660,2985,2140,2034,-50,0,-1100,350,0,650,0,-41,-389,129,-51,238,122,124,122,124,121,123,46,46,46,48,48,51,0,4,212,12,5,11
9.6699,1,align,29,2168,1887,2436,3041,2128,2134,2171,1894,2620,2999,2140,2055,-100,0,-1150,350,-50,600,0,-41,-463,122,-140,146,122,124,122,124,121,123,46,46,46,48,48,51,0,3,147,9,6,15
9.7031,1,home,0,2168,1887,2436,3041,2128,2134,2169,1895,2580,3012,2139,2077,-50,0,-1200,300,50,650,0,-44,-459,139,-55,224,122,123,121,124,121,123,46,46,46,48,48,51,0,3,126,6,4,23
9.7053,1,home,1,2168,1887,2436,3041,2129,2134,2169,1895,2577,3013,2139,2078,-50,0,-1200,300,50,650,0,-44,-459,30,-55,224,122,124,122,124,121,123,46,46,46,48,48,51,0,3,126,6,4,23
9.7369,1,home,2,2168,1887,2436,3041,2129,2134,2168,1895,2548,3019,2138,2094,-50,0,-1100,500,-50,500,0,-44,-329,101,-48,160,122,124,122,125,121,123,46,46,46,48,48,51,0,3,88,4,4,7
9.7701,1,home,3,2168,1887,2436,3041,2130,2134,2167,1894,2525,3025,2138,2105,0,0,-700,200,0,300,0,76,-266,76,-48,129,122,124,122,125,121,124,46,46,46,48,48,51,0,2,53,4,4,6
9.8035,1,home,4,2168,1887,2436,3041,2130,2134,2167,1894,2508,3028,2138,2112,0,0,-500,100,0,300,0,-41,-284,-55,-44,97,122,124,122,125,121,124,46,46,46,48,48,51,0,3,72,0,4,5
9.8371,1,home,5,2168,1887,2436,3041,2130,2134,2167,1894,2498,3031,2138,2117,0,0,-350,100,0,150,0,-41,-241,-66,-44,79,122,124,122,125,121,124,46,46,46,48,48,51,0,2,59,3,4,5
9.8705,1,home,6,2168,1887,2436,3041,2130,2134,2167,1895,2493,3032,2138,2120,0,50,-150,50,0,100,0,-44,-132,48,-44,65,122,124,122,125,121,124,46,46,46,48,48,51,0,4,84,2,4,8
9.904,1,home,7,2168,1887,2436,3041,2130,2134,2167,1895,2491,3034,2138,2122,0,0,-50,50,0,100,0,-44,-210,41,-44,58,122,124,122,125,121,124,46,46,46,48,48,51,0,4,87,2,4,5
9.9373,1,home,8,2168,1887,2436,3041,2130,2134,2167,1895,2488,3034,2138,2124,0,0,-50,0,0,50,0,-44,-203,41,-44,55,122,124,122,125,121,124,46,46,46,48,48,51,0,4,87,2,4,4
9.9705,1,home,9,2168,1887,2436,3041,2130,2134,2167,1895,2488,3034,2138,2125,0,0,0,0,0,50,0,-44,-199,41,-44,51,122,124,122,125,121,124,46,46,46,48,48,51,0,3,89,2,4,3
10.0041,1,home,10,2168,1887,2436,3041,2130,2134,2167,1895,2488,3034,2138,2126,0,0,0,0,0,50,0,-44,-199,41,-44,44,122,124,122,125,121,124,46,46,46,48,48,51,0,4,89,3,4,2
10.0375,1,home,11,2168,1887,2436,3041,2130,2134,2167,1895,2488,3034,2138,2126,0,0,0,0,0,0,0,-44,-199,41,-44,44,122,124,122,125,121,124,46,46,46,48,48,51,0,4,89,3,4,3
10.071,1,home,12,2168,1887,2436,3041,2130,2134,2167,1895,2488,3034,2138,2126,0,0,0,0,0,0,0,-44,-199,41,-44,44,122,124,122,125,121,124,46,46,46,48,48,51,0,4,89,3,4,3
10.104,1,home,13,2168,1887,2436,3041,2130,2134,2167,1895,2488,3034,2138,2126,0,0,0,0,0,0,0,-44,-199,41,-44,44,122,124,122,125,121,124,46,46,46,48,48,51,0,4,89,2,4,2
10.138,1,home,14,2168,1887,2436,3041,2130,2134,2167,1895,2488,3034,2138,2126,0,0,0,0,0,0,0,-44,-199,41,-44,44,122,124,122,125,121,124,46,46,46,48,48,51,0,4,90,2,4,3
10.1715,1,home,15,2168,1887,2436,3041,2130,2134,2167,1895,2488,3034,2138,2126,0,0,0,0,0,0,0,-44,-199,41,-44,44,122,124,122,125,121,124,46,46,46,48,48,51,0,4,90,2,4,2
10.2048,1,home,16,2168,1887,2436,3041,2130,2134,2167,1895,2488,3034,2138,2126,0,0,0,0,0,0,0,-44,-199,41,-44,44,122,124,122,125,121,124,46,46,46,48,48,51,0,3,89,2,4,2
10.2384,1,home,17,2168,1887,2436,3041,2130,2134,2167,1895,2488,3034,2138,2126,0,0,0,0,0,0,0,-44,-199,41,-44,44,122,124,122,125,121,124,46,46,46,48,48,51,0,4,90,2,4,3
10.272,1,home,18,2168,1887,2436,3041,2130,2134,2167,1895,2488,3034,2138,2126,0,0,0,0,0,0,0,-44,-199,41,-44,44,122,124,122,125,121,124,46,46,46,48,48,51,0,4,90,2,4,3
10.3052,1,home,19,2168,1887,2436,3041,2130,2134,2167,1895,2488,3034,2138,2126,0,0,0,0,0,0,0,-44,-199,41,-44,44,122,124,122,125,121,124,46,46,46,48,48,51,0,4,89,2,3,2
10.3386,1,home,20,2168,1887,2436,3041,2130,2134,2167,1895,2488,3034,2138,2126,0,0,0,0,0,0,0,-44,-199,41,-44,44,122,124,122,125,121,124,46,46,46,48,48,51,0,4,89,2,4,3
10.3723,1,home,21,2168,1887,2436,3041,2130,2134,2167,1895,2488,3034,2138,2126,0,0,0,0,0,0,0,-44,-199,41,-44,44,122,124,122,125,121,124,46,46,46,48,48,51,0,4,90,3,4,3
10.406,1,home,22,2168,1887,2436,3041,2130,2134,2167,1895,2488,3034,2138,2126,0,0,0,0,0,0,0,-44,-199,41,-44,44,122,124,122,125,121,124,46,46,46,48,48,51,0,4,90,2,4,3
10.4395,1,home,23,2168,1887,2436,3041,2130,2134,2167,1895,2488,3034,2138,2126,0,0,0,0,0,0,0,-44,-199,41,-44,44,122,124,122,125,121,124,46,46,46,48,48,51,0,4,91,2,4,2
10.473,1,home,24,2168,1887,2436,3041,2130,2134,2167,1895,2488,3034,2138,2126,0,0,0,0,0,0,0,-44,-199,41,-44,44,122,124,122,125,121,124,46,46,46,48,48,51,0,4,88,2,4,4
10.5063,1,home,25,2168,1887,2436,3041,2130,2134,2167,1895,2488,3034,2138,2126,0,0,0,0,0,0,0,-44,-199,41,-44,44,122,124,122,125,121,124,46,46,46,48,48,51,0,3,89,2,4,3
10.54,1,home,26,2168,1887,2436,3041,2130,2134,2167,1895,2488,3034,2138,2126,0,0,0,0,0,0,0,-44,-199,41,-44,44,122,124,122,125,121,124,46,46,46,48,48,51,0,3,89,2,3,4
10.5731,1,home,27,2168,1887,2436,3041,2130,2134,2167,1895,2488,3034,2138,2126,0,0,0,0,0,0,0,-44,-199,41,-44,44,122,124,122,125,121,124,46,46,46,48,48,51,0,4,89,2,4,3
10.6065,1,home,28,2168,1887,2436,3041,2130,2134,2167,1895,2488,3034,2138,2126,0,0,0,0,0,0,0,-44,-199,41,-44,44,122,124,122,125,121,124,46,46,46,48,48,51,0,4,89,2,4,2
10.6403,1,home,29,2168,1887,2436,3041,2130,2134,2167,1895,2488,3034,2138,2126,0,0,0,0,0,0,0,-44,-199,41,-44,44,122,124,122,125,121,124,46,46,46,48,48,51,0,3,89,3,4,3
10.6741,1,home,30,2168,1887,2436,3041,2130,2134,2167,1895,2488,3034,2138,2126,0,0,0,0,0,0,0,-44,-199,41,-44,44,122,124,122,125,121,124,46,46,46,48,48,51,0,3,89,2,4,3
10.7074,1,home,31,2168,1887,2436,3041,2130,2134,2167,1895,2488,3034,2138,2126,0,0,0,0,0,0,0,-44,-199,41,-44,44,122,124,122,125,121,124,46,46,46,48,48,51,0,4,89,2,4,2
10.741,1,home,32,2168,1887,2436,3041,2130,2134,2167,1895,2488,3034,2138,2126,0,0,0,0,0,0,0,-44,-199,41,-44,44,122,124,122,125,121,124,46,46,46,48,48,51,0,3,89,3,4,3
10.7744,1,home,33,2168,1887,2436,3041,2130,2134,2167,1895,2488,3034,2138,2126,0,0,0,0,0,0,0,-44,-199,41,-44,44,122,124,122,125,121,124,46,46,46,48,48,51,0,4,89,2,4,2
10.8075,1,home,34,2168,1887,2436,3041,2130,2134,2167,1895,2488,3034,2138,2126,0,0,0,0,0,0,0,-44,-199,41,-44,44,122,124,122,125,121,124,46,46,46,48,48,51,0,4,89,2,4,2
10.8411,1,home,35,2168,1887,2436,3041,2130,2134,2167,1895,2488,3034,2138,2126,0,0,0,0,0,0,0,-44,-199,41,-44,44,122,124,122,125,121,124,46,46,46,48,48,51,0,4,90,3,3,2
10.8745,1,home,36,2168,1887,2436,3041,2130,2134,2167,1895,2488,3034,2138,2126,0,0,0,0,0,0,0,-44,-199,41,-44,44,122,124,122,125,121,124,46,46,46,48,48,51,0,4,89,2,4,3
10.908,1,home,37,2168,1887,2436,3041,2130,2134,2167,1895,2488,3034,2138,2126,0,0,0,0,0,0,0,-44,-199,41,-44,44,122,124,122,125,121,124,46,46,46,48,48,51,0,3,90,2,4,3
10.9415,1,home,38,2168,1887,2436,3041,2130,2134,2167,1895,2488,3034,2138,2126,0,0,0,0,0,0,0,-44,-199,41,-44,44,122,124,122,125,121,124,46,46,46,48,48,51,0,3,89,2,4,3
10.9753,1,home,39,2168,1886,2436,3041,2130,2134,2167,1895,2488,3034,2138,2126,0,0,0,0,0,0,0,-44,-199,41,-44,44,122,124,122,125,121,124,46,46,46,48,48,51,0,3,89,2,4,3
11.0085,1,home,40,2168,1883,2436,3041,2130,2134,2167,1895,2488,3034,2138,2126,0,0,0,0,0,0,0,-48,-199,41,-44,44,122,124,122,125,121,124,46,46,46,48,48,51,0,4,89,3,4,3
11.0423,1,home,41,2168,1878,2436,3041,2130,2134,2167,1895,2488,3034,2138,2126,0,0,0,0,0,0,0,-58,-199,41,-44,44,122,124,122,125,121,124,46,46,46,48,48,51,0,7,90,3,4,3
11.0755,1,home,42,2168,1873,2436,3041,2130,2134,2167,1895,2488,3034,2138,2126,0,0,0,0,0,0,0,-76,-199,41,-44,44,122,124,122,125,121,124,46,46,46,48,48,51,0,13,89,2,4,4
11.1091,1,home,43,2168,1868,2436,3041,2130,2134,2167,1895,2488,3034,2138,2126,0,0,0,0,0,0,0,-93,-199,41,-44,44,122,124,122,125,121,124,46,46,46,48,48,51,0,25,89,3,4,2
11.1425,1,home,44,2168,1864,2436,3041,2131,2134,2167,1895,2488,3034,2138,2126,0,0,0,0,0,0,0,-111,-199,41,-44,44,122,124,122,125,121,124,46,46,46,48,48,51,0,30,89,2,4,2
11.176,1,home,45,2168,1861,2436,3041,2131,2134,2167,1895,2488,3034,2138,2126,0,0,0,0,0,0,0,-125,-199,41,-41,44,122,124,122,125,121,124,46,46,46,48,48,51,0,35,88,2,3,2
11.2093,1,home,46,2168,1861,2436,3041,2131,2134,2167,1895,2488,3034,2138,2126,0,0,0,0,0,0,0,-136,-199,41,-41,44,122,124,122,125,121,124,46,46,46,48,48,51,0,40,89,2,3,3
11.243,1,home,47,2168,1861,2436,3041,2131,2134,2167,1895,2488,3034,2138,2126,0,0,0,0,0,0,0,-136,-199,41,-41,44,122,124,122,125,121,124,46,46,46,48,48,51,0,42,89,2,3,3
11.2763,1,home,48,2168,1861,2436,3041,2131,2134,2167,1895,2488,3034,2138,2126,0,0,0,0,0,0,0,-136,-199,41,-41,44,122,124,122,125,121,124,46,46,46,48,48,51,0,42,88,2,3,2
11.31,1,home,49,2168,1861,2436,3041,2131,2134,2167,1895,2488,3034,2138,2126,0,0,0,0,0,0,0,-136,-199,41,-41,44,122,124,122,125,121,124,46,46,46,48,48,51,0,43,89,2,3,3
11.3435,1,home,50,2168,1861,2436,3041,2131,2134,2167,1895,2488,3034,2138,2126,0,0,0,0,0,0,0,-136,-199,41,-41,44,122,124,122,125,121,124,46,46,46,48,48,51,0,43,88,2,3,3
11.377,1,home,51,2167,1861,2436,3041,2131,2134,2167,1895,2488,3034,2138,2126,0,0,0,0,0,0,0,-136,-199,41,-41,44,122,124,122,125,121,124,46,46,46,48,48,51,0,42,88,2,3,3
11.4105,1,home,52,2167,1858,2437,3041,2131,2134,2167,1895,2488,3034,2138,2126,0,0,0,0,0,0,0,-136,-199,41,-41,44,122,124,122,125,121,124,46,46,46,48,48,51,0,43,89,3,3,3
11.444,1,home,53,2167,1853,2439,3041,2131,2134,2167,1895,2488,3034,2138,2126,0,0,0,0,0,0,0,-146,-196,41,-41,44,122,124,122,125,121,124,46,46,46,48,48,51,0,50,85,3,3,3
11.4775,1,home,54,2165,1845,2445,3041,2131,2134,2167,1895,2488,3034,2138,2126,0,0,0,0,0,0,0,-164,-189,41,-41,44,122,124,122,125,121,124,46,46,46,48,48,51,0,61,80,2,3,3
11.511,1,home,55,2163,1834,2453,3041,2131,2134,2167,1895,2488,3034,2138,2126,0,0,0,0,0,0,-23,-192,-167,41,-41,44,122,124,122,125,121,124,46,46,46,48,48,51,0,78,67,2,3,3
11.5443,1,home,56,2160,1821,2462,3041,2131,2134,2167,1893,2488,3034,2138,2126,0,-50,0,0,0,0,-30,-227,-139,41,-41,44,122,124,122,125,121,124,46,46,46,48,48,51,1,108,46,2,2,3
11.578,1,home,57,2158,1806,2476,3041,2131,2134,2165,1888,2488,3034,2138,2126,-50,-100,0,0,0,0,-34,-259,-108,41,-41,44,122,124,122,125,121,124,46,46,46,48,48,51,0,122,26,2,3,4
11.6111,1,home,58,2156,1788,2492,3041,2131,2134,2162,1880,2489,3034,2138,2126,-50,-250,50,0,0,0,-34,-284,-62,41,-41,44,122,124,122,125,121,124,46,46,46,48,48,51,2,139,14,3,3,3
11.645,1,home,59,2155,1770,2509,3041,2131,2134,2159,1868,2493,3034,2137,2126,-50,-350,100,0,0,0,-30,-216,0,41,-41,44,122,124,122,125,121,124,46,46,46,48,48,51,2,144,3,3,1,3
11.678,1,home,60,2155,1750,2527,3041,2131,2134,2157,1853,2503,3034,2137,2126,-100,-400,250,0,-50,0,-27,-241,-69,41,-37,44,122,124,122,125,121,124,46,46,46,48,48,51,0,137,1,3,2,3
11.7115,1,home,61,2155,1729,2542,3041,2131,2134,2156,1835,2514,3034,2137,2126,0,-500,300,0,0,0,0,-245,72,41,-37,44,122,124,122,125,121,124,46,46,46,48,48,51,0,90,0,3,2,3
11.745,1,home,62,2155,1709,2554,3041,2131,2134,2156,1816,2528,3034,2137,2126,-50,-550,350,0,0,0,0,-248,76,41,-37,44,122,124,122,125,121,124,46,46,46,48,48,51,0,89,4,2,2,3
11.7784,1,home,63,2155,1686,2567,3041,2130,2134,2156,1797,2540,3034,2137,2126,0,-500,400,0,0,0,0,-248,-48,41,-37,44,122,124,122,125,121,124,46,46,46,48,48,51,0,116,7,2,1,3
11.8118,1,home,64,2155,1662,2578,3041,2131,2134,2156,1776,2553,3034,2137,2126,0,-600,400,0,0,0,0,-336,65,41,-41,44,122,124,122,125,121,124,46,46,46,48,48,51,0,145,2,3,3,3
11.8455,1,home,65,2155,1639,2589,3041,2133,2134,2156,1754,2566,3035,2135,2126,0,-650,400,50,-100,0,0,-280,-45,37,-34,44,122,124,122,125,121,124,46,46,46,48,48,51,0,120,0,2,0,3
11.8785,1,home,66,2155,1616,2604,3041,2136,2134,2156,1733,2578,3035,2135,2126,0,-650,350,0,0,0,0,-276,65,37,-23,44,122,124,122,125,121,124,46,46,46,48,48,51,0,90,0,2,1,4
11.912,1,home,67,2155,1595,2618,3041,2137,2134,2156,1708,2590,3035,2135,2126,0,-700,350,0,0,0,0,-269,72,37,0,44,122,124,122,125,121,124,46,46,46,48,48,51,0,97,6,2,0,3
11.9455,1,home,68,2155,1574,2633,3041,2139,2134,2156,1685,2604,3035,2135,2126,0,-700,450,0,0,0,0,-340,-48,37,23,44,122,124,122,125,121,124,46,46,46,48,48,51,0,98,4,1,0,4
11.979,1,home,69,2155,1556,2648,3041,2141,2134,2156,1661,2616,3035,2135,2126,0,-700,350,0,0,0,0,-237,-27,37,30,44,122,124,122,125,122,124,46,46,46,48,48,51,0,96,1,1,0,3
12.012,1,home,70,2155,1538,2662,3041,2141,2134,2156,1638,2630,3035,2135,2126,0,-650,400,0,0,0,0,-241,-27,37,37,44,122,124,122,125,121,124,46,46,46,48,48,51,0,61,0,2,3,3
12.0455,1,home,71,2155,1519,2675,3041,2141,2134,2156,1616,2645,3035,2137,2126,0,-700,400,0,50,0,0,-220,86,37,34,44,122,124,122,125,121,124,46,46,46,48,48,51,0,47,5,1,1,3
12.079,1,home,72,2155,1501,2687,3041,2141,2134,2156,1595,2658,3035,2137,2126,0,-650,450,0,50,0,0,-294,79,37,30,44,122,124,122,125,121,124,46,46,46,48,48,51,0,52,6,1,1,3
12.1123,1,home,73,2155,1479,2703,3041,2141,2134,2156,1575,2673,3035,2139,2126,0,-600,400,0,50,0,0,-280,69,37,23,44,122,124,122,125,122,124,46,46,46,48,48,51,0,108,1,2,0,4
12.146,1,home,74,2155,1455,2721,3041,2141,2134,2156,1554,2686,3035,2139,2126,0,-650,450,0,0,0,0,-220,-27,37,23,44,122,124,122,125,122,124,46,46,46,48,48,51,0,85,2,2,0,6
12.1791,1,home,75,2155,1431,2741,3037,2141,2134,2156,1532,2702,3035,2139,2126,0,-700,500,0,0,0,0,-223,-20,37,23,44,122,124,122,125,122,124,46,46,46,48,48,51,0,55,0,1,0,3
12.2125,1,home,76,2155,1405,2766,3027,2141,2134,2156,1510,2718,3036,2139,2126,0,-650,450,0,0,0,0,-220,19,0,23,44,122,124,122,125,121,124,46,46,46,48,48,51,0,57,4,0,0,3
12.2461,1,home,77,2155,1380,2793,3018,2141,2134,2156,1485,2739,3036,2139,2126,0,-750,600,0,0,0,0,-220,33,-48,23,44,122,124,122,125,121,124,46,46,46,48,48,51,0,59,10,1,0,4
12.2795,1,home,78,2155,1356,2821,3006,2141,2134,2156,1459,2764,3033,2139,2126,0,-700,650,-50,0,0,0,-213,37,-72,23,44,122,124,122,125,121,124,46,46,46,48,48,51,0,107,23,9,0,3
12.313,1,home,79,2155,1337,2849,2995,2141,2134,2156,1433,2788,3026,2140,2126,0,-700,750,-150,50,0,0,-230,72,-93,0,44,122,124,123,125,122,124,46,46,46,48,48,51,0,58,7,12,0,3
12.3465,1,home,80,2155,1319,2879,2982,2141,2134,2156,1410,2815,3019,2140,2126,0,-800,800,-150,0,0,0,-206,69,-101,0,44,122,124,123,125,122,124,46,46,46,48,48,51,0,23,1,12,0,3
12.38,1,home,81,2155,1302,2909,2971,2141,2134,2156,1387,2843,3009,2140,2126,0,-650,800,-200,0,0,0,-266,72,-125,0,44,122,124,122,125,121,124,46,46,46,48,48,51,0,27,3,7,0,3
12.4131,1,home,82,2155,1288,2937,2957,2141,2134,2156,1365,2873,2998,2140,2126,0,-650,800,-350,0,0,0,-157,69,-37,0,44,122,124,123,125,122,124,46,46,46,48,48,51,0,40,12,5,0,3
12.447,1,home,83,2155,1273,2966,2941,2141,2134,2156,1344,2900,2988,2140,2126,0,-600,850,-250,0,0,0,-217,93,-44,0,44,122,124,123,125,122,124,46,46,46,48,48,51,0,30,15,12,0,3
12.48,1,home,84,2155,1256,2993,2925,2141,2134,2156,1327,2930,2974,2139,2126,0,-600,900,-350,-50,0,0,-135,174,-136,0,44,122,124,123,125,122,124,46,46,46,48,48,51,0,11,5,20,0,2
12.5134,1,home,85,2155,1239,3020,2907,2141,2134,2156,1309,2959,2960,2140,2126,0,-500,850,-450,50,0,0,-128,72,-54,0,44,122,124,122,125,121,124,46,46,46,48,48,51,0,16,1,26,0,3
12.5471,1,home,86,2155,1224,3045,2887,2141,2134,2156,1291,2988,2945,2139,2126,0,-550,850,-350,0,0,0,-121,58,-83,23,44,122,124,122,125,121,124,46,46,46,48,48,51,0,36,2,13,0,2
12.5803,1,home,87,2155,1207,3072,2868,2141,2134,2156,1275,3014,2929,2139,2126,0,-450,850,-400,-50,0,0,-111,40,-93,23,44,122,124,123,125,122,124,46,46,46,48,48,51,0,44,12,13,0,3
12.6134,1,home,88,2155,1192,3101,2850,2141,2134,2156,1258,3041,2911,2139,2126,0,-500,750,-550,0,0,0,-128,72,-93,23,44,122,124,123,125,122,124,46,46,46,48,48,51,0,24,11,13,0,3
12.647,1,home,89,2155,1179,3128,2831,2141,2134,2156,1240,3069,2893,2139,2126,0,-500,800,-450,0,0,0,-203,69,-174,23,44,122,124,123,125,122,124,46,46,46,48,48,51,0,18,1,15,0,2
12.6805,1,home,90,2155,1167,3158,2813,2141,2134,2156,1225,3096,2876,2139,2126,0,-500,800,-450,0,0,0,-100,146,-114,23,44,122,124,122,125,121,124,46,46,46,48,48,51,0,16,1,34,0,2
12.7139,1,home,91,2155,1155,3187,2796,2141,2134,2156,1210,3124,2857,2139,2126,0,-450,800,-600,0,0,0,-171,61,-107,23,44,122,124,122,125,122,124,46,46,46,48,48,51,0,13,9,9,0,3
12.7474,1,home,92,2155,1143,3217,2779,2141,2134,2156,1195,3153,2839,2139,2126,0,-450,850,-450,0,0,0,-72,54,-97,23,44,122,124,123,125,122,124,46,46,46,48,48,51,0,13,22,8,0,3
12.7809,1,home,93,2155,1131,3244,2761,2141,2134,2156,1181,3180,2821,2139,2126,0,-450,900,-450,0,0,0,-167,90,-86,23,44,122,124,123,125,122,124,46,46,46,48,48,51,0,9,12,21,0,3
12.814,1,home,94,2155,1118,3272,2743,2143,2134,2156,1169,3210,2804,2139,2126,0,-350,850,-500,0,0,0,-72,72,-83,23,44,122,124,123,125,122,124,46,46,46,48,48,51,0,17,1,37,0,2
12.8477,1,home,95,2155,1105,3298,2728,2148,2134,2156,1156,3239,2785,2139,2126,0,-400,850,-500,0,0,0,-157,61,-192,30,44,122,124,123,125,121,124,46,46,46,48,48,51,0,18,6,15,1,3
12.8809,1,home,96,2155,1093,3324,2711,2152,2134,2156,1142,3266,2768,2140,2126,0,-350,850,-450,0,0,0,-65,47,-90,44,44,122,124,123,125,122,124,46,46,46,48,48,51,0,22,17,6,2,3
12.914,1,home,97,2155,1079,3351,2697,2155,2134,2156,1130,3293,2751,2143,2126,0,-350,800,-550,100,0,0,-160,157,-79,51,44,122,124,123,125,122,124,46,46,46,48,48,51,0,18,8,12,1,3
12.9479,1,home,98,2156,1066,3377,2686,2157,2132,2156,1116,3321,2735,2146,2126,0,-400,750,-500,100,0,0,-160,65,-69,48,44,122,124,123,125,122,124,46,46,46,48,48,51,0,7,1,13,3,3
12.981,1,home,99,2157,1052,3399,2680,2159,2123,2156,1102,3348,2721,2149,2126,0,-400,850,-350,150,0,0,-69,139,-143,44,37,122,124,123,125,122,124,46,46,46,48,48,51,0,10,0,5,2,0
13.0144,1,home,100,2159,1036,3422,2675,2159,2104,2156,1089,3372,2710,2152,2125,0,-350,750,-350,100,0,0,-153,33,-136,-76,-23,122,124,123,125,122,124,46,46,46,48,48,51,0,19,5,2,1,1
13.048,1,home,101,2160,1017,3444,2673,2159,2081,2157,1075,3397,2700,2153,2120,0,-400,750,-300,50,-200,23,-69,108,-115,37,41,122,124,123,125,122,124,46,46,46,48,48,51,1,23,12,9,1,17
13.0812,1,home,102,2161,992,3465,2672,2161,2054,2157,1059,3421,2693,2155,2113,0,-500,750,-250,0,-150,27,-97,125,-90,30,-136,122,124,123,125,122,124,46,46,46,48,48,51,0,22,1,6,1,17
13.1147,1,home,103,2161,966,3483,2671,2161,2026,2157,1040,3443,2689,2155,2097,0,-500,650,-100,0,-500,30,-118,26,-76,37,-93,122,124,123,125,122,124,46,46,46,48,48,51,0,13,0,9,3,10
13.148,1,home,104,2161,938,3501,2671,2161,2001,2157,1020,3463,2685,2157,2078,0,-600,600,-100,100,-500,30,-132,-20,-72,30,-206,122,124,122,125,121,124,46,46,46,48,48,51,1,15,2,8,0,13
13.1814,1,home,105,2161,918,3515,2671,2161,1982,2157,996,3481,2683,2157,2056,0,-650,550,-100,0,-600,30,-227,93,-62,30,-213,122,124,122,125,121,124,46,46,46,48,48,51,0,20,8,6,0,46
13.2149,1,home,106,2161,905,3523,2671,2161,1967,2157,971,3498,2682,2157,2034,0,-700,500,-50,0,-650,30,-121,79,-55,30,-139,122,124,122,125,122,124,46,46,46,48,48,51,1,25,2,6,1,19
13.2484,1,home,107,2161,897,3532,2671,2161,1957,2157,951,3511,2681,2157,2015,0,-650,450,-50,0,-650,30,-111,-48,-51,30,-114,122,124,122,125,122,124,46,46,46,48,48,51,0,3,0,4,1,7
13.282,1,home,108,2161,893,3540,2671,2161,1949,2157,933,3522,2681,2157,1999,0,-600,350,0,0,-500,30,-157,-59,-51,30,-86,122,124,123,125,122,124,46,46,46,48,48,51,0,7,0,4,0,8
13.3151,1,home,109,2161,889,3548,2671,2161,1942,2157,920,3532,2681,2157,1984,0,-400,350,0,0,-450,30,-30,48,-51,30,-58,122,124,123,125,122,124,46,46,46,48,48,51,1,3,3,5,1,9
13.3489,1,home,110,2163,887,3557,2671,2161,1929,2157,910,3541,2681,2157,1972,0,-300,250,0,0,-400,30,27,-76,-51,30,-125,122,124,123,125,122,124,46,46,46,48,48,51,1,1,1,5,0,6
13.382,1,home,111,2165,886,3566,2671,2161,1907,2157,903,3550,2681,2157,1961,0,-200,300,0,0,-300,37,-79,51,-51,30,-139,122,124,123,125,122,124,46,46,46,48,48,51,3,2,0,5,0,3
13.4154,1,home,112,2167,884,3574,2671,2161,1879,2157,899,3560,2681,2157,1947,0,-150,300,0,0,-450,44,-65,-73,-51,30,-167,122,124,123,125,122,124,46,46,46,48,48,51,2,2,0,5,1,7
13.449,1,home,113,2169,884,3581,2671,2161,1838,2160,895,3570,2681,2157,1928,50,-150,300,0,0,-400,44,-55,37,-51,30,-114,122,124,122,125,122,124,46,46,46,48,48,51,3,3,2,5,1,15
13.4824,1,home,114,2169,884,3583,2671,2161,1792,2161,892,3579,2681,2157,1905,50,-100,300,0,0,-550,44,-44,27,-51,30,-174,122,124,122,125,121,124,46,46,46,48,48,51,3,2,3,5,1,30
13.516,1,home,115,2169,884,3584,2671,2161,1743,2163,890,3588,2681,2157,1877,100,-50,250,0,0,-750,37,-37,-34,-51,30,-303,122,124,122,125,121,124,46,46,46,48,48,51,2,1,3,4,1,68
13.5498,1,home,116,2169,883,3586,2671,2161,1694,2164,889,3592,2681,2157,1841,0,-50,150,0,0,-1050,37,-34,-41,-51,30,-311,122,124,122,125,121,124,46,46,46,48,48,51,2,1,3,5,1,48
13.5829,1,home,117,2172,879,3594,2671,2161,1647,2164,887,3592,2681,2157,1804,50,-50,50,0,0,-1050,34,-34,-37,-51,30,-347,122,124,122,125,121,124,46,46,46,48,48,51,1,2,2,4,1,41
13.6172,1,home,118,2175,879,3602,2671,2161,1613,2165,883,3596,2680,2157,1762,50,-50,0,-50,0,-1200,41,-37,0,-48,30,-357,122,124,122,125,121,124,46,46,46,48,48,51,3,4,0,4,1,51
13.6509,1,home,119,2179,879,3612,2671,2161,1588,2166,879,3604,2680,2157,1721,0,-150,300,0,0,-1200,51,0,0,-48,30,-325,122,124,123,125,121,124,46,46,46,48,48,51,4,1,6,5,0,25
13.6844,1,home,120,2183,880,3623,2671,2161,1571,2169,878,3612,2680,2157,1683,100,0,200,0,0,-1150,51,0,0,-48,30,-269,122,124,123,125,122,124,46,46,46,48,48,51,5,0,6,4,0,40
13.7175,1,home,121,2185,880,3637,2668,2160,1559,2173,878,3622,2680,2157,1650,100,-50,300,0,0,-1100,55,23,-87,-48,30,-237,122,124,123,125,122,124,46,46,46,48,48,51,4,0,1,4,1,5
13.751,1,home,122,2188,878,3644,2666,2160,1550,2176,878,3632,2674,2155,1623,100,0,300,-50,-50,-900,48,23,44,-37,30,-259,122,124,123,125,122,124,46,46,46,48,48,51,1,0,0,1,1,6
13.7845,1,home,123,2192,876,3651,2666,2159,1544,2179,877,3640,2672,2154,1601,100,0,250,-100,-100,-700,48,0,34,-37,37,-118,122,124,123,125,122,124,46,46,46,48,48,51,0,0,4,0,1,9
13.818,1,home,124,2196,875,3652,2666,2160,1539,2182,876,3646,2669,2154,1585,100,-50,200,-100,0,-500,55,0,34,-30,34,-164,122,124,123,125,122,124,46,46,46,48,48,51,3,0,1,0,2,4
13.8517,1,home,125,2200,875,3652,2666,2160,1536,2185,876,3651,2667,2153,1572,100,0,200,-50,-50,-400,-62,0,0,-23,41,-146,122,124,123,125,122,124,46,46,46,48,48,51,7,0,0,0,1,5
13.8851,1,home,126,2205,875,3652,2666,2160,1533,2189,876,3654,2667,2154,1563,100,0,100,-50,50,-300,58,0,-23,0,37,-118,122,124,123,125,122,124,46,46,46,48,48,51,7,0,0,0,1,5
13.9185,1,home,127,2210,875,3652,2666,2160,1529,2193,876,3655,2666,2154,1556,150,0,50,0,0,-200,62,0,-27,0,37,-101,122,124,123,125,122,124,46,46,46,48,48,51,2,0,2,0,0,4
13.9522,1,home,128,2215,875,3652,2666,2160,1522,2197,875,3655,2666,2154,1550,150,-50,0,0,0,-200,69,0,-27,0,37,27,122,124,123,125,122,124,46,46,46,48,48,51,1,0,2,0,2,4
13.9859,1,home,129,2222,875,3652,2666,2160,1510,2201,875,3655,2666,2155,1544,150,0,0,0,50,-150,69,0,-27,0,34,-93,122,124,123,125,122,124,46,46,46,48,48,51,5,0,2,0,1,8
14.0191,1,home,130,2226,875,3652,2666,2160,1497,2206,875,3655,2666,2155,1536,100,0,0,0,0,-200,76,0,-27,0,34,-118,122,124,123,125,122,124,46,46,46,48,48,51,8,0,2,0,2,4
14.0528,1,home,131,2229,875,3652,2666,2160,1489,2211,875,3655,2666,2155,1526,100,0,0,0,0,-300,72,0,-27,0,34,-40,122,124,123,125,122,124,46,46,46,48,48,51,4,0,1,0,2,10
14.0859,1,home,132,2231,875,3652,2666,2160,1484,2215,875,3655,2666,2155,1517,150,0,0,0,0,-250,65,0,-27,0,34,-33,122,124,123,125,122,124,46,46,46,48,48,51,2,0,1,0,2,18
14.1194,1,home,133,2233,875,3652,2666,2160,1481,2219,875,3655,2666,2155,1509,100,0,0,0,0,-250,62,0,-27,0,34,-108,122,124,123,125,122,124,46,46,46,48,48,51,3,0,1,0,1,15
14.153,1,home,134,2233,875,3652,2666,2160,1480,2222,875,3655,2666,2155,1503,100,0,0,0,0,-200,58,0,-27,0,34,-93,122,125,123,125,122,124,46,46,46,48,48,51,4,0,2,0,2,10
14.1868,1,home,135,2233,875,3652,2666,2160,1480,2225,875,3655,2666,2155,1499,100,0,0,0,0,-100,48,0,-27,0,34,-86,122,124,123,125,122,124,46,46,46,48,48,51,2,0,2,0,1,9
14.2202,1,home,136,2233,875,3652,2666,2160,1480,2226,875,3655,2666,2155,1497,50,0,0,0,0,-100,41,0,-27,0,34,-76,122,125,123,125,122,124,46,46,46,48,48,51,0,0,2,0,0,10
14.2535,1,home,137,2233,875,3652,2666,2160,1480,2227,875,3655,2666,2155,1495,50,0,0,0,0,0,37,0,-27,0,34,48,122,125,123,125,122,124,46,46,46,48,48,51,2,0,2,0,1,7
14.2869,1,home,138,2233,875,3652,2666,2160,1480,2227,875,3655,2666,2155,1494,0,0,0,0,0,-50,37,0,-27,0,34,-65,122,124,123,125,122,124,46,46,46,48,48,51,2,0,2,0,2,9
14.3205,1,home,139,2233,875,3652,2666,2160,1480,2227,875,3655,2666,2155,1494,0,0,0,0,0,0,37,0,-27,0,34,-65,122,124,123,125,122,124,46,46,46,48,48,51,3,0,2,0,2,9
14.3539,1,home,140,2233,875,3652,2666,2160,1480,2229,875,3655,2666,2155,1494,50,0,0,0,0,0,30,0,-27,0,34,-65,122,124,123,125,122,124,46,46,46,48,48,51,1,0,2,0,2,9
14.3873,1,home,141,2233,875,3652,2666,2160,1480,2229,875,3655,2666,2155,1494,50,0,0,0,0,0,30,0,-27,0,34,-65,122,124,123,125,122,124,46,46,46,48,48,51,0,0,1,0,2,9
14.421,1,home,142,2233,875,3652,2666,2160,1480,2229,875,3655,2666,2155,1494,0,0,0,0,0,0,30,0,-27,0,34,-65,122,124,123,125,122,124,46,46,46,48,48,51,1,0,2,0,1,9
14.4542,1,home,143,2233,875,3652,2666,2160,1480,2229,875,3655,2666,2155,1494,0,0,0,0,0,0,30,0,-27,0,34,-65,122,124,123,125,122,124,46,46,46,48,48,51,1,0,2,0,2,10
14.4878,1,home,144,2233,875,3652,2666,2160,1480,2229,875,3655,2666,2155,1494,0,0,0,0,0,0,30,0,-27,0,34,-65,122,124,123,125,122,124,46,46,46,48,48,51,0,0,2,0,2,9
14.5209,1,home,145,2233,875,3652,2666,2160,1480,2229,875,3655,2666,2155,1494,0,0,0,0,0,0,30,0,-27,0,34,-65,122,124,123,125,122,124,46,46,46,48,48,51,0,0,1,0,1,9
14.5544,1,home,146,2233,875,3652,2666,2160,1480,2229,875,3655,2666,2155,1494,0,0,0,0,0,0,30,0,-27,0,34,-65,122,125,123,125,122,124,46,46,46,48,48,51,1,0,2,0,2,9
14.5879,1,home,147,2233,875,3652,2666,2160,1480,2229,875,3655,2666,2155,1494,0,0,0,0,0,0,30,0,-27,0,34,-65,122,125,123,125,122,124,46,46,46,48,48,51,1,0,2,0,2,10
14.6214,1,home,148,2233,875,3652,2666,2160,1480,2229,875,3655,2666,2155,1494,0,0,0,0,0,0,30,0,-27,0,34,-65,122,124,123,125,122,124,46,46,46,48,48,51,0,0,2,0,2,10
14.6549,1,home,149,2233,875,3652,2666,2160,1480,2229,875,3655,2666,2155,1494,0,0,0,0,0,0,30,0,-27,0,34,-65,122,124,123,125,122,124,46,46,46,48,48,51,1,0,2,0,1,9
14.6884,1,home,150,2233,875,3652,2666,2160,1480,2229,875,3655,2666,2155,1494,0,0,0,0,0,0,30,0,-27,0,34,-65,122,124,123,125,122,124,46,46,46,48,48,51,1,0,1,0,2,9
14.7218,1,home,151,2233,875,3652,2666,2160,1480,2229,875,3655,2666,2155,1494,0,0,0,0,0,0,30,0,-27,0,34,-65,122,124,123,125,122,124,46,46,46,48,48,51,0,0,1,0,1,9
14.7552,1,home,152,2233,875,3652,2666,2160,1480,2229,875,3655,2666,2155,1494,0,0,0,0,0,0,30,0,-27,0,34,-65,122,124,123,125,122,124,46,46,46,48,48,51,1,0,2,0,2,9
14.7888,1,home,153,2233,875,3652,2666,2160,1480,2229,875,3655,2666,2155,1494,0,0,0,0,0,0,30,0,-27,0,34,-65,122,124,123,125,122,124,46,46,46,48,48,51,0,0,2,0,2,9
14.8222,1,home,154,2233,875,3652,2666,2160,1480,2229,875,3655,2666,2155,1494,0,0,0,0,0,0,30,0,-27,0,34,-65,122,124,123,125,122,124,46,46,46,48,48,51,1,0,1,0,1,9
14.8554,1,home,155,2233,875,3652,2666,2160,1480,2229,875,3655,2666,2155,1494,0,0,0,0,0,0,30,0,-27,0,34,-65,122,124,123,125,122,124,46,46,46,48,48,51,1,0,2,0,1,9
14.8892,1,home,156,2233,875,3652,2666,2160,1480,2229,875,3655,2666,2155,1494,0,0,0,0,0,0,30,0,-27,0,34,-65,122,124,123,125,122,124,46,46,46,48,48,51,1,0,2,0,1,9
14.9224,1,home,157,2233,875,3652,2666,2160,1480,2229,875,3655,2666,2155,1494,0,0,0,0,0,0,30,0,-27,0,34,-65,122,124,123,125,122,124,46,46,46,48,48,51,0,0,1,0,1,9
14.956,1,home,158,2233,875,3652,2666,2160,1480,2229,875,3655,2666,2155,1494,0,0,0,0,0,0,30,0,-27,0,34,-65,122,124,123,125,122,124,46,46,46,48,48,51,1,0,2,0,2,10
14.9894,1,home,159,2233,875,3652,2666,2160,1480,2229,875,3655,2666,2155,1494,0,0,0,0,0,0,30,0,-27,0,34,-65,122,124,123,125,122,124,46,46,46,48,48,51,1,0,2,0,2,9
15.0229,1,home,160,2233,875,3652,2666,2160,1480,2229,875,3655,2666,2155,1494,0,0,0,0,0,0,30,0,-27,0,34,-65,122,124,123,125,122,124,46,46,46,48,48,51,1,0,1,0,1,9
15.0564,1,home,161,2233,875,3652,2666,2160,1480,2229,875,3655,2666,2155,1494,0,0,0,0,0,0,30,0,-27,0,34,-65,122,124,123,125,122,124,46,46,46,48,48,51,1,0,2,0,1,9
15.0899,1,home,162,2233,875,3652,2666,2160,1480,2229,875,3655,2666,2155,1494,0,0,0,0,0,0,30,0,-27,0,34,-65,122,124,123,125,122,124,46,46,46,48,48,51,1,0,1,0,1,9
15.1232,1,home,163,2233,875,3652,2666,2160,1480,2229,875,3655,2666,2155,1494,0,0,0,0,0,0,30,0,-27,0,34,-65,122,124,123,125,122,124,46,46,46,48,48,51,1,0,2,0,2,9
15.1569,1,home,164,2233,875,3652,2666,2160,1480,2229,875,3655,2666,2155,1494,0,0,0,0,0,0,30,0,-27,0,34,-65,122,124,123,125,122,124,46,46,46,48,48,51,0,0,2,0,2,9
15.1902,1,home,165,2233,875,3652,2666,2160,1480,2229,875,3655,2666,2155,1494,0,0,0,0,0,0,30,0,-27,0,34,-65,122,124,123,125,122,124,46,46,46,48,48,51,0,0,2,0,2,9
15.2234,1,home,166,2233,875,3652,2666,2160,1480,2229,875,3655,2666,2155,1494,0,0,0,0,0,0,30,0,-27,0,34,-65,122,124,123,125,122,124,46,46,46,48,48,51,0,0,2,0,1,9
15.2569,1,home,167,2233,875,3652,2666,2160,1480,2229,875,3655,2666,2155,1494,0,0,0,0,0,0,30,0,-27,0,34,-65,122,124,123,125,122,124,46,46,46,48,48,51,1,0,1,0,2,9
15.2902,1,home,168,2233,875,3652,2666,2160,1480,2229,875,3655,2666,2155,1494,0,0,0,0,0,0,30,0,-27,0,34,-65,122,124,123,125,122,124,46,46,46,48,48,51,1,0,2,0,2,9
15.3238,1,home,169,2233,875,3652,2666,2160,1480,2229,875,3655,2666,2155,1494,0,0,0,0,0,0,30,0,-27,0,34,-65,122,124,123,125,122,124,46,46,46,48,48,51,1,0,2,0,2,10
15.3569,1,home,170,2233,875,3652,2666,2160,1480,2229,875,3655,2666,2155,1494,0,0,0,0,0,0,30,0,-27,0,34,-65,122,124,123,125,122,124,46,46,46,48,48,51,1,0,1,0,2,9
15.3972,2,lift,0,2229,909,3655,2666,2155,1494,2229,875,3655,2666,2155,1494,0,0,0,0,0,0,30,0,-27,0,34,-65,122,125,123,125,122,124,46,46,46,48,48,51,0,0,1,0,2,8
15.4307,2,lift,1,2229,942,3655,2666,2155,1494,2229,881,3655,2666,2155,1495,0,100,0,0,0,0,0,125,0,0,0,0,122,125,123,125,122,124,46,46,46,48,48,51,0,31,0,0,0,7
15.4639,2,lift,2,2229,976,3655,2666,2155,1494,2229,893,3655,2665,2155,1496,0,250,0,0,0,50,0,111,0,0,0,-23,122,124,123,125,122,124,46,46,46,48,48,51,0,22,0,0,0,1
15.4974,2,lift,3,2229,1010,3655,2666,2155,1494,2229,911,3654,2664,2155,1496,0,450,0,-50,0,0,0,164,0,23,0,-23,122,124,123,125,122,124,46,46,46,48,48,51,0,42,0,6,0,0
15.5307,2,lift,4,2229,1044,3655,2666,2155,1494,2229,933,3651,2662,2154,1496,0,600,-100,-50,0,0,0,291,23,30,0,-23,122,124,122,125,122,124,46,46,46,48,48,51,0,100,0,1,0,0
15.5639,2,lift,5,2229,1077,3655,2666,2155,1494,2229,956,3645,2662,2153,1496,0,750,-200,0,0,0,0,350,48,30,0,-23,122,124,122,125,122,124,46,46,46,48,48,51,0,96,19,0,0,0
15.5974,2,lift,6,2229,1111,3655,2666,2155,1494,2229,982,3645,2661,2153,1496,0,650,0,0,-50,0,0,287,51,34,23,-23,122,124,122,125,121,124,46,46,46,48,48,51,0,87,6,1,0,0
15.6307,2,lift,7,2229,1145,3655,2666,2155,1494,2229,1009,3643,2660,2152,1496,0,800,-100,-50,0,0,0,301,58,37,27,-23,122,124,122,125,121,124,46,46,46,48,48,51,0,86,7,1,0,0
15.6639,2,lift,8,2229,1179,3655,2666,2155,1494,2229,1036,3641,2656,2152,1496,0,900,-50,-50,0,0,0,403,65,48,27,-23,122,124,122,125,121,124,46,46,46,48,48,51,0,177,8,8,0,0
15.6974,2,lift,9,2229,1212,3655,2666,2155,1494,2229,1064,3639,2650,2152,1496,0,750,-50,-200,0,0,0,368,69,69,27,-23,122,124,122,125,121,124,46,46,46,48,48,51,0,189,10,16,0,0
15.7307,2,lift,10,2229,1246,3655,2666,2155,1494,2229,1092,3638,2645,2152,1496,0,800,-50,-150,0,0,0,382,76,90,27,-23,121,124,122,124,121,124,46,46,46,48,48,51,0,170,11,22,1,0
15.7639,2,lift,11,2229,1280,3655,2666,2155,1494,2229,1120,3635,2641,2152,1496,0,850,-50,-150,0,0,0,389,83,101,27,-23,121,124,122,124,121,123,46,46,46,48,48,51,0,163,22,40,0,0
15.7974,2,lift,12,2229,1314,3655,2666,2155,1494,2229,1148,3629,2638,2152,1496,0,800,-150,-100,0,0,0,403,104,115,27,-23,122,123,122,124,121,123,46,46,46,48,48,51,0,196,54,39,0,0
15.8309,2,lift,13,2229,1347,3655,2666,2155,1494,2228,1177,3623,2636,2152,1496,0,800,-200,-100,0,0,0,417,210,122,27,-23,121,123,121,124,121,123,46,46,46,48,48,51,0,331,50,42,0,0
15.8639,2,lift,14,2229,1381,3655,2666,2155,1494,2228,1204,3616,2635,2152,1496,0,900,-200,-50,0,0,0,459,146,125,27,-23,121,123,121,124,120,123,46,46,46,48,48,51,0,309,84,51,0,0
15.8975,2,lift,15,2229,1415,3655,2666,2155,1494,2228,1233,3609,2635,2152,1496,0,850,-200,0,0,0,0,558,171,125,27,-23,121,123,121,124,120,123,46,46,46,48,48,51,0,308,86,52,0,0
15.9309,2,lift,16,2229,1448,3655,2666,2155,1494,2228,1261,3601,2635,2152,1496,0,800,-250,0,0,0,0,487,203,125,27,-23,121,123,121,124,120,122,46,46,46,48,48,51,0,356,138,53,0,0
15.9639,2,lift,17,2229,1482,3655,2666,2155,1494,2228,1288,3594,2636,2152,1496,0,900,-200,50,0,0,0,498,231,122,27,-23,121,123,121,123,120,122,46,46,46,48,48,51,0,472,144,49,0,0
15.9975,2,lift,18,2229,1516,3655,2666,2155,1494,2227,1316,3590,2636,2152,1496,-50,800,-150,0,0,0,23,547,241,122,27,-23,121,123,121,123,120,122,46,46,46,48,48,51,1,487,136,49,0,0
16.0307,2,lift,19,2229,1550,3655,2666,2155,1494,2227,1341,3585,2636,2152,1496,0,750,-150,0,0,0,23,657,344,122,27,-23,120,122,120,123,120,122,46,46,46,48,48,51,0,538,160,48,0,0
16.064,2,lift,20,2229,1583,3655,2666,2155,1494,2227,1363,3579,2636,2152,1496,0,700,-150,0,0,0,23,688,280,122,27,-23,120,122,120,123,119,121,46,46,46,48,48,51,0,512,191,49,0,0
16.0972,2,lift,21,2229,1617,3655,2666,2155,1494,2227,1388,3571,2637,2152,1496,0,650,-200,50,0,0,23,625,308,118,27,-23,120,121,119,122,118,121,46,46,46,48,48,51,0,597,226,46,0,0
16.1305,2,lift,22,2229,1651,3655,2666,2155,1494,2227,1411,3564,2637,2153,1496,0,750,-250,0,50,0,23,681,329,118,23,-23,120,121,119,122,118,121,46,46,46,48,48,51,0,778,254,34,0,0
16.1639,2,lift,23,2229,1685,3655,2666,2155,1494,2227,1431,3560,2638,2154,1496,0,600,-100,50,0,0,23,808,347,115,0,-23,119,121,119,121,118,120,46,46,46,48,48,51,0,1056,279,30,0,0
16.1975,2,lift,24,2229,1718,3655,2666,2155,1494,2226,1449,3558,2638,2155,1496,-50,550,-50,0,50,0,27,773,354,115,0,-23,118,120,118,120,117,120,46,46,46,48,48,51,0,1172,311,30,0,0
16.2307,2,lift,25,2229,1752,3655,2666,2155,1494,2226,1465,3556,2638,2156,1496,0,500,-50,0,50,0,27,914,361,115,0,-23,118,119,117,120,116,119,46,46,46,48,48,51,0,1344,371,30,0,0
16.2639,2,lift,26,2229,1786,3655,2666,2155,1494,2226,1475,3553,2638,2156,1496,0,300,-100,0,0,0,27,906,375,115,0,-23,117,119,117,119,116,118,46,46,46,48,48,51,0,1578,319,30,0,0
16.2972,2,lift,27,2229,1820,3655,2666,2155,1494,2226,1481,3549,2639,2157,1496,0,250,-150,50,50,0,27,1000,386,111,-23,-23,116,118,116,118,115,117,46,46,46,48,48,51,0,1781,313,28,0,0
16.3307,2,lift,28,2229,1853,3655,2666,2155,1494,2226,1487,3547,2639,2159,1496,0,150,-100,0,50,0,27,1000,396,111,-115,-23,116,117,116,117,115,117,46,46,46,48,48,51,0,1789,297,27,1,0
16.364,2,lift,29,2229,1887,3655,2666,2155,1494,2226,1491,3546,2639,2159,1496,0,150,0,0,50,0,27,1000,400,111,-30,-23,116,117,115,117,115,117,46,46,46,48,48,51,0,1925,292,27,1,0
16.3987,2,align,0,2227,1887,3614,2678,2154,1515,2226,1493,3546,2639,2160,1496,0,100,0,0,50,0,27,1000,400,111,-34,-23,116,117,115,117,114,117,46,46,46,48,48,51,0,1860,292,27,1,0
16.4309,2,align,1,2225,1887,3574,2691,2153,1537,2226,1494,3541,2641,2161,1498,0,0,-100,0,0,50,0,1000,237,150,-125,79,116,117,115,118,114,117,46,46,46,48,48,51,1,1860,223,51,2,22
16.4639,2,align,2,2223,1887,3533,2704,2152,1558,2226,1502,3530,2647,2162,1503,0,250,-350,150,50,100,0,1000,245,174,-48,143,116,117,116,118,115,117,46,46,46,48,48,51,0,2015,138,57,3,14
16.4972,2,align,3,2221,1887,3492,2716,2151,1579,2226,1530,3512,2658,2163,1518,0,600,-400,350,50,450,-27,1000,161,178,-55,79,117,118,117,119,116,118,46,46,46,48,48,51,0,1486,48,48,4,15
16.5309,2,align,4,2219,1887,3452,2728,2150,1601,2226,1574,3489,2671,2160,1537,0,1200,-600,450,-50,550,-34,1000,0,189,-51,171,118,119,117,120,116,119,46,46,46,48,48,51,0,1144,64,25,2,23
16.5642,2,align,5,2217,1887,3411,2741,2150,1622,2224,1627,3459,2684,2158,1551,-50,1650,-900,400,-50,500,-34,853,73,93,-44,210,119,121,119,122,118,120,46,46,46,48,48,51,2,778,28,12,3,28
16.5977,2,align,6,2215,1887,3371,2754,2149,1643,2222,1679,3429,2700,2156,1564,-50,1600,-850,450,-50,350,-34,723,-33,167,-44,146,120,122,120,122,119,122,46,46,46,48,48,51,0,381,10,22,1,31
16.6309,2,align,7,2213,1887,3330,2766,2148,1665,2220,1724,3398,2719,2156,1577,-100,1350,-950,500,-50,400,-34,544,-51,54,-37,171,121,123,121,123,120,122,46,46,46,48,48,51,0,180,1,22,16,73
16.6639,2,align,8,2211,1887,3289,2778,2147,1686,2218,1759,3365,2736,2153,1590,-50,1250,-950,500,0,300,-37,399,-69,139,83,287,121,123,121,124,120,122,46,46,46,48,48,51,0,103,0,3,3,109
16.6972,2,align,9,2209,1887,3249,2791,2146,1707,2217,1791,3333,2752,2152,1605,0,1000,-900,500,-50,450,-37,280,-97,37,-37,305,121,123,121,124,120,123,46,46,46,48,48,51,1,52,2,0,1,133
16.7309,2,align,10,2207,1887,3208,2804,2145,1729,2216,1817,3304,2770,2150,1623,-50,800,-900,500,-50,500,-41,266,-160,104,-30,336,122,124,122,124,121,123,46,46,46,48,48,51,1,30,33,6,2,123
16.7639,2,align,11,2205,1887,3167,2816,2144,1750,2214,1837,3278,2786,2150,1639,-50,600,-800,500,0,550,-41,125,-287,-34,-37,259,122,124,122,124,121,123,46,46,46,48,48,51,0,5,36,5,7,101
16.7974,2,align,12,2203,1887,3127,2828,2143,1771,2211,1860,3250,2802,2150,1657,-100,600,-750,500,-50,500,-37,37,-329,69,-37,354,122,124,122,124,121,123,46,46,46,48,48,51,0,1,27,1,1,135
16.8309,2,align,13,2201,1887,3086,2841,2142,1793,2208,1870,3223,2817,2149,1674,-50,350,-850,500,0,550,-37,79,-276,-48,-37,276,122,124,122,124,121,123,46,46,46,48,48,51,0,0,53,3,1,131
16.8642,2,align,14,2198,1887,3046,2854,2142,1814,2205,1878,3194,2835,2148,1692,-100,250,-850,500,-50,500,-30,51,-315,-69,-37,375,122,123,122,124,120,123,46,46,46,48,48,51,3,0,136,12,0,176
16.8974,2,align,15,2196,1887,3005,2866,2141,1835,2204,1883,3162,2851,2147,1707,-50,200,-850,450,0,500,-37,-80,-371,-83,-37,410,121,123,121,124,120,123,46,46,46,48,48,51,1,0,171,21,0,190
16.9309,2,align,16,2194,1887,2964,2878,2140,1857,2201,1888,3134,2866,2147,1726,-150,100,-850,450,0,500,-34,0,-406,0,-37,329,121,123,121,124,120,122,46,46,46,48,48,51,0,0,183,9,4,175
16.9642,2,align,17,2192,1887,2924,2891,2139,1878,2198,1890,3101,2880,2146,1746,-50,150,-900,450,0,550,-34,-27,-431,-94,-41,329,121,123,121,124,120,122,46,46,46,48,48,51,0,2,183,8,2,163
16.9972,2,align,18,2190,1887,2883,2904,2138,1899,2195,1890,3065,2890,2144,1769,-100,0,-950,350,-100,650,-30,-27,-442,27,-34,403,121,123,121,124,120,122,46,46,46,48,48,51,1,1,165,14,2,184
17.0307,2,align,19,2188,1887,2842,2916,2137,1921,2193,1890,3026,2899,2143,1797,-50,0,-1200,200,0,850,-27,-27,-485,-80,83,318,121,123,121,124,120,123,46,46,46,48,48,51,0,1,246,5,1,120
17.0639,2,align,20,2186,1887,2802,2928,2136,1942,2190,1890,2982,2904,2143,1826,-100,0,-1350,200,0,850,-23,-27,-466,58,-37,287,121,123,122,124,120,123,46,46,46,48,48,51,0,1,155,7,3,52
17.0974,2,align,21,2184,1887,2761,2941,2135,1963,2188,1892,2938,2906,2140,1857,-50,0,-1250,50,-50,900,-23,-30,-442,93,-34,248,122,124,122,124,121,123,46,46,46,48,48,51,0,8,132,11,2,29
17.1309,2,align,22,2182,1887,2720,2954,2134,1985,2186,1894,2898,2913,2138,1887,-100,100,-1250,300,-100,900,-27,-37,-339,125,-27,294,122,124,122,125,121,123,46,46,46,48,48,51,5,4,95,3,0,27
17.1639,2,align,23,2180,1887,2680,2966,2133,2006,2184,1895,2858,2924,2140,1914,-50,50,-1200,300,50,850,-27,-44,-421,129,-37,213,122,124,122,124,121,123,46,46,46,48,48,51,2,4,163,9,2,37
17.1974,2,align,24,2178,1887,2639,2978,2132,2027,2182,1895,2817,2935,2139,1939,-50,0,-1150,300,50,750,-27,-44,-374,132,-37,188,122,124,122,124,121,123,46,46,46,48,48,51,0,4,199,19,3,10
17.2308,2,align,25,2176,1887,2599,2991,2132,2049,2179,1895,2778,2947,2140,1964,-100,0,-1200,300,0,750,-23,-44,-452,129,-41,167,122,124,122,124,121,123,46,46,46,48,48,51,1,4,121,17,4,7
17.264,2,align,26,2174,1887,2558,3004,2131,2070,2177,1895,2737,2959,2140,1988,-50,0,-1150,300,50,700,-23,-44,-353,146,-44,153,122,124,122,124,121,123,46,46,46,48,48,51,0,4,128,6,4,19
17.2974,2,align,27,2172,1887,2517,3016,2130,2091,2175,1895,2699,2973,2140,2011,-50,0,-1150,350,-50,700,0,-44,-438,143,-48,139,122,124,122,124,121,123,46,46,46,48,48,51,2,4,143,3,4,32
17.3308,2,align,28,2170,1887,2477,3028,2129,2113,2173,1895,2661,2986,2140,2033,-50,0,-1150,400,0,700,0,-44,-488,132,-51,157,122,124,122,124,121,123,46,46,46,48,48,51,1,4,198,12,6,28
17.3641,2,align,29,2168,1887,2436,3041,2128,2134,2171,1895,2621,2999,2140,2056,-50,0,-1200,300,-50,700,0,-44,-389,37,-51,153,121,124,122,124,121,123,46,46,46,48,48,51,0,3,196,10,7,14
17.3974,2,home,0,2168,1887,2436,3041,2128,2134,2169,1895,2581,3013,2139,2077,-50,0,-1100,350,50,650,0,-44,-385,118,-55,142,121,124,122,124,121,123,46,46,46,48,48,51,1,4,172,19,7,14
17.3999,2,home,1,2168,1887,2436,3041,2129,2134,2169,1895,2578,3014,2139,2078,-50,0,-1250,350,-50,650,0,-44,-385,118,-55,142,121,124,122,124,121,123,46,46,46,48,48,51,1,4,172,10,7,14
17.4309,2,home,2,2168,1887,2436,3041,2129,2134,2168,1895,2547,3020,2138,2094,-50,0,-1050,150,-50,500,0,-44,-424,-16,-48,164,122,124,122,125,121,123,46,46,46,48,48,51,0,3,83,4,4,4
17.4644,2,home,3,2168,1887,2436,3041,2130,2134,2167,1895,2525,3025,2138,2105,0,0,-700,200,0,400,0,-44,-248,76,-48,33,122,124,122,125,121,124,46,46,46,48,48,51,0,4,64,4,4,2
17.4979,2,home,4,2168,1887,2436,3041,2130,2134,2167,1895,2509,3028,2138,2112,0,0,-550,100,0,250,0,-44,-291,-55,-44,101,122,124,122,125,121,124,46,46,46,48,48,51,0,4,62,2,4,3
17.5314,2,home,5,2168,1887,2436,3041,2130,2134,2167,1895,2499,3031,2138,2117,0,0,-300,100,0,200,0,-44,-245,51,-44,79,122,124,122,125,121,124,46,46,46,48,48,51,0,4,77,2,4,4
17.5649,2,home,6,2168,1887,2436,3041,2130,2134,2167,1895,2494,3032,2138,2120,0,0,-250,50,0,100,0,-44,-224,48,-44,65,122,124,122,125,121,124,46,46,46,48,48,51,0,4,79,3,4,5
17.5984,2,home,7,2168,1887,2436,3041,2130,2134,2167,1895,2492,3034,2138,2122,0,0,-100,50,0,50,0,-44,-213,41,-44,58,122,124,122,125,121,124,46,46,46,48,48,51,0,4,90,2,4,3
17.6318,2,home,8,2168,1887,2436,3041,2130,2134,2167,1895,2490,3034,2138,2124,0,0,-100,0,0,50,0,-44,-206,41,-44,55,122,124,122,125,121,124,46,46,46,48,48,51,0,4,92,2,4,3
17.665,2,home,9,2168,1887,2436,3041,2130,2134,2167,1895,2489,3034,2138,2124,0,0,-50,0,0,0,0,-44,-203,41,-44,51,122,124,122,125,121,124,46,46,46,48,48,51,0,4,80,3,4,4
17.6984,2,home,10,2168,1887,2436,3041,2130,2134,2167,1895,2489,3034,2138,2126,0,0,0,0,0,50,0,-44,-203,41,-44,44,122,124,122,125,121,124,46,46,46,48,48,51,0,4,90,2,4,3
17.7318,2,home,11,2168,1887,2436,3041,2130,2134,2167,1895,2489,3034,2138,2126,0,0,0,0,0,0,0,-44,-203,41,-44,44,122,124,122,125,121,124,46,46,46,48,48,51,0,4,91,2,4,3
17.7652,2,home,12,2168,1887,2436,3041,2130,2134,2167,1895,2489,3034,2138,2126,0,0,0,0,0,0,0,-44,-203,41,-44,44,122,124,122,125,121,124,46,46,46,48,48,51,0,4,91,3,4,3
17.7988,2,home,13,2168,1887,2436,3041,2130,2134,2167,1895,2489,3034,2138,2126,0,0,0,0,0,0,0,-44,-203,41,-44,44,122,124,122,125,121,124,46,46,46,48,48,51,0,4,92,2,4,3
17.832,2,home,14,2168,1887,2436,3041,2130,2134,2167,1895,2489,3034,2138,2126,0,0,0,0,0,0,0,-44,-203,41,-44,44,122,124,122,125,121,124,46,46,46,48,48,51,0,4,91,3,4,3
17.8658,2,home,15,2168,1887,2436,3041,2130,2134,2167,1895,2489,3034,2138,2126,0,0,0,0,0,0,0,-44,-203,41,-44,44,122,124,122,125,121,124,46,46,46,48,48,51,0,4,92,3,3,4
17.899,2,home,16,2168,1887,2436,3041,2130,2134,2167,1895,2489,3034,2138,2126,0,0,0,0,0,0,0,-44,-203,41,-44,44,122,124,122,125,121,124,46,46,46,48,48,51,0,4,92,3,4,3
17.9328,2,home,17,2168,1887,2436,3041,2130,2134,2167,1895,2489,3034,2138,2126,0,0,0,0,0,0,0,-44,-203,41,-44,44,122,124,122,125,121,124,46,46,46,48,48,51,0,4,92,3,4,3
17.9661,2,home,18,2168,1887,2436,3041,2130,2134,2167,1895,2489,3034,2138,2126,0,0,0,0,0,0,0,-44,-203,41,-44,44,122,124,122,125,121,124,46,46,46,48,48,51,0,4,91,2,4,3
17.9998,2,home,19,2168,1887,2436,3041,2130,2134,2167,1895,2489,3034,2138,2126,0,0,0,0,0,0,0,-44,-203,41,-44,44,122,124,122,125,121,124,46,46,46,48,48,51,0,4,92,2,3,4
18.0331,2,home,20,2168,1887,2436,3041,2130,2134,2167,1895,2489,3034,2138,2126,0,0,0,0,0,0,0,-44,-203,41,-44,44,122,124,122,125,121,124,46,46,46,48,48,51,0,4,91,2,4,3
18.0667,2,home,21,2168,1887,2436,3041,2130,2134,2167,1895,2489,3034,2138,2126,0,0,0,0,0,0,0,-44,-203,41,-44,44,122,124,122,125,121,124,46,46,46,48,48,51,0,4,92,3,4,3
18.1004,2,home,22,2168,1887,2436,3041,2130,2134,2167,1895,2489,3034,2138,2126,0,0,0,0,0,0,0,-44,-203,41,-44,44,122,124,122,125,121,124,46,46,46,48,48,51,0,4,92,3,4,3
18.1338,2,home,23,2168,1887,2436,3041,2130,2134,2167,1895,2489,3034,2138,2126,0,0,0,0,0,0,0,-44,-203,41,-44,44,122,124,122,125,121,124,46,46,46,48,48,51,0,4,92,3,4,4
18.1672,2,home,24,2168,1887,2436,3041,2130,2134,2167,1895,2489,3034,2138,2126,0,0,0,0,0,0,0,-44,-203,41,-44,44,122,124,122,125,121,124,46,46,46,48,48,51,0,4,91,2,4,4
18.2008,2,home,25,2168,1887,2436,3041,2130,2134,2167,1895,2489,3034,2138,2126,0,0,0,0,0,0,0,-44,-203,41,-44,44,122,124,122,125,121,124,46,46,46,48,48,51,0,4,91,2,4,4
18.2341,2,home,26,2168,1887,2436,3041,2130,2134,2167,1895,2489,3034,2138,2126,0,0,0,0,0,0,0,-44,-203,41,-44,44,122,124,122,125,121,124,46,46,46,48,48,51,0,4,92,3,4,3
18.2676,2,home,27,2168,1887,2436,3041,2130,2134,2167,1895,2489,3034,2138,2126,0,0,0,0,0,0,0,-44,-203,41,-44,44,122,124,122,125,121,124,46,46,46,48,48,51,0,4,91,3,4,3
18.301,2,home,28,2168,1887,2436,3041,2130,2134,2167,1895,2489,3034,2138,2126,0,0,0,0,0,0,0,-44,-203,41,-44,44,122,124,122,125,121,124,46,46,46,48,48,51,0,4,92,1,4,4
18.3348,2,home,29,2168,1887,2436,3041,2130,2134,2167,1895,2489,3034,2138,2126,0,0,0,0,0,0,0,-44,-203,41,-44,44,122,124,122,125,121,124,46,46,46,48,48,51,0,4,91,2,4,3
18.3682,2,home,30,2168,1887,2436,3041,2130,2134,2167,1895,2489,3034,2138,2126,0,0,0,0,0,0,0,-44,-203,41,-44,44,122,124,122,125,121,124,46,46,46,48,48,51,0,4,92,2,4,4
18.4018,2,home,31,2168,1887,2436,3041,2130,2134,2167,1895,2489,3034,2138,2126,0,0,0,0,0,0,0,-44,-203,41,-44,44,122,124,122,125,121,124,46,46,46,48,48,51,0,4,91,3,4,4
18.435,2,home,32,2168,1887,2436,3041,2130,2134,2167,1895,2489,3034,2138,2126,0,0,0,0,0,0,0,-44,-203,41,-44,44,122,124,122,125,121,124,46,46,46,48,48,51,0,4,92,2,3,4
18.4686,2,home,33,2168,1887,2436,3041,2130,2134,2167,1895,2489,3034,2138,2126,0,0,0,0,0,0,0,-44,-203,41,-44,44,122,124,122,125,121,124,46,46,46,48,48,51,0,4,91,2,4,4
18.5021,2,home,34,2168,1887,2436,3041,2130,2134,2167,1895,2489,3034,2138,2126,0,0,0,0,0,0,0,-44,-203,41,-44,44,122,124,122,125,121,124,46,46,46,48,48,51,0,4,91,3,4,3
18.5354,2,home,35,2168,1887,2436,3041,2130,2134,2167,1895,2489,3034,2138,2126,0,0,0,0,0,0,0,-44,-203,41,-44,44,122,124,122,125,121,124,46,46,46,48,48,51,0,4,92,2,4,4
18.5689,2,home,36,2168,1887,2436,3041,2130,2134,2167,1895,2489,3034,2138,2126,0,0,0,0,0,0,0,-44,-203,41,-44,44,122,124,122,125,121,124,46,46,46,48,48,51,0,4,91,2,4,4
18.6028,2,home,37,2168,1887,2436,3041,2130,2134,2167,1895,2489,3034,2138,2126,0,0,0,0,0,0,0,-44,-203,41,-44,44,122,124,122,125,121,124,46,46,46,48,48,51,0,4,92,3,4,4
18.6358,2,home,38,2168,1887,2436,3041,2130,2134,2167,1895,2489,3034,2138,2126,0,0,0,0,0,0,0,-44,-203,41,-44,44,122,124,122,125,121,124,46,46,46,48,48,51,0,4,91,2,4,3
18.6696,2,home,39,2168,1886,2436,3041,2130,2134,2167,1895,2489,3034,2138,2126,0,0,0,0,0,0,0,-44,-203,41,-44,44,122,124,122,125,121,124,46,46,46,48,48,51,0,4,92,3,4,3
18.7028,2,home,40,2168,1883,2436,3041,2130,2134,2167,1895,2489,3035,2138,2126,0,0,0,0,0,0,0,-48,-203,41,-44,44,122,124,122,125,121,124,46,46,46,48,48,51,0,4,91,1,4,3
18.7364,2,home,41,2168,1878,2436,3041,2130,2134,2167,1895,2489,3035,2138,2126,0,0,0,50,0,0,0,-58,-203,37,-44,44,122,124,122,125,121,124,46,46,46,48,48,51,0,7,92,1,4,3
18.77,2,home,42,2168,1873,2436,3041,2130,2134,2167,1895,2489,3035,2138,2126,0,0,0,0,0,0,0,-76,-203,37,-44,44,122,124,122,125,121,124,46,46,46,48,48,51,0,11,92,2,4,3
18.8034,2,home,43,2168,1868,2436,3041,2130,2134,2167,1895,2489,3035,2138,2126,0,0,0,0,0,0,0,-93,-203,37,-44,44,122,124,122,125,121,124,46,46,46,48,48,51,0,21,91,1,3,3
18.8368,2,home,44,2168,1864,2436,3041,2131,2134,2167,1895,2489,3035,2138,2126,0,0,0,0,0,0,0,-111,-203,37,-44,44,122,124,122,125,121,124,46,46,46,48,48,51,0,35,92,2,4,2
18.8704,2,home,45,2168,1861,2436,3041,2131,2134,2167,1895,2489,3035,2138,2126,0,0,0,0,0,0,0,-125,-203,37,-41,44,122,124,122,125,121,124,46,46,46,48,48,51,0,37,91,1,4,3
18.9038,2,home,46,2168,1861,2436,3041,2131,2134,2167,1895,2489,3035,2138,2126,0,0,0,0,0,0,0,-136,-203,37,-41,44,122,124,122,125,121,124,46,46,46,48,48,51,0,42,91,2,3,3
18.9374,2,home,47,2168,1861,2436,3041,2131,2134,2167,1895,2489,3035,2138,2126,0,0,0,0,0,0,0,-136,-203,37,-41,44,122,124,122,125,121,124,46,46,46,48,48,51,0,43,91,1,4,3
18.9708,2,home,48,2168,1861,2436,3041,2131,2134,2167,1895,2489,3035,2138,2126,0,0,0,0,0,0,0,-136,-203,37,-41,44,122,124,122,125,121,124,46,46,46,48,48,51,0,43,91,1,4,4
19.0044,2,home,49,2168,1861,2436,3041,2131,2134,2167,1895,2489,3035,2138,2126,0,0,0,0,0,0,0,-136,-203,37,-41,44,122,124,122,125,121,124,46,46,46,48,48,51,0,43,91,1,4,3
19.0378,2,home,50,2168,1861,2436,3041,2131,2134,2167,1895,2489,3035,2138,2126,0,0,0,0,0,0,0,-136,-203,37,-41,44,122,124,122,125,121,124,46,46,46,48,48,51,0,43,91,1,3,3
19.0711,2,home,51,2167,1861,2436,3041,2131,2134,2167,1895,2489,3035,2138,2126,0,0,0,0,0,0,0,-136,-203,37,-41,44,122,124,122,125,121,124,46,46,46,48,48,51,0,44,91,1,4,3
19.1048,2,home,52,2167,1858,2437,3041,2131,2134,2167,1895,2489,3035,2138,2126,0,0,0,0,0,0,0,-136,-203,37,-41,44,122,124,122,125,121,124,46,46,46,48,48,51,0,43,91,2,4,2
19.1382,2,home,53,2167,1853,2439,3041,2131,2134,2167,1895,2489,3035,2138,2126,0,0,0,0,0,0,0,-146,-199,37,-41,44,122,124,122,125,121,124,46,46,46,48,48,51,0,55,88,2,3,3
19.1718,2,home,54,2165,1845,2445,3041,2131,2134,2167,1895,2489,3035,2138,2126,0,0,0,0,0,0,0,-164,-192,37,-41,44,122,124,122,125,121,124,46,46,46,48,48,51,0,66,83,3,4,3
19.205,2,home,55,2163,1834,2453,3041,2131,2134,2167,1895,2489,3035,2138,2126,0,0,0,0,0,0,-23,-192,-171,37,-41,44,122,124,122,125,121,124,46,46,46,48,48,51,0,88,67,2,3,3
19.2386,2,home,56,2160,1821,2462,3041,2131,2134,2167,1893,2489,3035,2138,2126,0,0,0,0,0,0,-30,-224,-143,37,-41,44,122,124,122,125,121,124,46,46,46,48,48,51,0,108,51,2,3,3
19.272,2,home,57,2158,1806,2476,3041,2131,2134,2165,1888,2489,3035,2138,2126,-100,-100,0,0,0,0,-34,-259,-111,37,-41,44,122,124,122,125,121,124,46,46,46,48,48,51,0,131,31,1,4,3
19.3058,2,home,58,2156,1788,2492,3041,2131,2134,2162,1880,2489,3035,2138,2126,-50,-150,0,0,0,0,-30,-284,-62,37,-41,44,122,124,122,125,121,124,46,46,46,48,48,51,0,134,10,2,4,4
19.339,2,home,59,2155,1770,2509,3041,2131,2134,2159,1869,2493,3035,2138,2126,-100,-250,0,0,0,0,-30,-220,0,37,-41,44,122,124,122,125,121,124,46,46,46,48,48,51,0,143,10,2,4,3
19.3726,2,home,60,2155,1750,2527,3041,2131,2134,2157,1852,2503,3035,2137,2126,-50,-450,250,0,0,0,-27,-312,-80,37,-37,44,122,124,122,125,121,124,46,46,46,48,48,51,2,145,8,1,3,3
19.4058,2,home,61,2155,1729,2542,3041,2131,2134,2156,1835,2514,3035,2137,2126,-50,-550,350,0,0,0,0,-252,76,37,-37,44,122,124,122,125,121,124,46,46,46,48,48,51,0,122,6,1,3,4
19.4391,2,home,62,2155,1709,2554,3041,2131,2134,2156,1817,2527,3035,2137,2126,0,-600,400,0,0,0,0,-255,79,37,-37,44,122,124,122,125,121,124,46,46,46,48,48,51,0,93,1,1,2,3
19.4728,2,home,63,2155,1686,2567,3041,2130,2134,2156,1797,2539,3035,2137,2126,0,-550,400,0,0,0,0,-340,-45,37,-37,44,122,124,122,125,121,124,46,46,46,48,48,51,0,112,3,1,3,4
19.506,2,home,64,2155,1662,2578,3041,2131,2134,2156,1777,2553,3035,2137,2126,0,-600,400,0,0,0,0,-343,-48,37,-41,44,122,124,122,125,121,124,46,46,46,48,48,51,0,93,6,1,3,3
19.5398,2,home,65,2155,1639,2589,3041,2133,2134,2156,1755,2566,3035,2137,2126,0,-650,400,0,0,0,0,-347,62,37,-37,44,122,124,122,125,121,124,46,46,46,48,48,51,0,141,1,2,3,3
19.5728,2,home,66,2155,1616,2604,3041,2136,2134,2156,1732,2578,3035,2137,2126,0,-650,400,0,0,0,0,-283,-52,37,-30,44,122,124,122,125,122,124,46,46,46,48,48,51,0,119,0,2,1,4
19.6064,2,home,67,2155,1595,2618,3041,2137,2134,2156,1710,2590,3035,2137,2126,0,-700,350,0,0,0,0,-276,76,37,0,44,122,124,122,125,121,124,46,46,46,48,48,51,0,82,0,1,1,3
19.6398,2,home,68,2155,1574,2633,3041,2139,2134,2156,1686,2603,3035,2137,2126,0,-700,400,0,0,0,0,-262,-45,37,0,44,122,124,122,125,121,124,46,46,46,48,48,51,0,87,8,2,0,3
19.6731,2,home,69,2155,1556,2648,3041,2141,2134,2156,1662,2617,3035,2137,2126,0,-700,400,0,0,0,0,-333,79,37,23,44,122,124,122,125,121,124,46,46,46,48,48,51,0,110,8,2,0,3
19.7063,2,home,70,2155,1538,2662,3041,2141,2134,2156,1640,2630,3035,2137,2126,0,-700,400,0,0,0,0,-252,97,37,30,44,122,124,122,125,121,124,46,46,46,48,48,51,0,114,6,2,1,3
19.7399,2,home,71,2155,1519,2675,3041,2141,2134,2156,1617,2645,3035,2137,2126,0,-700,450,0,0,0,0,-315,-27,37,30,44,122,124,122,125,121,124,46,46,46,48,48,51,0,48,1,2,0,3
19.7734,2,home,72,2155,1501,2687,3041,2141,2134,2156,1596,2659,3035,2137,2126,0,-600,450,0,0,0,0,-216,83,37,30,44,122,124,122,125,121,124,46,46,46,48,48,51,0,66,1,1,2,3
19.8068,2,home,73,2155,1479,2703,3041,2141,2134,2156,1575,2672,3035,2137,2126,0,-650,450,0,0,0,0,-287,72,37,30,44,122,124,122,125,121,124,46,46,46,48,48,51,0,69,4,1,1,3
19.8401,2,home,74,2155,1455,2721,3041,2141,2134,2156,1555,2686,3035,2137,2126,0,-550,400,0,0,0,0,-287,-41,37,30,44,122,124,122,125,122,124,46,46,46,48,48,51,0,96,4,1,1,3
19.8736,2,home,75,2155,1431,2741,3037,2141,2134,2156,1533,2702,3035,2137,2126,0,-600,450,0,0,0,0,-230,-16,37,30,44,122,124,123,125,122,124,46,46,46,48,48,51,0,93,3,1,0,3
19.9069,2,home,76,2155,1405,2766,3027,2141,2134,2156,1509,2719,3035,2137,2126,0,-700,500,0,0,0,0,-227,111,23,30,44,122,124,122,125,121,124,46,46,46,48,48,51,0,56,0,0,0,4
19.9403,2,home,77,2155,1380,2793,3018,2141,2134,2156,1486,2739,3035,2137,2126,0,-650,550,0,0,0,0,-230,37,-44,30,44,122,124,122,125,121,124,46,46,46,48,48,51,0,41,2,1,1,3
19.9738,2,home,78,2155,1356,2821,3006,2141,2134,2156,1460,2763,3032,2137,2126,0,-700,650,-100,0,0,0,-220,44,-69,30,44,122,124,122,125,121,124,46,46,46,48,48,51,0,54,11,4,0,3
20.0072,2,home,79,2155,1337,2849,2995,2141,2134,2156,1434,2790,3026,2137,2126,0,-750,750,-100,0,0,0,-209,44,27,30,44,122,124,122,125,121,124,46,46,46,48,48,51,0,73,21,9,0,4
20.0408,2,home,80,2155,1319,2879,2982,2141,2134,2156,1410,2817,3018,2137,2126,0,-750,850,-200,0,0,0,-213,76,-101,30,44,122,124,122,125,122,124,46,46,46,48,48,51,0,33,7,13,0,3
20.0744,2,home,81,2155,1302,2909,2971,2141,2134,2156,1387,2843,3009,2138,2126,0,-700,750,-300,50,0,0,-273,79,-111,27,44,122,124,122,125,121,124,46,46,46,48,48,51,0,27,1,21,1,3
20.1074,2,home,82,2155,1288,2937,2957,2141,2134,2156,1365,2872,2998,2137,2126,0,-700,900,-250,0,0,0,-164,76,-125,27,44,122,124,122,125,121,124,46,46,46,48,48,51,0,30,3,5,8,3
20.1408,2,home,83,2155,1273,2966,2941,2141,2134,2156,1345,2902,2987,2137,2126,0,-600,850,-300,-50,0,0,-224,65,-47,30,44,122,124,122,125,121,124,46,46,46,48,48,51,0,30,8,8,2,3
20.1744,2,home,84,2155,1256,2993,2925,2141,2134,2156,1328,2929,2974,2137,2126,0,-550,800,-400,0,0,0,-142,181,-54,30,44,122,124,123,125,122,124,46,46,46,48,48,51,0,31,14,8,1,2
20.2078,2,home,85,2155,1239,3020,2907,2141,2134,2156,1310,2959,2960,2138,2126,0,-550,850,-350,50,0,0,-135,79,-58,27,44,122,124,122,125,122,124,46,46,46,48,48,51,0,15,2,26,0,3
20.2411,2,home,86,2155,1224,3045,2887,2141,2134,2156,1292,2988,2945,2137,2126,0,-500,850,-400,0,0,0,-128,65,-65,30,44,122,124,122,125,121,124,46,46,46,48,48,51,0,16,0,39,1,3
20.2748,2,home,87,2155,1207,3072,2868,2141,2134,2156,1275,3014,2929,2137,2126,0,-450,800,-450,0,0,0,-118,47,-100,30,44,122,124,122,125,121,124,46,46,46,48,48,51,0,30,4,18,0,4
20.3078,2,home,88,2155,1192,3101,2850,2141,2134,2156,1258,3041,2911,2137,2126,0,-500,750,-500,0,0,0,-199,40,-97,30,44,122,124,122,125,121,124,46,46,46,48,48,51,0,59,15,7,1,3
20.3414,2,home,89,2155,1179,3128,2831,2141,2134,2156,1241,3069,2893,2137,2126,0,-550,850,-450,0,0,0,-121,76,-93,30,44,122,124,123,125,122,124,46,46,46,48,48,51,0,20,15,13,1,3
20.3748,2,home,90,2155,1167,3158,2813,2141,2134,2156,1225,3097,2875,2137,2126,0,-450,800,-550,0,0,0,-192,65,-90,30,44,122,124,123,125,122,124,46,46,46,48,48,51,0,16,2,17,0,3
20.4081,2,home,91,2155,1155,3187,2796,2141,2134,2156,1210,3124,2857,2137,2126,0,-450,800,-500,0,0,0,-90,69,-199,30,44,122,124,122,125,121,124,46,46,46,48,48,51,0,24,1,19,0,3
20.4418,2,home,92,2155,1143,3217,2779,2141,2134,2156,1195,3153,2839,2137,2126,0,-400,850,-450,0,0,0,-164,61,-189,30,44,122,124,123,125,122,124,46,46,46,48,48,51,0,21,5,8,0,3
20.475,2,home,93,2155,1131,3244,2761,2141,2134,2156,1182,3182,2821,2137,2126,0,-400,850,-600,0,0,0,-69,58,-93,30,44,122,124,123,125,122,124,46,46,46,48,48,51,0,21,21,9,1,3
20.5083,2,home,94,2155,1118,3272,2743,2143,2134,2156,1169,3209,2804,2137,2126,0,-350,850,-500,0,0,0,-164,79,-174,30,44,122,124,123,125,122,124,46,46,46,48,48,51,0,7,4,23,1,3
20.5419,2,home,95,2155,1105,3298,2728,2148,2134,2156,1156,3238,2786,2137,2126,0,-400,800,-500,0,0,0,-160,72,-83,37,44,122,124,123,125,122,124,46,46,46,48,48,51,0,13,0,30,3,3
20.5753,2,home,96,2155,1093,3324,2711,2152,2134,2156,1143,3267,2768,2138,2126,0,-350,800,-500,0,0,0,-157,54,-97,51,44,122,124,122,125,122,124,46,46,46,48,48,51,0,26,0,8,6,3
20.6086,2,home,97,2155,1079,3351,2697,2155,2134,2156,1130,3293,2751,2142,2126,0,-400,850,-500,100,0,0,-150,44,-86,55,44,122,124,123,125,122,124,46,46,46,48,48,51,0,15,14,7,2,3
20.642,2,home,98,2156,1066,3377,2686,2157,2132,2156,1117,3320,2735,2145,2126,0,-400,850,-400,50,0,0,-79,72,-72,55,44,122,124,123,125,122,124,46,46,46,48,48,51,0,12,7,17,3,3
20.6753,2,home,99,2157,1052,3399,2680,2159,2123,2156,1103,3348,2721,2149,2126,0,-400,800,-400,150,0,0,-72,146,-146,48,37,122,124,123,125,122,124,46,46,46,48,48,51,0,11,1,13,2,1
20.7088,2,home,100,2159,1036,3422,2675,2159,2104,2156,1089,3374,2709,2151,2125,0,-400,800,-350,100,0,0,-157,125,-122,44,-23,122,124,123,125,122,124,46,46,46,48,48,51,0,15,0,7,2,0
20.7423,2,home,101,2160,1017,3444,2673,2159,2081,2157,1075,3397,2700,2153,2120,0,-400,700,-300,50,-50,-94,-72,26,-30,37,-72,122,124,123,125,122,124,46,46,46,48,48,51,0,16,5,5,2,18
20.7758,2,home,102,2161,992,3465,2672,2161,2054,2157,1059,3421,2693,2155,2113,0,-400,700,-300,50,-200,27,-167,-16,-93,30,-139,122,124,122,125,122,124,46,46,46,48,48,51,1,32,12,4,1,23
20.809,2,home,103,2161,966,3483,2671,2161,2026,2157,1041,3444,2688,2155,2097,0,-550,700,-200,0,-550,30,-125,33,-76,37,-185,122,124,122,125,122,124,46,46,46,48,48,51,1,33,2,5,2,15
20.8427,2,home,104,2161,938,3501,2671,2161,2001,2157,1020,3462,2686,2156,2077,0,-650,650,-100,50,-500,30,-139,104,-69,34,-125,122,124,122,125,122,124,46,46,46,48,48,51,1,18,0,8,1,12
20.8759,2,home,105,2161,918,3515,2671,2161,1982,2157,996,3480,2683,2157,2056,0,-650,550,-50,50,-600,30,-149,-20,-62,30,-132,122,124,122,125,121,124,46,46,46,48,48,51,0,9,3,4,0,19
20.9091,2,home,106,2161,905,3523,2671,2161,1967,2157,972,3498,2682,2157,2034,0,-750,500,0,0,-650,30,-128,83,-55,30,-118,122,124,122,125,122,124,46,46,46,48,48,51,0,19,5,4,0,37
20.9427,2,home,107,2161,897,3532,2671,2161,1957,2157,951,3512,2681,2157,2015,0,-650,400,-50,0,-600,30,-93,58,-51,30,-206,122,124,123,125,122,124,46,46,46,48,48,51,1,7,1,4,1,9
20.9763,2,home,108,2161,893,3540,2671,2161,1949,2157,934,3522,2681,2158,1998,0,-550,350,0,50,-500,30,-76,62,-51,27,-90,122,124,123,125,122,124,46,46,46,48,48,51,1,1,0,4,1,4
21.0096,2,home,109,2161,889,3548,2671,2161,1942,2157,920,3532,2681,2158,1984,0,-400,350,0,0,-450,30,-33,51,-51,27,-61,122,124,123,125,122,124,46,46,46,48,48,51,1,5,1,5,0,16
21.043,2,home,110,2163,887,3557,2671,2161,1929,2157,910,3542,2681,2158,1972,0,-350,250,0,0,-350,30,-93,44,-51,27,-40,122,124,123,125,122,124,46,46,46,48,48,51,1,4,3,4,0,10
21.0763,2,home,111,2165,886,3566,2671,2161,1907,2157,904,3551,2681,2158,1960,0,-250,250,0,0,-350,37,-76,41,-51,27,-129,122,124,123,125,122,124,46,46,46,48,48,51,4,1,2,4,0,8
21.1098,2,home,112,2167,884,3574,2671,2161,1879,2157,899,3560,2681,2158,1947,0,-150,300,0,0,-450,44,-65,48,-51,27,-171,122,124,123,125,122,124,46,46,46,48,48,51,3,4,0,5,0,19
21.1436,2,home,113,2169,884,3581,2671,2161,1838,2160,895,3570,2681,2158,1929,50,-100,300,0,0,-450,44,-58,41,-51,27,-206,122,124,123,125,122,124,46,46,46,48,48,51,2,2,1,5,0,20
21.1769,2,home,114,2169,884,3583,2671,2161,1792,2161,892,3580,2681,2158,1905,50,-100,250,0,0,-600,44,-44,-90,-51,27,-181,122,124,123,125,122,124,46,46,46,48,48,51,1,2,6,5,0,27
21.2103,2,home,115,2169,884,3584,2671,2161,1743,2163,890,3588,2681,2158,1875,50,-100,300,0,0,-900,37,-37,-118,-51,27,-234,122,124,122,125,121,124,46,46,46,48,48,51,1,1,5,4,0,36
21.2438,2,home,116,2169,883,3586,2671,2161,1694,2164,889,3592,2681,2159,1842,0,0,100,0,50,-950,-83,-34,-44,-51,23,-380,122,124,122,125,121,124,46,46,46,48,48,51,1,1,7,5,0,63
21.2773,2,home,117,2172,879,3594,2671,2161,1647,2164,888,3592,2681,2159,1804,0,0,0,0,0,-1050,34,83,-37,-51,23,-357,122,124,122,125,121,124,46,46,46,48,48,51,2,0,4,5,0,46
21.3118,2,home,118,2175,879,3602,2671,2161,1613,2165,883,3596,2680,2159,1763,50,-50,50,0,0,-1200,41,80,0,-48,23,-371,122,124,122,125,121,124,46,46,46,48,48,51,3,4,2,4,0,39
21.3451,2,home,119,2179,879,3612,2671,2161,1588,2166,879,3604,2680,2159,1722,0,-250,200,0,0,-1200,48,0,0,-48,23,-336,122,124,123,125,121,124,46,46,46,48,48,51,3,1,0,4,0,34
21.3787,2,home,120,2183,880,3623,2671,2161,1571,2169,878,3612,2680,2159,1683,100,0,250,0,0,-1100,55,0,0,-48,23,-280,122,124,123,125,121,124,46,46,46,48,48,51,2,0,5,4,0,20
21.4118,2,home,121,2185,880,3637,2668,2160,1559,2173,878,3621,2680,2159,1651,50,0,300,0,0,-1050,55,23,23,-48,23,-248,122,124,123,125,122,124,46,46,46,48,48,51,6,0,1,4,0,19
21.4453,2,home,122,2188,878,3644,2666,2160,1550,2176,878,3631,2674,2157,1623,100,0,300,-100,-50,-850,51,23,48,-41,23,-178,122,124,123,125,122,124,46,46,46,48,48,51,2,0,0,1,0,3
21.4787,2,home,123,2192,876,3651,2666,2159,1544,2179,877,3640,2672,2156,1601,50,0,250,-100,-50,-700,51,0,37,-37,115,-125,122,124,123,125,122,124,46,46,46,48,48,51,2,0,0,0,1,9
21.5123,2,home,124,2196,875,3652,2666,2160,1539,2182,876,3646,2669,2156,1585,100,-50,200,-50,0,-550,51,0,37,-30,27,-167,122,124,123,125,122,124,46,46,46,48,48,51,2,0,4,0,1,6
21.546,2,home,125,2200,875,3652,2666,2160,1536,2185,876,3651,2668,2156,1572,100,0,150,-100,0,-400,58,0,23,-23,30,-136,122,124,123,125,122,124,46,46,46,48,48,51,4,0,1,0,1,4
21.5793,2,home,126,2205,875,3652,2666,2160,1533,2189,876,3654,2667,2156,1563,100,0,100,-50,0,-300,58,0,-23,0,30,-122,122,125,123,125,122,124,46,46,46,48,48,51,8,0,0,0,1,3
21.613,2,home,127,2210,875,3652,2666,2160,1529,2192,876,3654,2667,2156,1556,100,0,0,0,0,-200,62,0,-23,0,30,-101,122,124,123,125,122,124,46,46,46,48,48,51,8,0,0,0,0,8
21.6466,2,home,128,2215,875,3652,2666,2160,1522,2197,876,3655,2667,2156,1550,150,0,0,0,0,-200,-55,0,-27,0,30,-93,122,124,123,125,122,124,46,46,46,48,48,51,2,0,1,0,1,12
21.68,2,home,129,2222,875,3652,2666,2160,1510,2201,876,3655,2667,2156,1544,150,0,0,0,0,-200,-48,0,-27,0,30,-93,122,124,123,125,122,124,46,46,46,48,48,51,4,0,1,0,0,14
21.7133,2,home,130,2226,875,3652,2666,2160,1497,2206,875,3655,2667,2156,1536,150,-50,0,0,0,-250,76,0,-27,0,30,-108,122,124,123,125,122,124,46,46,46,48,48,51,6,0,1,0,1,21
21.7468,2,home,131,2229,875,3652,2666,2160,1489,2211,875,3655,2667,2156,1526,200,0,0,0,0,-300,72,0,-27,0,30,-44,122,124,123,125,122,124,46,46,46,48,48,51,8,0,1,0,0,9
21.7803,2,home,132,2231,875,3652,2666,2160,1484,2215,875,3655,2667,2156,1517,150,0,0,0,0,-300,65,0,-27,0,30,-122,122,124,123,125,122,124,46,46,46,48,48,51,3,0,1,0,1,9
21.8139,2,home,133,2233,875,3652,2666,2160,1481,2219,875,3655,2667,2156,1509,100,0,0,0,0,-200,58,0,-27,0,30,-23,122,124,123,125,122,124,46,46,46,48,48,51,3,0,1,0,0,17
21.8473,2,home,134,2233,875,3652,2666,2160,1480,2222,875,3655,2667,2156,1503,100,0,0,0,0,-200,58,0,-27,0,30,-97,122,124,123,125,122,124,46,46,46,48,48,51,4,0,2,0,1,5
21.8808,2,home,135,2233,875,3652,2666,2160,1480,2225,875,3655,2667,2156,1499,100,0,0,0,0,-150,48,0,-27,0,30,-83,122,124,123,125,122,124,46,46,46,48,48,51,1,0,2,0,1,8
21.9147,2,home,136,2233,875,3652,2666,2160,1480,2226,875,3655,2667,2156,1496,50,0,0,0,0,-50,41,0,-27,0,30,-76,122,124,123,125,122,124,46,46,46,48,48,51,1,0,2,0,1,8
21.9477,2,home,137,2233,875,3652,2666,2160,1480,2227,875,3655,2667,2156,1495,50,0,0,0,0,-100,37,0,-27,0,30,-69,122,124,123,125,122,124,46,46,46,48,48,51,2,0,1,0,1,7
21.9813,2,home,138,2233,875,3652,2666,2160,1480,2227,875,3655,2667,2156,1494,0,0,0,0,0,-50,37,0,-27,0,30,-65,122,125,123,125,122,124,46,46,46,48,48,51,2,0,1,0,1,9
22.0148,2,home,139,2233,875,3652,2666,2160,1480,2227,875,3655,2666,2156,1494,0,0,0,-50,0,0,37,0,-27,0,30,-65,122,125,123,125,122,124,46,46,46,48,48,51,3,0,0,0,0,9
22.0481,2,home,140,2233,875,3652,2666,2160,1480,2227,875,3655,2666,2156,1494,0,0,0,0,0,0,37,0,-27,0,30,-65,122,125,123,125,122,124,46,46,46,48,48,51,2,0,1,0,1,8
22.0818,2,home,141,2233,875,3652,2666,2160,1480,2227,875,3655,2666,2156,1494,0,0,0,0,0,0,37,0,-27,0,30,-65,122,124,123,125,122,124,46,46,46,48,48,51,2,0,1,0,1,9
22.1152,2,home,142,2233,875,3652,2666,2160,1480,2227,875,3655,2666,2156,1494,0,0,0,0,0,0,37,0,-27,0,30,-65,122,125,123,125,122,124,46,46,46,48,48,51,3,0,1,0,0,9
22.1487,2,home,143,2233,875,3652,2666,2160,1480,2227,875,3655,2666,2156,1494,0,0,0,0,0,0,37,0,-27,0,30,-65,122,124,123,125,122,124,46,46,46,48,48,51,2,0,2,0,1,9
22.182,2,home,144,2233,875,3652,2666,2160,1480,2227,875,3655,2666,2156,1494,0,0,0,0,0,0,37,0,-27,0,30,-65,122,124,123,125,122,124,46,46,46,48,48,51,2,0,1,0,1,9
22.2153,2,home,145,2233,875,3652,2666,2160,1480,2227,875,3655,2666,2156,1494,0,0,0,0,0,0,37,0,-27,0,30,-65,122,124,123,125,122,124,46,46,46,48,48,51,2,0,1,0,1,9
22.2488,2,home,146,2233,875,3652,2666,2160,1480,2227,875,3655,2666,2156,1494,0,0,0,0,0,0,37,0,-27,0,30,-65,122,124,123,125,122,124,46,46,46,48,48,51,2,0,1,0,1,9
22.2828,2,home,147,2233,875,3652,2666,2160,1480,2227,875,3655,2666,2156,1494,0,0,0,0,0,0,37,0,-27,0,30,-65,122,125,123,125,122,124,46,46,46,48,48,51,2,0,2,0,1,9
22.3158,2,home,148,2233,875,3652,2666,2160,1480,2227,875,3655,2666,2156,1494,0,0,0,0,0,0,37,0,-27,0,30,-65,122,124,123,125,122,124,46,46,46,48,48,51,2,0,1,0,2,9
22.3494,2,home,149,2233,875,3652,2666,2160,1480,2227,875,3655,2666,2156,1494,0,0,0,0,0,0,37,0,-27,0,30,-65,122,125,123,125,122,124,46,46,46,48,48,51,2,0,2,0,1,9
22.3828,2,home,150,2233,875,3652,2666,2160,1480,2227,875,3655,2666,2156,1494,0,0,0,0,0,0,37,0,-27,0,30,-65,122,125,123,125,122,124,46,46,46,48,48,51,2,0,1,0,1,8
22.416,2,home,151,2233,875,3652,2666,2160,1480,2227,875,3655,2666,2156,1494,0,0,0,0,0,0,37,0,-27,0,30,-65,122,124,123,125,122,124,46,46,46,48,48,51,3,0,1,0,0,9
22.4497,2,home,152,2233,875,3652,2666,2160,1480,2227,875,3655,2666,2156,1494,0,0,0,0,0,0,37,0,-27,0,30,-65,122,124,123,125,122,124,46,46,46,48,48,51,3,0,1,0,1,9
22.4829,2,home,153,2233,875,3652,2666,2160,1480,2227,875,3655,2666,2156,1494,0,0,0,0,0,0,37,0,-27,0,30,-65,122,124,123,125,122,124,46,46,46,48,48,51,2,0,1,0,0,9
22.5167,2,home,154,2233,875,3652,2666,2160,1480,2227,875,3655,2666,2156,1494,0,0,0,0,0,0,37,0,-27,0,30,-65,122,124,123,125,122,124,46,46,46,48,48,51,3,0,1,0,1,9
22.5498,2,home,155,2233,875,3652,2666,2160,1480,2227,875,3655,2666,2156,1494,0,0,0,0,0,0,37,0,-27,0,30,-65,122,124,123,125,122,124,46,46,46,48,48,51,3,0,1,0,2,9
22.5833,2,home,156,2233,875,3652,2666,2160,1480,2227,875,3655,2666,2156,1494,0,0,0,0,0,0,37,0,-27,0,30,-65,122,124,123,125,122,124,46,46,46,48,48,51,3,0,1,0,1,9
22.6168,2,home,157,2233,875,3652,2666,2160,1480,2227,875,3655,2666,2156,1494,0,0,0,0,0,0,37,0,-27,0,30,-65,122,124,123,125,122,124,46,46,46,48,48,51,3,0,1,0,0,9
22.6503,2,home,158,2233,875,3652,2666,2160,1480,2227,875,3655,2666,2156,1494,0,0,0,0,0,0,37,0,-27,0,30,-65,122,125,123,125,122,124,46,46,46,48,48,51,1,0,1,0,0,9
22.6838,2,home,159,2233,875,3652,2666,2160,1480,2227,875,3655,2666,2156,1494,0,0,0,0,0,0,37,0,-27,0,30,-65,122,125,123,125,122,124,46,46,46,48,48,51,2,0,1,0,1,9
22.7171,2,home,160,2233,875,3652,2666,2160,1480,2227,875,3655,2666,2156,1494,0,0,0,0,0,0,37,0,-27,0,30,-65,122,124,123,125,122,124,46,46,46,48,48,51,3,0,1,0,0,9
22.7507,2,home,161,2233,875,3652,2666,2160,1480,2227,875,3655,2666,2156,1494,0,0,0,0,0,0,37,0,-27,0,30,-65,122,124,123,125,122,124,46,46,46,48,48,51,2,0,1,0,0,9
22.7841,2,home,162,2233,875,3652,2666,2160,1480,2227,875,3655,2666,2156,1494,0,0,0,0,0,0,37,0,-27,0,30,-65,122,124,123,125,122,124,46,46,46,48,48,51,2,0,1,0,1,9
22.8177,2,home,163,2233,875,3652,2666,2160,1480,2227,875,3655,2666,2156,1494,0,0,0,0,0,0,37,0,-27,0,30,-65,122,124,123,125,122,124,46,46,46,48,48,51,2,0,1,0,0,9
22.8509,2,home,164,2233,875,3652,2666,2160,1480,2227,875,3655,2666,2156,1494,0,0,0,0,0,0,37,0,-27,0,30,-65,122,125,123,125,122,124,46,46,46,48,48,51,2,0,1,0,1,9
22.8847,2,home,165,2233,875,3652,2666,2160,1480,2227,875,3655,2666,2156,1494,0,0,0,0,0,0,37,0,-27,0,30,-65,122,124,123,125,122,124,46,46,46,48,48,51,3,0,1,0,1,9
22.9178,2,home,166,2233,875,3652,2666,2160,1480,2227,875,3655,2666,2156,1494,0,0,0,0,0,0,37,0,-27,0,30,-65,122,125,123,125,122,124,46,46,46,48,48,51,2,0,2,0,1,8
22.9512,2,home,167,2233,875,3652,2666,2160,1480,2227,875,3655,2666,2156,1494,0,0,0,0,0,0,37,0,-27,0,30,-65,122,124,123,125,122,124,46,46,46,48,48,51,3,0,1,0,2,8
22.9847,2,home,168,2233,875,3652,2666,2160,1480,2227,875,3655,2666,2156,1494,0,0,0,0,0,0,37,0,-27,0,30,-65,122,125,123,125,122,124,46,46,46,48,48,51,2,0,2,0,1,9
23.0178,2,home,169,2233,875,3652,2666,2160,1480,2227,875,3655,2666,2156,1494,0,0,0,0,0,0,37,0,-27,0,30,-65,122,125,123,125,122,124,46,46,46,48,48,51,3,0,1,0,1,9
23.0513,2,home,170,2233,875,3652,2666,2160,1480,2227,875,3655,2666,2156,1494,0,0,0,0,0,0,37,0,-27,0,30,-65,122,125,123,125,122,124,46,46,46,48,48,51,3,0,1,0,0,8
23.0917,3,lift,0,2227,909,3655,2666,2156,1494,2227,875,3655,2666,2156,1494,0,0,0,0,0,0,37,0,59,0,-56,-65,122,124,123,126,122,124,46,46,46,48,48,51,2,0,2,0,1,9
23.1253,3,lift,1,2227,942,3655,2666,2156,1494,2227,880,3655,2666,2156,1495,0,150,0,0,0,50,0,40,0,0,0,0,122,124,123,125,122,124,46,46,46,48,48,51,0,57,0,0,3,5
23.1587,3,lift,2,2227,976,3655,2666,2156,1494,2227,893,3655,2665,2155,1496,0,450,0,0,-50,50,0,203,0,0,0,-23,122,125,123,125,122,124,46,46,46,48,48,51,0,41,0,0,0,4
23.1919,3,lift,3,2227,1010,3655,2666,2156,1494,2227,911,3654,2664,2155,1496,0,500,0,-50,0,0,0,171,0,23,0,-23,122,124,123,125,122,124,46,46,46,48,48,51,0,39,0,0,0,0
23.2253,3,lift,4,2227,1044,3655,2666,2156,1494,2227,932,3651,2662,2153,1496,0,650,-50,-50,-50,0,0,209,27,30,27,-23,122,124,122,125,122,124,46,46,46,48,48,51,0,70,2,2,0,0
23.2587,3,lift,5,2227,1077,3655,2666,2156,1494,2227,957,3644,2662,2152,1496,0,650,-250,0,-50,0,0,241,48,30,30,-23,122,124,122,125,122,124,46,46,46,48,48,51,0,122,3,0,1,0
23.2918,3,lift,6,2227,1111,3655,2666,2156,1494,2227,981,3644,2661,2150,1496,0,700,0,0,-50,0,0,294,55,34,37,-23,122,124,122,125,121,124,46,46,46,48,48,51,0,128,5,1,6,0
23.3253,3,lift,7,2227,1145,3655,2666,2156,1494,2227,1009,3642,2660,2149,1496,0,850,-50,0,-50,0,0,311,62,37,41,-23,122,124,122,125,121,124,46,46,46,48,48,51,0,89,10,10,3,0
23.3587,3,lift,8,2227,1179,3655,2666,2156,1494,2227,1037,3640,2657,2148,1496,0,800,-50,-100,-50,0,0,410,69,44,44,-23,122,124,122,125,121,124,46,46,46,48,48,51,0,109,13,6,6,0
23.3919,3,lift,9,2227,1212,3655,2666,2156,1494,2227,1063,3638,2651,2148,1496,0,800,-50,-100,0,0,0,340,76,65,44,-23,122,124,122,125,121,124,46,46,46,48,48,51,0,177,17,13,4,0
23.4253,3,lift,10,2227,1246,3655,2666,2156,1494,2227,1092,3636,2646,2147,1496,0,850,0,-150,0,0,0,389,79,83,48,-23,122,124,122,124,121,124,46,46,46,48,48,51,0,196,14,26,4,0
23.4587,3,lift,11,2227,1280,3655,2666,2156,1494,2227,1121,3633,2642,2147,1496,0,900,-100,-100,0,0,0,396,90,97,48,-23,122,124,122,124,121,123,46,46,46,48,48,51,0,205,20,27,4,0
23.4919,3,lift,12,2227,1314,3655,2666,2156,1494,2227,1148,3628,2639,2147,1496,0,800,-150,-150,0,0,0,410,196,108,48,-23,121,123,122,124,121,123,46,46,46,48,48,51,0,192,38,34,4,0
23.5253,3,lift,13,2227,1347,3655,2666,2156,1494,2226,1176,3622,2637,2147,1496,-50,850,-150,-50,0,0,0,424,132,115,48,-23,121,123,121,124,120,123,46,46,46,48,48,51,0,212,46,40,4,0
23.5587,3,lift,14,2227,1381,3655,2666,2156,1494,2226,1206,3615,2637,2148,1496,0,800,-150,0,0,0,0,431,235,118,44,-23,121,123,121,124,120,123,46,46,46,48,48,51,0,336,60,46,2,0
23.5919,3,lift,15,2227,1415,3655,2666,2156,1494,2226,1232,3608,2637,2148,1496,0,800,-200,0,0,0,0,480,174,118,44,-23,121,123,121,124,120,123,46,46,46,48,48,51,0,328,93,47,3,0
23.6252,3,lift,16,2227,1448,3655,2666,2156,1494,2226,1260,3600,2637,2148,1496,0,850,-200,0,0,0,0,583,291,118,44,-23,121,123,121,124,120,123,46,46,46,48,48,51,0,334,119,46,4,0
23.6587,3,lift,17,2227,1482,3655,2666,2156,1494,2226,1289,3593,2638,2149,1496,0,750,-250,50,0,0,0,505,319,115,41,-23,121,123,121,124,120,122,46,46,46,48,48,51,0,342,150,45,2,0
23.6919,3,lift,18,2227,1516,3655,2666,2156,1494,2225,1315,3590,2638,2149,1496,0,800,-100,0,0,0,23,523,245,115,41,-23,121,122,121,123,120,122,46,46,46,48,48,51,0,462,160,45,3,0
23.7253,3,lift,19,2227,1550,3655,2666,2156,1494,2225,1340,3584,2638,2149,1496,0,700,-150,0,0,0,23,579,259,115,41,-23,120,122,120,123,119,122,46,46,46,48,48,51,0,541,169,43,3,0
23.7587,3,lift,20,2227,1583,3655,2666,2156,1494,2225,1363,3578,2638,2149,1496,0,700,-200,0,0,0,23,611,284,115,41,-23,120,122,120,122,119,121,46,46,46,48,48,51,0,665,187,44,4,0
23.7918,3,lift,21,2227,1617,3655,2666,2156,1494,2225,1387,3570,2639,2150,1496,0,700,-250,0,0,0,23,635,397,115,41,-23,120,121,120,122,119,121,46,46,46,48,48,51,0,659,239,44,3,0
23.8253,3,lift,22,2227,1651,3655,2666,2156,1494,2225,1412,3563,2639,2150,1496,0,750,-200,50,0,0,23,660,425,111,37,-23,119,121,119,122,118,121,46,46,46,48,48,51,0,705,264,39,3,0
23.8587,3,lift,23,2227,1685,3655,2666,2156,1494,2224,1432,3560,2640,2151,1496,-50,600,-200,50,0,0,27,706,347,108,34,-23,119,121,118,121,118,120,46,46,46,48,48,51,0,1061,294,37,1,0
23.8919,3,lift,24,2227,1718,3655,2666,2156,1494,2224,1449,3558,2640,2151,1496,0,500,-50,0,0,0,27,780,354,108,34,-23,118,120,118,120,117,120,46,46,46,48,48,51,0,1083,311,36,1,0
23.9253,3,lift,25,2227,1752,3655,2666,2156,1494,2224,1465,3555,2640,2151,1496,0,550,-50,0,0,0,27,917,365,108,34,-23,118,119,117,120,116,119,46,46,46,48,48,51,0,1305,287,35,1,0
23.9587,3,lift,26,2227,1786,3655,2666,2156,1494,2224,1478,3551,2640,2152,1496,0,450,-100,0,50,0,27,899,382,108,30,-23,117,119,117,119,116,118,46,46,46,48,48,51,0,1630,308,35,0,0
23.9919,3,lift,27,2227,1820,3655,2666,2156,1494,2224,1487,3546,2641,2155,1496,0,300,-150,0,100,0,27,1000,400,104,0,-23,117,118,116,118,115,118,46,46,46,48,48,51,0,1661,358,33,0,0
24.0253,3,lift,28,2227,1853,3655,2666,2156,1494,2224,1496,3545,2641,2157,1496,0,250,-50,0,100,0,27,1000,403,104,0,-23,116,118,116,118,115,117,46,46,46,48,48,51,0,1783,306,27,0,0
24.0587,3,lift,29,2227,1887,3655,2666,2156,1494,2224,1501,3544,2641,2157,1496,0,150,0,0,0,0,27,1000,407,104,0,-23,116,117,115,118,114,117,46,46,46,48,48,51,0,1881,313,29,0,0
24.0927,3,align,0,2225,1887,3614,2678,2155,1515,2224,1502,3543,2641,2157,1496,0,50,0,0,0,0,27,1000,410,104,0,-23,116,117,115,118,114,117,46,46,46,48,48,51,0,1859,311,30,0,0
24.1253,3,align,1,2223,1887,3574,2691,2154,1537,2224,1503,3538,2643,2157,1498,0,0,-100,0,0,0,0,1000,280,143,-23,76,116,117,115,118,114,117,46,46,46,48,48,51,0,1861,185,41,0,32
24.1587,3,align,2,2221,1887,3533,2704,2153,1558,2224,1505,3529,2648,2160,1503,0,100,-250,100,100,50,0,1000,160,86,-122,146,117,117,116,118,115,117,46,46,46,48,48,51,0,1859,101,51,1,26
24.1921,3,align,3,2219,1887,3492,2716,2152,1579,2224,1522,3513,2658,2161,1519,0,250,-400,250,100,500,-27,1000,69,93,-44,83,117,118,116,118,115,118,46,46,46,48,48,51,0,1619,49,48,4,8
24.2253,3,align,4,2217,1887,3452,2728,2151,1601,2224,1565,3489,2672,2161,1536,0,850,-550,350,50,450,-34,1000,-27,174,-51,178,118,119,117,120,116,118,46,46,46,48,48,51,0,1039,6,43,2,11
24.2587,3,align,5,2215,1887,3411,2741,2150,1622,2222,1624,3461,2684,2159,1551,-50,1550,-750,400,-50,450,-37,889,59,97,-44,196,119,120,118,121,117,120,46,46,46,48,48,51,0,580,25,11,2,26
24.2919,3,align,6,2213,1887,3371,2754,2149,1643,2220,1675,3431,2700,2157,1565,-50,1650,-850,350,-50,450,-37,685,27,86,-41,132,120,122,120,123,119,122,46,46,46,48,48,51,2,395,13,12,1,56
24.3253,3,align,7,2211,1887,3330,2766,2149,1665,2218,1722,3397,2720,2156,1577,-50,1400,-1000,500,-50,400,-34,477,-61,146,-41,174,120,123,121,123,120,122,46,46,46,48,48,51,0,181,14,13,1,65
24.3588,3,align,8,2209,1887,3289,2778,2148,1686,2216,1760,3366,2736,2153,1591,-50,1100,-950,500,-100,350,-34,325,-83,40,-34,202,121,123,121,124,120,123,46,46,46,48,48,51,0,117,2,6,0,85
24.392,3,align,9,2207,1887,3249,2791,2147,1707,2216,1790,3334,2751,2152,1606,0,950,-900,500,0,400,-41,290,-107,44,-34,223,121,123,122,124,120,123,46,46,46,48,48,51,1,52,0,1,2,120
24.4253,3,align,10,2205,1887,3208,2804,2146,1729,2214,1816,3303,2770,2151,1623,-50,800,-900,500,0,500,-44,273,-132,111,-34,315,122,124,122,124,121,123,46,46,46,48,48,51,2,24,5,0,0,137
24.4587,3,align,11,2203,1887,3167,2816,2145,1750,2212,1837,3278,2786,2150,1640,-50,700,-850,500,-50,500,-41,107,-178,-27,-30,350,122,124,122,124,121,123,46,46,46,48,48,51,2,10,54,7,0,150
24.4919,3,align,12,2201,1887,3127,2828,2144,1771,2208,1860,3251,2801,2150,1658,-100,750,-850,400,0,500,-37,44,-252,72,-34,357,122,124,122,124,121,123,46,46,46,48,48,51,0,1,50,8,2,111
24.5253,3,align,13,2199,1887,3086,2841,2143,1793,2206,1870,3222,2818,2150,1674,-50,550,-800,500,0,500,83,79,-287,55,-37,280,122,124,122,124,121,123,46,46,46,48,48,51,1,0,62,4,1,120
24.5588,3,align,14,2198,1887,3046,2854,2142,1814,2203,1878,3193,2836,2150,1692,-150,200,-850,550,0,500,-34,-66,-325,55,-41,379,121,123,122,124,120,123,46,46,46,48,48,51,0,0,85,0,1,188
24.5919,3,align,15,2196,1887,3005,2866,2141,1835,2203,1883,3163,2850,2148,1708,-50,150,-950,450,-50,450,-34,30,-347,41,-37,393,121,123,121,124,120,123,46,46,46,48,48,51,1,0,133,5,2,247
24.6253,3,align,16,2194,1887,2964,2878,2140,1857,2199,1887,3133,2866,2147,1726,-50,150,-900,450,-50,550,-30,0,-417,-94,-37,333,121,123,121,124,120,122,46,46,46,48,48,51,0,0,211,10,2,184
24.6587,3,align,17,2192,1887,2924,2891,2139,1878,2197,1890,3102,2880,2147,1746,-100,50,-900,450,0,600,-27,-27,-442,0,-41,421,121,123,121,124,120,122,46,46,46,48,48,51,0,0,210,3,4,131
24.6918,3,align,18,2190,1887,2883,2904,2138,1899,2194,1890,3066,2890,2146,1770,-50,0,-1000,300,-50,750,-27,-27,-364,30,-41,407,121,123,121,124,120,122,46,46,46,48,48,51,0,0,182,5,4,120
24.7253,3,align,19,2188,1887,2842,2916,2137,1921,2192,1890,3025,2899,2145,1798,-50,0,-1200,250,-50,750,-27,-27,-357,41,-41,290,121,123,121,124,120,122,46,46,46,48,48,51,1,1,150,1,4,106
24.7587,3,align,20,2186,1887,2802,2928,2136,1942,2190,1890,2981,2904,2144,1828,-100,0,-1250,200,0,850,-23,-27,-339,62,-41,290,121,123,122,124,120,123,46,46,46,48,48,51,2,1,188,6,3,73
24.7918,3,align,21,2184,1887,2761,2941,2135,1963,2188,1892,2939,2906,2141,1857,-100,50,-1300,100,-50,850,-23,-30,-367,93,-37,252,121,124,122,124,121,123,46,46,46,48,48,51,0,1,137,13,2,39
24.8252,3,align,22,2182,1887,2720,2954,2135,1985,2186,1894,2896,2913,2139,1887,-50,50,-1300,50,-150,850,-23,-37,-438,115,-27,213,122,124,122,124,121,123,46,46,46,48,48,51,4,8,107,16,0,23
24.8586,3,align,23,2180,1887,2680,2966,2134,2006,2184,1895,2857,2925,2140,1915,-50,50,-1150,350,50,800,-27,-44,-346,47,-34,185,122,124,122,124,121,123,46,46,46,48,48,51,1,5,108,8,1,25
24.8919,3,align,24,2178,1887,2639,2978,2133,2027,2182,1895,2817,2934,2139,1939,-50,0,-1200,300,-50,800,-27,-44,-421,136,-34,192,122,124,122,124,121,123,46,46,46,48,48,51,3,4,169,12,1,37
24.9252,3,align,25,2176,1887,2599,2991,2132,2049,2179,1895,2777,2947,2140,1964,-100,0,-1200,300,0,750,-23,-44,-378,132,-37,174,122,124,122,124,121,123,46,46,46,48,48,51,0,3,203,16,2,13
24.9587,3,align,26,2174,1887,2558,3004,2131,2070,2177,1895,2736,2960,2140,1989,-100,0,-1250,350,0,750,0,-44,-452,44,-44,245,122,124,122,124,121,123,46,46,46,48,48,51,0,4,162,17,5,8
24.992,3,align,27,2172,1887,2517,3016,2130,2091,2175,1895,2700,2972,2140,2012,-100,0,-1150,450,-50,700,0,-44,-449,61,-48,146,122,124,122,124,121,123,46,46,46,48,48,51,0,4,148,6,4,22
25.0252,3,align,28,2170,1887,2477,3028,2129,2113,2173,1895,2660,2986,2140,2033,-50,0,-1150,350,0,600,0,-44,-449,51,-51,224,122,124,122,124,121,123,46,46,46,48,48,51,0,4,134,1,5,57
25.0587,3,align,29,2168,1887,2436,3041,2128,2134,2171,1895,2620,2999,2140,2055,-50,0,-1150,350,0,650,0,-44,-438,129,-55,160,122,124,122,124,121,123,46,46,46,48,48,51,1,3,232,11,5,26
25.0922,3,home,0,2168,1887,2436,3041,2128,2134,2169,1895,2582,3012,2140,2078,-100,0,-1100,400,0,700,0,-44,-487,37,-58,149,121,124,122,124,121,123,46,46,46,48,48,51,1,3,205,13,6,6
25.0946,3,home,1,2168,1887,2436,3041,2129,2134,2169,1895,2580,3013,2140,2079,-100,0,-1100,400,0,700,0,-44,-487,37,-58,149,122,124,122,124,121,123,46,46,46,48,48,51,1,3,205,13,6,6
25.1257,3,home,2,2168,1887,2436,3041,2129,2134,2167,1895,2548,3019,2138,2094,-50,0,-1200,300,0,600,0,-44,-350,93,-48,167,122,124,122,125,121,123,46,46,46,48,48,51,0,3,93,4,3,3
25.1592,3,home,3,2168,1887,2436,3041,2130,2134,2167,1895,2525,3025,2138,2105,0,0,-850,150,0,400,0,-44,-255,-41,-48,122,122,124,122,125,121,124,46,46,46,48,48,51,0,4,65,4,4,1
25.1927,3,home,4,2168,1887,2436,3041,2130,2134,2167,1895,2509,3028,2138,2112,0,0,-550,100,0,200,0,-44,-277,65,-44,93,122,124,122,125,121,124,46,46,46,48,48,51,0,3,51,1,3,5
25.2262,3,home,5,2168,1887,2436,3041,2130,2134,2167,1895,2500,3031,2138,2117,0,0,-300,50,0,100,0,-44,-248,55,-44,79,122,124,122,125,121,124,46,46,46,48,48,51,0,3,65,1,4,9
25.2596,3,home,6,2168,1887,2436,3041,2130,2134,2167,1895,2494,3032,2138,2120,0,0,-100,50,0,150,0,-44,-224,48,-44,65,122,124,122,125,122,124,46,46,46,48,48,51,0,4,87,2,4,4
25.2932,3,home,7,2168,1887,2436,3041,2130,2134,2167,1895,2492,3034,2138,2122,0,0,-100,50,0,100,0,-44,-213,41,-44,58,122,124,122,125,122,124,46,46,46,48,48,51,0,3,91,2,3,3
25.3262,3,home,8,2168,1887,2436,3041,2130,2134,2167,1895,2490,3034,2138,2124,0,0,-50,0,0,0,0,-44,-210,41,-44,51,122,124,122,125,122,124,46,46,46,48,48,51,0,3,70,3,4,4
25.3596,3,home,9,2168,1887,2436,3041,2130,2134,2167,1895,2490,3034,2138,2125,0,0,-50,0,0,0,0,-44,-206,41,-44,51,122,124,122,125,121,124,46,46,46,48,48,51,0,3,88,2,4,3
25.3932,3,home,10,2168,1887,2436,3041,2130,2134,2167,1895,2490,3034,2138,2126,0,0,0,0,0,0,0,-44,-206,41,-44,48,122,124,122,125,121,124,46,46,46,48,48,51,0,4,94,2,4,3
25.4266,3,home,11,2168,1887,2436,3041,2130,2134,2167,1895,2490,3034,2138,2126,0,0,0,0,0,50,0,-44,-206,41,-44,44,122,124,122,125,121,124,46,46,46,48,48,51,0,3,93,2,4,3
25.4598,3,home,12,2168,1887,2436,3041,2130,2134,2167,1895,2490,3034,2138,2126,0,0,0,0,0,0,0,-44,-206,41,-44,44,122,124,122,125,121,124,46,46,46,48,48,51,0,3,94,2,4,4
25.4932,3,home,13,2168,1887,2436,3041,2130,2134,2167,1895,2490,3034,2138,2126,0,0,0,0,0,0,0,-44,-206,41,-44,44,122,124,122,125,121,124,46,46,46,48,48,51,0,3,94,2,4,4
25.5268,3,home,14,2168,1887,2436,3041,2130,2134,2167,1895,2490,3034,2138,2126,0,0,0,0,0,0,0,-44,-206,41,-44,44,122,124,122,125,121,124,46,46,46,48,48,51,0,3,95,3,4,3
25.5606,3,home,15,2168,1887,2436,3041,2130,2134,2167,1895,2490,3034,2138,2126,0,0,0,0,0,0,0,-44,-206,41,-44,44,122,124,122,125,121,124,46,46,46,48,48,51,0,3,94,3,4,3
25.5938,3,home,16,2168,1887,2436,3041,2130,2134,2167,1895,2490,3034,2138,2126,0,0,0,0,0,0,0,-44,-206,41,-44,44,122,124,122,125,121,124,46,46,46,48,48,51,0,4,93,3,4,4
25.6276,3,home,17,2168,1887,2436,3041,2130,2134,2167,1895,2490,3034,2138,2126,0,0,0,0,0,0,0,-44,-206,41,-44,44,122,124,122,125,121,124,46,46,46,48,48,51,0,3,94,2,4,3
25.6609,3,home,18,2168,1887,2436,3041,2130,2134,2167,1895,2490,3034,2138,2126,0,0,0,0,0,0,0,-44,-206,41,-44,44,122,124,122,125,121,124,46,46,46,48,48,51,0,3,93,2,3,3
25.6947,3,home,19,2168,1887,2436,3041,2130,2134,2167,1895,2490,3034,2138,2126,0,0,0,0,0,0,0,-44,-206,41,-44,44,122,124,122,125,121,124,46,46,46,48,48,51,0,3,94,3,4,3
25.7279,3,home,20,2168,1887,2436,3041,2130,2134,2167,1895,2490,3034,2138,2126,0,0,0,0,0,0,0,-44,-206,41,-44,44,122,124,122,125,121,124,46,46,46,48,48,51,0,3,94,3,4,3
25.7614,3,home,21,2168,1887,2436,3041,2130,2134,2167,1895,2490,3034,2138,2126,0,0,0,0,0,0,0,-44,-206,41,-44,44,122,124,122,125,121,124,46,46,46,48,48,51,0,3,94,2,4,4
25.795,3,home,22,2168,1887,2436,3041,2130,2134,2167,1895,2490,3034,2138,2126,0,0,0,0,0,0,0,-44,-206,41,-44,44,122,124,122,125,121,124,46,46,46,48,48,51,0,4,94,2,4,4
25.8287,3,home,23,2168,1887,2436,3041,2130,2134,2167,1895,2490,3034,2138,2126,0,0,0,0,0,0,0,-44,-206,41,-44,44,122,124,122,125,121,124,46,46,46,48,48,51,0,3,94,2,4,3
25.8618,3,home,24,2168,1887,2436,3041,2130,2134,2167,1895,2490,3034,2138,2126,0,0,0,0,0,0,0,-44,-206,41,-44,44,122,124,122,125,121,124,46,46,46,48,48,51,0,3,94,3,4,4
25.8957,3,home,25,2168,1887,2436,3041,2130,2134,2167,1895,2490,3034,2138,2126,0,0,0,0,0,0,0,-44,-206,41,-44,44,122,124,122,125,121,124,46,46,46,48,48,51,0,3,93,3,3,4
25.9289,3,home,26,2168,1887,2436,3041,2130,2134,2167,1895,2490,3034,2138,2126,0,0,0,0,0,0,0,-44,-206,41,-44,44,122,124,122,125,121,124,46,46,46,48,48,51,0,4,93,3,4,3
25.9622,3,home,27,2168,1887,2436,3041,2130,2134,2167,1895,2490,3034,2138,2126,0,0,0,0,0,0,0,-44,-206,41,-44,44,122,124,122,125,121,124,46,46,46,48,48,51,0,3,93,3,4,3
25.9957,3,home,28,2168,1887,2436,3041,2130,2134,2167,1895,2490,3034,2138,2126,0,0,0,0,0,0,0,-44,-206,41,-44,44,122,124,122,125,121,124,46,46,46,48,48,51,0,4,94,3,4,3
26.0295,3,home,29,2168,1887,2436,3041,2130,2134,2167,1895,2490,3034,2138,2126,0,0,0,0,0,0,0,-44,-206,41,-44,44,122,124,122,125,121,124,46,46,46,48,48,51,0,3,93,3,4,4
26.0628,3,home,30,2168,1887,2436,3041,2130,2134,2167,1895,2490,3034,2138,2126,0,0,0,0,0,0,0,-44,-206,41,-44,44,122,124,122,125,121,124,46,46,46,48,48,51,0,4,94,2,3,3
26.0966,3,home,31,2168,1887,2436,3041,2130,2134,2167,1895,2490,3034,2138,2126,0,0,0,0,0,0,0,-44,-206,41,-44,44,122,124,122,125,121,124,46,46,46,48,48,51,0,4,94,2,4,3
26.1298,3,home,32,2168,1887,2436,3041,2130,2134,2167,1895,2490,3034,2138,2126,0,0,0,0,0,0,0,-44,-206,41,-44,44,122,124,122,125,121,124,46,46,46,48,48,51,0,4,94,2,4,4
26.1632,3,home,33,2168,1887,2436,3041,2130,2134,2167,1895,2490,3034,2138,2126,0,0,0,0,0,0,0,-44,-206,41,-44,44,122,124,122,125,121,124,46,46,46,48,48,51,0,3,94,3,4,4
26.1967,3,home,34,2168,1887,2436,3041,2130,2134,2167,1895,2490,3034,2138,2126,0,0,0,0,0,0,0,-44,-206,41,-44,44,122,124,122,125,121,124,46,46,46,48,48,51,0,4,94,3,4,3
26.2303,3,home,35,2168,1887,2436,3041,2130,2134,2167,1895,2490,3034,2138,2126,0,0,0,0,0,0,0,-44,-206,41,-44,44,122,124,122,125,121,124,46,46,46,48,48,51,0,3,94,3,4,3
26.2637,3,home,36,2168,1887,2436,3041,2130,2134,2167,1895,2490,3034,2138,2126,0,0,0,0,0,0,0,-44,-206,41,-44,44,122,124,122,125,121,124,46,46,46,48,48,51,0,3,93,2,4,3
26.2972,3,home,37,2168,1887,2436,3041,2130,2134,2167,1895,2490,3034,2138,2126,0,0,0,0,0,0,0,-44,-206,41,-44,44,122,124,122,125,121,124,46,46,46,48,48,51,0,3,94,3,4,3
26.3307,3,home,38,2168,1887,2436,3041,2130,2134,2167,1895,2490,3034,2138,2126,0,0,0,0,0,0,0,-44,-206,41,-44,44,122,124,122,125,121,124,46,46,46,48,48,51,0,4,93,4,4,4
26.3641,3,home,39,2168,1886,2436,3041,2130,2134,2167,1895,2490,3034,2138,2126,0,0,0,0,0,0,0,-44,-206,41,-44,44,122,124,122,125,121,124,46,46,46,48,48,51,0,4,93,2,4,3
26.3976,3,home,40,2168,1883,2436,3041,2130,2134,2167,1895,2490,3034,2138,2126,0,0,0,0,0,0,0,-48,-206,41,-44,44,122,124,122,125,121,124,46,46,46,48,48,51,0,4,95,2,4,3
26.4311,3,home,41,2168,1878,2436,3041,2130,2134,2167,1895,2490,3034,2138,2126,0,0,0,0,0,0,0,-58,-206,41,-44,44,122,124,122,125,121,124,46,46,46,48,48,51,0,8,93,3,4,4
26.4647,3,home,42,2168,1873,2436,3041,2130,2134,2167,1895,2490,3034,2138,2126,0,0,0,0,0,0,0,-76,-206,41,-44,44,122,124,122,125,121,124,46,46,46,48,48,51,0,12,93,3,4,3
26.498,3,home,43,2168,1868,2436,3041,2130,2134,2167,1895,2490,3034,2138,2126,0,0,0,0,0,0,0,-93,-206,41,-44,44,122,124,122,125,121,124,46,46,46,48,48,51,0,18,93,3,4,3
26.5316,3,home,44,2168,1864,2436,3041,2131,2134,2167,1895,2490,3034,2138,2126,0,0,0,0,0,0,0,-111,-206,41,-44,44,122,124,122,125,121,124,46,46,46,48,48,51,0,29,93,2,4,3
26.5652,3,home,45,2168,1861,2436,3041,2131,2134,2167,1895,2490,3034,2138,2126,0,0,0,0,0,0,0,-125,-206,41,-41,44,122,124,122,125,121,124,46,46,46,48,48,51,0,41,93,3,3,4
26.5986,3,home,46,2168,1861,2436,3041,2131,2134,2167,1895,2490,3034,2138,2126,0,0,0,0,0,0,0,-136,-206,41,-41,44,122,124,122,125,121,124,46,46,46,48,48,51,0,43,95,3,3,3
26.632,3,home,47,2168,1861,2436,3041,2131,2134,2167,1895,2490,3034,2138,2126,0,0,0,0,0,0,0,-136,-206,41,-41,44,122,124,122,125,121,124,46,46,46,48,48,51,0,43,93,2,4,4
26.6656,3,home,48,2168,1861,2436,3041,2131,2134,2167,1895,2490,3034,2138,2126,0,0,0,0,0,0,0,-136,-206,41,-41,44,122,124,122,125,121,124,46,46,46,48,48,51,0,43,94,3,3,3
26.6988,3,home,49,2168,1861,2436,3041,2131,2134,2167,1895,2490,3034,2138,2126,0,0,0,0,0,0,0,-136,-206,41,-41,44,122,124,122,125,121,124,46,46,46,48,48,51,0,41,93,2,3,3
26.7326,3,home,50,2168,1861,2436,3041,2131,2134,2167,1895,2490,3034,2138,2126,0,0,0,0,0,0,0,-136,-206,41,-41,44,122,124,122,125,121,124,46,46,46,48,48,51,0,43,94,2,3,3
26.766,3,home,51,2167,1861,2436,3041,2131,2134,2167,1895,2490,3034,2138,2126,0,0,0,0,0,0,0,-136,-206,41,-41,44,122,124,122,125,121,124,46,46,46,48,48,51,0,43,93,2,3,3
26.7995,3,home,52,2167,1858,2437,3041,2131,2134,2167,1895,2490,3034,2138,2126,0,0,0,0,0,0,0,-136,-206,41,-41,44,122,124,122,125,121,124,46,46,46,48,48,51,0,42,92,3,3,3
26.833,3,home,53,2167,1853,2439,3041,2131,2134,2167,1895,2490,3034,2138,2126,0,0,0,0,0,0,0,-146,-203,41,-41,44,122,124,122,125,121,124,46,46,46,48,48,51,0,49,90,2,3,3
26.8666,3,home,54,2165,1845,2445,3041,2131,2134,2167,1895,2490,3034,2138,2126,0,0,0,0,0,0,0,-164,-196,41,-41,44,122,124,122,125,121,124,46,46,46,48,48,51,0,64,80,3,4,2
26.8998,3,home,55,2163,1834,2453,3041,2131,2134,2167,1895,2490,3034,2138,2126,0,0,0,0,0,0,-23,-192,-174,41,-41,44,122,124,122,125,121,124,46,46,46,48,48,51,0,94,63,2,3,3
26.9335,3,home,56,2160,1821,2462,3041,2131,2134,2167,1893,2490,3034,2138,2126,0,0,0,0,0,0,-30,-139,-146,41,-41,44,122,124,122,125,121,124,46,46,46,48,48,51,1,111,46,2,3,2
26.9668,3,home,57,2158,1806,2476,3041,2131,2134,2164,1888,2490,3034,2138,2126,-50,-150,0,0,0,0,-34,-255,-115,41,-41,44,122,124,122,125,121,124,46,46,46,48,48,51,2,118,34,3,4,2
27.0002,3,home,58,2156,1788,2492,3041,2131,2134,2162,1881,2491,3034,2138,2126,-100,-300,50,0,0,0,-30,-287,-69,41,-41,44,122,124,122,125,121,124,46,46,46,48,48,51,0,108,16,2,4,3
27.0339,3,home,59,2155,1770,2509,3041,2131,2134,2159,1869,2495,3034,2138,2126,-100,-300,50,0,0,0,-27,-223,0,41,-41,44,122,124,122,125,121,124,46,46,46,48,48,51,0,123,6,2,3,2
27.0672,3,home,60,2155,1750,2527,3041,2131,2134,2157,1853,2503,3034,2137,2126,-100,-500,200,0,0,0,-27,-230,44,41,-41,44,122,124,122,125,121,124,46,46,46,48,48,51,2,103,7,3,3,4
27.1007,3,home,61,2155,1729,2542,3041,2131,2134,2156,1835,2514,3034,2137,2126,0,-450,250,0,-50,0,0,-234,-52,41,-37,44,122,124,122,125,121,124,46,46,46,48,48,51,0,114,7,3,2,3
27.1342,3,home,62,2155,1709,2554,3041,2131,2134,2156,1817,2526,3034,2137,2126,0,-550,400,0,0,0,0,-347,86,41,-37,44,122,124,122,125,121,124,46,46,46,48,48,51,0,144,2,2,3,3
27.1676,3,home,63,2155,1686,2567,3041,2130,2134,2156,1797,2539,3034,2137,2126,0,-600,400,0,0,0,0,-259,79,41,-37,44,122,124,122,125,121,124,46,46,46,48,48,51,0,106,0,3,2,4
27.2009,3,home,64,2155,1662,2578,3041,2131,2134,2156,1776,2553,3034,2137,2126,0,-550,400,0,0,0,0,-262,-45,41,-41,44,122,124,122,125,121,124,46,46,46,48,48,51,0,102,5,2,3,3
27.2342,3,home,65,2155,1639,2589,3041,2133,2134,2156,1755,2565,3035,2137,2126,0,-600,400,50,0,0,0,-266,65,37,-37,44,122,124,122,125,121,124,46,46,46,48,48,51,0,99,4,1,2,3
27.2677,3,home,66,2155,1616,2604,3041,2136,2134,2156,1733,2578,3035,2137,2126,0,-650,400,0,0,0,0,-262,-62,37,-30,44,122,124,122,125,121,124,46,46,46,48,48,51,0,168,1,1,1,3
27.301,3,home,67,2155,1595,2618,3041,2137,2134,2156,1709,2590,3035,2137,2126,0,-750,350,0,0,0,0,-283,79,37,0,44,122,124,122,125,121,124,46,46,46,48,48,51,0,109,0,2,0,3
27.3347,3,home,68,2155,1574,2633,3041,2139,2134,2156,1685,2603,3035,2137,2126,0,-700,400,0,0,0,0,-354,79,37,0,44,122,124,122,125,121,124,46,46,46,48,48,51,0,70,0,2,0,2
27.3678,3,home,69,2155,1556,2648,3041,2141,2134,2156,1662,2616,3035,2137,2126,0,-700,400,0,0,0,0,-252,83,37,23,44,122,124,122,125,121,124,46,46,46,48,48,51,0,68,10,2,0,3
27.4012,3,home,70,2155,1538,2662,3041,2141,2134,2156,1639,2630,3035,2137,2126,0,-700,400,0,0,0,0,-315,83,37,30,44,122,124,122,125,121,124,46,46,46,48,48,51,0,83,6,2,1,3
27.4347,3,home,71,2155,1519,2675,3041,2141,2134,2156,1616,2645,3035,2137,2126,0,-650,450,0,0,0,0,-209,-41,37,30,44,122,124,122,125,122,124,46,46,46,48,48,51,0,74,2,1,1,3
27.4681,3,home,72,2155,1501,2687,3041,2141,2134,2156,1596,2659,3035,2137,2126,0,-650,450,0,0,0,0,-308,86,37,30,44,122,124,123,125,122,124,46,46,46,48,48,51,0,56,0,2,1,3
27.5016,3,home,73,2155,1479,2703,3041,2141,2134,2156,1575,2673,3035,2137,2126,0,-600,400,0,0,0,0,-206,76,37,30,44,122,124,122,125,121,124,46,46,46,48,48,51,0,49,1,2,0,2
27.535,3,home,74,2155,1455,2721,3041,2141,2134,2156,1555,2687,3035,2137,2126,0,-550,350,0,0,0,0,-294,83,37,30,44,122,124,122,125,121,124,46,46,46,48,48,51,0,52,11,1,1,3
27.5682,3,home,75,2155,1431,2741,3037,2141,2134,2156,1534,2701,3035,2137,2126,0,-650,450,0,0,0,0,-209,86,37,30,44,122,124,122,125,121,124,46,46,46,48,48,51,0,101,19,1,1,3
27.6017,3,home,76,2155,1405,2766,3027,2141,2134,2156,1510,2719,3035,2137,2126,0,-750,550,0,0,0,0,-322,30,23,30,44,122,124,122,125,122,124,46,46,46,48,48,51,0,72,7,1,0,4
27.6352,3,home,77,2155,1380,2793,3018,2141,2134,2156,1485,2739,3035,2137,2126,0,-650,550,0,0,0,0,-237,132,-44,30,44,122,124,122,125,122,124,46,46,46,48,48,51,0,64,3,5,1,3
27.6687,3,home,78,2155,1356,2821,3006,2141,2134,2156,1459,2764,3032,2137,2126,0,-800,700,0,0,0,0,-227,51,-65,30,44,122,124,122,125,122,124,46,46,46,48,48,51,0,45,0,2,1,3
27.702,3,home,79,2155,1337,2849,2995,2141,2134,2156,1435,2789,3026,2138,2126,0,-700,750,-100,0,0,0,-216,51,-93,27,44,122,124,122,125,121,124,46,46,46,48,48,51,0,53,9,7,0,3
27.7356,3,home,80,2155,1319,2879,2982,2141,2134,2156,1410,2816,3018,2138,2126,0,-700,750,-200,0,0,0,-277,51,-104,27,44,122,124,122,125,122,124,46,46,46,48,48,51,0,57,16,9,1,3
27.7689,3,home,81,2155,1302,2909,2971,2141,2134,2156,1387,2844,3009,2138,2126,0,-700,800,-200,0,0,0,-195,86,-115,27,44,122,124,122,125,122,124,46,46,46,48,48,51,0,32,7,12,1,3
27.8022,3,home,82,2155,1288,2937,2957,2141,2134,2156,1366,2871,2999,2138,2126,0,-650,800,-250,0,0,0,-171,86,-115,27,44,122,124,122,125,122,124,46,46,46,48,48,51,0,25,1,19,0,3
27.8358,3,home,83,2155,1273,2966,2941,2141,2134,2156,1346,2901,2987,2138,2126,0,-600,850,-350,0,0,0,-142,72,-139,27,44,122,124,122,125,121,124,46,46,46,48,48,51,0,26,0,10,0,3
27.8692,3,home,84,2155,1256,2993,2925,2141,2134,2156,1327,2930,2974,2137,2126,0,-550,850,-450,0,0,0,-213,65,-146,30,44,122,124,122,125,122,124,46,46,46,48,48,51,0,24,9,4,1,4
27.9026,3,home,85,2155,1239,3020,2907,2141,2134,2156,1309,2960,2960,2137,2126,0,-600,900,-350,50,0,0,-206,51,-65,30,44,122,124,123,125,122,124,46,46,46,48,48,51,0,42,14,8,1,4
27.9361,3,home,86,2155,1224,3045,2887,2141,2134,2156,1292,2987,2945,2137,2126,0,-450,800,-450,-50,0,0,-220,76,-157,30,44,122,124,123,125,122,124,46,46,46,48,48,51,0,30,3,21,1,3
27.9696,3,home,87,2155,1207,3072,2868,2141,2134,2156,1275,3015,2929,2137,2126,0,-500,800,-400,0,0,0,-121,143,-167,30,44,122,124,122,125,122,124,46,46,46,48,48,51,0,21,0,40,1,4
28.0026,3,home,88,2155,1192,3101,2850,2141,2134,2156,1258,3042,2911,2137,2126,0,-500,800,-400,0,0,0,-203,51,-107,30,44,122,124,122,125,121,124,46,46,46,48,48,51,0,32,5,18,1,4
28.0362,3,home,89,2155,1179,3128,2831,2141,2134,2156,1241,3069,2894,2137,2126,0,-500,800,-650,0,0,0,-192,47,-185,30,44,122,124,122,125,122,124,46,46,46,48,48,51,0,36,22,7,1,2
28.0695,3,home,90,2155,1167,3158,2813,2141,2134,2156,1225,3097,2875,2137,2126,0,-500,800,-500,0,0,0,-111,160,-181,30,44,122,124,123,125,122,124,46,46,46,48,48,51,0,9,8,13,1,3
28.103,3,home,91,2155,1155,3187,2796,2141,2134,2156,1210,3125,2856,2137,2126,0,-450,850,-500,0,0,0,-181,76,-174,30,44,122,124,123,125,122,124,46,46,46,48,48,51,0,13,3,16,1,3
28.1366,3,home,92,2155,1143,3217,2779,2141,2134,2156,1195,3154,2838,2137,2126,0,-450,800,-500,0,0,0,-167,69,-167,30,44,122,124,123,125,122,124,46,46,46,48,48,51,0,20,0,19,1,4
28.1698,3,home,93,2155,1131,3244,2761,2141,2134,2156,1182,3181,2821,2137,2126,0,-400,850,-550,0,0,0,-72,65,-185,30,44,122,124,123,125,122,124,46,46,46,48,48,51,0,24,7,11,1,4
28.2032,3,home,94,2155,1118,3272,2743,2143,2134,2156,1169,3210,2803,2137,2126,0,-450,850,-500,0,0,0,-150,51,-93,30,44,122,124,123,125,122,124,46,46,46,48,48,51,0,17,16,9,1,4
28.2367,3,home,95,2155,1105,3298,2728,2148,2134,2156,1156,3239,2785,2137,2126,0,-350,850,-500,0,0,0,-164,83,-90,37,44,122,124,123,125,122,124,46,46,46,48,48,51,0,3,4,15,3,3
28.27,3,home,96,2155,1093,3324,2711,2152,2134,2156,1143,3266,2769,2138,2126,0,-400,850,-550,0,0,0,-160,65,-76,51,44,122,124,123,125,122,124,46,46,46,48,48,51,0,10,1,24,6,3
28.3032,3,home,97,2155,1079,3351,2697,2155,2134,2156,1130,3293,2751,2141,2126,0,-350,800,-450,100,0,0,-153,139,-93,55,44,122,124,122,125,122,124,46,46,46,48,48,51,0,22,2,17,5,4
28.3368,3,home,98,2156,1066,3377,2686,2157,2132,2156,1116,3321,2735,2145,2126,0,-350,750,-450,150,0,0,-65,132,-79,51,44,122,124,123,125,122,124,46,46,46,48,48,51,0,24,10,4,1,4
28.3702,3,home,99,2157,1052,3399,2680,2159,2123,2156,1103,3347,2722,2148,2126,0,-450,800,-400,150,0,0,-164,69,-65,48,37,122,124,123,125,122,124,46,46,46,48,48,51,0,17,17,11,2,1
28.4036,3,home,100,2159,1036,3422,2675,2159,2104,2156,1089,3373,2710,2151,2125,0,-450,800,-350,100,0,0,-160,47,-125,44,-23,122,124,123,125,122,124,46,46,46,48,48,51,0,4,2,4,3,1
28.4368,3,home,101,2160,1017,3444,2673,2159,2081,2157,1074,3398,2700,2153,2120,0,-400,700,-250,100,-150,23,-164,33,-108,37,-72,122,124,123,125,122,124,46,46,46,48,48,51,0,8,0,7,2,6
28.4706,3,home,102,2161,992,3465,2672,2161,2054,2157,1059,3420,2693,2154,2112,0,-450,700,-200,50,-200,27,-171,23,-97,34,-44,122,124,122,125,121,124,46,46,46,48,48,51,0,21,5,3,1,23
28.5037,3,home,103,2161,966,3483,2671,2161,2026,2157,1041,3443,2689,2156,2097,0,-550,700,-150,50,-300,30,-104,-20,-79,34,-104,122,124,122,125,121,124,46,46,46,48,48,51,2,42,8,6,1,48
28.5372,3,home,104,2161,938,3501,2671,2161,2001,2157,1020,3463,2686,2157,2077,0,-550,650,-50,100,-550,30,-146,23,-69,30,-128,122,124,123,125,122,124,46,46,46,48,48,51,1,36,1,6,2,21
28.5706,3,home,105,2161,918,3515,2671,2161,1982,2157,995,3481,2683,2157,2055,0,-700,550,-100,0,-650,30,-157,104,-58,30,-224,122,124,123,125,122,124,46,46,46,48,48,51,0,18,0,3,1,7
28.6039,3,home,106,2161,905,3523,2671,2161,1967,2157,972,3498,2682,2157,2033,0,-750,550,-100,0,-650,30,-220,86,-55,30,-121,122,124,122,125,121,124,46,46,46,48,48,51,1,10,3,3,1,15
28.6376,3,home,107,2161,897,3532,2671,2161,1957,2157,951,3511,2681,2157,2015,0,-650,450,-50,0,-600,30,-185,62,-51,30,-100,122,124,123,125,122,124,46,46,46,48,48,51,1,14,0,4,1,26
28.671,3,home,108,2161,893,3540,2671,2161,1949,2157,933,3522,2681,2157,1998,0,-500,300,0,0,-550,30,-58,51,-51,30,-93,122,124,123,125,122,124,46,46,46,48,48,51,1,3,1,5,1,3
28.7046,3,home,109,2161,889,3548,2671,2161,1942,2157,920,3532,2681,2157,1984,0,-400,300,0,0,-400,30,-125,55,-51,30,-150,122,124,123,125,122,124,46,46,46,48,48,51,1,0,0,5,2,6
28.7377,3,home,110,2163,887,3557,2671,2161,1929,2157,910,3541,2681,2157,1972,0,-350,250,0,0,-400,30,-97,48,-51,30,-129,122,124,123,125,122,124,46,46,46,48,48,51,0,4,2,4,2,10
28.7711,3,home,111,2165,886,3566,2671,2161,1907,2157,903,3550,2681,2157,1960,0,-200,250,0,0,-400,37,-76,44,-51,30,-132,122,124,123,125,122,124,46,46,46,48,48,51,1,3,3,5,2,16
28.8046,3,home,112,2167,884,3574,2671,2161,1879,2157,899,3560,2681,2157,1946,0,-150,300,0,0,-300,44,-62,41,-51,30,-157,122,124,123,125,122,124,46,46,46,48,48,51,4,2,1,5,1,42
28.8382,3,home,113,2169,884,3581,2671,2161,1838,2159,895,3569,2681,2157,1928,50,-150,250,0,0,-500,44,-58,44,-51,30,-125,122,124,123,125,122,124,46,46,46,48,48,51,4,2,0,5,1,28
28.8716,3,home,114,2169,884,3583,2671,2161,1792,2161,892,3579,2681,2157,1906,100,-100,300,0,0,-600,44,73,-87,-51,30,-188,122,124,122,125,121,124,46,46,46,48,48,51,3,1,0,4,0,46
28.9052,3,home,115,2169,884,3584,2671,2161,1743,2163,890,3588,2681,2157,1876,50,-100,250,0,0,-750,37,-37,-115,-51,30,-329,122,124,122,125,121,124,46,46,46,48,48,51,1,0,2,5,1,52
28.9386,3,home,116,2169,883,3586,2671,2161,1694,2164,889,3591,2681,2157,1841,0,-50,200,0,0,-950,37,-34,-41,-51,30,-287,122,124,122,125,121,124,46,46,46,48,48,51,2,0,3,5,1,51
28.9719,3,home,117,2172,879,3594,2671,2161,1647,2164,888,3591,2681,2157,1803,0,0,0,0,0,-1100,34,-34,-34,-51,30,-318,122,124,122,125,121,124,46,46,46,48,48,51,1,0,4,4,0,67
29.0066,3,home,118,2175,879,3602,2671,2161,1613,2165,884,3595,2680,2157,1761,0,-50,100,0,0,-1300,41,-34,0,-48,30,-382,122,124,123,125,121,124,46,46,46,48,48,51,3,1,1,4,0,41
29.0397,3,home,119,2179,879,3612,2671,2161,1588,2166,879,3604,2680,2157,1723,0,-100,250,0,0,-1150,48,0,0,-48,30,-347,122,124,123,125,122,124,46,46,46,48,48,51,3,0,0,4,1,47
29.0736,3,home,120,2183,880,3623,2671,2161,1571,2169,879,3612,2680,2157,1684,100,0,250,0,0,-1150,51,0,23,-48,30,-287,122,124,123,125,122,124,46,46,46,48,48,51,3,0,0,5,0,22
29.1066,3,home,121,2185,880,3637,2668,2160,1559,2173,878,3622,2680,2157,1650,100,0,300,0,0,-1100,55,23,-94,-48,30,-216,122,124,123,125,122,124,46,46,46,48,48,51,2,0,5,4,1,19
29.1402,3,home,122,2188,878,3644,2666,2160,1550,2176,878,3631,2675,2155,1622,100,0,250,-150,-100,-850,51,23,37,-44,30,-241,122,124,123,125,122,124,46,46,46,48,48,51,4,0,10,2,2,6
29.1736,3,home,123,2192,876,3651,2666,2159,1544,2179,878,3640,2672,2154,1601,50,0,250,-150,-50,-650,51,0,-80,-37,122,-217,122,125,123,125,122,124,46,46,46,48,48,51,5,0,1,1,3,1
29.2072,3,home,124,2196,875,3652,2666,2160,1539,2182,876,3646,2670,2154,1585,100,0,200,-50,0,-550,55,0,37,-30,34,-171,122,124,123,125,122,124,46,46,46,48,48,51,2,0,1,0,1,12
29.2406,3,home,125,2200,875,3652,2666,2160,1536,2185,876,3651,2667,2154,1572,100,-50,200,-100,0,-400,55,0,23,-23,37,-51,122,125,123,125,122,124,46,46,46,48,48,51,3,0,0,0,2,14
29.2741,3,home,126,2205,875,3652,2666,2160,1533,2189,876,3655,2667,2155,1562,100,0,100,0,50,-300,-59,0,-23,0,34,-111,122,125,123,125,122,124,46,46,46,48,48,51,1,0,0,0,2,9
29.3076,3,home,127,2210,875,3652,2666,2160,1529,2192,876,3655,2666,2155,1556,150,0,0,0,0,-200,62,0,-27,0,34,-104,122,125,123,125,122,124,46,46,46,48,48,51,6,0,0,0,2,5
29.3412,3,home,128,2215,875,3652,2666,2160,1522,2197,875,3655,2666,2155,1550,100,0,0,0,0,-200,65,0,-27,0,34,-93,122,125,123,125,122,124,46,46,46,48,48,51,9,0,0,0,1,10
29.3746,3,home,129,2222,875,3652,2666,2160,1510,2201,875,3655,2666,2155,1544,100,0,0,0,0,-200,65,0,-27,0,34,-97,122,125,123,125,122,124,46,46,46,48,48,51,5,0,0,0,1,18
29.4081,3,home,130,2226,875,3652,2666,2160,1497,2206,875,3655,2666,2155,1536,150,0,0,0,0,-150,72,0,-27,0,34,-111,122,124,123,125,122,124,46,46,46,48,48,51,1,0,0,0,1,17
29.4416,3,home,131,2229,875,3652,2666,2160,1489,2211,875,3655,2666,2155,1526,150,0,0,0,0,-250,72,0,-27,0,34,-122,122,124,123,125,122,124,46,46,46,48,48,51,4,0,0,0,2,33
29.4751,3,home,132,2231,875,3652,2666,2160,1484,2215,875,3655,2666,2155,1517,100,0,0,0,0,-300,69,0,-27,0,34,-125,122,124,123,125,122,124,46,46,46,48,48,51,9,0,0,0,1,8
29.5086,3,home,133,2233,875,3652,2666,2160,1481,2219,875,3655,2666,2155,1509,150,0,0,0,0,-200,58,0,-27,0,34,-111,122,124,123,125,122,124,46,46,46,48,48,51,4,0,0,0,2,7
29.5422,3,home,134,2233,875,3652,2666,2160,1480,2223,875,3655,2666,2155,1503,100,0,0,0,0,-200,55,0,-27,0,34,-97,122,125,123,125,122,124,46,46,46,48,48,51,3,0,0,0,1,15
29.5756,3,home,135,2233,875,3652,2666,2160,1480,2225,875,3655,2666,2155,1499,100,0,0,0,0,-100,48,0,-27,0,34,-86,122,124,123,125,122,124,46,46,46,48,48,51,4,0,0,0,2,6
29.6091,3,home,136,2233,875,3652,2666,2160,1480,2226,875,3655,2666,2155,1497,50,0,0,0,0,-100,41,0,-27,0,34,-76,122,125,123,125,122,124,46,46,46,48,48,51,2,0,0,0,0,6
29.6426,3,home,137,2233,875,3652,2666,2160,1480,2227,875,3655,2666,2155,1495,50,0,0,0,0,-50,37,0,-27,0,34,-72,122,125,123,125,122,124,46,46,46,48,48,51,2,0,0,0,1,9
29.6759,3,home,138,2233,875,3652,2666,2160,1480,2228,875,3655,2666,2155,1494,0,0,0,0,0,-50,37,0,-27,0,34,-65,122,125,123,125,122,124,46,46,46,48,48,51,1,0,0,0,1,9
29.7095,3,home,139,2233,875,3652,2666,2160,1480,2229,875,3655,2666,2155,1494,50,0,0,0,0,0,30,0,-27,0,34,-65,122,125,123,125,122,124,46,46,46,48,48,51,1,0,0,0,2,9
29.7426,3,home,140,2233,875,3652,2666,2160,1480,2229,875,3655,2666,2155,1494,0,0,0,0,0,0,30,0,-27,0,34,-65,122,125,123,125,122,124,46,46,46,48,48,51,0,0,0,0,1,9
29.7764,3,home,141,2233,875,3652,2666,2160,1480,2229,875,3655,2666,2155,1494,0,0,0,0,0,0,30,0,-27,0,34,-65,122,125,123,125,122,124,46,46,46,48,48,51,1,0,0,0,1,9
29.8098,3,home,142,2233,875,3652,2666,2160,1480,2229,875,3655,2666,2155,1494,0,0,0,0,0,0,30,0,-27,0,34,-65,122,124,123,125,122,124,46,46,46,48,48,51,0,0,0,0,1,9
29.8434,3,home,143,2233,875,3652,2666,2160,1480,2229,875,3655,2666,2155,1494,0,0,0,0,0,0,30,0,-27,0,34,-65,122,125,123,125,122,124,46,46,46,48,48,51,1,0,0,0,1,9
29.8767,3,home,144,2233,875,3652,2666,2160,1480,2229,875,3655,2666,2155,1494,0,0,0,0,0,0,30,0,-27,0,34,-65,122,125,123,125,122,124,46,46,46,48,48,51,0,0,0,0,2,9
29.9101,3,home,145,2233,875,3652,2666,2160,1480,2229,875,3655,2666,2155,1494,0,0,0,0,0,0,30,0,-27,0,34,-65,122,125,123,125,122,124,46,46,46,48,48,51,0,0,0,0,1,9
29.9435,3,home,146,2233,875,3652,2666,2160,1480,2229,875,3655,2666,2155,1494,0,0,0,0,0,0,30,0,-27,0,34,-65,122,125,123,125,122,124,46,46,46,48,48,51,1,0,0,0,1,9
29.9774,3,home,147,2233,875,3652,2666,2160,1480,2229,875,3655,2666,2155,1494,0,0,0,0,0,0,30,0,-27,0,34,-65,122,124,123,125,122,124,46,46,46,48,48,51,1,0,0,0,1,9
30.0105,3,home,148,2233,875,3652,2666,2160,1480,2229,875,3655,2666,2155,1494,0,0,0,0,0,0,30,0,-27,0,34,-65,122,124,123,125,122,124,46,46,46,48,48,51,0,0,0,0,2,9
30.0438,3,home,149,2233,875,3652,2666,2160,1480,2229,875,3655,2666,2155,1494,0,0,0,0,0,0,30,0,-27,0,34,-65,122,124,123,125,122,124,46,46,46,48,48,51,1,0,0,0,2,9
30.0775,3,home,150,2233,875,3652,2666,2160,1480,2229,875,3655,2666,2155,1494,0,0,0,0,0,0,30,0,-27,0,34,-65,122,125,123,125,122,124,46,46,46,48,48,51,1,0,0,0,1,9
30.1107,3,home,151,2233,875,3652,2666,2160,1480,2229,875,3655,2666,2155,1494,0,0,0,0,0,0,30,0,-27,0,34,-65,122,124,123,125,122,124,46,46,46,48,48,51,0,0,0,0,2,9
30.1441,3,home,152,2233,875,3652,2666,2160,1480,2229,875,3655,2666,2155,1494,0,0,0,0,0,0,30,0,-27,0,34,-65,122,124,123,125,122,124,46,46,46,48,48,51,0,0,0,0,2,9
30.1778,3,home,153,2233,875,3652,2666,2160,1480,2229,875,3655,2666,2155,1494,0,0,0,0,0,0,30,0,-27,0,34,-65,122,124,123,125,122,124,46,46,46,48,48,51,1,0,0,0,1,9
30.2115,3,home,154,2233,875,3652,2666,2160,1480,2229,875,3655,2666,2155,1494,0,0,0,0,0,0,30,0,-27,0,34,-65,122,124,123,125,122,124,46,46,46,48,48,51,0,0,0,0,1,9
30.2445,3,home,155,2233,875,3652,2666,2160,1480,2229,875,3655,2666,2155,1494,0,0,0,0,0,0,30,0,-27,0,34,-65,122,125,123,125,122,124,46,46,46,48,48,51,1,0,0,0,1,10
30.2781,3,home,156,2233,875,3652,2666,2160,1480,2229,875,3655,2666,2155,1494,0,0,0,0,0,0,30,0,-27,0,34,-65,122,124,123,125,122,124,46,46,46,48,48,51,1,0,0,0,2,10
30.3116,3,home,157,2233,875,3652,2666,2160,1480,2229,875,3655,2666,2155,1494,0,0,0,0,0,0,30,0,-27,0,34,-65,122,124,123,125,122,124,46,46,46,48,48,51,0,0,0,0,1,9
30.3452,3,home,158,2233,875,3652,2666,2160,1480,2229,875,3655,2666,2155,1494,0,0,0,0,0,0,30,0,-27,0,34,-65,122,124,123,125,122,124,46,46,46,48,48,51,1,0,0,0,2,9
30.3785,3,home,159,2233,875,3652,2666,2160,1480,2229,875,3655,2666,2155,1494,0,0,0,0,0,0,30,0,-27,0,34,-65,122,125,123,125,122,124,46,46,46,48,48,51,1,0,0,0,2,9
30.4118,3,home,160,2233,875,3652,2666,2160,1480,2229,875,3655,2666,2155,1494,0,0,0,0,0,0,30,0,-27,0,34,-65,122,124,123,125,122,124,46,46,46,48,48,51,1,0,0,0,2,9
30.4455,3,home,161,2233,875,3652,2666,2160,1480,2229,875,3655,2666,2155,1494,0,0,0,0,0,0,30,0,-27,0,34,-65,122,124,123,125,122,124,46,46,46,48,48,51,0,0,0,0,2,9
30.479,3,home,162,2233,875,3652,2666,2160,1480,2229,875,3655,2666,2155,1494,0,0,0,0,0,0,30,0,-27,0,34,-65,122,125,123,125,122,124,46,46,46,48,48,51,0,0,0,0,1,9
30.5125,3,home,163,2233,875,3652,2666,2160,1480,2229,875,3655,2666,2155,1494,0,0,0,0,0,0,30,0,-27,0,34,-65,122,124,123,125,122,124,46,46,46,48,48,51,0,0,0,0,2,9
30.5456,3,home,164,2233,875,3652,2666,2160,1480,2229,875,3655,2666,2155,1494,0,0,0,0,0,0,30,0,-27,0,34,-65,122,124,123,125,122,124,46,46,46,48,48,51,1,0,0,0,1,9
30.5794,3,home,165,2233,875,3652,2666,2160,1480,2229,875,3655,2666,2155,1494,0,0,0,0,0,0,30,0,-27,0,34,-65,122,124,123,125,122,124,46,46,46,48,48,51,1,0,0,0,2,9
30.6126,3,home,166,2233,875,3652,2666,2160,1480,2229,875,3655,2666,2155,1494,0,0,0,0,0,0,30,0,-27,0,34,-65,122,124,123,125,122,124,46,46,46,48,48,51,0,0,0,0,1,9
30.646,3,home,167,2233,875,3652,2666,2160,1480,2229,875,3655,2666,2155,1494,0,0,0,0,0,0,30,0,-27,0,34,-65,122,124,123,125,122,124,46,46,46,48,48,51,0,0,0,0,2,9
30.6795,3,home,168,2233,875,3652,2666,2160,1480,2229,875,3655,2666,2155,1494,0,0,0,0,0,0,30,0,-27,0,34,-65,122,124,123,125,122,124,46,46,46,48,48,51,1,0,0,0,1,9
30.7126,3,home,169,2233,875,3652,2666,2160,1480,2229,875,3655,2666,2155,1494,0,0,0,0,0,0,30,0,-27,0,34,-65,122,124,123,125,122,124,46,46,46,48,48,51,0,0,0,0,2,9
30.7459,3,home,170,2233,875,3652,2666,2160,1480,2229,875,3655,2666,2155,1494,0,0,0,0,0,0,30,0,-27,0,34,-65,122,124,123,125,122,124,46,46,46,48,48,51,0,0,0,0,2,9
30.7865,4,lift,0,2229,909,3655,2666,2155,1494,2229,875,3655,2666,2155,1494,0,0,0,0,0,0,30,0,-27,0,34,-48,122,124,123,125,122,124,46,46,46,48,48,51,1,0,0,0,1,5
30.8197,4,lift,1,2229,942,3655,2666,2155,1494,2229,880,3655,2666,2155,1496,0,0,0,0,0,0,0,118,0,0,0,0,122,124,123,125,122,124,46,46,46,48,48,51,0,57,0,0,0,1
30.8535,4,lift,2,2229,976,3655,2666,2155,1494,2229,893,3655,2665,2155,1496,0,300,0,0,0,0,0,206,0,0,0,-23,122,124,123,125,122,124,46,46,46,48,48,51,0,79,0,0,0,0
30.8865,4,lift,3,2229,1010,3655,2666,2155,1494,2229,912,3654,2664,2154,1496,0,550,0,-50,0,0,0,174,0,23,0,-23,122,124,123,125,122,124,46,46,46,48,48,51,0,66,0,0,0,0
30.9197,4,lift,4,2229,1044,3655,2666,2155,1494,2229,932,3651,2662,2153,1496,0,550,-50,-50,-50,0,0,216,27,27,23,-23,122,124,122,125,122,124,46,46,46,48,48,51,0,73,1,1,0,0
30.9534,4,lift,5,2229,1077,3655,2666,2155,1494,2229,956,3644,2662,2152,1496,0,650,-250,0,-50,0,0,248,51,30,27,-23,122,124,122,125,121,124,46,46,46,48,48,51,0,92,15,0,0,0
30.9865,4,lift,6,2229,1111,3655,2666,2155,1494,2229,982,3644,2661,2151,1496,0,750,0,-50,0,0,0,269,55,34,30,-23,122,124,122,125,121,124,46,46,46,48,48,51,0,142,8,1,0,0
31.0197,4,lift,7,2229,1145,3655,2666,2155,1494,2229,1008,3642,2660,2150,1496,0,900,-50,0,-50,0,0,318,58,37,30,-23,122,124,122,125,121,124,46,46,46,48,48,51,0,126,7,2,1,0
31.0535,4,lift,8,2229,1179,3655,2666,2155,1494,2229,1036,3641,2657,2149,1496,0,800,-50,-150,0,0,0,333,65,48,34,-23,122,124,122,125,121,124,46,46,46,48,48,51,0,132,9,4,1,0
31.0865,4,lift,9,2229,1212,3655,2666,2155,1494,2229,1064,3639,2651,2149,1496,0,800,0,-100,0,0,0,350,72,62,37,-23,122,124,122,125,121,124,46,46,46,48,48,51,0,127,11,21,2,0
31.1197,4,lift,10,2229,1246,3655,2666,2155,1494,2229,1091,3637,2646,2149,1496,0,750,-50,-150,0,0,0,361,76,83,37,-23,122,124,122,125,121,124,46,46,46,48,48,51,0,219,14,27,2,0
31.1534,4,lift,11,2229,1280,3655,2666,2155,1494,2229,1120,3633,2642,2148,1496,0,800,-100,-150,0,0,0,410,86,101,37,-23,121,124,122,124,121,123,46,46,46,48,48,51,0,217,20,30,2,0
31.1865,4,lift,12,2229,1314,3655,2666,2155,1494,2229,1148,3627,2639,2148,1496,0,850,-200,-100,0,0,0,421,108,111,41,-23,121,124,122,124,121,123,46,46,46,48,48,51,0,202,33,38,4,0
31.2197,4,lift,13,2229,1347,3655,2666,2155,1494,2228,1175,3622,2638,2148,1496,0,800,-200,-50,0,0,0,435,217,115,41,-23,121,123,121,124,121,123,46,46,46,48,48,51,0,220,50,35,3,0
31.2535,4,lift,14,2229,1381,3655,2666,2155,1494,2228,1205,3615,2637,2148,1496,0,800,-200,0,0,0,0,442,153,118,41,-23,121,123,121,124,120,123,46,46,46,48,48,51,0,223,70,45,3,0
31.2865,4,lift,15,2229,1415,3655,2666,2155,1494,2228,1233,3608,2637,2148,1496,0,850,-200,0,0,0,0,456,181,118,41,-23,121,123,121,124,120,123,46,46,46,48,48,51,0,350,88,44,3,0
31.3197,4,lift,16,2229,1448,3655,2666,2155,1494,2228,1260,3600,2637,2148,1496,0,850,-300,0,0,0,0,505,203,118,41,-23,121,123,121,124,120,123,46,46,46,48,48,51,0,321,142,46,3,0
31.3535,4,lift,17,2229,1482,3655,2666,2155,1494,2228,1288,3593,2638,2148,1496,0,800,-200,50,0,0,0,516,231,115,41,-23,121,123,121,123,120,122,46,46,46,48,48,51,0,329,167,44,3,0
31.3865,4,lift,18,2229,1516,3655,2666,2155,1494,2227,1316,3589,2638,2148,1496,-50,800,-100,0,0,0,23,530,245,115,41,-23,121,122,121,123,120,122,46,46,46,48,48,51,0,398,166,44,2,0
31.4199,4,lift,19,2229,1550,3655,2666,2155,1494,2227,1340,3584,2638,2148,1496,0,750,-100,0,0,0,23,554,266,115,41,-23,120,122,120,123,119,122,46,46,46,48,48,51,0,553,157,43,2,0
31.4535,4,lift,20,2229,1583,3655,2666,2155,1494,2227,1363,3577,2638,2148,1496,0,700,-200,0,0,0,23,702,284,115,41,-23,120,122,120,122,119,121,46,46,46,48,48,51,0,717,181,43,3,0
31.4865,4,lift,21,2229,1617,3655,2666,2155,1494,2227,1389,3569,2639,2148,1496,0,750,-200,50,0,0,23,639,312,111,41,-23,120,122,120,122,119,121,46,46,46,48,48,51,0,583,233,39,4,0
31.5197,4,lift,22,2229,1651,3655,2666,2155,1494,2227,1412,3563,2639,2149,1496,0,750,-250,0,50,0,23,663,340,111,37,-23,119,121,119,122,118,121,46,46,46,48,48,51,0,752,262,31,1,0
31.5535,4,lift,23,2229,1685,3655,2666,2155,1494,2227,1432,3560,2640,2150,1496,0,600,-100,50,50,0,23,794,350,108,34,-23,119,121,119,121,118,120,46,46,46,48,48,51,0,844,303,28,1,0
31.5865,4,lift,24,2229,1718,3655,2666,2155,1494,2226,1451,3558,2640,2151,1496,-50,550,-100,0,0,0,27,843,357,108,30,-23,119,120,118,121,117,120,46,46,46,48,48,51,2,1079,319,25,1,0
31.6197,4,lift,25,2229,1752,3655,2666,2155,1494,2226,1467,3555,2640,2151,1496,0,500,-50,0,0,0,27,829,365,108,30,-23,118,120,118,120,117,119,46,46,46,48,48,51,0,1169,310,26,1,0
31.6536,4,lift,26,2229,1786,3655,2666,2155,1494,2226,1478,3551,2640,2152,1496,0,400,-150,0,0,0,27,988,379,108,27,-23,118,118,116,119,116,118,46,46,46,48,48,51,0,1479,365,25,0,0
31.6866,4,lift,27,2229,1820,3655,2666,2155,1494,2226,1486,3546,2641,2154,1496,0,250,-150,0,100,0,27,1000,396,104,0,-23,117,118,116,118,115,118,46,46,46,48,48,51,0,1680,401,24,0,0
31.7197,4,lift,28,2229,1853,3655,2666,2155,1494,2226,1495,3545,2641,2156,1496,0,200,-100,0,50,0,27,1000,403,104,0,-23,117,118,116,118,115,117,46,46,46,48,48,51,0,1707,323,24,0,0
31.7531,4,lift,29,2229,1887,3655,2666,2155,1494,2226,1503,3543,2641,2156,1496,0,250,-50,0,0,0,27,1000,407,104,0,-23,117,117,116,118,115,117,46,46,46,48,48,51,0,1584,312,24,0,0
31.7875,4,align,0,2227,1887,3614,2678,2154,1515,2226,1504,3542,2641,2156,1496,0,50,0,0,0,0,27,1000,414,104,0,-23,116,117,115,117,114,117,46,46,46,48,48,51,0,1772,317,24,0,0
31.8197,4,align,1,2225,1887,3574,2691,2153,1537,2226,1506,3536,2643,2157,1498,0,50,-100,50,0,0,0,1000,372,143,-27,76,116,117,115,118,114,117,46,46,46,48,48,51,0,1834,196,26,0,11
31.8531,4,align,2,2223,1887,3533,2704,2152,1558,2226,1516,3526,2649,2159,1503,0,200,-200,150,50,150,0,1000,266,171,-37,51,117,118,116,118,115,117,46,46,46,48,48,51,0,1797,114,42,1,28
31.8865,4,align,3,2221,1887,3492,2716,2151,1579,2226,1543,3508,2660,2162,1518,0,750,-500,300,100,500,-27,1000,101,93,-48,174,117,118,116,119,116,118,46,46,46,48,48,51,1,1616,59,46,8,21
31.9197,4,align,4,2219,1887,3452,2728,2150,1601,2226,1583,3485,2672,2161,1536,0,1350,-800,350,-50,500,-34,962,0,90,-55,181,118,119,117,120,117,119,46,46,46,48,48,51,0,1104,81,40,3,5
31.9531,4,align,5,2217,1887,3411,2741,2150,1622,2224,1637,3456,2686,2159,1551,-50,1550,-800,400,-50,450,-34,850,69,167,-48,199,119,121,119,121,118,120,46,46,46,48,48,51,1,592,32,37,3,11
31.9865,4,align,6,2215,1887,3371,2754,2149,1643,2222,1688,3428,2701,2156,1564,-50,1450,-850,400,-50,400,83,572,34,86,76,224,120,122,120,123,119,121,46,46,46,48,48,51,0,282,4,8,1,47
32.0197,4,align,7,2213,1887,3330,2766,2148,1665,2220,1728,3395,2720,2156,1576,-50,1400,-900,600,-150,350,-34,494,-19,153,-41,181,121,123,121,123,120,122,46,46,46,48,48,51,2,221,8,8,1,98
32.0531,4,align,8,2211,1887,3289,2778,2147,1686,2218,1764,3363,2736,2154,1590,-50,1100,-900,500,-50,400,-34,403,-86,129,-37,209,121,123,121,124,120,123,46,46,46,48,48,51,0,119,17,13,1,88
32.0865,4,align,9,2209,1887,3249,2791,2146,1707,2218,1794,3333,2752,2152,1605,-50,950,-900,400,-50,400,-41,372,-114,26,-37,315,121,123,122,124,121,123,46,46,46,48,48,51,0,64,13,7,2,126
32.1197,4,align,10,2207,1887,3208,2804,2145,1729,2216,1818,3304,2770,2150,1622,-50,800,-900,500,-100,500,-41,185,-139,115,-30,237,122,123,122,124,121,123,46,46,46,48,48,51,0,24,3,2,1,101
32.1535,4,align,11,2205,1887,3167,2816,2144,1750,2213,1838,3278,2786,2150,1639,-100,650,-800,450,0,500,-41,107,-269,-23,-34,333,122,124,122,125,121,123,46,46,46,48,48,51,1,6,10,0,2,140
32.1865,4,align,12,2203,1887,3127,2828,2143,1771,2211,1861,3250,2802,2150,1657,-100,800,-850,500,0,500,-37,23,-223,-41,-37,365,122,124,122,124,121,123,46,46,46,48,48,51,3,2,56,4,2,149
32.2197,4,align,13,2201,1887,3086,2841,2142,1793,2208,1871,3222,2817,2150,1674,-100,250,-900,450,0,550,-37,-37,-294,-59,-41,287,122,124,122,124,121,123,46,46,46,48,48,51,1,0,76,12,3,133
32.2534,4,align,14,2198,1887,3046,2854,2142,1814,2205,1878,3194,2835,2151,1691,-100,200,-800,550,0,550,-30,-66,-417,37,-44,297,121,123,122,124,121,123,46,46,46,48,48,51,0,0,109,12,4,132
32.2865,4,align,15,2196,1887,3005,2866,2141,1835,2204,1883,3162,2851,2149,1708,-50,150,-1000,500,-50,450,-37,34,-354,-76,-44,311,121,123,121,124,120,123,46,46,46,48,48,51,0,0,93,9,1,176
32.3197,4,align,16,2194,1887,2964,2878,2140,1857,2201,1887,3134,2866,2148,1726,-50,150,-800,500,-50,550,-34,0,-474,27,-41,424,121,123,121,124,120,122,46,46,46,48,48,51,3,0,190,13,3,204
32.3531,4,align,17,2192,1887,2924,2891,2139,1878,2197,1890,3101,2880,2147,1747,-100,100,-900,350,0,650,-30,-27,-364,0,-41,340,121,123,121,124,120,122,46,46,46,48,48,51,0,1,245,5,2,186
32.3866,4,align,18,2190,1887,2883,2904,2138,1899,2195,1890,3064,2890,2146,1771,-50,0,-1000,350,-50,600,-27,-27,-459,0,-41,325,121,123,121,124,120,123,46,46,46,48,48,51,0,1,208,1,5,125
32.4197,4,align,19,2188,1887,2842,2916,2137,1921,2192,1890,3025,2899,2145,1797,-50,0,-1150,300,0,800,90,-27,-367,44,-41,297,121,123,121,124,120,122,46,46,46,48,48,51,0,1,135,1,4,71
32.4534,4,align,20,2186,1887,2802,2928,2136,1942,2190,1890,2982,2905,2143,1827,-50,0,-1250,150,-50,900,-27,-27,-350,62,-37,262,121,123,121,124,120,123,46,46,46,48,48,51,2,1,99,0,2,95
32.4866,4,align,21,2184,1887,2761,2941,2135,1963,2188,1892,2937,2906,2140,1858,-50,50,-1300,100,-100,950,-23,-34,-413,93,87,262,122,124,122,124,121,123,46,46,46,48,48,51,2,0,184,9,2,46
32.5197,4,align,22,2182,1887,2720,2954,2134,1985,2186,1894,2897,2913,2138,1887,-50,100,-1300,150,-50,850,-23,-37,-364,118,-27,220,122,124,122,124,121,123,46,46,46,48,48,51,0,14,146,16,0,14
32.5533,4,align,23,2180,1887,2680,2966,2133,2006,2184,1895,2858,2925,2140,1915,-50,50,-1150,400,0,850,-23,-44,-445,122,-34,192,122,124,122,124,121,123,46,46,46,48,48,51,0,6,131,27,2,14
32.5865,4,align,24,2178,1887,2639,2978,2132,2027,2182,1895,2817,2935,2139,1940,-100,0,-1200,250,-50,750,-27,-44,-435,54,-37,171,122,124,122,124,121,123,46,46,46,48,48,51,1,4,109,8,2,23
32.6199,4,align,25,2176,1887,2599,2991,2132,2049,2179,1894,2778,2947,2139,1965,-50,-50,-1200,350,0,700,-23,-41,-428,51,-41,238,122,124,122,124,121,123,46,46,46,48,48,51,2,3,164,8,3,29
32.6531,4,align,26,2174,1887,2558,3004,2131,2070,2177,1894,2737,2959,2140,1988,-50,0,-1150,400,0,750,0,-41,-466,136,-41,167,122,124,122,124,121,123,46,46,46,48,48,51,0,3,176,17,4,17
32.6865,4,align,27,2172,1887,2517,3016,2130,2091,2175,1895,2699,2973,2139,2011,-100,0,-1150,300,-50,650,0,-44,-463,44,-44,153,122,124,122,124,121,123,46,46,46,48,48,51,1,4,171,15,5,10
32.7197,4,align,28,2170,1887,2477,3028,2129,2113,2173,1895,2661,2986,2140,2034,-50,0,-1100,350,0,600,0,-44,-374,143,-136,142,122,124,122,124,121,123,46,46,46,48,48,51,0,4,169,9,5,19
32.7533,4,align,29,2168,1887,2436,3041,2128,2134,2171,1895,2621,2999,2139,2055,-100,0,-1150,400,-50,700,0,-44,-449,136,-51,224,122,123,122,124,121,123,46,46,46,48,48,51,1,4,145,6,4,44
32.7865,4,home,0,2168,1887,2436,3041,2128,2134,2169,1895,2581,3013,2138,2077,-50,0,-1150,350,-50,700,0,-44,-445,129,-51,241,122,124,122,124,121,123,46,46,46,48,48,51,1,3,237,12,3,19
32.7886,4,home,1,2168,1887,2436,3041,2129,2134,2169,1895,2578,3013,2138,2079,-50,0,-1150,500,-50,700,0,-44,-445,129,-51,128,122,124,122,124,121,123,46,46,46,48,48,51,1,3,167,12,3,19
32.8201,4,home,2,2168,1887,2436,3041,2129,2134,2167,1895,2549,3019,2136,2094,-50,0,-950,200,-50,550,0,-44,-357,-23,-41,171,122,124,122,125,121,124,46,46,46,48,48,51,0,4,96,2,3,4
32.8535,4,home,3,2168,1887,2436,3041,2130,2134,2167,1895,2526,3025,2136,2105,0,0,-800,200,0,300,0,-44,-347,72,-41,125,122,124,122,125,121,124,46,46,46,48,48,51,0,4,70,3,3,4
32.8867,4,home,4,2168,1887,2436,3041,2130,2134,2167,1895,2509,3028,2136,2112,0,0,-500,100,0,300,0,-44,-195,65,-37,93,122,124,122,125,121,124,46,46,46,48,48,51,0,4,61,4,2,5
32.9205,4,home,5,2168,1887,2436,3041,2130,2134,2167,1895,2499,3031,2136,2117,0,0,-400,100,0,150,0,-44,-241,55,-37,76,122,124,122,125,121,124,46,46,46,48,48,51,0,4,80,2,2,3
32.9537,4,home,6,2168,1887,2436,3041,2130,2134,2167,1895,2494,3032,2136,2120,0,0,-200,50,0,100,0,-44,-227,48,-37,69,122,124,122,125,121,124,46,46,46,48,48,51,0,3,62,2,2,2
32.9875,4,home,7,2168,1887,2436,3041,2130,2134,2167,1895,2492,3034,2136,2122,0,0,-50,50,0,100,0,-44,-213,41,-37,58,122,124,122,125,121,124,46,46,46,48,48,51,0,3,90,2,2,4
33.0206,4,home,8,2168,1887,2436,3041,2130,2134,2167,1895,2491,3034,2136,2124,0,0,-50,0,0,50,0,-44,-210,41,-37,51,122,124,122,125,121,124,46,46,46,48,48,51,0,3,87,2,2,4
33.0541,4,home,9,2168,1887,2436,3041,2130,2134,2167,1895,2490,3034,2136,2125,0,0,-50,0,0,0,0,-44,-206,41,-37,51,122,124,122,125,121,124,46,46,46,48,48,51,0,3,92,3,2,2
33.0875,4,home,10,2168,1887,2436,3041,2130,2134,2167,1895,2490,3034,2136,2125,0,0,0,0,0,0,0,-44,-206,41,-37,48,122,124,122,125,121,124,46,46,46,48,48,51,0,4,92,3,2,3
33.1209,4,home,11,2168,1887,2436,3041,2130,2134,2167,1895,2490,3034,2136,2125,0,0,0,0,0,0,0,-44,-206,41,-37,48,122,124,122,125,121,124,46,46,46,48,48,51,0,3,93,3,3,4
33.1545,4,home,12,2168,1887,2436,3041,2130,2134,2167,1895,2490,3034,2136,2126,0,0,0,0,0,0,0,-44,-206,41,-37,48,122,124,122,125,121,124,46,46,46,48,48,51,0,3,93,2,2,3
33.1875,4,home,13,2168,1887,2436,3041,2130,2134,2167,1895,2490,3034,2136,2126,0,0,0,0,0,50,0,-44,-206,41,-37,44,122,124,122,125,121,124,46,46,46,48,48,51,0,3,93,2,2,3
33.2215,4,home,14,2168,1887,2436,3041,2130,2134,2167,1895,2490,3034,2136,2126,0,0,0,0,0,0,0,-44,-206,41,-37,44,122,124,122,125,121,124,46,46,46,48,48,51,0,4,93,3,3,3
33.2547,4,home,15,2168,1887,2436,3041,2130,2134,2167,1895,2490,3034,2136,2126,0,0,0,0,0,0,0,-44,-206,41,-37,44,122,124,122,125,121,124,46,46,46,48,48,51,0,3,94,3,2,3
33.2881,4,home,16,2168,1887,2436,3041,2130,2134,2167,1895,2490,3034,2136,2126,0,0,0,0,0,0,0,-44,-206,41,-37,44,122,124,122,125,121,124,46,46,46,48,48,51,0,3,93,3,2,3
33.3217,4,home,17,2168,1887,2436,3041,2130,2134,2167,1895,2490,3034,2136,2126,0,0,0,0,0,0,0,-44,-206,41,-37,44,122,124,122,125,121,124,46,46,46,48,48,51,0,4,93,3,2,3
33.3555,4,home,18,2168,1887,2436,3041,2130,2134,2167,1895,2490,3034,2136,2126,0,0,0,0,0,0,0,-44,-206,41,-37,44,122,124,122,125,121,124,46,46,46,48,48,51,0,4,93,2,2,4
33.3887,4,home,19,2168,1887,2436,3041,2130,2134,2167,1895,2490,3034,2136,2126,0,0,0,0,0,0,0,-44,-206,41,-37,44,122,124,122,125,121,124,46,46,46,48,48,51,0,4,92,2,3,4
33.4225,4,home,20,2168,1887,2436,3041,2130,2134,2167,1895,2490,3034,2136,2126,0,0,0,0,0,0,0,-44,-206,41,-37,44,122,124,122,125,121,124,46,46,46,48,48,51,0,4,93,2,2,3
33.4557,4,home,21,2168,1887,2436,3041,2130,2134,2167,1895,2490,3034,2136,2126,0,0,0,0,0,0,0,-44,-206,41,-37,44,122,124,122,125,121,124,46,46,46,48,48,51,0,3,93,2,2,3
33.4895,4,home,22,2168,1887,2436,3041,2130,2134,2167,1895,2490,3034,2136,2126,0,0,0,0,0,0,0,-44,-206,41,-37,44,122,124,122,125,121,124,46,46,46,48,48,51,0,3,93,2,2,3
33.5227,4,home,23,2168,1887,2436,3041,2130,2134,2167,1895,2490,3034,2136,2126,0,0,0,0,0,0,0,-44,-206,41,-37,44,122,124,122,125,121,124,46,46,46,48,48,51,0,3,93,2,2,3
33.5565,4,home,24,2168,1887,2436,3041,2130,2134,2167,1895,2490,3034,2136,2126,0,0,0,0,0,0,0,-44,-206,41,-37,44,122,124,122,125,121,124,46,46,46,48,48,51,0,4,92,2,3,2
33.59,4,home,25,2168,1887,2436,3041,2130,2134,2167,1895,2490,3034,2136,2126,0,0,0,0,0,0,0,-44,-206,41,-37,44,122,124,122,125,121,124,46,46,46,48,48,51,0,3,92,3,2,3
33.6234,4,home,26,2168,1887,2436,3041,2130,2134,2167,1895,2490,3034,2136,2126,0,0,0,0,0,0,0,-44,-206,41,-37,44,122,124,122,125,121,124,46,46,46,48,48,51,0,3,93,3,2,3
33.6567,4,home,27,2168,1887,2436,3041,2130,2134,2167,1895,2490,3034,2136,2126,0,0,0,0,0,0,0,-44,-206,41,-37,44,122,124,122,125,121,124,46,46,46,48,48,51,0,3,92,2,2,3
33.6904,4,home,28,2168,1887,2436,3041,2130,2134,2167,1895,2490,3034,2136,2126,0,0,0,0,0,0,0,-44,-206,41,-37,44,122,124,122,125,121,124,46,46,46,48,48,51,0,4,93,2,1,3
33.7239,4,home,29,2168,1887,2436,3041,2130,2134,2167,1895,2490,3034,2136,2126,0,0,0,0,0,0,0,-44,-206,41,-37,44,122,124,122,125,121,124,46,46,46,48,48,51,0,3,93,2,2,3
33.7574,4,home,30,2168,1887,2436,3041,2130,2134,2167,1895,2490,3034,2136,2126,0,0,0,0,0,0,0,-44,-206,41,-37,44,122,124,122,125,121,124,46,46,46,48,48,51,0,4,93,2,2,3
33.7907,4,home,31,2168,1887,2436,3041,2130,2134,2167,1895,2490,3034,2136,2126,0,0,0,0,0,0,0,-44,-206,41,-37,44,122,124,122,125,121,124,46,46,46,48,48,51,0,3,92,2,2,3
33.8245,4,home,32,2168,1887,2436,3041,2130,2134,2167,1895,2490,3034,2136,2126,0,0,0,0,0,0,0,-44,-206,41,-37,44,122,124,122,125,121,124,46,46,46,48,48,51,0,3,93,2,1,3
33.8577,4,home,33,2168,1887,2436,3041,2130,2134,2167,1895,2490,3034,2136,2126,0,0,0,0,0,0,0,-44,-206,41,-37,44,122,124,122,125,121,124,46,46,46,48,48,51,0,4,93,2,1,3
33.8909,4,home,34,2168,1887,2436,3041,2130,2134,2167,1895,2490,3034,2136,2126,0,0,0,0,0,0,0,-44,-206,41,-37,44,122,124,122,125,121,124,46,46,46,48,48,51,0,4,94,2,1,3
33.9245,4,home,35,2168,1887,2436,3041,2130,2134,2167,1895,2490,3034,2136,2126,0,0,0,0,0,0,0,-44,-206,41,-37,44,122,124,122,125,121,124,46,46,46,48,48,51,0,3,93,2,1,4
33.9583,4,home,36,2168,1887,2436,3041,2130,2134,2167,1895,2490,3034,2136,2126,0,0,0,0,0,0,0,-44,-206,41,-37,44,122,124,122,125,121,124,46,46,46,48,48,51,0,3,93,3,2,3
33.9914,4,home,37,2168,1887,2436,3041,2130,2134,2167,1895,2490,3034,2136,2126,0,0,0,0,0,0,0,-44,-206,41,-37,44,122,124,122,125,121,124,46,46,46,48,48,51,0,4,93,2,1,3
34.0248,4,home,38,2168,1887,2436,3041,2130,2134,2167,1895,2490,3034,2136,2126,0,0,0,0,0,0,0,-44,-206,41,-37,44,122,124,122,125,121,124,46,46,46,48,48,51,0,3,93,2,2,2
34.0586,4,home,39,2168,1886,2436,3041,2130,2134,2167,1895,2490,3034,2136,2126,0,0,0,0,0,0,0,-44,-206,41,-37,44,122,124,122,125,121,124,46,46,46,48,48,51,0,3,93,2,1,3
34.0925,4,home,40,2168,1883,2436,3041,2130,2134,2167,1895,2490,3034,2136,2126,0,0,0,0,0,0,0,-48,-206,41,-37,44,122,124,122,125,121,124,46,46,46,48,48,51,0,4,92,2,2,4
34.1254,4,home,41,2168,1878,2436,3041,2130,2134,2167,1895,2490,3034,2136,2126,0,0,0,0,0,0,0,-58,-206,41,-37,44,122,124,122,125,121,124,46,46,46,48,48,51,0,10,93,3,2,3
34.1594,4,home,42,2168,1873,2436,3041,2130,2134,2167,1895,2490,3034,2136,2126,0,0,0,0,0,0,0,-76,-206,41,-37,44,122,124,122,125,121,124,46,46,46,48,48,51,0,16,93,2,2,3
34.1924,4,home,43,2168,1868,2436,3041,2130,2134,2167,1895,2490,3034,2136,2126,0,0,0,0,0,0,0,-93,-206,41,-37,44,122,124,122,125,121,124,46,46,46,48,48,51,0,21,92,2,2,4
34.2261,4,home,44,2168,1864,2436,3041,2131,2134,2167,1895,2490,3034,2136,2126,0,0,0,0,0,0,0,-111,-206,41,-37,44,122,124,122,125,121,124,46,46,46,48,48,51,0,28,92,2,1,3
34.2595,4,home,45,2168,1861,2436,3041,2131,2134,2167,1895,2490,3034,2136,2126,0,0,0,0,0,0,0,-125,-206,41,-34,44,122,124,122,125,121,124,46,46,46,48,48,51,0,37,93,2,1,3
34.2929,4,home,46,2168,1861,2436,3041,2131,2134,2167,1895,2490,3034,2136,2126,0,0,0,0,0,0,0,-136,-206,41,-34,44,122,124,122,125,121,124,46,46,46,48,48,51,0,48,93,2,1,3
34.3265,4,home,47,2168,1861,2436,3041,2131,2134,2167,1895,2490,3034,2136,2126,0,0,0,0,0,0,0,-136,-206,41,-34,44,122,124,122,125,121,124,46,46,46,48,48,51,0,43,93,2,1,3
34.3601,4,home,48,2168,1861,2436,3041,2131,2134,2167,1895,2490,3034,2136,2126,0,0,0,0,0,0,0,-136,-206,41,-34,44,122,124,122,125,121,124,46,46,46,48,48,51,0,43,93,3,2,3
34.3934,4,home,49,2168,1861,2436,3041,2131,2134,2167,1895,2490,3034,2136,2126,0,0,0,0,0,0,0,-136,-206,41,-34,44,122,124,122,125,121,124,46,46,46,48,48,51,0,42,92,2,1,3
34.4266,4,home,50,2168,1861,2436,3041,2131,2134,2167,1895,2490,3034,2136,2126,0,0,0,0,0,0,0,-136,-206,41,-34,44,122,124,122,125,121,124,46,46,46,48,48,51,0,42,92,3,2,3
34.4604,4,home,51,2167,1861,2436,3041,2131,2134,2167,1895,2490,3034,2136,2126,0,0,0,0,0,0,0,-136,-206,41,-34,44,122,124,122,125,121,124,46,46,46,48,48,51,0,42,92,2,1,3
34.4939,4,home,52,2167,1858,2437,3041,2131,2134,2167,1895,2490,3034,2136,2126,0,0,0,0,0,0,0,-136,-206,41,-34,44,122,124,122,125,121,124,46,46,46,48,48,51,0,43,92,2,1,4
34.5274,4,home,53,2167,1853,2439,3041,2131,2134,2167,1895,2490,3034,2136,2126,0,0,0,0,0,0,0,-146,-203,41,-34,44,122,124,122,125,121,124,46,46,46,48,48,51,0,48,91,3,1,3
34.561,4,home,54,2165,1845,2445,3041,2131,2134,2167,1895,2490,3034,2136,2126,0,0,0,0,0,0,0,-164,-196,41,-34,44,122,124,122,125,121,124,46,46,46,48,48,51,0,58,84,2,1,3
34.5944,4,home,55,2163,1834,2453,3041,2131,2134,2167,1895,2490,3034,2136,2126,0,0,0,0,0,0,-23,-192,-174,41,-34,44,122,124,122,125,121,124,46,46,46,48,48,51,0,84,65,2,1,3
34.6277,4,home,56,2160,1821,2462,3041,2131,2134,2166,1894,2490,3034,2136,2126,0,-50,0,0,0,0,-30,-227,-146,41,-34,44,122,124,122,125,121,124,46,46,46,48,48,51,0,120,44,2,2,4
34.6614,4,home,57,2158,1806,2476,3041,2131,2134,2164,1889,2490,3034,2136,2126,-50,-50,0,0,0,0,-34,-255,-115,41,-34,44,122,124,122,125,121,124,46,46,46,48,48,51,1,134,28,1,1,3
34.6946,4,home,58,2156,1788,2492,3041,2131,2134,2161,1881,2491,3034,2136,2126,-100,-200,50,0,0,0,-30,-280,-69,41,-34,44,122,124,122,125,121,124,46,46,46,48,48,51,2,140,11,2,1,4
34.7283,4,home,59,2155,1770,2509,3041,2131,2134,2159,1869,2495,3034,2136,2126,-50,-350,100,0,0,0,-27,-315,0,41,-34,44,122,124,122,125,121,124,46,46,46,48,48,51,0,126,2,2,1,3
34.7615,4,home,60,2155,1750,2527,3041,2131,2134,2157,1853,2503,3034,2136,2126,-50,-350,150,0,0,0,-23,-322,44,41,-34,44,122,124,122,125,121,124,46,46,46,48,48,51,2,112,0,3,1,3
34.7953,4,home,61,2155,1729,2542,3041,2131,2134,2156,1835,2513,3034,2135,2126,-50,-500,250,0,0,0,0,-326,-48,41,-30,44,122,124,122,125,121,124,46,46,46,48,48,51,0,111,8,2,1,3
34.8284,4,home,62,2155,1709,2554,3041,2131,2134,2156,1816,2526,3034,2135,2126,0,-600,400,0,0,0,0,-329,72,41,-30,44,122,124,122,125,121,124,46,46,46,48,48,51,0,129,9,2,1,3
34.8618,4,home,63,2155,1686,2567,3041,2130,2134,2156,1797,2539,3034,2135,2126,0,-600,400,0,0,0,0,-350,83,41,-30,44,122,124,122,125,121,124,46,46,46,48,48,51,0,110,1,3,0,3
34.8954,4,home,64,2155,1662,2578,3041,2131,2134,2156,1776,2553,3034,2135,2126,0,-550,400,0,0,0,0,-354,79,41,-34,44,122,124,122,125,121,124,46,46,46,48,48,51,0,138,0,3,2,3
34.9286,4,home,65,2155,1639,2589,3041,2133,2134,2156,1754,2565,3035,2135,2126,0,-650,400,50,0,0,0,-357,-48,37,-30,44,122,124,122,125,121,124,46,46,46,48,48,51,0,86,5,2,0,3
34.9621,4,home,66,2155,1616,2604,3041,2136,2134,2156,1733,2577,3035,2135,2126,0,-650,350,0,0,0,0,-269,62,37,-23,44,122,124,122,125,121,124,46,46,46,48,48,51,0,115,4,1,0,2
34.9954,4,home,67,2155,1595,2618,3041,2137,2134,2156,1709,2590,3035,2135,2126,0,-650,350,0,0,0,0,-347,-52,37,0,44,122,124,122,125,121,124,46,46,46,48,48,51,0,151,7,2,0,3
35.0286,4,home,68,2155,1574,2633,3041,2139,2134,2156,1685,2604,3035,2135,2126,0,-700,450,0,0,0,0,-361,-37,37,23,44,122,124,122,125,121,124,46,46,46,48,48,51,0,96,1,2,0,4
35.0624,4,home,69,2155,1556,2648,3041,2141,2134,2156,1661,2616,3035,2135,2126,0,-750,350,0,0,0,0,-259,86,37,30,44,122,124,122,125,121,124,46,46,46,48,48,51,0,68,0,2,3,3
35.0956,4,home,70,2155,1538,2662,3041,2141,2134,2156,1639,2630,3035,2135,2126,0,-650,400,0,0,0,0,-234,86,37,37,44,122,124,122,125,121,124,46,46,46,48,48,51,0,65,7,2,3,4
35.129,4,home,71,2155,1519,2675,3041,2141,2134,2156,1617,2645,3035,2136,2126,0,-700,400,0,50,0,0,-213,-37,37,34,44,122,124,122,125,121,124,46,46,46,48,48,51,0,66,8,2,1,4
35.1624,4,home,72,2155,1501,2687,3041,2141,2134,2156,1595,2659,3035,2137,2126,0,-700,450,0,0,0,0,-287,72,37,30,44,122,124,122,125,122,124,46,46,46,48,48,51,0,66,2,1,1,3
35.1958,4,home,73,2155,1479,2703,3041,2141,2134,2156,1576,2673,3035,2137,2126,0,-600,400,0,0,0,0,-213,79,37,30,44,122,124,122,125,122,124,46,46,46,48,48,51,0,55,0,2,1,3
35.2292,4,home,74,2155,1455,2721,3041,2141,2134,2156,1555,2686,3035,2137,2126,0,-600,400,0,0,0,0,-213,-34,37,30,44,122,124,122,125,122,124,46,46,46,48,48,51,0,59,3,2,0,4
35.2626,4,home,75,2155,1431,2741,3037,2141,2134,2156,1532,2702,3035,2137,2126,0,-600,400,0,0,0,0,-301,90,37,30,44,122,124,122,125,121,124,46,46,46,48,48,51,0,59,12,1,0,3
35.2964,4,home,76,2155,1405,2766,3027,2141,2134,2156,1509,2718,3035,2137,2126,0,-650,450,0,0,0,0,-298,-20,23,30,44,122,124,122,125,121,124,46,46,46,48,48,51,0,67,25,1,0,2
35.3294,4,home,77,2155,1380,2793,3018,2141,2134,2156,1486,2739,3035,2137,2126,0,-700,550,0,0,0,0,-245,51,-44,30,44,122,124,122,125,122,124,46,46,46,48,48,51,0,104,17,8,0,3
35.363,4,home,78,2155,1356,2821,3006,2141,2134,2156,1460,2764,3032,2137,2126,0,-800,750,0,0,0,0,-322,58,-65,30,44,122,124,122,125,122,124,46,46,46,48,48,51,0,57,3,5,0,3
35.3964,4,home,79,2155,1337,2849,2995,2141,2134,2156,1434,2790,3026,2138,2126,0,-750,750,-200,0,0,0,-223,146,-86,27,44,122,124,122,125,121,124,46,46,46,48,48,51,0,27,1,6,0,3
35.4296,4,home,80,2155,1319,2879,2982,2141,2134,2156,1410,2815,3018,2138,2126,0,-700,750,-300,0,0,0,-195,58,-108,27,44,122,124,122,125,121,124,46,46,46,48,48,51,0,42,2,2,0,4
35.4634,4,home,81,2155,1302,2909,2971,2141,2134,2156,1387,2843,3009,2138,2126,0,-750,850,-200,0,0,0,-259,58,-118,27,44,122,124,122,125,122,124,46,46,46,48,48,51,0,44,21,8,0,3
35.4966,4,home,82,2155,1288,2937,2957,2141,2134,2156,1365,2873,2998,2138,2126,0,-600,800,-300,0,0,0,-262,93,-118,27,44,122,124,122,125,122,124,46,46,46,48,48,51,0,29,9,13,0,3
35.53,4,home,83,2155,1273,2966,2941,2141,2134,2156,1346,2901,2988,2138,2126,0,-600,850,-300,0,0,0,-234,79,-125,27,44,122,124,123,125,122,124,46,46,46,48,48,51,0,22,1,18,0,3
35.5636,4,home,84,2155,1256,2993,2925,2141,2134,2156,1327,2930,2974,2137,2126,0,-550,850,-350,0,0,0,-217,72,-65,27,44,122,124,122,125,121,124,46,46,46,48,48,51,0,26,2,12,8,3
35.597,4,home,85,2155,1239,3020,2907,2141,2134,2156,1309,2959,2960,2138,2126,0,-500,800,-350,0,0,0,-210,58,-157,27,44,122,124,122,125,121,124,46,46,46,48,48,51,0,35,6,5,1,3
35.6304,4,home,86,2155,1224,3045,2887,2141,2134,2156,1291,2987,2946,2137,2126,0,-550,800,-450,0,0,0,-203,83,-76,30,44,122,124,123,125,122,124,46,46,46,48,48,51,0,34,11,8,0,3
35.6636,4,home,87,2155,1207,3072,2868,2141,2134,2156,1275,3015,2929,2138,2126,0,-500,850,-400,50,0,0,-213,150,-171,27,44,122,124,123,125,122,124,46,46,46,48,48,51,0,18,1,28,0,3
35.6973,4,home,88,2155,1192,3101,2850,2141,2134,2156,1258,3042,2911,2137,2126,0,-500,800,-450,0,0,0,-121,58,-171,27,44,122,124,122,125,121,124,46,46,46,48,48,51,0,18,0,41,0,2
35.7304,4,home,89,2155,1179,3128,2831,2141,2134,2156,1241,3070,2893,2137,2126,0,-500,800,-550,0,0,0,-196,54,-107,30,44,122,124,122,125,121,124,46,46,46,48,48,51,0,29,4,18,1,2
35.7638,4,home,90,2155,1167,3158,2813,2141,2134,2156,1225,3096,2876,2137,2126,0,-500,800,-450,0,0,0,-181,132,-104,30,44,122,124,123,125,122,124,46,46,46,48,48,51,0,37,17,10,0,2
35.7974,4,home,91,2155,1155,3187,2796,2141,2134,2156,1210,3124,2857,2137,2126,0,-450,800,-500,0,0,0,-185,83,-181,30,44,122,124,123,125,122,124,46,46,46,48,48,51,0,13,12,13,1,3
35.8307,4,home,92,2155,1143,3217,2779,2141,2134,2156,1195,3153,2839,2137,2126,0,-400,850,-550,0,0,0,-171,79,-86,30,44,122,124,123,125,122,124,46,46,46,48,48,51,0,7,3,20,1,4
35.8644,4,home,93,2155,1131,3244,2761,2141,2134,2156,1181,3182,2821,2137,2126,0,-450,850,-500,0,0,0,-76,76,-79,30,44,122,124,123,125,122,124,46,46,46,48,48,51,0,13,0,25,1,3
35.8976,4,home,94,2155,1118,3272,2743,2143,2134,2156,1169,3210,2804,2137,2126,0,-350,850,-450,0,0,0,-153,146,-100,30,44,122,124,123,125,122,124,46,46,46,48,48,51,0,19,4,7,0,3
35.931,4,home,95,2155,1105,3298,2728,2148,2134,2156,1156,3239,2786,2137,2126,0,-350,800,-550,0,0,0,-65,51,-97,37,44,122,124,123,125,122,124,46,46,46,48,48,51,0,15,17,6,1,3
35.9644,4,home,96,2155,1093,3324,2711,2152,2134,2156,1142,3267,2768,2140,2126,0,-400,850,-450,150,0,0,-164,72,-167,44,44,122,124,123,125,122,124,46,46,46,48,48,51,0,6,5,14,1,3
35.9977,4,home,97,2155,1079,3351,2697,2155,2134,2156,1130,3293,2751,2143,2126,0,-350,800,-500,100,0,0,-157,58,-72,51,44,122,124,123,125,122,124,46,46,46,48,48,51,0,7,1,23,1,4
36.031,4,home,98,2156,1066,3377,2686,2157,2132,2156,1116,3320,2735,2146,2126,0,-350,750,-500,100,0,0,-69,139,-86,-69,44,122,124,123,125,122,124,46,46,46,48,48,51,0,25,0,4,1,3
36.0646,4,home,99,2157,1052,3399,2680,2159,2123,2156,1103,3348,2722,2149,2126,0,-450,800,-350,100,0,0,-150,40,-157,44,37,122,124,123,125,122,124,46,46,46,48,48,51,0,16,6,5,1,1
36.098,4,home,100,2159,1036,3422,2675,2159,2104,2156,1089,3373,2710,2152,2125,0,-400,750,-300,50,0,0,-79,54,-44,44,94,122,124,123,125,122,124,46,46,46,48,48,51,0,9,8,11,1,0
36.1314,4,home,101,2160,1017,3444,2673,2159,2081,2157,1074,3397,2700,2153,2120,50,-400,700,-350,100,-50,23,-167,40,-23,37,45,122,124,123,125,122,124,46,46,46,48,48,51,0,5,1,9,0,3
36.1646,4,home,102,2161,992,3465,2672,2161,2054,2157,1059,3421,2693,2155,2113,0,-450,750,-250,50,-150,27,-174,115,30,30,-132,122,124,122,125,122,124,46,46,46,48,48,51,0,13,0,6,0,17
36.1984,4,home,103,2161,966,3483,2671,2161,2026,2157,1040,3443,2689,2155,2097,0,-450,650,-100,0,-400,30,-111,-16,-79,37,-171,122,124,122,125,121,124,46,46,46,48,48,51,0,24,4,5,1,30
36.2315,4,home,104,2161,938,3501,2671,2161,2001,2157,1020,3463,2686,2157,2077,0,-550,600,-150,100,-600,30,-125,90,-72,30,-135,122,124,122,125,121,124,46,46,46,48,48,51,0,69,9,4,1,54
36.2652,4,home,105,2161,918,3515,2671,2161,1982,2157,996,3481,2683,2157,2056,0,-700,500,-50,0,-650,30,-164,23,-62,30,-142,122,124,122,125,121,124,46,46,46,48,48,51,1,40,1,4,1,16
36.2985,4,home,106,2161,905,3523,2671,2161,1967,2157,972,3498,2682,2157,2034,0,-750,550,-50,0,-650,30,-227,-27,-55,30,-128,122,124,122,125,122,124,46,46,46,48,48,51,0,8,0,4,1,9
36.3316,4,home,107,2161,897,3532,2671,2161,1957,2157,951,3511,2681,2157,2014,0,-600,400,-50,0,-600,30,-104,65,-51,30,-192,122,124,122,125,121,124,46,46,46,48,48,51,2,7,3,4,0,17
36.3654,4,home,108,2161,893,3540,2671,2161,1949,2157,933,3522,2681,2157,1998,0,-600,350,0,0,-500,30,-61,55,-51,30,-76,122,124,122,125,122,124,46,46,46,48,48,51,1,3,2,4,1,10
36.3988,4,home,109,2161,889,3548,2671,2161,1942,2157,920,3532,2681,2157,1984,0,-450,300,0,0,-400,30,-111,44,-51,30,-69,122,124,123,125,122,124,46,46,46,48,48,51,0,1,1,4,1,1
36.432,4,home,110,2163,887,3557,2671,2161,1929,2157,910,3541,2681,2157,1972,0,-350,250,0,0,-400,30,20,-69,-51,30,-132,122,124,123,125,122,124,46,46,46,48,48,51,1,0,0,4,1,2
36.4656,4,home,111,2165,886,3566,2671,2161,1907,2157,903,3551,2681,2157,1961,0,-250,250,0,0,-300,37,41,-73,-51,30,-47,122,124,123,125,122,124,46,46,46,48,48,51,2,2,3,4,0,12
36.499,4,home,112,2167,884,3574,2671,2161,1879,2157,898,3560,2681,2157,1946,0,-150,250,0,0,-400,44,-62,-76,-51,30,-160,122,124,123,125,122,124,46,46,46,48,48,51,3,2,6,4,0,26
36.5325,4,home,113,2169,884,3581,2671,2161,1838,2160,895,3570,2681,2157,1928,100,-100,300,0,0,-550,44,-55,34,-51,30,-192,122,124,122,125,122,124,46,46,46,48,48,51,5,1,3,4,1,59
36.566,4,home,114,2169,884,3583,2671,2161,1792,2162,891,3579,2681,2157,1904,50,-100,300,0,0,-800,44,73,34,-51,30,-195,122,124,122,125,121,124,46,46,46,48,48,51,2,0,4,5,1,65
36.5994,4,home,115,2169,884,3584,2671,2161,1743,2163,889,3589,2681,2157,1876,100,-100,300,0,0,-750,37,-37,-30,-51,30,-252,122,124,122,125,121,124,46,46,46,48,48,51,3,0,3,5,1,62
36.633,4,home,116,2169,883,3586,2671,2161,1694,2165,889,3592,2681,2157,1841,50,0,150,0,0,-1050,-87,-34,-44,-51,30,-294,122,124,122,125,121,124,46,46,46,48,48,51,1,0,4,5,0,55
36.6664,4,home,117,2172,879,3594,2671,2161,1647,2165,887,3592,2681,2157,1803,0,-50,0,0,0,-1050,30,-34,-37,-51,30,-329,122,124,122,125,121,124,46,46,46,48,48,51,1,1,4,5,0,56
36.7008,4,home,118,2175,879,3602,2671,2161,1613,2165,883,3596,2680,2157,1762,0,-50,0,0,0,-1150,41,87,0,-48,30,-340,122,124,122,125,121,124,46,46,46,48,48,51,5,1,16,4,1,66
36.7344,4,home,119,2179,879,3612,2671,2161,1588,2168,878,3604,2680,2157,1721,100,-250,250,-50,0,-1200,44,0,0,-48,30,-357,122,124,123,125,122,124,46,46,46,48,48,51,4,0,7,4,0,38
36.7677,4,home,120,2183,880,3623,2671,2161,1571,2171,878,3612,2680,2157,1682,50,0,250,0,0,-1150,48,0,23,-48,30,-297,122,124,123,125,122,124,46,46,46,48,48,51,2,0,2,4,0,15
36.801,4,home,121,2185,880,3637,2668,2160,1559,2174,878,3622,2680,2157,1650,100,0,200,0,0,-1100,51,23,27,-48,30,-223,122,124,123,125,122,124,46,46,46,48,48,51,2,0,6,4,1,12
36.8344,4,home,122,2188,878,3644,2666,2160,1550,2176,878,3632,2675,2155,1623,50,0,300,-150,-100,-850,48,23,37,-44,30,-248,122,124,123,125,122,124,46,46,46,48,48,51,1,0,8,4,0,18
36.8677,4,home,123,2192,876,3651,2666,2159,1544,2179,877,3640,2673,2154,1601,100,0,250,-100,-50,-700,48,0,30,-41,37,-111,122,124,123,125,122,124,46,46,46,48,48,51,2,0,2,4,1,7
36.9015,4,home,124,2196,875,3652,2666,2160,1539,2182,876,3646,2670,2154,1585,100,-50,200,-50,0,-500,51,0,-80,87,34,-174,122,124,123,125,122,124,46,46,46,48,48,51,5,0,0,0,1,4
36.935,4,home,125,2200,875,3652,2666,2160,1536,2186,876,3651,2667,2154,1572,150,0,150,-100,0,-450,-66,0,23,0,37,-139,122,124,123,125,122,124,46,46,46,48,48,51,1,0,0,0,1,15
36.9684,4,home,126,2205,875,3652,2666,2160,1533,2189,876,3654,2667,2154,1563,100,0,100,-50,0,-300,55,0,-23,0,37,-115,122,124,123,125,122,124,46,46,46,48,48,51,3,0,0,0,0,4
37.0024,4,home,127,2210,875,3652,2666,2160,1529,2193,875,3655,2667,2155,1555,100,0,100,0,0,-250,62,0,-27,0,34,-97,122,124,123,125,122,124,46,46,46,48,48,51,4,0,0,0,1,7
37.0355,4,home,128,2215,875,3652,2666,2160,1522,2197,875,3655,2667,2155,1550,150,0,0,0,0,-200,65,0,-27,0,34,-97,122,124,123,125,122,124,46,46,46,48,48,51,4,0,0,0,1,5
37.0692,4,home,129,2222,875,3652,2666,2160,1510,2202,875,3655,2667,2155,1544,100,0,0,0,0,-200,65,0,-27,0,34,20,122,124,123,125,122,124,46,46,46,48,48,51,7,0,0,0,2,7
37.1026,4,home,130,2226,875,3652,2666,2160,1497,2206,875,3655,2667,2155,1536,100,0,0,0,0,-200,72,0,-27,0,34,-115,122,124,123,125,122,124,46,46,46,48,48,51,6,0,0,0,1,11
37.136,4,home,131,2229,875,3652,2666,2160,1489,2211,875,3655,2667,2155,1526,150,0,0,0,0,-300,69,0,-27,0,34,-37,122,124,123,125,122,124,46,46,46,48,48,51,5,0,0,0,1,17
37.1695,4,home,132,2231,875,3652,2666,2160,1484,2215,875,3655,2667,2155,1517,100,0,0,0,0,-300,69,0,-27,0,34,-30,122,124,123,125,122,124,46,46,46,48,48,51,5,0,0,0,2,13
37.2034,4,home,133,2233,875,3652,2666,2160,1481,2219,875,3655,2667,2155,1509,150,0,0,0,0,-250,58,0,-27,0,34,-115,122,124,123,125,122,124,46,46,46,48,48,51,4,0,0,0,1,5
37.2364,4,home,134,2233,875,3652,2666,2160,1480,2223,875,3655,2667,2155,1503,100,0,0,0,0,-250,55,0,-27,0,34,20,122,124,123,125,122,124,46,46,46,48,48,51,4,0,0,0,1,6
37.2698,4,home,135,2233,875,3652,2666,2160,1480,2225,875,3655,2667,2155,1499,50,0,0,0,0,-150,44,0,-27,0,34,-86,122,124,123,125,122,124,46,46,46,48,48,51,2,0,0,0,1,8
37.3034,4,home,136,2233,875,3652,2666,2160,1480,2227,875,3655,2667,2155,1497,50,0,0,0,0,-100,41,0,-27,0,34,-76,122,124,123,125,122,124,46,46,46,48,48,51,2,0,0,0,2,9
37.3366,4,home,137,2233,875,3652,2666,2160,1480,2227,875,3655,2667,2155,1495,0,0,0,0,0,-50,37,0,-27,0,34,-69,122,124,123,125,122,124,46,46,46,48,48,51,2,0,0,0,1,11
37.3704,4,home,138,2233,875,3652,2666,2160,1480,2227,875,3655,2667,2155,1495,0,0,0,0,0,0,37,0,-27,0,34,-69,122,124,123,125,122,124,46,46,46,48,48,51,2,0,0,0,1,9
37.4036,4,home,139,2233,875,3652,2666,2160,1480,2227,875,3655,2667,2155,1495,0,0,0,0,0,0,37,0,-27,0,34,-69,122,124,123,125,122,124,46,46,46,48,48,51,1,0,0,0,2,10
37.4373,4,home,140,2233,875,3652,2666,2160,1480,2229,875,3655,2667,2155,1495,50,0,0,0,0,0,30,0,-27,0,34,-69,122,125,123,125,122,124,46,46,46,48,48,51,1,0,0,0,1,9
37.4706,4,home,141,2233,875,3652,2666,2160,1480,2229,875,3655,2667,2155,1495,0,0,0,0,0,0,30,0,-27,0,34,-69,122,125,123,125,122,124,46,46,46,48,48,51,0,0,0,0,1,10
37.5044,4,home,142,2233,875,3652,2666,2160,1480,2229,875,3655,2667,2155,1494,0,0,0,0,0,0,30,0,-27,0,34,-65,122,125,123,125,122,124,46,46,46,48,48,51,1,0,0,0,1,5
37.5378,4,home,143,2233,875,3652,2666,2160,1480,2229,875,3655,2667,2155,1494,0,0,0,0,0,0,30,0,-27,0,34,-65,122,125,123,125,122,124,46,46,46,48,48,51,0,0,0,0,1,8
37.5713,4,home,144,2233,875,3652,2666,2160,1480,2229,875,3655,2667,2155,1494,0,0,0,0,0,0,30,0,-27,0,34,-65,122,125,123,125,122,124,46,46,46,48,48,51,1,0,0,0,1,9
37.6046,4,home,145,2233,875,3652,2666,2160,1480,2229,875,3655,2667,2155,1494,0,0,0,0,0,0,30,0,-27,0,34,-65,122,125,123,125,122,124,46,46,46,48,48,51,0,0,0,0,2,9
37.638,4,home,146,2233,875,3652,2666,2160,1480,2229,875,3655,2667,2155,1494,0,0,0,0,0,0,30,0,-27,0,34,-65,122,124,123,125,122,124,46,46,46,48,48,51,1,0,0,0,1,9
37.6716,4,home,147,2233,875,3652,2666,2160,1480,2229,875,3655,2667,2155,1494,0,0,0,0,0,0,30,0,-27,0,34,-65,122,125,123,125,122,124,46,46,46,48,48,51,0,0,0,0,1,9
37.7054,4,home,148,2233,875,3652,2666,2160,1480,2229,875,3655,2667,2155,1494,0,0,0,0,0,0,30,0,-27,0,34,-65,122,125,123,125,122,124,46,46,46,48,48,51,1,0,0,0,1,9
37.7384,4,home,149,2233,875,3652,2666,2160,1480,2229,875,3655,2667,2155,1494,0,0,0,0,0,0,30,0,-27,0,34,-65,122,125,123,125,122,124,46,46,46,48,48,51,1,0,0,0,1,9
37.7716,4,home,150,2233,875,3652,2666,2160,1480,2229,875,3655,2667,2155,1494,0,0,0,0,0,0,30,0,-27,0,34,-65,122,124,123,125,122,124,46,46,46,48,48,51,1,0,0,0,1,9
37.8054,4,home,151,2233,875,3652,2666,2160,1480,2229,875,3655,2667,2155,1494,0,0,0,0,0,0,30,0,-27,0,34,-65,122,125,123,125,122,124,46,46,46,48,48,51,1,0,0,0,2,9
37.8386,4,home,152,2233,875,3652,2666,2160,1480,2229,875,3655,2667,2155,1494,0,0,0,0,0,0,30,0,-27,0,34,-65,122,124,123,125,122,124,46,46,46,48,48,51,1,0,0,0,1,10
37.8724,4,home,153,2233,875,3652,2666,2160,1480,2229,875,3655,2667,2155,1494,0,0,0,0,0,0,30,0,-27,0,34,-65,122,124,123,125,122,124,46,46,46,48,48,51,2,0,0,0,2,9
37.9056,4,home,154,2233,875,3652,2666,2160,1480,2229,875,3655,2667,2155,1494,0,0,0,0,0,0,30,0,-27,0,34,-65,122,124,123,125,122,124,46,46,46,48,48,51,2,0,0,0,0,9
37.9393,4,home,155,2233,875,3652,2666,2160,1480,2229,875,3655,2666,2155,1494,0,0,0,0,0,0,30,0,-27,0,34,-65,122,125,123,125,122,124,46,46,46,48,48,51,1,0,0,0,1,9
37.9724,4,home,156,2233,875,3652,2666,2160,1480,2229,875,3655,2666,2155,1494,0,0,0,0,0,0,30,0,-27,0,34,-65,122,124,123,125,122,124,46,46,46,48,48,51,1,0,0,0,1,8
38.006,4,home,157,2233,875,3652,2666,2160,1480,2229,875,3655,2666,2155,1494,0,0,0,0,0,0,30,0,-27,0,34,-65,122,124,123,125,122,124,46,46,46,48,48,51,0,0,0,0,2,9
38.0396,4,home,158,2233,875,3652,2666,2160,1480,2229,875,3655,2666,2155,1494,0,0,0,0,0,0,30,0,-27,0,34,-65,122,124,123,125,122,124,46,46,46,48,48,51,1,0,0,0,1,9
38.073,4,home,159,2233,875,3652,2666,2160,1480,2229,875,3655,2666,2155,1494,0,0,0,0,0,0,30,0,-27,0,34,-65,122,124,123,125,122,124,46,46,46,48,48,51,0,0,0,0,2,9
38.1063,4,home,160,2233,875,3652,2666,2160,1480,2229,875,3655,2666,2155,1494,0,0,0,0,0,0,30,0,-27,0,34,-65,122,124,123,125,122,124,46,46,46,48,48,51,1,0,0,0,2,9
38.1398,4,home,161,2233,875,3652,2666,2160,1480,2229,875,3655,2666,2155,1494,0,0,0,0,0,0,30,0,-27,0,34,-65,122,124,123,125,122,124,46,46,46,48,48,51,0,0,0,0,1,9
38.1734,4,home,162,2233,875,3652,2666,2160,1480,2229,875,3655,2666,2155,1494,0,0,0,0,0,0,30,0,-27,0,34,-65,122,124,123,125,122,124,46,46,46,48,48,51,0,0,0,0,2,8
38.2066,4,home,163,2233,875,3652,2666,2160,1480,2229,875,3655,2666,2155,1494,0,0,0,0,0,0,30,0,-27,0,34,-65,122,124,123,125,122,124,46,46,46,48,48,51,0,0,0,0,2,9
38.2403,4,home,164,2233,875,3652,2666,2160,1480,2229,875,3655,2666,2155,1494,0,0,0,0,0,0,30,0,-27,0,34,-65,122,125,123,125,122,124,46,46,46,48,48,51,0,0,0,0,2,9
38.2733,4,home,165,2233,875,3652,2666,2160,1480,2229,875,3655,2666,2155,1494,0,0,0,0,0,0,30,0,-27,0,34,-65,122,125,123,125,122,124,46,46,46,48,48,51,0,0,0,0,1,9
38.307,4,home,166,2233,875,3652,2666,2160,1480,2229,875,3655,2666,2155,1494,0,0,0,0,0,0,30,0,-27,0,34,-65,122,125,123,125,122,124,46,46,46,48,48,51,0,0,0,0,1,9
38.3403,4,home,167,2233,875,3652,2666,2160,1480,2229,875,3655,2666,2155,1494,0,0,0,0,0,0,30,0,-27,0,34,-65,122,125,123,125,122,124,46,46,46,48,48,51,0,0,0,0,2,9
38.3736,4,home,168,2233,875,3652,2666,2160,1480,2229,875,3655,2666,2155,1494,0,0,0,0,0,0,30,0,-27,0,34,-65,122,125,123,125,122,124,46,46,46,48,48,51,1,0,0,0,1,8
38.407,4,home,169,2233,875,3652,2666,2160,1480,2229,875,3655,2666,2155,1494,0,0,0,0,0,0,30,0,-27,0,34,-65,122,125,123,125,122,124,46,46,46,48,48,51,0,0,0,0,2,8
38.4404,4,home,170,2233,875,3652,2666,2160,1480,2229,875,3655,2666,2155,1494,0,0,0,0,0,0,30,0,-27,0,34,-65,122,125,123,125,122,124,46,46,46,48,48,51,0,0,0,0,1,8
38.4805,5,lift,0,2229,909,3655,2666,2155,1494,2229,875,3655,2666,2155,1494,0,0,0,0,0,0,-56,0,-27,0,34,-65,122,125,123,125,122,124,46,46,46,48,48,51,0,0,0,0,1,9
38.514,5,lift,1,2229,942,3655,2666,2155,1494,2229,880,3655,2666,2155,1496,0,0,0,0,0,50,0,122,0,0,0,0,122,124,123,125,122,124,46,46,46,48,48,51,2,18,0,0,0,1
38.5473,5,lift,2,2229,976,3655,2666,2155,1494,2229,893,3655,2665,2155,1496,0,350,0,0,0,0,0,104,0,0,0,-23,122,124,123,125,122,124,46,46,46,48,48,51,0,76,0,0,0,0
38.5806,5,lift,3,2229,1010,3655,2666,2155,1494,2229,912,3654,2664,2154,1496,0,600,0,-50,-50,0,0,266,0,23,0,-23,122,124,123,125,122,124,46,46,46,48,48,51,0,77,0,1,0,0
38.614,5,lift,4,2229,1044,3655,2666,2155,1494,2229,932,3651,2662,2153,1496,0,550,-50,-50,0,0,0,308,111,30,23,-23,122,124,123,125,122,124,46,46,46,48,48,51,0,63,0,0,0,0
38.6473,5,lift,5,2229,1077,3655,2666,2155,1494,2229,956,3645,2662,2153,1496,0,700,-200,0,0,0,0,252,51,30,23,-23,122,124,122,125,121,124,46,46,46,48,48,51,0,73,9,0,0,0
38.6805,5,lift,6,2229,1111,3655,2666,2155,1494,2229,982,3645,2661,2152,1496,0,700,-50,-50,0,0,0,273,51,34,27,-23,122,124,122,125,121,124,46,46,46,48,48,51,0,89,5,1,0,0
38.714,5,lift,7,2229,1145,3655,2666,2155,1494,2229,1008,3643,2660,2151,1496,0,800,-100,0,0,0,0,325,58,37,27,-23,122,124,122,125,121,124,46,46,46,48,48,51,0,159,5,2,2,0
38.7473,5,lift,8,2229,1179,3655,2666,2155,1494,2229,1037,3641,2657,2151,1496,0,850,-50,-50,0,0,0,336,65,48,30,-23,122,124,122,125,121,124,46,46,46,48,48,51,0,145,10,7,0,0
38.7806,5,lift,9,2229,1212,3655,2666,2155,1494,2229,1064,3639,2651,2150,1496,0,750,-50,-200,0,0,0,354,69,69,30,-23,122,124,122,125,121,124,46,46,46,48,48,51,0,137,17,12,1,0
38.8143,5,lift,10,2229,1246,3655,2666,2155,1494,2229,1093,3638,2646,2150,1496,0,800,0,-150,-50,0,0,364,76,168,34,-23,122,124,122,125,121,123,46,46,46,48,48,51,0,146,19,22,1,0
38.8473,5,lift,11,2229,1280,3655,2666,2155,1494,2229,1120,3634,2642,2150,1496,0,850,-50,-150,0,0,0,463,175,97,34,-23,122,124,122,125,121,123,46,46,46,48,48,51,0,235,17,39,1,0
38.8806,5,lift,12,2229,1314,3655,2666,2155,1494,2229,1148,3628,2638,2150,1496,0,900,-200,-100,0,0,0,428,189,111,34,-23,121,124,122,124,121,123,46,46,46,48,48,51,0,232,33,58,1,0
38.9143,5,lift,13,2229,1347,3655,2666,2155,1494,2228,1177,3622,2637,2150,1496,0,750,-200,-50,0,0,0,438,129,118,34,-23,121,124,122,124,121,123,46,46,46,48,48,51,0,312,45,45,2,0
38.9473,5,lift,14,2229,1381,3655,2666,2155,1494,2228,1205,3615,2637,2150,1496,0,850,-200,0,0,0,0,445,153,118,34,-23,121,123,121,124,120,123,46,46,46,48,48,51,0,258,69,47,1,0
38.9807,5,lift,15,2229,1415,3655,2666,2155,1494,2228,1234,3608,2637,2150,1496,0,850,-200,0,0,0,0,544,266,118,34,-23,121,123,121,124,120,123,46,46,46,48,48,51,0,245,99,46,1,0
39.0143,5,lift,16,2229,1448,3655,2666,2155,1494,2228,1262,3599,2637,2150,1496,0,800,-250,0,0,0,0,470,287,118,34,-23,121,123,121,123,120,123,46,46,46,48,48,51,0,457,109,46,1,0
39.0473,5,lift,17,2229,1482,3655,2666,2155,1494,2228,1290,3592,2637,2150,1496,0,850,-250,0,0,0,0,516,231,118,34,-23,121,123,121,123,120,123,46,46,46,48,48,51,0,403,127,47,1,0
39.0805,5,lift,18,2229,1516,3655,2666,2155,1494,2227,1318,3588,2637,2150,1496,-50,850,-150,0,0,0,23,530,333,118,34,-23,121,123,121,123,120,122,46,46,46,48,48,51,0,425,136,47,1,0
39.1143,5,lift,19,2229,1550,3655,2666,2155,1494,2227,1343,3583,2637,2150,1496,0,700,-150,0,0,0,23,639,354,118,34,-23,121,122,120,123,119,122,46,46,46,48,48,51,0,412,187,46,1,0
39.1474,5,lift,20,2229,1583,3655,2666,2155,1494,2227,1366,3576,2638,2150,1496,0,650,-200,50,0,0,23,582,294,115,34,-23,120,122,120,123,119,122,46,46,46,48,48,51,0,602,221,41,1,0
39.1806,5,lift,21,2229,1617,3655,2666,2155,1494,2227,1392,3568,2639,2150,1496,0,800,-250,50,0,0,23,635,312,111,34,-23,120,122,120,122,119,121,46,46,46,48,48,51,0,645,229,41,1,0
39.214,5,lift,22,2229,1651,3655,2666,2155,1494,2227,1416,3562,2639,2151,1496,0,750,-200,0,50,0,23,745,340,111,30,-23,120,121,119,122,118,121,46,46,46,48,48,51,0,681,252,40,1,0
39.2474,5,lift,23,2229,1685,3655,2666,2155,1494,2226,1435,3559,2640,2152,1496,0,650,-50,50,50,0,23,787,350,108,27,-23,119,121,119,121,118,120,46,46,46,48,48,51,0,917,322,38,0,0
39.2808,5,lift,24,2229,1718,3655,2666,2155,1494,2226,1453,3557,2640,2153,1496,-50,550,-50,0,0,0,27,751,361,108,23,-23,119,120,118,121,117,119,46,46,46,48,48,51,0,1075,286,36,0,0
39.3143,5,lift,25,2229,1752,3655,2666,2155,1494,2226,1469,3553,2640,2154,1496,0,450,-50,0,0,0,27,896,368,108,0,-23,118,120,118,120,117,119,46,46,46,48,48,51,0,1404,327,36,0,0
39.3473,5,lift,26,2229,1786,3655,2666,2155,1494,2226,1481,3548,2640,2155,1496,0,400,-150,0,50,0,27,981,389,108,0,-23,118,119,117,119,116,118,46,46,46,48,48,51,0,1535,334,37,0,0
39.3806,5,lift,27,2229,1820,3655,2666,2155,1494,2226,1493,3545,2641,2158,1496,0,400,-150,50,50,0,27,1000,403,104,-27,-23,117,118,116,119,115,117,46,46,46,48,48,51,0,1416,312,35,0,0
39.4141,5,lift,28,2229,1853,3655,2666,2155,1494,2226,1502,3543,2641,2158,1496,0,300,-50,0,0,0,27,1000,410,104,-27,-23,117,118,116,118,115,117,46,46,46,48,48,51,0,1676,333,29,0,0
39.4473,5,lift,29,2229,1887,3655,2666,2155,1494,2226,1507,3541,2641,2159,1496,0,150,-100,0,0,0,27,1000,417,104,-30,-23,116,117,115,117,115,117,46,46,46,48,48,51,0,1772,379,26,0,0
39.4819,5,align,0,2227,1887,3614,2678,2154,1515,2226,1508,3540,2641,2160,1496,0,0,-50,0,0,0,27,1000,421,104,-30,-23,116,117,115,117,114,116,46,46,46,48,48,51,0,1813,415,25,0,0
39.514,5,align,1,2225,1887,3574,2691,2153,1537,2226,1509,3537,2643,2160,1498,0,0,0,100,50,50,0,1000,284,139,-37,-41,116,117,115,118,114,117,46,46,46,48,48,51,0,1829,204,60,3,2
39.5473,5,align,2,2223,1887,3533,2704,2152,1558,2225,1512,3527,2648,2161,1503,0,50,-250,50,50,100,0,1000,174,174,-44,139,116,117,115,118,115,117,46,46,46,48,48,51,0,1731,128,52,3,20
39.5806,5,align,3,2221,1887,3492,2716,2151,1579,2225,1535,3509,2659,2162,1518,0,300,-350,300,50,400,-23,1000,178,185,-51,72,117,118,116,119,115,118,46,46,46,48,48,51,0,1539,101,36,6,29
39.6144,5,align,4,2219,1887,3452,2728,2150,1601,2225,1578,3487,2672,2160,1537,0,1050,-600,350,0,550,-30,1000,86,178,69,100,118,119,118,119,116,119,46,46,46,48,48,51,1,1268,63,24,2,13
39.6475,5,align,5,2217,1887,3411,2741,2150,1622,2225,1631,3458,2686,2158,1551,0,1650,-850,400,-50,500,-37,800,55,171,-48,203,119,121,119,121,118,120,46,46,46,48,48,51,0,606,32,23,1,6
39.6805,5,align,6,2215,1887,3371,2754,2149,1643,2223,1683,3428,2701,2156,1564,-50,1650,-800,450,-50,350,-37,603,20,72,-41,139,120,122,120,122,119,121,46,46,46,48,48,51,0,279,13,20,1,50
39.7139,5,align,7,2213,1887,3330,2766,2148,1665,2221,1725,3397,2720,2155,1577,-100,1400,-850,550,-100,350,-37,516,-33,153,-37,252,121,122,121,123,120,122,46,46,46,48,48,51,1,197,2,9,2,80
39.7473,5,align,8,2211,1887,3289,2778,2147,1686,2219,1761,3364,2736,2154,1590,-50,1100,-950,550,-50,450,-37,378,-54,44,-37,298,121,123,121,124,120,123,46,46,46,48,48,51,2,119,10,5,1,146
39.7805,5,align,9,2209,1887,3249,2791,2146,1707,2218,1792,3332,2753,2151,1605,-50,900,-950,450,-100,400,-41,297,-121,115,-37,230,121,123,122,124,121,123,46,46,46,48,48,51,1,73,17,11,0,121
39.8139,5,align,10,2207,1887,3208,2804,2145,1729,2216,1817,3304,2771,2150,1623,-50,800,-900,550,-50,550,-41,195,-146,-27,-30,241,122,124,122,124,121,123,46,46,46,48,48,51,0,27,15,15,2,102
39.8473,5,align,11,2205,1887,3167,2816,2144,1750,2214,1838,3278,2786,2149,1640,-50,650,-750,500,-50,500,-41,199,-188,97,-30,336,122,124,122,125,121,123,46,46,46,48,48,51,0,8,15,2,0,106
39.8805,5,align,12,2203,1887,3127,2828,2143,1771,2211,1861,3250,2802,2149,1657,-100,550,-750,450,0,500,-37,115,-230,79,-34,259,122,124,122,125,121,123,46,46,46,48,48,51,2,1,19,0,0,127
39.9139,5,align,13,2201,1887,3086,2841,2142,1793,2208,1871,3223,2818,2148,1675,-100,400,-800,500,0,500,-37,83,-301,62,-37,375,122,124,122,124,121,123,46,46,46,48,48,51,2,0,83,2,1,149
39.9473,5,align,14,2198,1887,3046,2854,2142,1814,2205,1878,3194,2836,2148,1692,-50,200,-850,500,0,500,-30,55,-424,41,-37,301,121,123,122,124,120,123,46,46,46,48,48,51,0,1,109,2,3,142
39.9805,5,align,15,2196,1887,3005,2866,2141,1835,2204,1883,3162,2851,2147,1708,-50,250,-800,500,0,500,-37,-83,-361,-90,-34,315,121,123,121,124,120,123,46,46,46,48,48,51,0,0,115,0,2,167
40.0139,5,align,16,2194,1887,2964,2878,2140,1857,2200,1888,3134,2866,2147,1727,-100,150,-800,450,0,550,-37,0,-396,30,-37,318,121,123,121,124,120,122,46,46,46,48,48,51,1,0,142,2,1,156
40.0473,5,align,17,2192,1887,2924,2891,2139,1878,2198,1890,3101,2881,2146,1746,-100,100,-1000,450,-50,650,-30,-27,-417,0,-37,343,121,123,121,124,120,122,46,46,46,48,48,51,2,0,226,8,3,175
40.0806,5,align,18,2190,1887,2883,2904,2138,1899,2195,1890,3065,2890,2146,1771,-100,0,-1100,350,0,700,-27,-27,-470,23,-41,417,121,123,121,124,120,123,46,46,46,48,48,51,0,0,237,7,3,118
40.1143,5,align,19,2188,1887,2842,2916,2137,1921,2192,1890,3026,2899,2145,1799,-100,0,-1150,300,-50,800,-27,-27,-378,37,-41,389,121,123,121,124,120,123,46,46,46,48,48,51,1,2,166,8,4,73
40.1473,5,align,20,2186,1887,2802,2928,2136,1942,2190,1890,2982,2905,2144,1827,-100,0,-1300,200,-50,850,-27,-27,-449,62,-41,357,121,123,121,124,120,123,46,46,46,48,48,51,0,1,108,1,3,61
40.1805,5,align,21,2184,1887,2761,2941,2135,1963,2188,1892,2938,2907,2141,1858,-50,0,-1250,150,-50,850,-23,-30,-424,90,-34,230,122,124,122,124,121,123,46,46,46,48,48,51,1,14,75,2,1,64
40.2142,5,align,22,2182,1887,2720,2954,2134,1985,2186,1893,2898,2913,2138,1888,-100,50,-1250,-50,-150,900,-23,-37,-464,33,-27,227,122,124,122,124,121,123,46,46,46,48,48,51,0,5,160,17,1,22
40.2473,5,align,23,2180,1887,2680,2966,2133,2006,2184,1895,2858,2925,2140,1914,-50,50,-1200,250,50,800,-23,-44,-456,37,-34,199,122,124,122,124,121,123,46,46,46,48,48,51,0,6,155,16,3,11
40.2805,5,align,24,2178,1887,2639,2978,2132,2027,2182,1895,2817,2935,2139,1940,-50,0,-1150,250,50,750,-23,-44,-445,129,-37,174,122,124,122,124,121,123,46,46,46,48,48,51,0,4,135,10,2,23
40.3143,5,align,25,2176,1887,2599,2991,2132,2049,2179,1895,2779,2947,2139,1965,-100,0,-1150,400,0,750,-23,-44,-350,54,-41,157,122,124,122,124,121,123,46,46,46,48,48,51,0,4,108,4,2,30
40.3473,5,align,26,2174,1887,2558,3004,2131,2070,2177,1895,2738,2959,2140,1988,-50,0,-1200,300,0,750,0,-44,-424,139,-44,171,122,124,122,124,121,123,46,46,46,48,48,51,2,4,215,5,4,27
40.3805,5,align,27,2172,1887,2517,3016,2130,2091,2175,1895,2699,2973,2139,2011,-50,0,-1150,300,0,650,0,-44,-473,47,-44,157,122,124,122,124,121,123,46,46,46,48,48,51,0,4,220,18,4,12
40.4139,5,align,28,2170,1887,2477,3028,2129,2113,2173,1895,2662,2985,2140,2034,-50,0,-1100,350,50,700,0,-44,-385,125,-51,146,122,124,122,124,121,123,46,46,46,48,48,51,0,4,192,16,6,9
40.4473,5,align,29,2168,1887,2436,3041,2128,2134,2171,1895,2621,2999,2140,2055,-100,0,-1200,300,-50,600,-23,-44,-459,54,-51,142,122,123,122,124,120,123,46,46,46,48,48,51,0,4,123,6,10,17
40.4806,5,home,0,2168,1887,2436,3041,2128,2134,2169,1895,2581,3013,2138,2077,-50,0,-1150,350,0,600,0,-44,-456,47,-51,132,122,123,122,124,121,123,46,46,46,48,48,51,2,3,127,3,4,45
40.4826,5,home,1,2168,1887,2436,3041,2129,2134,2169,1895,2579,3014,2138,2079,-50,0,-1150,350,0,600,0,-44,-456,47,-51,132,122,123,122,124,121,123,46,46,46,48,48,51,2,3,127,3,4,23
40.5143,5,home,2,2168,1887,2436,3041,2129,2134,2167,1895,2547,3020,2138,2094,-50,0,-1100,450,0,500,0,-44,-325,97,-48,174,122,124,122,125,121,123,46,46,46,48,48,51,0,4,88,3,4,8
40.5476,5,home,3,2168,1887,2436,3041,2130,2134,2167,1895,2525,3025,2138,2105,-50,0,-750,150,0,300,0,-44,-350,72,-48,40,122,124,122,125,121,124,46,46,46,48,48,51,0,4,66,3,4,6
40.5813,5,home,4,2168,1887,2436,3041,2130,2134,2167,1895,2509,3028,2138,2112,0,0,-550,100,0,300,0,-44,-284,62,-44,97,122,124,122,125,121,124,46,46,46,48,48,51,0,3,68,4,4,3
40.6146,5,home,5,2168,1887,2436,3041,2130,2134,2167,1895,2499,3031,2138,2117,0,0,-350,100,0,150,0,-44,-157,55,-44,79,122,124,122,125,121,124,46,46,46,48,48,51,0,3,76,4,4,3
40.6483,5,home,6,2168,1887,2436,3041,2130,2134,2167,1895,2494,3032,2138,2120,0,0,-150,100,0,100,0,-44,-220,48,-44,65,122,124,122,125,121,124,46,46,46,48,48,51,0,4,76,4,4,5
40.6815,5,home,7,2168,1887,2436,3041,2130,2134,2167,1895,2492,3034,2138,2122,0,0,-50,100,0,50,0,-44,-128,41,-44,58,122,124,122,125,121,124,46,46,46,48,48,51,0,3,92,2,3,5
40.7151,5,home,8,2168,1887,2436,3041,2130,2134,2167,1895,2490,3034,2138,2124,0,0,-50,0,0,50,0,-44,-210,41,-44,-66,122,124,122,125,121,124,46,46,46,48,48,51,0,4,92,3,4,2
40.7483,5,home,9,2168,1887,2436,3041,2130,2134,2167,1895,2490,3034,2138,2125,0,0,0,0,0,50,0,-44,-206,41,-44,-69,122,124,122,125,121,124,46,46,46,48,48,51,0,4,93,2,4,2
40.7816,5,home,10,2168,1887,2436,3041,2130,2134,2167,1895,2490,3034,2138,2126,0,0,0,0,0,50,0,-44,-206,41,-44,44,122,124,122,125,121,124,46,46,46,48,48,51,0,4,92,3,4,3
40.8153,5,home,11,2168,1887,2436,3041,2130,2134,2167,1895,2490,3034,2138,2126,0,0,0,0,0,0,0,-44,-206,41,-44,44,122,124,122,125,121,124,46,46,46,48,48,51,0,3,93,3,4,2
40.8484,5,home,12,2168,1887,2436,3041,2130,2134,2167,1895,2490,3034,2138,2126,0,0,0,0,0,0,0,-44,-206,41,-44,44,122,124,122,125,121,124,46,46,46,48,48,51,0,3,92,3,4,3
40.8818,5,home,13,2168,1887,2436,3041,2130,2134,2167,1895,2490,3034,2138,2126,0,0,0,0,0,0,0,-44,-206,41,-44,44,122,124,122,125,121,124,46,46,46,48,48,51,0,3,92,3,4,3
40.9155,5,home,14,2168,1887,2436,3041,2130,2134,2167,1895,2490,3034,2138,2126,0,0,0,0,0,0,0,-44,-206,41,-44,44,122,124,122,125,121,124,46,46,46,48,48,51,0,3,93,2,4,3
40.9493,5,home,15,2168,1887,2436,3041,2130,2134,2167,1895,2490,3034,2138,2126,0,0,0,0,0,0,0,-44,-206,41,-44,44,122,124,122,125,121,124,46,46,46,48,48,51,0,4,92,2,3,3
40.9825,5,home,16,2168,1887,2436,3041,2130,2134,2167,1895,2490,3034,2138,2126,0,0,0,0,0,0,0,-44,-206,41,-44,44,122,124,122,125,121,124,46,46,46,48,48,51,0,3,93,3,4,3
41.0161,5,home,17,2168,1887,2436,3041,2130,2134,2167,1895,2490,3034,2138,2126,0,0,0,0,0,0,0,-44,-206,41,-44,44,122,124,122,125,122,124,46,46,46,48,48,51,0,4,93,2,4,3
41.0495,5,home,18,2168,1887,2436,3041,2130,2134,2167,1895,2490,3034,2138,2126,0,0,0,0,0,0,0,-44,-206,41,-44,44,122,124,122,125,121,124,46,46,46,48,48,51,0,4,93,2,4,3
41.0833,5,home,19,2168,1887,2436,3041,2130,2134,2167,1895,2490,3034,2138,2126,0,0,0,0,0,0,0,-44,-206,41,-44,44,122,124,122,125,121,124,46,46,46,48,48,51,0,3,93,2,4,3
41.1164,5,home,20,2168,1887,2436,3041,2130,2134,2167,1895,2490,3034,2138,2126,0,0,0,0,0,0,0,-44,-206,41,-44,44,122,124,122,125,121,124,46,46,46,48,48,51,0,4,93,2,4,3
41.1503,5,home,21,2168,1887,2436,3041,2130,2134,2167,1895,2490,3034,2138,2126,0,0,0,0,0,0,0,-44,-206,41,-44,44,122,124,122,125,121,124,46,46,46,48,48,51,0,3,93,3,4,3
41.1834,5,home,22,2168,1887,2436,3041,2130,2134,2167,1895,2490,3034,2138,2126,0,0,0,0,0,0,0,-44,-206,41,-44,44,122,124,122,125,121,124,46,46,46,48,48,51,0,3,93,3,4,4
41.2173,5,home,23,2168,1887,2436,3041,2130,2134,2167,1895,2490,3034,2138,2126,0,0,0,0,0,0,0,-44,-206,41,-44,44,122,124,122,125,121,124,46,46,46,48,48,51,0,4,92,3,4,3
41.2504,5,home,24,2168,1887,2436,3041,2130,2134,2167,1895,2490,3034,2138,2126,0,0,0,0,0,0,0,-44,-206,41,-44,44,122,124,122,125,121,124,46,46,46,48,48,51,0,3,92,2,4,4
41.2843,5,home,25,2168,1887,2436,3041,2130,2134,2167,1895,2490,3034,2138,2126,0,0,0,0,0,0,0,-44,-206,41,-44,44,122,124,122,125,121,124,46,46,46,48,48,51,0,4,93,2,4,4
41.3175,5,home,26,2168,1887,2436,3041,2130,2134,2167,1895,2490,3034,2138,2126,0,0,0,0,0,0,0,-44,-206,41,-44,44,122,124,122,125,121,124,46,46,46,48,48,51,0,3,92,3,4,3
41.3511,5,home,27,2168,1887,2436,3041,2130,2134,2167,1895,2490,3034,2138,2126,0,0,0,0,0,0,0,-44,-206,41,-44,44,122,124,122,125,121,124,46,46,46,48,48,51,0,4,92,2,4,3
41.3843,5,home,28,2168,1887,2436,3041,2130,2134,2167,1895,2490,3034,2138,2126,0,0,0,0,0,0,0,-44,-206,41,-44,44,122,124,122,125,121,124,46,46,46,48,48,51,0,4,92,2,4,3
41.4183,5,home,29,2168,1887,2436,3041,2130,2134,2167,1895,2490,3034,2138,2126,0,0,0,0,0,0,0,-44,-206,41,-44,44,122,124,122,125,121,124,46,46,46,48,48,51,0,4,92,3,4,2
41.4515,5,home,30,2168,1887,2436,3041,2130,2134,2167,1895,2490,3034,2138,2126,0,0,0,0,0,0,0,-44,-206,41,-44,44,122,124,122,125,121,124,46,46,46,48,48,51,0,3,92,2,4,3
41.4853,5,home,31,2168,1887,2436,3041,2130,2134,2167,1895,2490,3034,2138,2126,0,0,0,0,0,0,0,-44,-206,41,-44,44,122,124,122,125,121,124,46,46,46,48,48,51,0,4,94,2,4,4
41.5185,5,home,32,2168,1887,2436,3041,2130,2134,2167,1895,2490,3034,2138,2126,0,0,0,0,0,0,0,-44,-206,41,-44,44,122,124,122,125,121,124,46,46,46,48,48,51,0,3,93,2,4,3
41.5523,5,home,33,2168,1887,2436,3041,2130,2134,2167,1895,2490,3034,2138,2126,0,0,0,0,0,0,0,-44,-206,41,-44,44,122,124,122,125,121,124,46,46,46,48,48,51,0,4,93,2,4,3
41.5854,5,home,34,2168,1887,2436,3041,2130,2134,2167,1895,2490,3034,2138,2126,0,0,0,0,0,0,0,-44,-206,41,-44,44,122,124,122,125,121,124,46,46,46,48,48,51,0,4,92,3,4,3
41.6189,5,home,35,2168,1887,2436,3041,2130,2134,2167,1895,2490,3034,2138,2126,0,0,0,0,0,0,0,-44,-206,41,-44,44,122,124,122,125,121,124,46,46,46,48,48,51,0,4,92,2,4,3
41.6523,5,home,36,2168,1887,2436,3041,2130,2134,2167,1895,2490,3034,2138,2126,0,0,0,0,0,0,0,-44,-206,41,-44,44,122,124,122,125,121,124,46,46,46,48,48,51,0,4,93,2,4,3
41.6859,5,home,37,2168,1887,2436,3041,2130,2134,2167,1895,2490,3034,2138,2126,0,0,0,0,0,0,0,-44,-206,41,-44,44,122,124,122,125,121,124,46,46,46,48,48,51,0,3,93,2,4,2
41.7193,5,home,38,2168,1887,2436,3041,2130,2134,2167,1895,2490,3034,2138,2126,0,0,0,0,0,0,0,-44,-206,41,-44,44,122,124,122,125,121,124,46,46,46,48,48,51,0,3,92,3,4,3
41.7529,5,home,39,2168,1886,2436,3041,2130,2134,2167,1895,2490,3034,2138,2126,0,0,0,0,0,0,0,-44,-206,41,-44,44,122,124,122,125,121,124,46,46,46,48,48,51,0,4,93,3,4,3
41.7863,5,home,40,2168,1883,2436,3041,2130,2134,2167,1895,2490,3034,2138,2126,0,0,0,0,0,0,0,-48,-206,41,-44,44,122,124,122,125,121,124,46,46,46,48,48,51,0,4,93,3,4,3
41.8199,5,home,41,2168,1878,2436,3041,2130,2134,2167,1895,2490,3034,2138,2126,0,0,0,0,0,0,0,-58,-206,41,-44,44,122,124,122,125,121,124,46,46,46,48,48,51,0,7,92,2,4,3
41.8535,5,home,42,2168,1873,2436,3041,2130,2134,2167,1895,2490,3034,2138,2126,0,0,0,0,0,0,0,-76,-206,41,-44,44,122,124,122,125,121,124,46,46,46,48,48,51,0,17,93,2,4,3
41.887,5,home,43,2168,1868,2436,3041,2130,2134,2167,1895,2490,3034,2138,2126,0,0,0,0,0,0,0,-93,-206,41,-44,44,122,124,122,125,121,124,46,46,46,48,48,51,0,24,92,2,4,3
41.9203,5,home,44,2168,1864,2436,3041,2131,2134,2167,1895,2490,3034,2138,2126,0,0,0,0,0,0,0,-111,-206,41,-44,44,122,124,122,125,121,124,46,46,46,48,48,51,0,29,93,2,3,3
41.9536,5,home,45,2168,1861,2436,3041,2131,2134,2167,1895,2490,3034,2138,2126,0,0,0,0,0,0,0,-125,-206,41,-41,44,122,124,122,125,121,124,46,46,46,48,48,51,0,34,92,2,3,3
41.9873,5,home,46,2168,1861,2436,3041,2131,2134,2167,1895,2490,3034,2138,2126,0,0,0,0,0,0,0,-136,-206,41,-41,44,122,124,122,125,121,124,46,46,46,48,48,51,0,44,92,2,3,3
42.0205,5,home,47,2168,1861,2436,3041,2131,2134,2167,1895,2490,3034,2138,2126,0,0,0,0,0,0,0,-136,-206,41,-41,44,122,124,122,125,121,124,46,46,46,48,48,51,0,43,93,2,3,3
42.0543,5,home,48,2168,1861,2436,3041,2131,2134,2167,1895,2490,3034,2138,2126,0,0,0,0,0,0,0,-136,-206,41,-41,44,122,124,122,125,121,124,46,46,46,48,48,51,0,42,93,2,3,3
42.0876,5,home,49,2168,1861,2436,3041,2131,2134,2167,1895,2490,3034,2138,2126,0,0,0,0,0,0,0,-136,-206,41,-41,44,122,124,122,125,121,124,46,46,46,48,48,51,0,43,93,2,3,3
42.1213,5,home,50,2168,1861,2436,3041,2131,2134,2167,1895,2490,3034,2138,2126,0,0,0,0,0,0,0,-136,-206,41,-41,44,122,124,122,125,121,124,46,46,46,48,48,51,0,43,92,3,3,3
42.1546,5,home,51,2167,1861,2436,3041,2131,2134,2167,1895,2490,3034,2138,2126,0,0,0,0,0,0,0,-136,-206,41,-41,44,122,124,122,125,121,124,46,46,46,48,48,51,0,42,93,2,3,3
42.1884,5,home,52,2167,1858,2437,3041,2131,2134,2167,1895,2490,3034,2138,2126,0,0,0,0,0,0,0,-136,-206,41,-41,44,122,124,122,125,121,124,46,46,46,48,48,51,0,42,92,3,3,3
42.2215,5,home,53,2167,1853,2439,3041,2131,2134,2167,1895,2490,3034,2138,2126,0,0,0,0,0,0,0,-146,-203,41,-41,44,122,124,122,125,121,124,46,46,46,48,48,51,0,48,90,2,3,3
42.2553,5,home,54,2165,1845,2445,3041,2131,2134,2167,1895,2490,3034,2138,2126,0,0,0,0,0,0,0,-164,-196,41,-41,44,122,124,122,125,121,124,46,46,46,48,48,51,0,57,86,2,3,3
42.2885,5,home,55,2163,1834,2453,3041,2131,2134,2167,1895,2490,3034,2138,2126,0,0,0,0,0,0,-23,-192,-174,41,-41,44,122,124,122,125,121,124,46,46,46,48,48,51,0,75,71,3,2,3
42.3223,5,home,56,2160,1821,2462,3041,2131,2134,2166,1893,2490,3034,2138,2126,0,-50,0,0,0,0,-30,-227,-146,41,-41,44,122,124,122,125,121,124,46,46,46,48,48,51,2,111,47,2,4,3
42.3554,5,home,57,2158,1806,2476,3041,2131,2134,2164,1889,2490,3034,2138,2126,-50,-100,0,0,0,0,-34,-259,-115,41,-41,44,122,124,122,125,121,124,46,46,46,48,48,51,1,163,28,2,2,3
42.3893,5,home,58,2156,1788,2492,3041,2131,2134,2162,1881,2491,3034,2138,2126,-100,-250,50,0,0,0,-30,-284,-69,41,-41,44,122,124,122,125,121,124,46,46,46,48,48,51,1,119,16,2,3,3
42.4223,5,home,59,2155,1770,2509,3041,2131,2134,2159,1869,2495,3034,2137,2126,-100,-350,150,0,0,0,90,-305,-27,41,-37,44,122,124,122,125,121,124,46,46,46,48,48,51,1,145,4,3,4,2
42.4563,5,home,60,2155,1750,2527,3041,2131,2134,2157,1853,2502,3034,2137,2126,-50,-400,200,0,-50,0,-23,-329,48,41,-37,44,122,124,122,125,121,124,46,46,46,48,48,51,0,122,1,2,2,3
42.4893,5,home,61,2155,1729,2542,3041,2131,2134,2156,1836,2513,3034,2137,2126,-50,-550,300,0,0,0,0,-333,-45,41,-37,44,122,124,122,125,121,124,46,46,46,48,48,51,0,111,3,2,1,4
42.5224,5,home,62,2155,1709,2554,3041,2131,2134,2156,1817,2527,3035,2137,2126,0,-500,400,50,0,0,0,-248,76,37,-37,44,122,124,122,125,121,124,46,46,46,48,48,51,0,94,7,2,3,3
42.5563,5,home,63,2155,1686,2567,3041,2130,2134,2156,1797,2540,3035,2137,2126,0,-550,400,0,0,0,0,-333,-48,37,-37,44,122,124,122,125,121,124,46,46,46,48,48,51,0,111,3,2,2,3
42.5894,5,home,64,2155,1662,2578,3041,2131,2134,2156,1777,2553,3035,2137,2126,0,-650,400,0,0,0,0,-361,-37,37,-41,44,122,124,122,125,121,124,46,46,46,48,48,51,0,176,1,1,3,3
42.6233,5,home,65,2155,1639,2589,3041,2133,2134,2156,1755,2565,3035,2137,2126,0,-700,400,0,0,0,0,-280,72,37,-37,44,122,124,122,125,121,124,46,46,46,48,48,51,0,95,0,1,2,3
42.6563,5,home,66,2155,1616,2604,3041,2136,2134,2156,1733,2578,3035,2137,2126,0,-600,350,0,0,0,0,-276,62,37,-30,44,122,124,122,125,121,124,46,46,46,48,48,51,0,91,4,2,1,3
42.6895,5,home,67,2155,1595,2618,3041,2137,2134,2156,1710,2590,3035,2137,2126,0,-700,350,0,0,0,0,-269,-48,37,0,44,122,124,122,125,121,124,46,46,46,48,48,51,0,105,7,1,0,3
42.7233,5,home,68,2155,1574,2633,3041,2139,2134,2156,1686,2603,3035,2137,2126,0,-700,450,0,0,0,0,-252,69,37,0,44,122,124,122,125,121,124,46,46,46,48,48,51,0,113,6,1,0,3
42.7565,5,home,69,2155,1556,2648,3041,2141,2134,2156,1662,2617,3035,2137,2126,0,-700,350,0,0,0,0,-266,90,37,23,44,122,124,122,125,121,124,46,46,46,48,48,51,0,84,1,1,0,2
42.7902,5,home,70,2155,1538,2662,3041,2141,2134,2156,1639,2630,3035,2137,2126,0,-650,450,0,0,0,0,-241,90,37,30,44,122,124,122,125,121,124,46,46,46,48,48,51,0,60,0,1,3,3
42.8233,5,home,71,2155,1519,2675,3041,2141,2134,2156,1617,2645,3035,2137,2126,0,-700,400,0,0,0,0,-220,-34,37,30,44,122,124,122,125,121,124,46,46,46,48,48,51,0,59,5,1,1,3
42.8565,5,home,72,2155,1501,2687,3041,2141,2134,2156,1596,2659,3035,2137,2126,0,-600,400,0,0,0,0,-294,-41,37,30,44,122,124,122,125,121,124,46,46,46,48,48,51,0,70,8,1,0,3
42.8903,5,home,73,2155,1479,2703,3041,2141,2134,2156,1575,2672,3035,2137,2126,0,-650,400,0,0,0,0,-280,83,37,30,44,122,124,122,125,122,124,46,46,46,48,48,51,0,92,2,2,1,4
42.9233,5,home,74,2155,1455,2721,3041,2141,2134,2156,1555,2686,3035,2137,2126,0,-650,400,0,0,0,0,-305,-30,37,30,44,122,124,122,125,121,124,46,46,46,48,48,51,0,77,0,1,1,3
42.9573,5,home,75,2155,1431,2741,3037,2141,2134,2156,1533,2702,3035,2137,2126,0,-600,450,0,0,0,0,-308,-23,37,30,44,122,124,122,125,121,124,46,46,46,48,48,51,0,41,3,1,0,3
42.9903,5,home,76,2155,1405,2766,3027,2141,2134,2156,1509,2719,3035,2137,2126,0,-700,450,0,0,0,0,-305,-16,23,30,44,122,124,122,125,121,124,46,46,46,48,48,51,0,61,9,0,0,3
43.0236,5,home,77,2155,1380,2793,3018,2141,2134,2156,1486,2739,3035,2137,2126,0,-750,600,0,0,0,0,-220,115,-44,30,44,122,124,122,125,121,124,46,46,46,48,48,51,0,120,29,2,0,3
43.0573,5,home,78,2155,1356,2821,3006,2141,2134,2156,1460,2764,3032,2137,2126,0,-700,650,-50,0,0,0,-245,65,-69,30,44,122,124,122,125,121,124,46,46,46,48,48,51,0,72,16,11,0,3
43.0905,5,home,79,2155,1337,2849,2995,2141,2134,2156,1434,2790,3026,2137,2126,0,-750,750,-150,0,0,0,-230,65,30,30,44,122,124,122,125,121,124,46,46,46,48,48,51,0,47,2,12,0,4
43.1243,5,home,80,2155,1319,2879,2982,2141,2134,2156,1410,2815,3018,2137,2126,0,-750,750,-150,0,0,0,-202,150,-111,30,44,122,124,122,125,121,124,46,46,46,48,48,51,0,30,0,9,0,3
43.1574,5,home,81,2155,1302,2909,2971,2141,2134,2156,1387,2843,3009,2137,2126,0,-700,750,-250,0,0,0,-178,65,-122,30,44,122,124,122,125,121,124,46,46,46,48,48,51,0,35,7,8,0,3
43.1913,5,home,82,2155,1288,2937,2957,2141,2134,2156,1365,2872,2998,2137,2126,0,-650,800,-300,0,0,0,-241,61,-122,30,44,122,124,123,125,122,124,46,46,46,48,48,51,0,40,24,9,0,3
43.2244,5,home,83,2155,1273,2966,2941,2141,2134,2156,1345,2902,2987,2137,2126,0,-600,850,-250,0,0,0,-153,90,-40,30,44,122,124,123,125,122,124,46,46,46,48,48,51,0,20,6,24,1,3
43.2577,5,home,84,2155,1256,2993,2925,2141,2134,2156,1328,2929,2974,2137,2126,0,-500,850,-350,0,0,0,-135,83,-47,30,44,122,124,123,125,122,124,46,46,46,48,48,51,0,15,1,27,0,2
43.2913,5,home,85,2155,1239,3020,2907,2141,2134,2156,1310,2959,2960,2137,2126,0,-500,800,-450,0,0,0,-128,65,-160,30,44,122,124,122,125,122,124,46,46,46,48,48,51,0,25,3,10,0,2
43.3244,5,home,86,2155,1224,3045,2887,2141,2134,2156,1292,2988,2945,2137,2126,0,-550,850,-350,0,0,0,-121,51,-79,30,44,122,124,123,125,122,124,46,46,46,48,48,51,0,37,9,6,1,3
43.3583,5,home,87,2155,1207,3072,2868,2141,2134,2156,1275,3015,2929,2137,2126,0,-450,850,-450,0,0,0,-111,72,-90,30,44,122,124,123,125,122,124,46,46,46,48,48,51,0,31,9,10,0,3
43.3913,5,home,88,2155,1192,3101,2850,2141,2134,2156,1258,3041,2911,2137,2126,0,-500,750,-500,0,0,0,-213,65,-90,30,44,122,124,123,125,122,124,46,46,46,48,48,51,0,22,1,24,0,3
43.4245,5,home,89,2155,1179,3128,2831,2141,2134,2156,1241,3070,2893,2137,2126,0,-500,800,-450,0,0,0,-114,61,-83,30,44,122,124,122,125,122,124,46,46,46,48,48,51,0,16,0,32,0,3
43.4583,5,home,90,2155,1167,3158,2813,2141,2134,2156,1225,3097,2876,2137,2126,0,-450,800,-450,0,0,0,-100,139,-196,30,44,122,124,122,125,121,124,46,46,46,48,48,51,0,25,2,11,1,4
43.4914,5,home,91,2155,1155,3187,2796,2141,2134,2156,1210,3124,2857,2137,2126,0,-450,800,-550,0,0,0,-171,54,-100,30,44,122,124,123,125,122,124,46,46,46,48,48,51,0,23,27,7,0,3
43.5253,5,home,92,2155,1143,3217,2779,2141,2134,2156,1195,3153,2839,2137,2126,0,-450,850,-500,0,0,0,-90,86,-90,30,44,122,124,123,125,122,124,46,46,46,48,48,51,0,10,17,18,1,4
43.5584,5,home,93,2155,1131,3244,2761,2141,2134,2156,1182,3182,2820,2137,2126,0,-400,900,-450,0,0,0,-79,83,-83,30,44,122,124,123,125,122,124,46,46,46,48,48,51,0,10,2,21,0,3
43.5916,5,home,94,2155,1118,3272,2743,2143,2134,2156,1169,3210,2804,2137,2126,0,-400,800,-500,0,0,0,-157,65,-192,30,44,122,124,123,125,121,124,46,46,46,48,48,51,0,15,0,28,0,3
43.6253,5,home,95,2155,1105,3298,2728,2148,2134,2156,1156,3238,2785,2137,2126,0,-400,850,-500,0,0,0,-153,58,-100,37,44,122,124,123,125,122,124,46,46,46,48,48,51,0,17,5,5,3,4
43.6585,5,home,96,2155,1093,3324,2711,2152,2134,2156,1143,3267,2768,2138,2126,0,-350,800,-450,0,0,0,-150,44,-86,51,44,122,124,123,125,122,124,46,46,46,48,48,51,0,18,17,5,3,3
43.692,5,home,97,2155,1079,3351,2697,2155,2134,2156,1129,3293,2751,2142,2126,0,-400,800,-550,150,0,0,-160,65,-76,55,44,122,124,123,125,122,124,46,46,46,48,48,51,0,8,6,14,2,3
43.7254,5,home,98,2156,1066,3377,2686,2157,2132,2156,1117,3320,2735,2145,2126,0,-400,800,-450,50,0,0,-72,58,-153,51,44,122,124,123,125,122,124,46,46,46,48,48,51,0,16,1,18,4,4
43.7589,5,home,99,2157,1052,3399,2680,2159,2123,2156,1103,3348,2722,2149,2126,0,-400,800,-350,150,0,0,-153,47,-160,48,37,122,124,123,125,122,124,46,46,46,48,48,51,0,17,0,8,1,2
43.7923,5,home,100,2159,1036,3422,2675,2159,2104,2156,1089,3374,2710,2151,2125,0,-400,750,-450,150,-50,0,-150,115,-47,44,-23,122,124,123,125,122,124,46,46,46,48,48,51,0,11,9,9,1,2
43.8254,5,home,101,2160,1017,3444,2673,2159,2081,2157,1075,3397,2700,2153,2120,0,-450,700,-300,100,-200,23,-171,47,-111,37,-76,122,124,123,125,122,124,46,46,46,48,48,51,0,22,6,6,2,2
43.8592,5,home,102,2161,992,3465,2672,2161,2054,2157,1059,3421,2693,2155,2113,0,-550,750,-200,50,-150,27,-93,122,-90,30,-136,122,124,123,125,122,124,46,46,46,48,48,51,0,11,1,1,0,8
43.8925,5,home,103,2161,966,3483,2671,2161,2026,2157,1040,3443,2688,2155,2097,0,-450,650,-150,0,-450,30,-203,23,-76,37,-90,122,124,122,125,122,124,46,46,46,48,48,51,0,15,1,2,4,14
43.9259,5,home,104,2161,938,3501,2671,2161,2001,2157,1021,3462,2685,2157,2077,0,-650,600,-100,50,-550,30,-217,-23,-72,30,-203,122,124,122,125,121,124,46,46,46,48,48,51,0,25,4,5,1,25
43.9593,5,home,105,2161,918,3515,2671,2161,1982,2157,996,3481,2683,2157,2056,0,-600,550,-50,50,-650,30,-224,90,-62,30,-149,122,124,122,125,121,124,46,46,46,48,48,51,0,67,7,5,1,37
43.9925,5,home,106,2161,905,3523,2671,2161,1967,2157,972,3498,2682,2157,2034,0,-700,500,-50,0,-650,30,-146,97,-55,30,-220,122,124,123,125,122,124,46,46,46,48,48,51,0,20,1,4,1,5
44.0262,5,home,107,2161,897,3532,2671,2161,1957,2157,950,3511,2681,2157,2015,0,-650,500,-50,0,-600,30,-196,69,-51,30,-111,122,124,123,125,122,124,46,46,46,48,48,51,0,7,0,4,1,4
44.0594,5,home,108,2161,893,3540,2671,2161,1949,2157,933,3522,2681,2157,1998,0,-550,350,0,0,-500,30,-153,58,-51,30,-167,122,124,123,125,122,124,46,46,46,48,48,51,0,9,2,4,0,11
44.0933,5,home,109,2161,889,3548,2671,2161,1942,2157,920,3532,2681,2157,1984,0,-450,300,0,0,-450,30,-115,48,-51,30,-143,122,124,123,125,122,124,46,46,46,48,48,51,0,1,2,4,0,5
44.1263,5,home,110,2163,887,3557,2671,2161,1929,2157,909,3541,2681,2157,1972,0,-350,250,0,0,-350,30,-90,41,-51,30,-136,122,124,123,125,122,124,46,46,46,48,48,51,0,0,0,5,1,1
44.1595,5,home,111,2165,886,3566,2671,2161,1907,2157,903,3550,2681,2157,1960,0,-150,250,0,0,-350,37,-79,-69,-51,30,-136,122,124,123,125,122,124,46,46,46,48,48,51,2,1,0,5,0,2
44.1933,5,home,112,2167,884,3574,2671,2161,1879,2157,898,3560,2681,2157,1946,0,-150,300,0,0,-450,44,-62,44,-51,30,-76,122,124,122,125,122,124,46,46,46,48,48,51,2,4,0,5,0,21
44.2265,5,home,113,2169,884,3581,2671,2161,1838,2159,895,3570,2681,2157,1928,50,-100,300,0,0,-400,44,-55,37,-51,30,-111,122,124,122,125,122,124,46,46,46,48,48,51,2,2,2,4,1,28
44.2602,5,home,114,2169,884,3583,2671,2161,1792,2161,891,3580,2681,2157,1905,50,-100,250,0,0,-550,44,-44,23,-51,30,-255,122,124,122,125,121,124,46,46,46,48,48,51,3,1,0,4,1,65
44.2937,5,home,115,2169,884,3584,2671,2161,1743,2163,889,3589,2681,2157,1875,50,-100,300,0,0,-800,37,-37,-27,-51,30,-262,122,124,122,125,121,124,46,46,46,48,48,51,1,1,16,5,0,62
44.3272,5,home,116,2169,883,3586,2671,2161,1694,2164,889,3592,2681,2157,1842,50,0,150,0,0,-1000,34,-34,-44,-51,30,-220,122,124,122,125,121,124,46,46,46,48,48,51,0,0,5,4,0,58
44.3604,5,home,117,2172,879,3594,2671,2161,1647,2165,887,3592,2681,2157,1804,50,0,0,0,0,-1050,30,-34,-37,-51,30,-340,122,124,122,125,121,124,46,46,46,48,48,51,0,1,3,5,1,49
44.3952,5,home,118,2175,879,3602,2671,2161,1613,2165,883,3596,2680,2157,1762,0,-50,0,-50,0,-1150,41,-34,0,69,30,-350,122,124,122,125,121,124,46,46,46,48,48,51,4,2,2,3,0,39
44.4283,5,home,119,2179,879,3612,2671,2161,1588,2168,878,3605,2680,2157,1721,100,-150,250,0,0,-1200,44,0,-23,-48,30,-318,122,124,123,125,121,124,46,46,46,48,48,51,4,0,2,4,0,51
44.462,5,home,120,2183,880,3623,2671,2161,1571,2171,878,3612,2680,2157,1682,100,0,250,0,0,-1150,48,0,-94,-48,30,-308,122,124,123,125,122,124,46,46,46,48,48,51,6,0,1,4,0,32
44.4953,5,home,121,2185,880,3637,2668,2160,1559,2173,878,3622,2680,2157,1650,50,0,250,0,0,-1050,51,23,30,-48,30,-230,122,124,123,125,122,124,46,46,46,48,48,51,5,1,0,5,0,7
44.5285,5,home,122,2188,878,3644,2666,2160,1550,2176,878,3632,2674,2156,1622,100,0,300,-50,-50,-900,48,23,41,80,30,-167,122,124,123,125,122,124,46,46,46,48,48,51,3,0,2,2,1,11
44.5622,5,home,123,2192,876,3651,2666,2159,1544,2179,877,3640,2672,2154,1601,50,0,300,-100,-50,-650,51,0,34,-37,37,-114,122,124,123,125,122,124,46,46,46,48,48,51,3,0,1,0,1,4
44.5955,5,home,124,2196,875,3652,2666,2160,1539,2182,876,3646,2670,2154,1584,100,-50,200,-50,0,-500,55,0,34,-30,34,-160,122,124,123,125,122,124,46,46,46,48,48,51,4,0,0,0,2,4
44.6293,5,home,125,2200,875,3652,2666,2160,1536,2186,876,3651,2667,2154,1572,100,0,150,-100,0,-400,55,0,23,0,37,-143,122,124,123,125,122,124,46,46,46,48,48,51,4,0,0,0,2,6
44.663,5,home,126,2205,875,3652,2666,2160,1533,2189,876,3654,2667,2155,1562,100,0,100,0,50,-300,55,0,-23,0,34,-30,122,124,123,125,122,124,46,46,46,48,48,51,1,0,0,0,1,14
44.6964,5,home,127,2210,875,3652,2666,2160,1529,2193,876,3655,2667,2155,1556,100,0,50,0,0,-250,58,0,-27,0,34,20,122,124,123,125,122,124,46,46,46,48,48,51,1,0,0,0,1,6
44.7297,5,home,128,2215,875,3652,2666,2160,1522,2197,876,3655,2667,2155,1550,100,0,0,0,0,-200,65,0,-27,0,34,-90,122,124,123,125,122,124,46,46,46,48,48,51,3,0,0,0,0,9
44.7634,5,home,129,2222,875,3652,2666,2160,1510,2201,876,3655,2667,2155,1544,150,0,0,0,0,-150,69,0,-27,0,34,-101,122,125,123,125,122,124,46,46,46,48,48,51,4,0,0,0,1,5
44.7965,5,home,130,2226,875,3652,2666,2160,1497,2206,876,3655,2667,2155,1536,150,0,0,0,0,-200,76,0,-27,0,34,-115,122,124,123,125,122,124,46,46,46,48,48,51,8,0,0,0,1,9
44.8304,5,home,131,2229,875,3652,2666,2160,1489,2211,876,3655,2667,2156,1526,150,0,0,0,50,-250,-48,0,-27,0,30,-125,122,124,123,125,122,124,46,46,46,48,48,51,4,0,0,0,0,14
44.8637,5,home,132,2231,875,3652,2666,2160,1484,2215,876,3655,2667,2156,1517,100,0,0,0,0,-300,65,0,-27,0,30,-118,122,124,123,125,122,124,46,46,46,48,48,51,4,0,0,0,1,17
44.8973,5,home,133,2233,875,3652,2666,2160,1481,2219,876,3655,2667,2156,1510,100,0,0,0,0,-250,62,0,-27,0,30,-108,122,124,123,125,122,124,46,46,46,48,48,51,3,0,0,0,1,13
44.9304,5,home,134,2233,875,3652,2666,2160,1480,2222,876,3655,2667,2156,1503,150,0,0,0,0,-200,55,0,-27,0,30,-101,122,124,123,125,122,124,46,46,46,48,48,51,4,0,0,0,0,9
44.9642,5,home,135,2233,875,3652,2666,2160,1480,2225,876,3655,2667,2156,1499,50,0,0,0,0,-100,44,0,-27,0,30,-86,122,125,123,125,122,124,46,46,46,48,48,51,2,0,0,0,0,10
44.9977,5,home,136,2233,875,3652,2666,2160,1480,2227,876,3655,2667,2156,1497,50,0,0,0,0,-100,41,0,-27,0,30,41,122,125,123,125,122,124,46,46,46,48,48,51,0,0,0,0,1,8
45.0312,5,home,137,2233,875,3652,2666,2160,1480,2227,876,3655,2667,2156,1496,0,0,0,0,0,-50,37,0,-27,0,30,-72,122,125,123,125,122,124,46,46,46,48,48,51,1,0,0,0,0,9
45.0645,5,home,138,2233,875,3652,2666,2160,1480,2228,876,3655,2667,2156,1495,50,0,0,0,0,-50,34,0,-27,0,30,-69,122,124,123,125,122,124,46,46,46,48,48,51,1,0,0,0,1,9
45.0982,5,home,139,2233,875,3652,2666,2160,1480,2229,876,3655,2667,2156,1495,50,0,0,0,0,0,30,0,-27,0,30,-69,122,124,123,125,122,124,46,46,46,48,48,51,0,0,0,0,0,9
45.1313,5,home,140,2233,875,3652,2666,2160,1480,2229,876,3655,2667,2156,1495,0,0,0,0,0,0,30,0,-27,0,30,-69,122,124,123,125,122,124,46,46,46,48,48,51,0,0,0,0,1,9
45.1653,5,home,141,2233,875,3652,2666,2160,1480,2229,876,3655,2667,2156,1495,0,0,0,0,0,0,30,0,-27,0,30,-69,122,124,123,125,122,124,46,46,46,48,48,51,1,0,0,0,0,10
45.1985,5,home,142,2233,875,3652,2666,2160,1480,2229,876,3655,2667,2156,1494,0,0,0,0,0,0,30,0,-27,0,30,-65,122,124,123,125,122,124,46,46,46,48,48,51,0,0,0,0,1,9
45.2319,5,home,143,2233,875,3652,2666,2160,1480,2229,876,3655,2667,2156,1494,0,0,0,0,0,0,30,0,-27,0,30,-65,122,124,123,125,122,124,46,46,46,48,48,51,1,0,0,0,1,9
45.2654,5,home,144,2233,875,3652,2666,2160,1480,2229,876,3655,2667,2156,1494,0,0,0,0,0,0,30,0,-27,0,30,-65,122,124,123,125,122,124,46,46,46,48,48,51,0,0,0,0,1,9
45.2988,5,home,145,2233,875,3652,2666,2160,1480,2229,876,3655,2667,2156,1494,0,0,0,0,0,0,30,0,-27,0,30,-65,122,124,123,125,122,124,46,46,46,48,48,51,1,0,0,0,0,9
45.3322,5,home,146,2233,875,3652,2666,2160,1480,2229,876,3655,2667,2156,1494,0,0,0,0,0,0,30,0,-27,0,30,-65,122,124,123,125,122,124,46,46,46,48,48,51,1,0,0,0,1,9
45.3657,5,home,147,2233,875,3652,2666,2160,1480,2229,876,3655,2667,2156,1494,0,0,0,0,0,0,30,0,-27,0,30,-65,122,124,123,125,122,124,46,46,46,48,48,51,1,0,0,0,0,9
45.3993,5,home,148,2233,875,3652,2666,2160,1480,2229,876,3655,2667,2156,1494,0,0,0,0,0,0,30,0,-27,0,30,-65,122,124,123,125,122,124,46,46,46,48,48,51,1,0,0,0,0,9
45.4325,5,home,149,2233,875,3652,2666,2160,1480,2229,876,3655,2667,2156,1494,0,0,0,0,0,0,30,0,-27,0,30,-65,122,124,123,125,122,124,46,46,46,48,48,51,0,0,0,0,1,9
45.4662,5,home,150,2233,875,3652,2666,2160,1480,2229,876,3655,2667,2156,1494,0,0,0,0,0,0,30,0,-27,0,30,-65,122,124,123,125,122,124,46,46,46,48,48,51,0,0,0,0,1,9
45.4993,5,home,151,2233,875,3652,2666,2160,1480,2229,876,3655,2667,2156,1494,0,0,0,0,0,0,30,0,-27,0,30,-65,122,124,123,125,122,124,46,46,46,48,48,51,1,0,1,0,1,9
45.5327,5,home,152,2233,875,3652,2666,2160,1480,2229,876,3655,2667,2156,1494,0,0,0,0,0,0,30,0,-27,0,30,-65,122,124,123,125,122,124,46,46,46,48,48,51,0,0,0,0,0,9
45.5664,5,home,153,2233,875,3652,2666,2160,1480,2229,876,3655,2667,2156,1494,0,0,0,0,0,0,30,0,-27,0,30,-65,122,124,123,125,122,124,46,46,46,48,48,51,0,0,1,0,1,9
45.5999,5,home,154,2233,875,3652,2666,2160,1480,2229,876,3655,2667,2156,1494,0,0,0,0,0,0,30,0,-27,0,30,-65,122,124,123,125,122,124,46,46,46,48,48,51,0,0,0,0,0,9
45.6332,5,home,155,2233,875,3652,2666,2160,1480,2229,876,3655,2667,2156,1494,0,0,0,0,0,0,30,0,-27,0,30,-65,122,124,123,125,122,124,46,46,46,48,48,51,1,0,0,0,0,8
45.6666,5,home,156,2233,875,3652,2666,2160,1480,2229,876,3655,2667,2156,1494,0,0,0,0,0,0,30,0,-27,0,30,-65,122,124,123,125,122,124,46,46,46,48,48,51,1,0,0,0,1,9
45.7002,5,home,157,2233,875,3652,2666,2160,1480,2229,876,3655,2667,2156,1494,0,0,0,0,0,0,30,0,-27,0,30,-65,122,124,123,125,122,124,46,46,46,48,48,51,1,0,0,0,0,9
45.7335,5,home,158,2233,875,3652,2666,2160,1480,2229,875,3655,2667,2156,1494,0,0,0,0,0,0,30,0,-27,0,30,-65,122,125,123,125,122,124,46,46,46,48,48,51,0,0,0,0,0,8
45.7672,5,home,159,2233,875,3652,2666,2160,1480,2229,875,3655,2667,2156,1494,0,0,0,0,0,0,30,0,-27,0,30,-65,122,124,123,125,122,124,46,46,46,48,48,51,0,0,0,0,1,9
45.8003,5,home,160,2233,875,3652,2666,2160,1480,2229,875,3655,2667,2156,1494,0,0,0,0,0,0,30,0,-27,0,30,-65,122,124,123,125,122,124,46,46,46,48,48,51,1,0,0,0,1,9
45.8342,5,home,161,2233,875,3652,2666,2160,1480,2229,875,3655,2667,2156,1494,0,0,0,0,0,0,30,0,-27,0,30,-65,122,124,123,125,122,124,46,46,46,48,48,51,0,0,0,0,1,9
45.8675,5,home,162,2233,875,3652,2666,2160,1480,2229,875,3655,2667,2156,1494,0,0,0,0,0,0,30,0,-27,0,30,-65,122,124,123,125,122,124,46,46,46,48,48,51,1,0,0,0,1,8
45.901,5,home,163,2233,875,3652,2666,2160,1480,2229,875,3655,2667,2156,1494,0,0,0,0,0,0,30,0,-27,0,30,-65,122,124,123,125,122,124,46,46,46,48,48,51,0,0,0,0,0,9
45.9343,5,home,164,2233,875,3652,2666,2160,1480,2229,875,3655,2667,2156,1494,0,0,0,0,0,0,30,0,-27,0,30,-65,122,124,123,125,122,124,46,46,46,48,48,51,0,0,0,0,1,8
45.9676,5,home,165,2233,875,3652,2666,2160,1480,2229,875,3655,2667,2156,1494,0,0,0,0,0,0,30,0,-27,0,30,-65,122,124,123,125,122,124,46,46,46,48,48,51,1,0,0,0,0,9
46.0011,5,home,166,2233,875,3652,2666,2160,1480,2229,875,3655,2667,2156,1494,0,0,0,0,0,0,30,0,-27,0,30,-65,122,124,123,125,122,124,46,46,46,48,48,51,1,0,0,0,0,9
46.0344,5,home,167,2233,875,3652,2666,2160,1480,2229,875,3655,2667,2156,1494,0,0,0,0,0,0,30,0,-27,0,30,-65,122,125,123,125,122,124,46,46,46,48,48,51,0,0,0,0,0,8
46.0678,5,home,168,2233,875,3652,2666,2160,1480,2229,875,3655,2667,2156,1494,0,0,0,0,0,0,30,0,-27,0,30,-65,122,125,123,125,122,124,46,46,46,48,48,51,0,0,0,0,0,9
46.1013,5,home,169,2233,875,3652,2666,2160,1480,2229,875,3655,2667,2156,1494,0,0,0,0,0,0,30,0,-27,0,30,-65,122,124,123,125,122,124,46,46,46,48,48,51,0,0,0,0,1,9
46.1344,5,home,170,2233,875,3652,2666,2160,1480,2229,875,3655,2667,2156,1494,0,0,0,0,0,0,30,0,-27,0,30,-65,122,125,123,125,122,124,46,46,46,48,48,51,1,0,0,0,0,9
46.1744,6,lift,0,2229,909,3655,2667,2156,1494,2229,875,3655,2667,2156,1494,0,0,0,0,0,0,30,0,-27,0,30,-65,122,125,123,125,122,124,46,46,46,48,48,51,0,0,0,0,0,9
46.2078,6,lift,1,2229,942,3655,2667,2156,1494,2229,880,3655,2666,2156,1496,0,100,0,0,0,0,0,122,0,0,0,0,122,124,123,125,122,124,46,46,46,48,48,51,0,25,0,0,0,1
46.2412,6,lift,2,2229,976,3655,2667,2156,1494,2229,893,3655,2665,2156,1496,0,250,0,0,0,50,0,107,0,0,0,-23,122,124,123,125,122,124,46,46,46,48,48,51,0,39,0,0,0,0
46.2745,6,lift,3,2229,1010,3655,2667,2156,1494,2229,911,3654,2664,2156,1496,0,450,0,-50,0,0,0,160,0,27,0,-23,122,124,123,125,122,124,46,46,46,48,48,51,0,86,0,0,0,0
46.3078,6,lift,4,2229,1044,3655,2667,2156,1494,2229,932,3651,2662,2154,1496,0,600,-50,-50,-50,0,0,227,23,34,0,-23,122,124,123,125,122,124,46,46,46,48,48,51,0,84,7,1,0,0
46.3413,6,lift,5,2229,1077,3655,2667,2156,1494,2229,956,3644,2662,2154,1496,0,650,-200,0,-50,0,0,343,51,34,23,-23,122,124,122,125,122,124,46,46,46,48,48,51,0,79,4,1,0,0
46.3745,6,lift,6,2229,1111,3655,2667,2156,1494,2229,982,3644,2661,2153,1496,0,650,-50,-50,0,0,0,280,55,37,27,-23,122,124,122,125,121,124,46,46,46,48,48,51,0,82,5,0,0,0
46.4079,6,lift,7,2229,1145,3655,2667,2156,1494,2229,1010,3642,2660,2153,1496,0,800,-50,0,0,0,0,382,62,37,27,-23,122,124,122,125,121,124,46,46,46,48,48,51,0,101,6,2,0,0
46.4412,6,lift,8,2229,1179,3655,2667,2156,1494,2229,1037,3640,2658,2152,1496,0,900,-50,-50,0,0,0,431,65,44,30,-23,122,124,122,125,121,124,46,46,46,48,48,51,0,161,9,8,1,0
46.4743,6,lift,9,2229,1212,3655,2667,2156,1494,2229,1064,3638,2652,2152,1496,0,750,-50,-150,0,0,0,364,72,65,30,-23,122,124,122,125,121,124,46,46,46,48,48,51,0,157,12,16,1,0
46.5078,6,lift,10,2229,1246,3655,2667,2156,1494,2229,1092,3636,2647,2152,1496,0,850,-100,-150,0,0,0,375,83,79,30,-23,122,124,122,125,121,123,46,46,46,48,48,51,0,147,16,21,0,0
46.5412,6,lift,11,2229,1280,3655,2667,2156,1494,2229,1120,3633,2642,2152,1496,0,800,-50,-150,0,0,0,382,90,185,30,-23,122,124,122,125,121,123,46,46,46,48,48,51,0,185,50,36,0,0
46.5745,6,lift,12,2229,1314,3655,2667,2156,1494,2229,1148,3628,2639,2152,1496,0,800,-150,-100,0,0,0,396,111,111,30,-23,121,123,122,124,121,123,46,46,46,48,48,51,0,291,37,35,0,0
46.608,6,lift,13,2229,1347,3655,2667,2156,1494,2228,1177,3622,2638,2152,1496,0,850,-200,-50,0,0,0,445,213,118,30,-23,121,123,122,124,121,123,46,46,46,48,48,51,0,328,58,36,1,0
46.6412,6,lift,14,2229,1381,3655,2667,2156,1494,2228,1205,3615,2637,2152,1496,-50,800,-200,0,0,0,0,456,150,122,30,-23,121,123,121,124,121,123,46,46,46,48,48,51,0,246,75,43,1,0
46.6745,6,lift,15,2229,1415,3655,2667,2156,1494,2228,1233,3608,2637,2152,1496,0,850,-200,0,0,0,0,466,178,122,30,-23,121,123,121,124,120,123,46,46,46,48,48,51,0,264,97,48,0,0
46.708,6,lift,16,2229,1448,3655,2667,2156,1494,2228,1261,3600,2637,2152,1496,0,800,-250,0,0,0,0,480,210,122,30,-23,121,123,121,124,120,123,46,46,46,48,48,51,0,313,106,49,0,0
46.7412,6,lift,17,2229,1482,3655,2667,2156,1494,2228,1288,3593,2638,2152,1496,0,900,-200,50,0,0,0,526,227,118,30,-23,121,123,121,123,120,122,46,46,46,48,48,51,0,411,153,47,1,0
46.7745,6,lift,18,2229,1516,3655,2667,2156,1494,2227,1316,3589,2638,2152,1496,0,800,-150,0,0,0,23,540,245,118,30,-23,121,123,121,123,120,122,46,46,46,48,48,51,0,446,137,46,0,0
46.8082,6,lift,19,2229,1550,3655,2667,2156,1494,2227,1341,3584,2638,2152,1496,0,700,-150,0,0,0,23,565,262,118,30,-23,120,122,120,123,119,122,46,46,46,48,48,51,0,513,154,45,0,0
46.8412,6,lift,20,2229,1583,3655,2667,2156,1494,2227,1362,3577,2638,2152,1496,0,700,-200,0,0,0,23,685,287,118,30,-23,120,122,120,123,119,121,46,46,46,48,48,51,0,544,256,45,0,0
46.8745,6,lift,21,2229,1617,3655,2667,2156,1494,2227,1388,3569,2639,2152,1496,0,700,-200,0,0,0,23,618,315,115,30,-23,120,121,120,122,119,121,46,46,46,48,48,51,0,740,230,41,1,0
46.908,6,lift,22,2229,1651,3655,2667,2156,1494,2227,1412,3563,2639,2153,1496,0,750,-200,0,0,0,23,762,421,115,30,-23,120,121,119,122,118,121,46,46,46,48,48,51,0,767,247,33,0,0
46.9412,6,lift,23,2229,1685,3655,2667,2156,1494,2227,1431,3560,2640,2154,1496,0,600,-150,50,50,0,23,805,350,111,23,-23,119,121,119,121,118,120,46,46,46,48,48,51,0,913,292,28,0,0
46.9745,6,lift,24,2229,1718,3655,2667,2156,1494,2227,1449,3558,2640,2154,1496,0,550,-50,0,0,0,23,857,357,111,23,-23,119,120,118,120,117,120,46,46,46,48,48,51,0,1106,315,28,0,0
47.008,6,lift,25,2229,1752,3655,2667,2156,1494,2226,1464,3555,2640,2155,1496,0,500,-100,0,50,0,27,914,368,111,0,-23,118,119,118,120,117,119,46,46,46,48,48,51,0,1382,331,28,0,0
47.0412,6,lift,26,2229,1786,3655,2667,2156,1494,2226,1477,3550,2640,2156,1496,0,400,-150,0,50,0,27,1000,379,111,0,-23,118,119,117,119,116,118,46,46,46,48,48,51,0,1787,314,25,0,0
47.0744,6,lift,27,2229,1820,3655,2667,2156,1494,2226,1489,3545,2641,2159,1496,0,350,-200,50,50,0,27,987,400,108,-23,-23,117,118,116,119,115,118,46,46,46,48,48,51,0,1731,345,25,0,0
47.108,6,lift,28,2229,1853,3655,2667,2156,1494,2226,1501,3544,2641,2160,1496,0,350,-50,0,50,0,27,1000,407,108,-30,-23,117,118,116,118,115,117,46,46,46,48,48,51,0,1698,306,25,0,0
47.1412,6,lift,29,2229,1887,3655,2667,2156,1494,2226,1508,3541,2641,2160,1496,0,300,-50,0,0,0,27,1000,414,108,-30,-23,117,118,116,118,115,117,46,46,46,48,48,51,0,1765,400,25,0,0
47.1756,6,align,0,2227,1887,3614,2679,2155,1515,2226,1510,3540,2642,2161,1496,0,100,-100,0,0,0,27,1000,421,104,-34,-23,116,117,116,118,115,117,46,46,46,48,48,51,0,1884,367,24,1,0
47.2078,6,align,1,2225,1887,3574,2692,2154,1537,2226,1511,3536,2643,2161,1498,0,50,-100,0,0,100,0,1000,284,143,-37,79,116,117,116,118,115,117,46,46,46,48,48,51,0,1847,187,54,2,10
47.2412,6,align,2,2223,1887,3533,2704,2153,1558,2226,1514,3527,2649,2162,1502,0,0,-150,150,50,100,0,1000,171,83,-44,143,117,118,116,118,115,117,46,46,46,48,48,51,0,2047,106,60,2,10
47.2744,6,align,3,2221,1887,3492,2717,2152,1579,2226,1535,3510,2659,2162,1518,0,350,-400,300,0,450,-27,1000,171,100,-48,76,117,118,116,119,115,118,46,46,46,48,48,51,0,1759,81,44,1,16
47.3078,6,align,4,2219,1887,3452,2729,2151,1601,2226,1577,3487,2671,2161,1537,0,1150,-650,350,0,550,-34,952,115,185,-48,167,118,119,117,120,116,119,46,46,46,48,48,51,2,1125,55,19,2,28
47.3413,6,align,5,2217,1887,3411,2742,2150,1622,2224,1631,3458,2685,2159,1551,-50,1650,-900,400,-50,500,-34,814,45,178,-44,206,119,121,119,121,118,120,46,46,46,48,48,51,0,664,38,32,3,12
47.3745,6,align,6,2215,1887,3371,2754,2149,1643,2222,1682,3428,2701,2156,1564,-50,1600,-800,500,-50,400,-34,614,-23,79,-44,142,120,122,120,122,119,122,46,46,46,48,48,51,0,316,11,17,2,24
47.4081,6,align,7,2213,1887,3330,2767,2149,1665,2220,1727,3397,2720,2155,1577,-100,1350,-950,500,-50,400,-34,526,-40,72,-37,167,121,123,121,123,120,122,46,46,46,48,48,51,0,155,1,10,3,84
47.4412,6,align,8,2211,1887,3289,2779,2148,1686,2218,1761,3364,2737,2154,1590,-50,1200,-950,500,0,300,83,385,-61,51,-34,195,121,123,121,124,120,123,46,46,46,48,48,51,0,89,0,2,0,133
47.4746,6,align,9,2209,1887,3249,2792,2147,1707,2218,1792,3333,2753,2152,1605,0,1000,-850,450,0,450,-41,354,-90,33,87,234,121,123,122,124,121,123,46,46,46,48,48,51,2,52,23,5,2,127
47.5082,6,align,10,2207,1887,3208,2804,2146,1729,2215,1818,3304,2771,2150,1623,-50,800,-900,500,-50,550,-41,199,-153,-20,-27,333,122,124,122,124,121,123,46,46,46,48,48,51,0,28,28,8,0,101
47.5411,6,align,11,2205,1887,3167,2817,2145,1750,2213,1838,3278,2786,2150,1640,-50,700,-850,500,-50,500,-37,203,-195,79,-30,252,122,124,122,124,121,123,46,46,46,48,48,51,1,7,18,3,2,95
47.5744,6,align,12,2203,1887,3127,2829,2144,1771,2210,1861,3250,2802,2150,1658,-100,700,-750,500,0,550,-37,30,-322,86,-34,347,122,124,122,125,121,123,46,46,46,48,48,51,1,1,20,1,2,132
47.608,6,align,13,2201,1887,3086,2842,2143,1793,2208,1871,3223,2818,2150,1675,-50,300,-850,500,0,550,-37,72,-269,-52,-37,269,122,124,122,124,121,123,46,46,46,48,48,51,1,0,80,4,2,144
47.6411,6,align,14,2198,1887,3046,2854,2142,1814,2205,1878,3194,2836,2151,1692,-100,200,-850,600,50,500,-30,58,-343,-73,-41,389,122,124,122,124,121,123,46,46,46,48,48,51,1,0,124,22,4,153
47.6744,6,align,15,2196,1887,3005,2866,2141,1835,2204,1883,3162,2852,2151,1708,-50,200,-850,550,0,450,-37,-83,-368,27,-48,315,121,123,121,124,120,123,46,46,46,48,48,51,0,0,146,16,5,168
47.7079,6,align,16,2194,1887,2964,2879,2140,1857,2200,1888,3135,2866,2150,1727,-150,150,-900,400,0,500,-30,0,-403,30,-51,318,121,123,121,124,120,122,46,46,46,48,48,51,0,0,135,4,2,158
47.7411,6,align,17,2192,1887,2924,2891,2139,1878,2197,1890,3102,2881,2148,1747,-100,150,-850,450,-50,550,-30,-27,-424,23,-44,407,121,123,121,124,120,122,46,46,46,48,48,51,0,1,155,10,3,186
47.7744,6,align,18,2190,1887,2883,2904,2138,1899,2194,1890,3065,2891,2147,1771,-100,0,-950,400,-50,750,-27,-27,-431,23,-44,336,121,123,121,124,120,122,46,46,46,48,48,51,2,0,228,7,4,177
47.8079,6,align,19,2188,1887,2842,2916,2137,1921,2192,1890,3026,2899,2145,1799,-50,0,-1200,250,-100,900,94,-27,-389,34,-41,308,121,123,121,124,120,123,46,46,46,48,48,51,0,0,189,3,2,89
47.8411,6,align,20,2186,1887,2802,2929,2136,1942,2190,1890,2982,2905,2144,1827,-100,0,-1250,200,0,800,-23,-27,-371,55,-41,276,121,124,122,124,121,123,46,46,46,48,48,51,0,0,131,5,2,53
47.8744,6,align,21,2184,1887,2761,2941,2135,1963,2188,1892,2938,2907,2141,1858,-50,0,-1300,50,-50,900,-23,-30,-435,93,-37,237,122,123,122,124,121,123,46,46,46,48,48,51,0,1,86,3,1,39
47.9081,6,align,22,2182,1887,2720,2954,2135,1985,2186,1893,2898,2914,2138,1888,-50,50,-1250,0,-150,900,-23,-37,-417,33,-27,199,122,124,122,124,121,123,46,46,46,48,48,51,1,3,140,10,0,51
47.9412,6,align,23,2180,1887,2680,2966,2134,2006,2184,1894,2858,2925,2140,1914,-50,50,-1200,300,100,800,-23,-41,-466,125,-30,206,122,124,122,124,121,123,46,46,46,48,48,51,0,4,163,22,1,19
47.9744,6,align,24,2178,1887,2639,2979,2133,2027,2182,1893,2817,2935,2139,1940,-50,0,-1150,300,0,800,-23,-37,-452,129,-34,181,122,124,122,124,121,123,46,46,46,48,48,51,0,4,155,11,2,7
48.0079,6,align,25,2176,1887,2599,2991,2132,2049,2179,1893,2779,2947,2139,1965,-50,0,-1200,300,0,700,0,-37,-445,146,-37,160,122,124,122,124,121,123,46,46,46,48,48,51,0,4,123,9,2,22
48.0411,6,align,26,2174,1887,2558,3004,2131,2070,2177,1893,2738,2960,2140,1988,-100,0,-1150,300,0,700,-23,-37,-431,54,-44,234,122,124,122,124,121,123,46,46,46,48,48,51,0,4,118,7,3,42
48.0744,6,align,27,2172,1887,2517,3016,2130,2091,2175,1893,2699,2973,2140,2011,-50,0,-1150,400,-50,700,0,-37,-431,136,-48,248,122,124,122,124,121,123,46,46,46,48,48,51,1,4,208,8,3,16
48.1081,6,align,28,2170,1887,2477,3029,2129,2113,2173,1893,2662,2986,2140,2033,-50,0,-1150,400,0,650,0,-37,-480,129,-51,153,122,124,122,124,121,123,46,46,46,48,48,51,0,3,231,16,5,8
48.1411,6,align,29,2168,1887,2436,3041,2128,2134,2171,1893,2621,2999,2140,2055,-50,0,-1200,300,0,600,0,-37,-466,37,-140,146,122,124,122,124,121,123,46,46,46,48,48,51,0,4,182,20,8,13
48.1744,6,home,0,2168,1887,2436,3041,2128,2134,2169,1893,2581,3013,2140,2077,-100,0,-1100,400,0,700,0,-37,-378,51,-58,224,122,124,122,124,121,123,46,46,46,48,48,51,0,4,164,6,9,23
48.1764,6,home,1,2168,1887,2436,3041,2129,2134,2169,1893,2579,3014,2140,2078,-100,0,-1100,400,0,700,0,-37,-378,26,-58,224,122,124,122,124,121,123,46,46,46,48,48,51,0,4,164,6,9,23
48.2082,6,home,2,2168,1887,2436,3041,2129,2134,2167,1893,2549,3019,2138,2094,-50,0,-1000,350,-100,500,0,-37,-333,-20,-48,72,122,124,122,125,121,123,46,46,46,48,48,51,0,4,103,1,4,8
48.2414,6,home,3,2168,1887,2436,3041,2130,2134,2167,1893,2526,3025,2138,2105,0,0,-650,200,0,400,0,-37,-269,-45,-48,129,122,124,122,125,121,124,46,46,46,48,48,51,0,4,76,1,4,2
48.2751,6,home,4,2168,1887,2436,3041,2130,2134,2167,1893,2509,3028,2138,2112,0,0,-550,100,0,250,0,-37,-202,62,-44,97,122,124,122,125,121,124,46,46,46,48,48,51,0,4,60,4,4,7
48.3084,6,home,5,2168,1887,2436,3041,2130,2134,2167,1893,2499,3031,2138,2117,0,0,-350,50,0,150,0,-37,-245,51,-44,79,122,124,122,125,121,124,46,46,46,48,48,51,0,4,56,3,4,3
48.3422,6,home,6,2168,1887,2436,3041,2130,2134,2167,1893,2494,3032,2138,2120,0,0,-200,50,0,100,0,-37,-224,48,-44,65,122,124,122,125,121,124,46,46,46,48,48,51,0,4,76,3,4,7
48.3755,6,home,7,2168,1887,2436,3041,2130,2134,2167,1893,2492,3034,2138,2122,0,0,-100,50,0,100,0,-37,-213,41,-44,58,122,124,122,125,121,124,46,46,46,48,48,51,0,4,94,3,3,5
48.4084,6,home,8,2168,1887,2436,3041,2130,2134,2167,1893,2491,3034,2138,2124,0,0,-50,0,0,100,0,-37,-210,41,-44,55,122,124,122,125,121,124,46,46,46,48,48,51,0,4,92,2,4,3
48.4421,6,home,9,2168,1887,2436,3041,2130,2134,2167,1893,2490,3034,2138,2125,0,0,0,0,0,0,0,-37,-206,41,-44,51,122,124,122,125,121,124,46,46,46,48,48,51,0,4,92,2,4,2
48.4754,6,home,10,2168,1887,2436,3041,2130,2134,2167,1893,2490,3034,2138,2125,0,0,0,0,0,0,0,-37,-206,41,-44,48,122,124,122,125,121,124,46,46,46,48,48,51,0,4,93,2,4,3
48.5092,6,home,11,2168,1887,2436,3041,2130,2134,2167,1893,2490,3034,2138,2126,0,0,0,0,0,50,0,-37,-206,41,-44,44,122,124,122,125,122,124,46,46,46,48,48,51,0,4,92,2,4,4
48.5421,6,home,12,2168,1887,2436,3041,2130,2134,2167,1893,2490,3034,2138,2126,0,0,0,0,0,0,0,-37,-206,41,-44,44,122,124,122,125,121,124,46,46,46,48,48,51,0,4,93,3,4,4
48.5754,6,home,13,2168,1887,2436,3041,2130,2134,2167,1893,2490,3034,2138,2126,0,0,0,0,0,0,0,-37,-206,41,-44,44,122,124,122,125,121,124,46,46,46,48,48,51,0,4,92,2,3,4
48.6091,6,home,14,2168,1887,2436,3041,2130,2134,2167,1893,2490,3034,2138,2126,0,0,0,0,0,0,0,-37,-206,41,-44,44,122,124,122,125,121,124,46,46,46,48,48,51,0,4,93,2,4,3
48.6426,6,home,15,2168,1887,2436,3041,2130,2134,2167,1893,2490,3034,2138,2126,0,0,0,0,0,0,0,-37,-206,41,-44,44,122,124,122,125,121,124,46,46,46,48,48,51,0,4,92,3,4,3
48.6763,6,home,16,2168,1887,2436,3041,2130,2134,2167,1893,2490,3034,2138,2126,0,0,0,0,0,0,0,-37,-206,41,-44,44,122,124,122,125,122,124,46,46,46,48,48,51,0,4,92,3,4,3
48.7101,6,home,17,2168,1887,2436,3041,2130,2134,2167,1893,2490,3034,2138,2126,0,0,0,0,0,0,0,-37,-206,41,-44,44,122,124,122,125,122,124,46,46,46,48,48,51,0,4,92,1,4,2
48.7433,6,home,18,2168,1887,2436,3041,2130,2134,2167,1893,2490,3034,2138,2126,0,0,0,0,0,0,0,-37,-206,41,-44,44,122,124,122,125,121,124,46,46,46,48,48,51,0,4,92,2,4,2
48.7768,6,home,19,2168,1887,2436,3041,2130,2134,2167,1893,2490,3034,2138,2126,0,0,0,0,0,0,0,-37,-206,41,-44,44,122,124,122,125,121,124,46,46,46,48,48,51,0,4,93,3,4,3
48.8101,6,home,20,2168,1887,2436,3041,2130,2134,2167,1893,2490,3034,2138,2126,0,0,0,0,0,0,0,-37,-206,41,-44,44,122,124,122,125,121,124,46,46,46,48,48,51,0,4,93,3,4,2
48.8435,6,home,21,2168,1887,2436,3041,2130,2134,2167,1893,2490,3034,2138,2126,0,0,0,0,0,0,0,-37,-206,41,-44,44,122,124,122,125,121,124,46,46,46,48,48,51,0,4,93,2,4,3
48.8773,6,home,22,2168,1887,2436,3041,2130,2134,2167,1893,2490,3034,2138,2126,0,0,0,0,0,0,0,-37,-206,41,-44,44,122,124,122,125,121,124,46,46,46,48,48,51,0,4,93,2,4,2
48.9109,6,home,23,2168,1887,2436,3041,2130,2134,2167,1893,2490,3034,2138,2126,0,0,0,0,0,0,0,-37,-206,41,-44,44,122,124,122,125,121,124,46,46,46,48,48,51,0,4,92,3,4,2
48.9443,6,home,24,2168,1887,2436,3041,2130,2134,2167,1893,2490,3034,2138,2126,0,0,0,0,0,0,0,-37,-206,41,-44,44,122,124,122,125,121,124,46,46,46,48,48,51,0,4,92,3,4,3
48.9781,6,home,25,2168,1887,2436,3041,2130,2134,2167,1893,2490,3034,2138,2126,0,0,0,0,0,0,0,-37,-206,41,-44,44,122,124,122,125,121,124,46,46,46,48,48,51,0,4,92,3,3,2
49.0113,6,home,26,2168,1887,2436,3041,2130,2134,2167,1893,2490,3034,2138,2126,0,0,0,0,0,0,0,-37,-206,41,-44,44,122,124,122,125,121,124,46,46,46,48,48,51,0,4,92,3,4,3
49.0451,6,home,27,2168,1887,2436,3041,2130,2134,2167,1893,2490,3034,2138,2126,0,0,0,0,0,0,0,-37,-206,41,-44,44,122,124,122,125,121,124,46,46,46,48,48,51,0,4,93,2,4,3
49.0782,6,home,28,2168,1887,2436,3041,2130,2134,2167,1893,2490,3034,2138,2126,0,0,0,0,0,0,0,-37,-206,41,-44,44,122,124,122,125,121,124,46,46,46,48,48,51,0,4,92,3,3,3
49.1121,6,home,29,2168,1887,2436,3041,2130,2134,2167,1893,2490,3034,2138,2126,0,0,0,0,0,0,0,-37,-206,41,-44,44,122,124,122,125,121,124,46,46,46,48,48,51,0,4,92,2,3,2
49.1453,6,home,30,2168,1887,2436,3041,2130,2134,2167,1893,2490,3034,2138,2126,0,0,0,0,0,0,0,-37,-206,41,-44,44,122,124,122,125,121,124,46,46,46,48,48,51,0,4,92,2,4,3
49.1791,6,home,31,2168,1887,2436,3041,2130,2134,2167,1893,2490,3034,2138,2126,0,0,0,0,0,0,0,-37,-206,41,-44,44,122,124,122,125,121,124,46,46,46,48,48,51,0,4,92,2,4,3
49.2123,6,home,32,2168,1887,2436,3041,2130,2134,2167,1893,2490,3034,2138,2126,0,0,0,0,0,0,0,-37,-206,41,-44,44,122,124,122,125,121,124,46,46,46,48,48,51,0,4,92,2,4,3
49.2458,6,home,33,2168,1887,2436,3041,2130,2134,2167,1893,2490,3034,2138,2126,0,0,0,0,0,0,0,-37,-206,41,-44,44,122,124,122,125,121,124,46,46,46,48,48,51,0,4,93,3,4,3
49.2791,6,home,34,2168,1887,2436,3041,2130,2134,2167,1893,2490,3034,2138,2126,0,0,0,0,0,0,0,-37,-206,41,-44,44,122,124,122,125,121,124,46,46,46,48,48,51,0,4,92,3,4,3
49.3125,6,home,35,2168,1887,2436,3041,2130,2134,2167,1893,2490,3034,2138,2126,0,0,0,0,0,0,0,-37,-206,41,-44,44,122,124,122,125,121,124,46,47,46,48,48,51,0,4,92,3,4,3
49.3462,6,home,36,2168,1887,2436,3041,2130,2134,2167,1893,2490,3034,2138,2126,0,0,0,0,0,0,0,-37,-206,41,-44,44,122,124,122,125,121,124,46,46,46,48,48,51,0,4,92,3,4,3
49.3797,6,home,37,2168,1887,2436,3041,2130,2134,2167,1893,2490,3034,2138,2126,0,0,0,0,0,0,0,-37,-206,41,-44,44,122,124,122,125,121,124,46,46,46,48,48,51,0,4,93,2,4,3
49.4131,6,home,38,2168,1887,2436,3041,2130,2134,2167,1893,2490,3034,2138,2126,0,0,0,0,0,0,0,-37,-206,41,-44,44,122,124,122,125,121,124,46,46,46,48,48,51,0,4,92,2,4,3
49.4464,6,home,39,2168,1886,2436,3041,2130,2134,2167,1893,2490,3034,2138,2126,0,0,0,0,0,0,0,-37,-206,41,-44,44,122,124,122,125,121,124,46,46,46,48,48,51,0,4,93,2,4,3
49.4801,6,home,40,2168,1883,2436,3041,2130,2134,2167,1893,2490,3034,2138,2126,0,0,0,0,0,0,0,-41,-206,41,-44,44,122,124,122,125,121,124,46,46,46,48,48,51,0,4,92,2,3,3
49.5134,6,home,41,2168,1878,2436,3041,2130,2134,2167,1893,2490,3034,2138,2126,0,0,0,0,0,0,0,-51,-206,41,-44,44,122,124,122,125,121,124,46,46,46,48,48,51,0,7,92,3,4,3
49.5471,6,home,42,2168,1873,2436,3041,2130,2134,2167,1893,2490,3034,2138,2126,0,0,0,0,0,0,0,-69,-206,41,-44,44,122,124,122,125,121,124,46,46,46,48,48,51,0,13,93,2,4,3
49.5804,6,home,43,2168,1868,2436,3041,2130,2134,2167,1893,2490,3034,2138,2126,0,0,0,0,0,0,0,-86,-206,41,-44,44,122,124,122,125,121,124,46,46,46,48,48,51,0,27,92,2,4,3
49.6141,6,home,44,2168,1864,2436,3041,2131,2134,2167,1893,2490,3034,2138,2126,0,0,0,0,0,0,0,-104,-206,41,-44,44,122,124,122,125,121,124,46,46,46,48,48,51,0,27,93,2,4,3
49.6473,6,home,45,2168,1861,2436,3041,2131,2134,2167,1893,2490,3034,2138,2126,0,0,0,0,0,0,0,-118,-206,41,-41,44,122,124,122,125,121,124,46,46,46,48,48,51,0,31,92,2,3,4
49.6811,6,home,46,2168,1861,2436,3041,2131,2134,2167,1893,2490,3034,2138,2126,0,0,0,0,0,0,0,-129,-206,41,-41,44,122,124,122,125,121,124,46,46,46,48,48,51,0,37,93,3,2,3
49.7143,6,home,47,2168,1861,2436,3041,2131,2134,2167,1893,2490,3034,2138,2126,0,0,0,0,0,0,0,-129,-206,41,-41,44,122,124,122,125,121,124,46,46,46,48,48,51,0,37,92,2,3,3
49.7481,6,home,48,2168,1861,2436,3041,2131,2134,2167,1893,2490,3034,2138,2126,0,0,0,0,0,0,0,-129,-206,41,-41,44,122,124,122,125,121,124,46,47,46,48,48,51,0,37,92,2,3,2
49.7813,6,home,49,2168,1861,2436,3041,2131,2134,2167,1893,2490,3034,2138,2126,0,0,0,0,0,0,0,-129,-206,41,-41,44,122,124,122,125,121,124,46,46,46,48,48,51,0,38,92,3,2,3
49.8149,6,home,50,2168,1861,2436,3041,2131,2134,2167,1893,2490,3034,2138,2126,0,0,0,0,0,0,0,-129,-206,41,-41,44,122,124,122,125,121,124,46,46,46,48,48,51,0,37,92,2,2,3
49.8483,6,home,51,2167,1861,2436,3041,2131,2134,2167,1893,2490,3034,2138,2126,0,0,0,0,0,0,0,-129,-206,41,-41,44,122,124,122,125,121,124,46,47,46,48,48,51,0,37,91,3,2,3
49.8817,6,home,52,2167,1858,2437,3041,2131,2134,2167,1893,2490,3034,2138,2126,0,0,0,0,0,0,0,-129,-206,41,-41,44,122,124,122,125,121,124,46,46,46,48,48,51,0,37,92,2,3,3
49.9153,6,home,53,2167,1853,2439,3041,2131,2134,2167,1893,2490,3034,2138,2126,0,0,0,0,0,0,0,-139,-203,41,-41,44,122,124,122,125,121,124,46,46,46,48,48,51,0,45,91,3,4,2
49.9491,6,home,54,2165,1845,2445,3041,2131,2134,2167,1893,2490,3034,2138,2126,0,0,0,0,0,0,0,-157,-196,41,-41,44,122,124,122,125,121,124,46,46,46,48,48,51,0,55,85,2,3,2
49.9824,6,home,55,2163,1834,2453,3041,2131,2134,2167,1893,2490,3034,2138,2126,0,0,0,0,0,0,-23,-185,-174,41,-41,44,122,124,122,125,121,124,46,46,46,48,48,51,1,71,72,3,2,2
50.0161,6,home,56,2160,1821,2462,3041,2131,2134,2166,1892,2490,3034,2138,2126,0,0,0,0,0,0,-30,-224,-146,41,-41,44,122,124,122,125,121,124,46,46,46,48,48,51,0,94,52,2,2,2
50.0491,6,home,57,2158,1806,2476,3041,2131,2134,2164,1888,2490,3034,2138,2126,-50,-100,0,0,0,0,-30,-255,-115,41,-41,44,122,124,122,125,121,124,46,46,46,48,48,51,0,101,29,2,3,2
50.0829,6,home,58,2156,1788,2492,3041,2131,2134,2161,1880,2491,3034,2138,2126,-100,-150,0,0,0,0,-30,-195,-69,41,-41,44,122,124,122,125,121,124,46,46,46,48,48,51,0,145,17,3,2,2
50.1163,6,home,59,2155,1770,2509,3041,2131,2134,2159,1869,2495,3034,2138,2126,-50,-300,0,0,0,0,-30,-305,-111,41,-41,44,122,124,122,125,121,124,46,46,46,48,48,51,1,140,9,2,3,2
50.1496,6,home,60,2155,1750,2527,3041,2131,2134,2157,1854,2502,3034,2138,2126,-100,-450,200,0,0,0,-23,-329,48,41,-41,44,122,124,122,125,121,124,46,46,46,48,48,51,0,134,9,2,3,2
50.1831,6,home,61,2155,1729,2542,3041,2131,2134,2156,1836,2513,3034,2137,2126,-50,-600,350,0,-50,0,0,-336,76,41,-37,44,122,124,122,125,121,124,46,46,46,48,48,51,0,90,1,2,2,2
50.2164,6,home,62,2155,1709,2554,3041,2131,2134,2156,1817,2527,3035,2137,2126,0,-500,350,50,0,0,0,-252,79,37,-37,44,122,124,122,125,121,124,46,46,46,48,48,51,0,80,2,2,3,3
50.2501,6,home,63,2155,1686,2567,3041,2130,2134,2156,1797,2539,3035,2137,2126,0,-600,400,0,0,0,0,-336,72,37,-37,44,122,124,122,125,121,124,46,46,46,48,48,51,0,119,7,1,3,3
50.2833,6,home,64,2155,1662,2578,3041,2131,2134,2156,1777,2553,3035,2137,2126,0,-650,400,0,0,0,0,-252,69,37,-41,44,122,124,122,125,121,124,46,46,46,48,48,51,0,155,4,2,3,3
50.3166,6,home,65,2155,1639,2589,3041,2133,2134,2156,1755,2565,3035,2137,2126,0,-600,400,0,0,0,0,-283,76,37,-37,44,122,124,122,125,121,124,46,46,46,48,48,51,0,130,1,2,2,2
50.3501,6,home,66,2155,1616,2604,3041,2136,2134,2156,1732,2578,3035,2137,2126,0,-700,400,0,0,0,0,-280,65,37,-30,44,122,124,122,125,121,124,46,46,46,48,48,51,0,107,0,1,1,3
50.3835,6,home,67,2155,1595,2618,3041,2137,2134,2156,1710,2590,3035,2137,2126,0,-650,350,0,0,0,0,-273,72,37,0,44,122,124,122,125,121,124,46,46,46,48,48,51,0,92,6,2,1,3
50.4171,6,home,68,2155,1574,2633,3041,2139,2134,2156,1685,2604,3035,2137,2126,0,-650,350,0,0,0,0,-343,-48,37,0,44,122,124,122,125,121,124,46,46,46,48,48,51,0,89,4,1,0,3
50.4501,6,home,69,2155,1556,2648,3041,2141,2134,2156,1662,2617,3035,2137,2126,0,-700,400,0,0,0,0,-241,-45,37,23,44,122,124,122,125,122,124,46,47,46,48,48,51,0,112,2,1,0,2
50.4836,6,home,70,2155,1538,2662,3041,2141,2134,2156,1640,2630,3035,2137,2126,0,-700,400,0,0,0,0,-333,-27,37,30,44,122,124,122,125,122,124,46,46,46,48,48,51,0,59,0,1,1,3
50.5172,6,home,71,2155,1519,2675,3041,2141,2134,2156,1617,2645,3035,2137,2126,0,-650,400,0,0,0,0,-223,-30,37,30,44,122,124,122,125,121,124,46,46,46,48,48,51,0,61,1,2,1,3
50.5503,6,home,72,2155,1501,2687,3041,2141,2134,2156,1596,2659,3035,2137,2126,0,-650,450,0,0,0,0,-298,79,37,30,44,122,124,122,125,121,124,46,47,46,48,48,51,0,52,5,1,1,4
50.5841,6,home,73,2155,1479,2703,3041,2141,2134,2156,1575,2672,3035,2137,2126,0,-650,450,0,0,0,0,-195,69,37,30,44,122,124,122,125,122,124,46,46,46,48,48,51,0,59,3,0,1,4
50.6173,6,home,74,2155,1455,2721,3041,2141,2134,2156,1555,2686,3035,2137,2126,0,-550,350,0,0,0,0,-223,-27,37,30,44,122,124,122,125,122,124,46,46,46,48,48,51,0,98,3,1,0,3
50.6504,6,home,75,2155,1431,2741,3037,2141,2134,2156,1533,2702,3035,2137,2126,0,-650,450,0,0,0,0,-312,-20,37,30,44,122,124,122,125,122,124,46,46,46,48,48,51,0,58,0,2,1,3
50.6842,6,home,76,2155,1405,2766,3027,2141,2134,2156,1509,2719,3035,2137,2126,0,-650,450,0,0,0,0,-223,108,23,30,44,122,124,122,125,121,124,46,46,46,48,48,51,0,45,4,0,1,4
50.7174,6,home,77,2155,1380,2793,3018,2141,2134,2156,1486,2738,3035,2137,2126,0,-650,550,0,0,0,0,-223,122,-44,30,44,122,124,122,125,121,124,46,46,46,48,48,51,0,64,7,0,1,3
50.7511,6,home,78,2155,1356,2821,3006,2141,2134,2156,1460,2763,3032,2137,2126,0,-750,700,0,0,0,0,-301,37,-69,30,44,122,124,122,125,121,124,46,47,46,48,48,51,0,84,17,8,0,3
50.7843,6,home,79,2155,1337,2849,2995,2141,2134,2156,1434,2789,3026,2137,2126,0,-750,800,-150,0,0,0,-234,72,-90,30,44,122,124,122,125,122,124,46,46,46,48,48,51,0,74,6,16,0,3
50.8181,6,home,80,2155,1319,2879,2982,2141,2134,2156,1409,2815,3018,2137,2126,0,-750,700,-250,0,0,0,-206,72,20,30,44,122,124,122,125,121,124,46,46,46,48,48,51,0,31,1,19,0,3
50.8511,6,home,81,2155,1302,2909,2971,2141,2134,2156,1387,2843,3009,2137,2126,0,-700,800,-350,0,0,0,-181,72,-125,30,44,122,124,122,125,121,124,46,46,46,48,48,51,0,26,2,4,0,3
50.8845,6,home,82,2155,1288,2937,2957,2141,2134,2156,1365,2872,2998,2137,2126,0,-650,850,-250,0,0,0,-245,69,-122,30,44,122,124,122,125,121,124,46,46,46,48,48,51,0,36,8,6,1,3
50.9181,6,home,83,2155,1273,2966,2941,2141,2134,2156,1345,2902,2987,2137,2126,0,-600,900,-300,0,0,0,-220,58,-44,30,44,122,124,122,125,122,124,46,46,46,48,48,51,0,24,14,14,1,4
50.9513,6,home,84,2155,1256,2993,2925,2141,2134,2156,1327,2930,2974,2137,2126,0,-550,800,-350,0,0,0,-139,86,-136,30,44,122,124,123,125,122,124,46,46,46,48,48,51,0,14,4,22,1,3
50.9851,6,home,85,2155,1239,3020,2907,2141,2134,2156,1309,2959,2960,2137,2126,0,-550,900,-350,0,0,0,-217,72,-54,30,44,122,124,123,125,122,124,46,47,46,48,48,51,0,27,1,30,1,3
51.0183,6,home,86,2155,1224,3045,2887,2141,2134,2156,1291,2988,2945,2137,2126,0,-500,850,-400,0,0,0,-210,58,-83,30,44,122,124,122,125,121,124,46,46,46,48,48,51,0,24,3,17,0,3
51.0516,6,home,87,2155,1207,3072,2868,2141,2134,2156,1275,3015,2929,2137,2126,0,-500,800,-500,0,0,0,-199,40,-93,30,44,122,124,123,125,121,124,46,46,46,48,48,51,0,38,19,9,1,3
51.0851,6,home,88,2155,1192,3101,2850,2141,2134,2156,1258,3042,2911,2137,2126,0,-550,750,-450,0,0,0,-217,157,-93,30,44,122,124,123,125,122,124,46,46,46,48,48,51,0,17,14,13,1,3
51.1184,6,home,89,2155,1179,3128,2831,2141,2134,2156,1241,3070,2893,2137,2126,0,-550,850,-500,0,0,0,-118,69,-174,30,44,122,124,123,125,122,124,46,46,46,48,48,51,0,14,3,16,1,3
51.1518,6,home,90,2155,1167,3158,2813,2141,2134,2156,1225,3096,2876,2137,2126,0,-450,800,-600,0,0,0,-189,58,-114,30,44,122,124,122,125,122,124,46,47,46,48,48,51,0,19,0,22,0,3
51.1854,6,home,91,2155,1155,3187,2796,2141,2134,2156,1210,3124,2857,2137,2126,0,-450,800,-450,0,0,0,-86,146,-104,30,44,122,124,123,125,122,124,46,46,46,48,48,51,0,20,6,9,1,3
51.2191,6,home,92,2155,1143,3217,2779,2141,2134,2156,1195,3153,2839,2137,2126,0,-450,850,-450,0,0,0,-72,54,-97,30,44,122,124,123,125,122,124,46,46,46,48,48,51,0,15,21,10,1,3
51.2522,6,home,93,2155,1131,3244,2761,2141,2134,2156,1181,3182,2821,2137,2126,0,-350,850,-550,0,0,0,-167,90,-86,30,44,122,124,123,125,122,124,46,46,46,48,48,51,0,11,15,24,0,3
51.2854,6,home,94,2155,1118,3272,2743,2143,2134,2156,1169,3210,2804,2137,2126,0,-450,900,-500,0,0,0,-160,72,-83,30,44,122,124,123,125,122,124,46,46,46,48,48,51,0,7,2,43,0,3
51.3191,6,home,95,2155,1105,3298,2728,2148,2134,2156,1156,3238,2786,2137,2126,0,-350,800,-450,0,0,0,-157,65,-192,37,44,122,124,122,125,122,124,46,46,46,48,48,51,0,22,2,15,2,3
51.3523,6,home,96,2155,1093,3324,2711,2152,2134,2156,1142,3267,2768,2139,2126,0,-400,800,-500,0,0,0,-153,136,-90,51,44,122,124,123,125,122,124,46,46,46,48,48,51,0,24,5,5,4,3
51.3859,6,home,97,2155,1079,3351,2697,2155,2134,2156,1129,3293,2751,2142,2126,0,-400,800,-500,100,0,0,-146,72,-167,51,44,122,124,123,125,122,124,46,46,46,48,48,51,0,9,14,8,3,3
51.4192,6,home,98,2156,1066,3377,2686,2157,2132,2156,1116,3320,2735,2145,2126,0,-400,850,-400,100,0,0,-160,65,-69,55,44,122,124,123,125,122,124,46,46,46,48,48,51,0,4,3,15,4,3
51.4523,6,home,99,2157,1052,3399,2680,2159,2123,2156,1103,3348,2722,2149,2126,0,-400,800,-400,150,0,0,-69,54,-143,48,37,122,124,123,125,122,124,46,47,46,48,48,51,0,19,0,10,3,1
51.486,6,home,100,2159,1036,3422,2675,2159,2104,2156,1089,3372,2710,2151,2125,0,-400,750,-400,100,0,0,-153,33,-136,44,-23,122,124,123,125,122,124,46,46,46,48,48,51,0,19,4,2,2,1
51.5193,6,home,101,2160,1017,3444,2673,2159,2081,2157,1075,3397,2700,2153,2120,0,-400,750,-300,50,-100,23,-69,108,-115,37,41,122,124,123,125,122,124,46,46,46,48,48,51,2,28,9,9,1,17
51.5526,6,home,102,2161,992,3465,2672,2161,2054,2157,1059,3421,2693,2155,2113,0,-400,650,-250,50,-200,27,-97,40,-90,30,-136,122,124,123,125,122,124,46,47,46,48,48,51,1,22,2,6,0,15
51.5863,6,home,103,2161,966,3483,2671,2161,2026,2157,1040,3443,2688,2155,2097,0,-550,650,-200,0,-250,30,-206,115,-76,37,-93,122,124,123,125,122,124,46,46,46,48,48,51,1,20,0,2,5,10
51.6193,6,home,104,2161,938,3501,2671,2161,2001,2157,1020,3463,2686,2157,2076,0,-600,650,-50,0,-500,30,-220,-20,-72,30,-118,122,124,122,125,121,124,46,47,46,48,48,51,0,14,0,7,1,15
51.6531,6,home,105,2161,918,3515,2671,2161,1982,2157,996,3481,2683,2157,2056,0,-650,500,-50,0,-650,30,-142,93,-62,30,-125,122,124,122,125,121,124,46,46,46,48,48,51,0,25,8,5,0,36
51.6863,6,home,106,2161,905,3523,2671,2161,1967,2157,972,3498,2682,2157,2034,0,-750,550,-100,0,-650,30,-121,-41,-55,30,-224,122,124,122,125,122,124,46,47,46,48,48,51,1,33,2,5,1,23
51.7201,6,home,107,2161,897,3532,2671,2161,1957,2157,950,3511,2681,2157,2014,0,-650,400,-50,0,-600,30,-199,-48,-51,30,-199,122,124,123,125,122,124,46,46,46,48,48,51,1,4,1,5,1,6
51.7533,6,home,108,2161,893,3540,2671,2161,1949,2157,933,3522,2681,2157,1998,0,-550,300,0,0,-550,30,-157,-59,-51,30,-83,122,124,123,125,122,124,46,46,46,48,48,51,1,4,3,5,0,11
51.7865,6,home,109,2161,889,3548,2671,2161,1942,2157,920,3532,2681,2157,1984,0,-400,300,0,0,-450,30,-30,-69,-51,30,-143,122,124,123,125,122,124,46,47,46,48,48,51,0,3,2,4,0,4
51.8202,6,home,110,2163,887,3557,2671,2161,1929,2157,910,3541,2681,2157,1972,0,-350,250,0,0,-400,30,27,44,-51,30,-37,122,124,123,125,122,124,46,46,46,48,48,51,1,1,0,4,1,2
51.8533,6,home,111,2165,886,3566,2671,2161,1907,2157,903,3550,2681,2157,1960,0,-250,250,0,0,-400,37,-79,51,-51,30,-139,122,124,123,125,122,124,46,46,46,48,48,51,2,2,0,5,0,6
51.8871,6,home,112,2167,884,3574,2671,2161,1879,2157,898,3560,2681,2157,1946,0,-150,300,0,0,-300,44,55,48,-51,30,-79,122,124,123,125,122,124,46,46,46,48,48,51,3,3,0,5,1,8
51.9205,6,home,113,2169,884,3581,2671,2161,1838,2159,895,3569,2681,2157,1928,50,-150,250,0,0,-450,44,-55,41,-51,30,-114,122,124,123,125,122,124,46,46,46,48,48,51,2,3,4,5,1,17
51.9541,6,home,114,2169,884,3583,2671,2161,1792,2162,891,3579,2681,2157,1905,100,-100,300,0,0,-650,44,-44,27,-51,30,-174,122,124,123,125,121,124,46,47,46,48,48,51,3,1,7,5,0,32
51.9874,6,home,115,2169,884,3584,2671,2161,1743,2163,890,3588,2681,2157,1875,50,-50,250,0,0,-950,37,-37,-34,-51,30,-227,122,124,122,125,121,124,46,46,46,48,48,51,2,0,4,4,1,67
52.0211,6,home,116,2169,883,3586,2671,2161,1694,2164,889,3592,2681,2157,1842,50,0,100,0,0,-900,34,-34,-41,-51,30,-316,122,124,122,125,121,124,46,47,46,48,48,51,1,1,4,4,0,60
52.0543,6,home,117,2172,879,3594,2671,2161,1647,2165,888,3592,2681,2157,1804,50,0,0,0,0,-1100,30,-34,-37,-51,30,-347,122,124,122,125,121,124,46,46,46,48,48,51,1,1,4,5,1,53
52.0888,6,home,118,2175,879,3602,2671,2161,1613,2165,883,3595,2680,2157,1762,0,-100,50,0,0,-1150,41,-37,0,-48,30,-272,122,124,122,125,121,124,46,46,46,48,48,51,2,5,6,5,1,50
52.1221,6,home,119,2179,879,3612,2671,2161,1588,2167,879,3605,2680,2157,1721,50,-250,200,0,0,-1200,44,0,0,-48,30,-325,122,124,123,125,121,124,46,46,46,48,48,51,2,1,6,4,0,25
52.156,6,home,120,2183,880,3623,2671,2161,1571,2170,878,3612,2680,2157,1683,100,0,250,0,0,-1150,48,0,0,-48,30,-269,122,124,123,125,122,124,46,47,46,48,48,51,2,0,6,4,0,39
52.189,6,home,121,2185,880,3637,2668,2160,1559,2173,878,3622,2680,2157,1650,100,0,300,0,0,-1050,51,23,34,-48,30,-237,122,124,123,125,122,124,46,46,46,48,48,51,7,0,1,4,1,10
52.2224,6,home,122,2188,878,3644,2666,2160,1550,2176,878,3632,2675,2155,1622,50,0,300,-100,-50,-850,48,23,44,-41,30,-171,122,124,123,125,122,124,46,46,46,48,48,51,2,0,0,3,0,8
52.256,6,home,123,2192,876,3651,2666,2159,1544,2179,877,3640,2672,2154,1601,100,0,250,-100,-50,-700,48,0,34,-41,37,-118,122,124,123,125,122,124,46,47,46,48,48,51,3,0,4,2,2,12
52.2892,6,home,124,2196,875,3652,2666,2160,1539,2182,876,3646,2670,2154,1585,100,-50,200,-100,0,-500,-66,0,-83,-34,34,-76,122,124,123,125,122,124,46,46,46,48,48,51,1,0,3,0,1,8
52.323,6,home,125,2200,875,3652,2666,2160,1536,2186,876,3651,2667,2154,1572,100,0,150,-100,0,-400,55,0,0,-23,37,-146,122,124,123,125,122,124,46,46,46,48,48,51,7,0,1,0,2,8
52.3563,6,home,126,2205,875,3652,2666,2160,1533,2189,876,3654,2667,2155,1563,100,0,100,0,0,-300,55,0,0,0,34,-118,122,124,123,125,122,124,46,47,46,48,48,51,4,0,13,0,1,3
52.39,6,home,127,2210,875,3652,2666,2160,1529,2193,876,3655,2667,2155,1556,100,0,50,0,0,-250,58,0,-27,0,34,-101,122,124,123,125,122,124,46,46,46,48,48,51,3,0,2,0,1,5
52.4235,6,home,128,2215,875,3652,2666,2160,1522,2198,876,3655,2667,2155,1550,150,0,0,0,0,-150,62,0,-27,0,34,27,122,124,123,125,122,124,46,46,46,48,48,51,3,0,0,0,3,4
52.4573,6,home,129,2222,875,3652,2666,2160,1510,2201,876,3655,2667,2156,1544,150,0,0,0,0,-150,69,0,-27,0,30,-93,122,124,123,125,122,124,46,46,46,48,48,51,1,0,0,0,0,8
52.4904,6,home,130,2226,875,3652,2666,2160,1497,2206,876,3655,2667,2156,1536,100,0,0,0,0,-250,76,0,-27,0,30,-118,122,124,123,125,122,124,46,46,46,48,48,51,9,0,0,0,0,3
52.524,6,home,131,2229,875,3652,2666,2160,1489,2211,875,3655,2667,2156,1526,150,0,0,0,0,-300,72,0,-27,0,30,-129,122,124,123,125,122,124,46,46,46,48,48,51,3,0,0,0,1,6
52.5575,6,home,132,2231,875,3652,2666,2160,1484,2216,875,3655,2667,2156,1517,100,0,0,0,0,-300,65,0,-27,0,30,-122,122,124,123,125,122,124,46,46,46,48,48,51,3,0,1,0,1,14
52.591,6,home,133,2233,875,3652,2666,2160,1481,2219,875,3655,2667,2156,1510,100,0,0,0,0,-250,62,0,-27,0,30,-108,122,124,123,125,122,124,46,46,46,48,48,51,4,0,0,0,0,10
52.6242,6,home,134,2233,875,3652,2666,2160,1480,2223,875,3655,2667,2156,1503,100,0,0,0,0,-200,55,0,-27,0,30,-97,122,124,123,125,122,124,46,46,46,48,48,51,1,0,0,0,1,5
52.658,6,home,135,2233,875,3652,2666,2160,1480,2225,875,3655,2667,2156,1500,100,0,0,0,0,-150,44,0,-27,0,30,-90,122,124,123,125,122,124,46,47,46,48,48,51,2,0,0,0,1,3
52.6913,6,home,136,2233,875,3652,2666,2160,1480,2227,875,3655,2667,2156,1497,50,0,0,0,0,-50,41,0,-27,0,30,-79,122,124,123,125,122,124,46,46,46,48,48,51,1,0,0,0,0,6
52.725,6,home,137,2233,875,3652,2666,2160,1480,2227,875,3655,2667,2156,1496,50,0,0,0,0,-100,37,0,-27,0,30,-72,122,125,123,125,122,124,46,47,46,48,48,51,2,0,0,0,0,10
52.7583,6,home,138,2233,875,3652,2666,2160,1480,2228,875,3655,2667,2156,1495,0,0,0,0,0,-50,34,0,-27,0,30,-69,122,125,123,125,122,124,46,46,46,48,48,51,1,0,0,0,0,9
52.7919,6,home,139,2233,875,3652,2666,2160,1480,2229,875,3655,2667,2156,1495,0,0,0,0,0,0,30,0,-27,0,30,-69,122,125,123,125,122,124,46,46,46,48,48,51,0,0,0,0,0,9
52.825,6,home,140,2233,875,3652,2666,2160,1480,2229,875,3655,2667,2156,1495,0,0,0,0,0,0,30,0,-27,0,30,-69,122,125,123,125,122,124,46,46,46,48,48,51,1,0,0,0,1,10
52.859,6,home,141,2233,875,3652,2666,2160,1480,2229,875,3655,2667,2156,1495,0,0,0,0,0,0,30,0,-27,0,30,-69,122,124,123,125,122,124,46,47,46,48,48,51,1,0,0,0,0,10
52.8922,6,home,142,2233,875,3652,2666,2160,1480,2229,875,3655,2667,2156,1495,0,0,0,0,0,0,30,0,-27,0,30,-69,122,124,123,125,122,124,46,46,46,48,48,51,1,0,1,0,0,10
52.9255,6,home,143,2233,875,3652,2666,2160,1480,2229,875,3655,2667,2156,1495,0,0,0,0,0,0,30,0,-27,0,30,-69,122,124,123,125,122,124,46,46,46,48,48,51,1,0,0,0,1,10
52.9591,6,home,144,2233,875,3652,2666,2160,1480,2229,875,3655,2667,2156,1494,0,0,0,0,0,0,30,0,-27,0,30,-69,122,124,123,125,122,124,46,47,46,48,48,51,0,0,0,0,0,10
52.9923,6,home,145,2233,875,3652,2666,2160,1480,2229,875,3655,2667,2156,1494,0,0,0,0,0,0,30,0,-27,0,30,-65,122,124,123,125,122,124,46,47,46,48,48,51,1,0,0,0,0,8
53.0261,6,home,146,2233,875,3652,2666,2160,1480,2229,875,3655,2667,2156,1494,0,0,0,0,0,0,30,0,-27,0,30,-65,122,124,123,125,122,124,46,46,46,48,48,51,1,0,0,0,1,8
53.0593,6,home,147,2233,875,3652,2666,2160,1480,2229,875,3655,2667,2156,1494,0,0,0,0,0,0,30,0,-27,0,30,-65,122,124,123,125,122,124,46,46,46,48,48,51,1,0,0,0,1,9
53.093,6,home,148,2233,875,3652,2666,2160,1480,2229,875,3655,2667,2156,1494,0,0,0,0,0,0,30,0,-27,0,30,-65,122,125,123,125,122,124,46,46,46,48,48,51,0,0,0,0,1,8
53.1262,6,home,149,2233,875,3652,2666,2160,1480,2229,875,3655,2667,2156,1494,0,0,0,0,0,0,30,0,-27,0,30,-65,122,124,123,125,122,124,46,47,46,48,48,51,1,0,0,0,0,9
53.1598,6,home,150,2233,875,3652,2666,2160,1480,2229,875,3655,2667,2156,1494,0,0,0,0,0,0,30,0,-27,0,30,-65,122,124,123,125,122,124,46,47,46,48,48,51,1,0,0,0,0,8
53.1931,6,home,151,2233,875,3652,2666,2160,1480,2229,875,3655,2666,2156,1494,0,0,0,0,0,0,30,0,-27,0,30,-65,122,124,123,125,122,124,46,46,46,48,48,51,1,0,0,0,1,9
53.2264,6,home,152,2233,875,3652,2666,2160,1480,2229,875,3655,2666,2156,1494,0,0,0,-50,0,0,30,0,-27,0,30,-65,122,125,123,125,122,124,46,46,46,48,48,51,1,0,0,0,1,9
53.2602,6,home,153,2233,875,3652,2666,2160,1480,2229,875,3655,2666,2156,1494,0,0,0,0,0,0,30,0,-27,0,30,-65,122,125,123,125,122,124,46,46,46,48,48,51,2,0,0,0,1,9
53.2934,6,home,154,2233,875,3652,2666,2160,1480,2229,875,3655,2666,2156,1494,0,0,0,0,0,0,30,0,-27,0,30,-65,122,125,123,125,122,124,46,46,46,48,48,51,1,0,0,0,1,9
53.327,6,home,155,2233,875,3652,2666,2160,1480,2229,875,3655,2666,2156,1494,0,0,0,0,0,0,30,0,-27,0,30,-65,122,125,123,125,122,124,46,47,46,48,48,51,1,0,0,0,1,9
53.3606,6,home,156,2233,875,3652,2666,2160,1480,2229,875,3655,2666,2156,1494,0,0,0,0,0,0,30,0,-27,0,30,-65,122,125,123,125,122,124,46,46,46,48,48,51,1,0,0,0,0,9
53.394,6,home,157,2233,875,3652,2666,2160,1480,2229,875,3655,2666,2156,1494,0,0,0,0,0,0,30,0,-27,0,30,-65,122,124,123,125,122,124,46,46,46,48,48,51,0,0,0,0,1,9
53.4273,6,home,158,2233,875,3652,2666,2160,1480,2229,875,3655,2666,2156,1494,0,0,0,0,0,0,30,0,-27,0,30,-65,122,124,123,125,122,124,46,47,46,48,48,51,0,0,0,0,1,8
53.461,6,home,159,2233,875,3652,2666,2160,1480,2229,875,3655,2666,2156,1494,0,0,0,0,0,0,30,0,-27,0,30,-65,122,124,123,125,122,124,46,46,46,48,48,51,1,0,0,0,1,9
53.4942,6,home,160,2233,875,3652,2666,2160,1480,2229,875,3655,2666,2156,1494,0,0,0,0,0,0,30,0,-27,0,30,-65,122,124,123,125,122,124,46,47,46,48,48,51,2,0,0,0,1,9
53.528,6,home,161,2233,875,3652,2666,2160,1480,2229,875,3655,2666,2156,1494,0,0,0,0,0,0,30,0,-27,0,30,-65,122,124,123,125,122,124,46,47,46,48,48,51,0,0,0,0,1,8
53.5612,6,home,162,2233,875,3652,2666,2160,1480,2229,875,3655,2666,2156,1494,0,0,0,0,0,0,30,0,-27,0,30,-65,122,124,123,125,122,124,46,47,46,48,48,51,1,0,0,0,0,8
53.5945,6,home,163,2233,875,3652,2666,2160,1480,2229,875,3655,2666,2156,1494,0,0,0,0,0,0,30,0,-27,0,30,-65,122,124,123,125,122,124,46,47,46,48,48,51,1,0,0,0,1,8
53.628,6,home,164,2233,875,3652,2666,2160,1480,2229,875,3655,2666,2156,1494,0,0,0,0,0,0,30,0,-27,0,30,-65,122,125,123,125,122,124,46,47,46,48,48,51,1,0,0,0,0,7
53.6613,6,home,165,2233,875,3652,2666,2160,1480,2229,875,3655,2666,2156,1494,0,0,0,0,0,0,30,0,-27,0,30,-65,122,124,123,125,122,124,46,46,46,48,48,51,1,0,0,0,0,8
53.6951,6,home,166,2233,875,3652,2666,2160,1480,2229,875,3655,2666,2156,1494,0,0,0,0,0,0,30,0,-27,0,30,-65,122,124,123,125,122,124,46,47,46,48,48,51,1,0,0,0,1,8
53.7282,6,home,167,2233,875,3652,2666,2160,1480,2229,875,3655,2666,2156,1494,0,0,0,0,0,0,30,0,-27,0,30,-65,122,124,123,125,122,124,46,47,46,48,48,51,1,0,0,0,0,8
53.7617,6,home,168,2233,875,3652,2666,2160,1480,2229,875,3655,2666,2156,1494,0,0,0,0,0,0,30,0,-27,0,30,-65,122,124,123,125,122,124,46,47,46,48,48,51,0,0,0,0,0,8
53.795,6,home,169,2233,875,3652,2666,2160,1480,2229,875,3655,2666,2156,1494,0,0,0,0,0,0,30,0,-27,0,30,-65,122,124,123,125,122,124,46,46,46,48,48,51,0,0,0,0,1,8
53.8282,6,home,170,2233,875,3652,2666,2160,1480,2229,875,3655,2666,2156,1494,0,0,0,0,0,0,30,0,-27,0,30,-65,122,124,123,126,122,124,46,47,46,48,48,51,0,0,0,0,0,9
53.8683,7,lift,0,2229,909,3655,2666,2156,1494,2229,875,3655,2666,2156,1494,0,0,0,0,0,0,30,0,-27,0,30,-65,122,124,123,125,122,124,46,47,46,48,48,51,0,0,0,0,0,9
53.902,7,lift,1,2229,942,3655,2666,2156,1494,2229,881,3655,2666,2156,1495,0,200,0,0,0,0,0,125,0,0,0,0,122,124,123,125,122,124,46,46,46,48,48,51,0,30,0,0,0,7
53.9353,7,lift,2,2229,976,3655,2666,2156,1494,2229,893,3655,2665,2156,1496,0,250,0,0,0,50,0,199,0,0,0,-23,122,124,123,125,122,124,46,47,46,48,48,51,0,29,0,0,0,1
53.9685,7,lift,3,2229,1010,3655,2666,2156,1494,2229,911,3654,2663,2156,1496,0,550,0,-50,0,0,0,164,0,23,0,-23,122,124,123,125,122,124,46,47,46,48,48,51,0,36,0,0,0,0
54.002,7,lift,4,2229,1044,3655,2666,2156,1494,2229,933,3651,2662,2154,1496,0,700,-100,-50,0,0,0,202,30,30,23,-23,122,124,123,125,122,124,46,46,46,48,48,51,0,117,0,0,0,0
54.0352,7,lift,5,2229,1077,3655,2666,2156,1494,2229,956,3644,2662,2154,1496,0,600,-250,0,-50,0,0,262,136,30,23,-23,122,124,122,125,122,124,46,46,46,48,48,51,0,126,6,0,0,0
54.0688,7,lift,6,2229,1111,3655,2666,2156,1494,2229,982,3644,2661,2153,1496,0,700,0,-50,-50,0,0,372,55,34,27,-23,122,124,122,125,121,124,46,47,46,48,48,51,0,82,5,0,1,0
54.102,7,lift,7,2229,1145,3655,2666,2156,1494,2229,1010,3642,2660,2153,1496,0,800,-50,0,0,0,0,301,62,34,27,-23,122,124,122,125,121,124,46,47,46,48,48,51,0,76,12,2,0,0
54.1352,7,lift,8,2229,1179,3655,2666,2156,1494,2229,1037,3640,2657,2152,1496,0,800,-50,-50,-50,0,0,315,69,44,30,-23,122,124,122,125,121,124,46,47,46,48,48,51,0,148,9,19,0,0
54.1685,7,lift,9,2229,1212,3655,2666,2156,1494,2229,1064,3639,2651,2152,1496,0,800,-50,-150,0,0,0,368,72,65,30,-23,122,124,122,125,121,124,46,47,46,48,48,51,0,181,10,15,0,0
54.202,7,lift,10,2229,1246,3655,2666,2156,1494,2229,1093,3636,2646,2152,1496,0,900,-50,-150,0,0,0,378,79,171,30,-23,122,124,122,125,121,124,46,47,46,48,48,51,0,168,15,21,0,0
54.2352,7,lift,11,2229,1280,3655,2666,2156,1494,2229,1121,3632,2642,2152,1496,0,800,-100,-150,0,0,0,389,93,97,30,-23,122,124,122,124,121,123,46,47,46,48,48,51,0,156,53,29,1,0
54.2686,7,lift,12,2229,1314,3655,2666,2156,1494,2229,1149,3627,2639,2152,1496,0,850,-150,-100,0,0,0,399,115,108,30,-23,121,123,122,124,121,123,46,46,46,48,48,51,0,186,41,31,1,0
54.302,7,lift,13,2229,1347,3655,2666,2156,1494,2228,1178,3621,2638,2152,1496,0,850,-200,-50,0,0,0,413,129,115,30,-23,121,123,122,124,121,123,46,46,46,48,48,51,0,272,45,40,0,0
54.3352,7,lift,14,2229,1381,3655,2666,2156,1494,2228,1206,3615,2637,2152,1496,-50,800,-150,-50,0,0,0,456,150,118,30,-23,121,123,122,124,121,123,46,47,46,48,48,51,0,288,67,47,0,0
54.3686,7,lift,15,2229,1415,3655,2666,2156,1494,2228,1234,3607,2637,2152,1496,0,850,-250,0,0,0,0,466,178,118,30,-23,121,123,121,124,120,123,46,47,46,48,48,51,0,285,122,46,1,0
54.402,7,lift,16,2229,1448,3655,2666,2156,1494,2228,1262,3599,2637,2152,1496,0,850,-250,0,0,0,0,484,210,118,30,-23,121,123,121,124,120,123,46,47,46,48,48,51,0,282,176,45,0,0
54.4352,7,lift,17,2229,1482,3655,2666,2156,1494,2228,1290,3592,2638,2152,1496,0,800,-200,0,0,0,0,491,323,115,30,-23,121,123,121,124,120,122,46,47,46,48,48,51,0,431,143,44,0,0
54.4685,7,lift,18,2229,1516,3655,2666,2156,1494,2227,1317,3589,2638,2152,1496,0,850,-100,0,0,0,23,540,245,115,30,-23,121,123,121,123,120,122,46,47,46,48,48,51,1,471,135,44,0,0
54.502,7,lift,19,2229,1550,3655,2666,2156,1494,2227,1342,3583,2638,2152,1496,0,750,-150,0,0,0,23,565,262,115,30,-23,120,122,120,123,120,122,46,47,46,48,48,51,0,503,164,44,1,0
54.5352,7,lift,20,2229,1583,3655,2666,2156,1494,2227,1364,3576,2638,2152,1496,0,650,-250,0,0,0,23,597,375,115,30,-23,120,122,120,123,119,121,46,47,46,48,48,51,0,660,190,43,1,0
54.5683,7,lift,21,2229,1617,3655,2666,2156,1494,2227,1391,3568,2639,2152,1496,0,750,-200,50,0,0,23,702,319,111,30,-23,120,121,119,122,119,121,46,47,46,48,48,51,0,527,280,40,0,0
54.602,7,lift,22,2229,1651,3655,2666,2156,1494,2227,1415,3562,2639,2153,1496,0,800,-200,0,50,0,23,731,336,111,27,-23,120,121,119,122,118,121,46,47,46,48,48,51,0,779,299,39,0,0
54.6351,7,lift,23,2229,1685,3655,2666,2156,1494,2227,1433,3559,2640,2154,1496,0,550,-150,0,50,0,23,716,350,108,23,-23,119,121,119,121,118,120,46,47,46,48,48,51,0,944,325,36,0,0
54.6685,7,lift,24,2229,1718,3655,2666,2156,1494,2227,1450,3557,2640,2155,1496,0,500,-50,0,0,0,23,769,446,108,23,-23,119,120,118,121,117,120,46,47,46,48,48,51,0,1199,270,35,0,0
54.7019,7,lift,25,2229,1752,3655,2666,2156,1494,2226,1468,3551,2640,2156,1496,-50,550,-100,0,50,0,27,818,379,108,0,-23,118,120,118,120,117,119,46,46,46,48,48,51,2,1246,301,35,0,0
54.7352,7,lift,26,2229,1786,3655,2666,2156,1494,2226,1483,3547,2641,2157,1496,0,450,-100,0,100,0,27,878,396,108,0,-23,117,119,117,119,116,118,46,47,46,48,48,51,0,1561,360,36,0,0
54.7687,7,lift,27,2229,1820,3655,2666,2156,1494,2226,1496,3544,2641,2160,1496,0,400,-100,50,100,0,27,1000,403,104,-27,-23,117,118,116,119,115,118,46,46,46,48,48,51,0,1666,321,27,0,0
54.8019,7,lift,28,2229,1853,3655,2666,2156,1494,2226,1505,3542,2641,2160,1496,0,250,-50,0,0,0,27,1000,410,104,-30,-23,117,118,116,118,115,117,46,47,46,48,48,51,0,1793,328,26,0,0
54.8352,7,lift,29,2229,1887,3655,2666,2156,1494,2226,1511,3540,2642,2161,1496,0,200,-100,0,0,0,27,1000,421,104,-34,-23,117,117,115,118,114,117,46,46,46,48,48,51,0,1799,328,25,1,0
54.8698,7,align,0,2227,1887,3614,2678,2155,1515,2226,1514,3539,2642,2162,1496,0,100,-50,0,0,0,27,1000,424,101,-37,-23,116,117,115,118,114,117,46,46,46,48,48,51,0,1811,324,23,2,0
54.9019,7,align,1,2225,1887,3574,2691,2154,1537,2226,1515,3535,2643,2162,1498,0,50,-150,0,0,0,0,1000,258,139,-41,79,116,117,115,118,114,117,46,47,46,48,48,51,1,1826,222,48,2,22
54.9353,7,align,2,2223,1887,3533,2704,2153,1558,2226,1517,3526,2649,2163,1502,0,0,-150,150,50,100,0,1000,259,167,-48,143,117,117,116,118,115,117,46,47,46,48,48,51,0,1830,141,54,2,14
54.9687,7,align,3,2221,1887,3492,2716,2152,1579,2226,1532,3510,2660,2162,1518,0,250,-450,250,0,250,-27,1000,83,174,-51,79,117,118,116,119,115,117,46,47,46,48,48,51,0,1567,93,47,3,13
55.002,7,align,4,2219,1887,3452,2728,2151,1601,2226,1573,3487,2672,2160,1536,0,850,-550,400,-50,450,-34,976,193,185,-48,86,118,119,117,120,116,119,46,47,46,48,48,51,1,1081,58,20,1,23
55.0352,7,align,5,2217,1887,3411,2741,2150,1622,2224,1628,3459,2685,2158,1551,-50,1600,-750,400,-100,450,-34,765,73,90,-41,210,119,120,119,121,118,120,46,47,46,48,48,51,2,751,30,26,1,36
55.0685,7,align,6,2215,1887,3371,2754,2149,1643,2222,1680,3429,2701,2157,1564,-50,1550,-850,350,-50,450,-34,631,-30,79,-41,231,120,122,120,122,119,122,46,46,46,48,48,51,0,354,20,25,2,33
55.1019,7,align,7,2213,1887,3330,2766,2149,1665,2220,1725,3398,2720,2155,1577,0,1350,-900,500,-50,300,-34,540,-51,54,-37,171,121,122,121,123,120,122,46,46,46,48,48,51,0,184,2,24,2,56
55.1353,7,align,8,2211,1887,3289,2778,2148,1686,2218,1760,3365,2736,2154,1590,-50,1150,-1000,550,-50,350,-37,396,-69,139,-34,199,121,123,121,124,120,122,46,47,46,48,48,51,1,109,0,3,2,117
55.1685,7,align,9,2209,1887,3249,2791,2147,1707,2217,1791,3333,2752,2152,1605,-50,950,-900,500,0,450,-37,276,-97,37,-34,305,121,123,122,124,120,123,46,46,46,48,48,51,2,49,2,0,1,150
55.2021,7,align,10,2207,1887,3208,2804,2146,1729,2215,1818,3302,2771,2150,1623,0,800,-900,500,-50,500,-41,178,-121,104,-27,336,122,123,122,124,121,123,46,47,46,48,48,51,2,26,33,6,0,134
55.2351,7,align,11,2205,1887,3167,2816,2145,1750,2213,1837,3278,2786,2150,1640,-100,700,-850,500,0,550,-37,121,-287,-34,-34,259,122,124,122,124,121,123,46,47,46,48,48,51,0,7,43,5,1,93
55.2683,7,align,12,2203,1887,3127,2828,2144,1771,2211,1861,3250,2802,2150,1657,-50,800,-850,450,0,500,-37,33,-245,69,-34,266,122,124,122,124,121,123,46,47,46,48,48,51,1,1,26,1,1,119
55.3019,7,align,13,2201,1887,3086,2841,2143,1793,2208,1871,3222,2817,2150,1675,-50,500,-800,450,0,500,-37,76,-276,69,-37,361,122,123,122,124,121,123,46,47,46,48,48,51,0,0,62,0,1,157
55.3352,7,align,14,2198,1887,3046,2854,2142,1814,2204,1878,3195,2835,2149,1692,-100,150,-800,500,0,550,-30,-69,-318,48,-37,393,122,123,122,124,120,123,46,46,46,48,48,51,3,0,124,6,1,203
55.3683,7,align,15,2196,1887,3005,2866,2141,1835,2203,1883,3163,2852,2148,1708,-100,150,-950,450,0,500,-34,37,-378,-87,-41,403,121,123,121,124,120,123,46,47,46,48,48,51,1,0,165,5,1,187
55.402,7,align,16,2194,1887,2964,2878,2140,1857,2200,1888,3133,2867,2147,1727,0,150,-900,500,-50,500,-30,0,-498,0,-37,325,121,123,121,124,120,123,46,47,46,48,48,51,0,0,180,1,3,185
55.4351,7,align,17,2192,1887,2924,2891,2139,1878,2197,1890,3102,2881,2147,1747,-100,100,-900,450,0,650,-30,-27,-435,23,-41,325,121,123,121,124,120,122,46,47,46,48,48,51,0,2,184,6,2,144
55.4685,7,align,18,2190,1887,2883,2904,2138,1899,2194,1890,3066,2891,2146,1771,-50,0,-1050,300,-50,750,-27,-27,-442,-94,-41,311,121,123,121,124,120,122,46,47,46,48,48,51,1,0,158,9,2,146
55.502,7,align,19,2188,1887,2842,2916,2137,1921,2192,1890,3024,2899,2145,1799,-50,0,-1300,250,-50,750,-27,-27,-431,-80,-41,315,121,123,121,124,120,123,46,47,46,48,48,51,1,0,251,2,2,97
55.5352,7,align,20,2186,1887,2802,2928,2136,1942,2190,1890,2983,2905,2144,1827,-50,0,-1250,150,0,900,-23,-27,-381,58,-41,283,121,123,122,124,121,123,46,47,46,48,48,51,0,1,150,9,4,49
55.5684,7,align,21,2184,1887,2761,2941,2135,1963,2188,1892,2938,2907,2141,1858,-100,50,-1250,150,-100,850,-23,-30,-357,90,-37,329,122,124,122,124,121,123,46,47,46,48,48,51,0,8,119,10,1,35
55.6019,7,align,22,2182,1887,2720,2954,2135,1985,2186,1893,2896,2913,2138,1888,-50,50,-1300,50,-150,850,-23,-37,-428,125,-27,206,122,123,122,124,121,123,46,46,46,48,48,51,0,4,106,5,0,30
55.6352,7,align,23,2180,1887,2680,2966,2134,2006,2184,1894,2859,2924,2140,1914,-50,50,-1150,300,0,850,-23,-41,-424,129,-34,298,122,124,122,124,121,123,46,47,46,48,48,51,1,4,186,9,8,45
55.6685,7,align,24,2178,1887,2639,2978,2133,2027,2182,1893,2817,2935,2139,1940,-50,0,-1200,300,-50,800,-23,-41,-463,132,-34,185,122,124,122,124,121,123,46,47,46,48,48,51,0,4,202,17,2,16
55.7019,7,align,25,2176,1887,2599,2991,2132,2049,2179,1893,2777,2947,2139,1965,-50,0,-1200,300,0,700,-23,-37,-452,129,-37,167,122,124,122,124,121,123,46,47,46,48,48,51,0,3,143,16,4,9
55.7352,7,align,26,2174,1887,2558,3004,2131,2070,2177,1894,2738,2959,2140,1988,-50,0,-1150,350,0,750,-23,-37,-442,146,-44,153,122,124,122,124,121,123,46,47,46,48,48,51,2,3,118,6,4,24
55.7688,7,align,27,2172,1887,2517,3016,2130,2091,2175,1895,2699,2973,2140,2011,-100,50,-1150,500,-50,750,0,-44,-442,143,-48,139,122,123,122,124,121,123,46,47,46,48,48,51,2,9,108,4,4,39
55.802,7,align,28,2170,1887,2477,3028,2129,2113,2173,1895,2660,2986,2140,2033,-50,0,-1200,300,0,600,0,-44,-438,132,-51,157,122,124,122,124,121,123,46,47,46,48,48,51,1,4,229,8,5,31
55.8351,7,align,29,2168,1887,2436,3041,2128,2134,2171,1895,2622,2999,2140,2055,-50,0,-1150,350,0,650,0,-44,-392,125,-51,238,121,124,122,124,121,123,46,47,46,48,48,51,0,3,192,11,5,11
55.8683,7,home,0,2168,1887,2436,3041,2128,2134,2169,1895,2582,3013,2140,2077,-100,0,-1150,350,0,650,0,-44,-477,118,-58,227,121,124,122,124,121,123,46,47,46,48,48,51,0,4,174,19,6,15
55.8704,7,home,1,2168,1887,2436,3041,2129,2134,2169,1895,2580,3013,2139,2078,-100,0,-1150,350,0,650,0,-44,-477,118,-58,227,121,124,122,124,121,123,46,47,46,48,48,51,0,4,174,9,6,15
55.9021,7,home,2,2168,1887,2436,3041,2129,2134,2167,1895,2548,3020,2138,2094,-50,0,-1200,200,-50,550,0,-44,-343,-16,-48,76,122,124,122,125,121,123,46,47,46,48,48,51,0,3,86,2,4,3
55.9354,7,home,3,2168,1887,2436,3041,2130,2134,2167,1894,2526,3025,2138,2105,0,0,-750,250,0,350,0,-41,-252,76,-48,118,122,124,122,125,121,124,46,47,46,48,48,51,0,3,78,5,5,3
55.9689,7,home,4,2168,1887,2436,3041,2130,2134,2167,1894,2510,3028,2138,2112,0,0,-500,100,0,200,0,-41,-294,62,-44,-20,122,124,122,125,121,124,46,47,46,48,48,51,0,3,72,4,4,4
56.0023,7,home,5,2168,1887,2436,3041,2130,2134,2167,1894,2500,3031,2138,2117,0,0,-300,100,0,150,0,-41,-248,51,-44,79,122,124,122,125,121,124,46,46,46,48,48,51,0,2,73,3,4,6
56.0359,7,home,6,2168,1887,2436,3041,2130,2134,2167,1895,2495,3032,2138,2120,0,50,-250,50,0,100,0,-44,-227,48,-44,65,122,124,122,125,121,124,46,47,46,48,48,51,0,3,80,3,4,6
56.0692,7,home,7,2168,1887,2436,3041,2130,2134,2167,1895,2492,3034,2138,2122,0,0,-100,50,0,100,0,-44,-217,41,-44,58,122,124,122,125,121,124,46,47,46,48,48,51,0,4,88,3,3,6
56.1028,7,home,8,2168,1887,2436,3041,2130,2134,2167,1895,2492,3034,2138,2124,0,0,0,0,0,50,0,-44,-213,41,-44,55,122,124,122,125,121,124,46,46,46,48,48,51,0,4,98,2,4,3
56.1361,7,home,9,2168,1887,2436,3041,2130,2134,2167,1895,2491,3034,2138,2125,0,0,-50,0,0,0,0,-44,-210,41,-44,51,122,124,122,125,121,124,46,47,46,48,48,51,0,4,94,3,4,4
56.1699,7,home,10,2168,1887,2436,3041,2130,2134,2167,1895,2491,3034,2138,2125,0,0,0,0,0,50,0,-44,-210,41,-44,48,122,124,122,125,121,124,46,47,46,48,48,51,0,3,96,2,4,3
56.2029,7,home,11,2168,1887,2436,3041,2130,2134,2167,1895,2491,3034,2138,2125,0,0,0,0,0,0,0,-44,-210,41,-44,48,122,124,122,125,121,124,46,47,46,48,48,51,0,4,97,3,4,4
56.2362,7,home,12,2168,1887,2436,3041,2130,2134,2167,1895,2491,3034,2138,2125,0,0,0,0,0,0,0,-44,-210,41,-44,48,122,124,122,125,121,124,46,47,46,48,48,51,0,3,97,2,3,4
56.2699,7,home,13,2168,1887,2436,3041,2130,2134,2167,1895,2491,3034,2138,2125,0,0,0,0,0,0,0,-44,-210,41,-44,48,122,124,122,125,121,124,46,47,46,48,48,51,0,3,96,2,4,3
56.3031,7,home,14,2168,1887,2436,3041,2130,2134,2167,1895,2491,3034,2138,2126,0,0,0,0,0,0,0,-44,-210,41,-44,48,122,124,122,125,121,124,46,47,46,48,48,51,0,3,96,2,4,4
56.337,7,home,15,2168,1887,2436,3041,2130,2134,2167,1895,2491,3034,2138,2126,0,0,0,0,0,0,0,-44,-210,41,-44,44,122,124,122,125,121,124,46,47,46,48,48,51,0,3,97,2,3,3
56.3702,7,home,16,2168,1887,2436,3041,2130,2134,2167,1895,2491,3034,2138,2126,0,0,0,0,0,0,0,-44,-210,41,-44,44,122,124,122,125,121,124,46,47,46,48,48,51,0,4,97,1,4,3
56.4041,7,home,17,2168,1887,2436,3041,2130,2134,2167,1895,2491,3034,2138,2126,0,0,0,0,0,0,0,-44,-210,41,-44,44,122,124,122,125,121,124,46,47,46,48,48,51,0,3,96,1,4,3
56.4372,7,home,18,2168,1887,2436,3041,2130,2134,2167,1895,2491,3034,2138,2126,0,0,0,0,0,0,0,-44,-210,41,-44,44,122,124,122,125,121,124,46,47,46,48,48,51,0,3,96,2,4,3
56.4709,7,home,19,2168,1887,2436,3041,2130,2134,2167,1895,2491,3034,2138,2126,0,0,0,0,0,0,0,-44,-210,41,-44,44,122,124,122,125,121,124,46,46,46,48,48,51,0,4,97,2,4,3
56.5041,7,home,20,2168,1887,2436,3041,2130,2134,2167,1895,2491,3034,2138,2126,0,0,0,0,0,0,0,-44,-210,41,-44,44,122,124,122,125,121,124,46,47,46,48,48,51,0,3,96,2,4,3
56.5379,7,home,21,2168,1887,2436,3041,2130,2134,2167,1895,2491,3034,2138,2126,0,0,0,0,0,0,0,-44,-210,41,-44,44,122,124,122,125,121,124,46,47,46,48,48,51,0,4,97,3,4,3
56.5712,7,home,22,2168,1887,2436,3041,2130,2134,2167,1895,2491,3034,2138,2126,0,0,0,0,0,0,0,-44,-210,41,-44,44,122,124,122,125,121,124,46,46,46,48,48,51,0,4,96,2,3,2
56.6049,7,home,23,2168,1887,2436,3041,2130,2134,2167,1895,2491,3034,2138,2126,0,0,0,0,0,0,0,-44,-210,41,-44,44,122,124,122,125,121,124,46,47,46,48,48,51,0,3,96,2,4,4
56.6382,7,home,24,2168,1887,2436,3041,2130,2134,2167,1895,2491,3034,2138,2126,0,0,0,0,0,0,0,-44,-210,41,-44,44,122,124,122,125,121,124,46,47,46,48,48,51,0,4,97,3,4,3
56.6719,7,home,25,2168,1887,2436,3041,2130,2134,2167,1895,2491,3034,2138,2126,0,0,0,0,0,0,0,-44,-210,41,-44,44,122,124,122,125,121,124,46,47,46,48,48,51,0,4,96,2,4,2
56.7051,7,home,26,2168,1887,2436,3041,2130,2134,2167,1895,2491,3034,2138,2126,0,0,0,0,0,0,0,-44,-210,41,-44,44,122,124,122,125,121,124,46,47,46,48,48,51,0,3,96,2,4,2
56.7389,7,home,27,2168,1887,2436,3041,2130,2134,2167,1895,2491,3034,2138,2126,0,0,0,0,0,0,0,-44,-210,41,-44,44,122,124,122,125,121,124,46,47,46,48,48,51,0,4,96,2,3,3
56.7721,7,home,28,2168,1887,2436,3041,2130,2134,2167,1895,2491,3034,2138,2126,0,0,0,0,0,0,0,-44,-210,41,-44,44,122,124,122,125,121,124,46,47,46,48,48,51,0,4,96,3,4,3
56.8061,7,home,29,2168,1887,2436,3041,2130,2134,2167,1895,2491,3034,2138,2126,0,0,0,0,0,0,0,-44,-210,41,-44,44,122,124,122,125,121,124,46,47,46,48,48,51,0,3,96,2,4,3
56.8391,7,home,30,2168,1887,2436,3041,2130,2134,2167,1895,2491,3034,2138,2126,0,0,0,0,0,0,0,-44,-210,41,-44,44,122,124,122,125,121,124,46,47,46,48,48,51,0,3,96,2,3,3
56.8729,7,home,31,2168,1887,2436,3041,2130,2134,2167,1895,2491,3034,2138,2126,0,0,0,0,0,0,0,-44,-210,41,-44,44,122,124,122,125,121,124,46,47,46,48,48,51,0,3,96,2,3,3
56.9062,7,home,32,2168,1887,2436,3041,2130,2134,2167,1895,2491,3034,2138,2126,0,0,0,0,0,0,0,-44,-210,41,-44,44,122,124,122,125,121,124,46,47,46,48,48,51,0,4,96,2,4,2
56.9399,7,home,33,2168,1887,2436,3041,2130,2134,2167,1895,2491,3034,2138,2126,0,0,0,0,0,0,0,-44,-210,41,-44,44,122,124,122,125,121,124,46,47,46,48,48,51,0,4,96,2,4,2
56.9731,7,home,34,2168,1887,2436,3041,2130,2134,2167,1895,2491,3034,2138,2126,0,0,0,0,0,0,0,-44,-210,41,-44,44,122,124,122,125,121,124,46,47,46,48,48,51,0,3,96,2,4,3
57.0064,7,home,35,2168,1887,2436,3041,2130,2134,2167,1895,2491,3034,2138,2126,0,0,0,0,0,0,0,-44,-210,41,-44,44,122,124,122,125,121,124,46,47,46,48,48,51,0,3,96,2,4,4
57.04,7,home,36,2168,1887,2436,3041,2130,2134,2167,1895,2491,3034,2138,2126,0,0,0,0,0,0,0,-44,-210,41,-44,44,122,124,122,125,121,124,46,47,46,48,48,51,0,3,96,2,4,3
57.0737,7,home,37,2168,1887,2436,3041,2130,2134,2167,1895,2491,3034,2138,2126,0,0,0,0,0,0,0,-44,-210,41,-44,44,122,124,122,125,121,124,46,47,46,48,48,51,0,4,96,3,4,4
57.107,7,home,38,2168,1887,2436,3041,2130,2134,2167,1895,2491,3034,2138,2126,0,0,0,0,0,0,0,-44,-210,41,-44,44,122,124,122,125,121,124,46,47,46,48,48,51,0,4,97,2,4,3
57.1405,7,home,39,2168,1886,2436,3041,2130,2134,2167,1895,2491,3034,2138,2126,0,0,0,0,0,0,0,-44,-210,41,-44,44,122,124,122,125,121,124,46,47,46,48,48,51,0,4,96,2,3,2
57.1741,7,home,40,2168,1883,2436,3041,2130,2134,2167,1895,2491,3034,2138,2126,0,0,0,0,0,0,0,-48,-210,41,-44,44,122,124,122,125,121,124,46,47,46,48,48,51,0,4,96,2,4,3
57.2081,7,home,41,2168,1878,2436,3041,2130,2134,2167,1895,2491,3034,2138,2126,0,0,0,0,0,0,0,-58,-210,41,-44,44,122,124,122,125,121,124,46,47,46,48,48,51,0,6,96,3,4,3
57.241,7,home,42,2168,1873,2436,3041,2130,2134,2167,1895,2491,3034,2138,2126,0,0,0,0,0,0,0,-76,-210,41,-44,44,122,124,122,125,121,124,46,47,46,48,48,51,0,11,95,3,4,3
57.2746,7,home,43,2168,1868,2436,3041,2130,2134,2167,1895,2491,3034,2138,2126,0,0,0,0,0,0,0,-93,-210,41,-44,44,122,124,122,125,121,124,46,47,46,48,48,51,0,21,96,3,4,3
57.308,7,home,44,2168,1864,2436,3041,2131,2134,2167,1895,2491,3034,2138,2126,0,0,0,0,0,0,0,-111,-210,41,-44,44,122,124,122,125,121,124,46,47,46,48,48,51,0,35,96,2,4,3
57.3412,7,home,45,2168,1861,2436,3041,2131,2134,2167,1895,2491,3034,2138,2126,0,0,0,0,0,0,0,-125,-210,41,-41,44,122,124,122,125,121,124,46,47,46,48,48,51,0,37,96,2,2,3
57.3749,7,home,46,2168,1861,2436,3041,2131,2134,2167,1895,2491,3034,2138,2126,0,0,0,0,0,0,0,-136,-210,41,-41,44,122,124,122,125,121,124,46,47,46,48,48,51,0,41,96,3,3,3
57.4084,7,home,47,2168,1861,2436,3041,2131,2134,2167,1895,2491,3034,2138,2126,0,0,0,0,0,0,0,-136,-210,41,-41,44,122,124,122,125,121,124,46,47,46,48,48,51,0,42,96,3,3,4
57.4419,7,home,48,2168,1861,2436,3041,2131,2134,2167,1895,2491,3034,2138,2126,0,0,0,0,0,0,0,-136,-210,41,-41,44,122,124,122,125,121,124,46,47,46,48,48,51,0,42,96,2,3,3
57.4753,7,home,49,2168,1861,2436,3041,2131,2134,2167,1895,2491,3034,2138,2126,0,0,0,0,0,0,0,-136,-210,41,-41,44,122,124,122,125,121,124,46,47,46,48,48,51,0,43,96,3,4,3
57.509,7,home,50,2168,1861,2436,3041,2131,2134,2167,1895,2491,3034,2138,2126,0,0,0,0,0,0,0,-136,-210,41,-41,44,122,124,122,125,121,124,46,47,46,48,48,51,0,42,96,2,4,4
57.5422,7,home,51,2167,1861,2436,3041,2131,2134,2167,1895,2491,3034,2138,2126,0,0,0,0,0,0,0,-136,-210,41,-41,44,122,124,122,125,121,124,46,47,46,48,48,51,0,43,96,2,4,3
57.5759,7,home,52,2167,1858,2437,3041,2131,2134,2167,1895,2491,3034,2138,2126,0,0,0,0,0,0,0,-136,-210,41,-41,44,122,124,122,125,121,124,46,47,46,48,48,51,0,42,97,2,3,3
57.6092,7,home,53,2167,1853,2439,3041,2131,2134,2167,1895,2491,3034,2138,2126,0,0,0,0,0,0,0,-146,-206,41,-41,44,122,124,122,125,121,124,46,47,46,48,48,51,0,54,92,1,3,3
57.643,7,home,54,2165,1845,2445,3041,2131,2134,2167,1895,2491,3034,2138,2126,0,0,0,0,0,0,0,-164,-199,41,-41,44,122,124,122,125,121,124,46,47,46,48,48,51,0,66,88,3,3,3
57.6764,7,home,55,2163,1834,2453,3041,2131,2134,2167,1895,2491,3034,2138,2126,0,0,0,0,0,0,-23,-192,-178,41,-41,44,122,124,122,125,121,124,46,47,46,48,48,51,0,86,71,2,3,4
57.71,7,home,56,2160,1821,2462,3041,2131,2134,2166,1893,2491,3034,2138,2126,0,-50,0,0,0,0,-30,-224,-150,41,-41,44,122,124,122,125,121,124,46,47,46,48,48,51,1,103,55,2,3,3
57.7431,7,home,57,2158,1806,2476,3041,2131,2134,2164,1890,2491,3034,2138,2126,-50,-100,0,0,0,0,-30,-262,-118,41,-41,44,122,124,122,125,121,124,46,47,46,48,48,51,0,118,34,2,2,3
57.7769,7,home,58,2156,1788,2492,3041,2131,2134,2162,1882,2491,3034,2138,2126,-50,-150,0,0,0,0,-30,-291,-69,41,-41,44,122,124,122,125,121,124,46,47,46,48,48,51,1,111,13,2,4,3
57.8103,7,home,59,2155,1770,2509,3041,2131,2134,2159,1871,2495,3034,2137,2126,-50,-300,100,0,0,0,-30,-227,-23,41,-41,44,122,124,122,125,121,124,46,47,46,48,48,51,1,146,13,2,2,3
57.8436,7,home,60,2155,1750,2527,3041,2131,2134,2157,1855,2502,3035,2137,2126,-50,-500,250,50,0,0,-27,-234,41,37,-37,44,122,124,122,125,121,124,46,47,46,48,48,51,0,127,18,0,2,3
57.8769,7,home,61,2155,1729,2542,3041,2131,2134,2156,1837,2513,3035,2137,2126,-50,-500,200,0,0,0,0,-259,79,37,-37,44,122,124,122,125,121,124,46,47,46,48,48,51,0,117,7,1,2,4
57.9105,7,home,62,2155,1709,2554,3041,2131,2134,2156,1818,2527,3035,2137,2126,0,-600,400,0,0,0,0,-347,83,37,-37,44,122,124,122,125,121,124,46,47,46,48,48,51,0,113,1,1,2,3
57.9439,7,home,63,2155,1686,2567,3041,2130,2134,2156,1798,2540,3035,2137,2126,0,-550,350,0,0,0,0,-343,76,37,-37,44,122,124,122,125,121,124,46,47,46,48,48,51,0,115,6,0,2,3
57.9771,7,home,64,2155,1662,2578,3041,2131,2134,2156,1778,2553,3035,2137,2126,0,-550,400,0,0,0,0,-347,-48,37,-41,44,122,124,122,125,121,124,46,47,46,48,48,51,0,99,6,1,3,3
58.0105,7,home,65,2155,1639,2589,3041,2133,2134,2156,1756,2565,3035,2137,2126,0,-600,400,0,0,0,0,-350,62,37,-37,44,122,124,122,125,121,124,46,47,46,48,48,51,0,140,2,2,2,3
58.0439,7,home,66,2155,1616,2604,3041,2136,2134,2156,1733,2578,3035,2137,2126,0,-700,400,0,0,0,0,-287,-52,37,-30,44,122,124,122,125,121,124,46,47,46,48,48,51,0,106,0,1,1,3
58.0773,7,home,67,2155,1595,2618,3041,2137,2134,2156,1710,2590,3035,2137,2126,0,-650,350,0,0,0,0,-280,76,37,0,44,122,124,122,125,121,124,46,47,46,48,48,51,0,92,0,1,1,4
58.1109,7,home,68,2155,1574,2633,3041,2139,2134,2156,1686,2604,3035,2137,2126,0,-700,400,0,0,0,0,-350,-45,37,0,44,122,124,122,125,121,124,46,47,46,48,48,51,0,82,5,1,0,4
58.1441,7,home,69,2155,1556,2648,3041,2141,2134,2156,1663,2617,3035,2137,2126,0,-700,400,0,0,0,0,-248,79,37,23,44,122,124,122,125,121,124,46,47,46,48,48,51,0,92,6,1,0,3
58.1775,7,home,70,2155,1538,2662,3041,2141,2134,2156,1640,2630,3035,2137,2126,0,-700,400,0,0,0,0,-340,-23,37,30,44,122,124,122,125,121,124,46,47,46,48,48,51,0,75,4,2,0,4
58.211,7,home,71,2155,1519,2675,3041,2141,2134,2156,1618,2645,3035,2137,2126,0,-650,400,0,0,0,0,-230,90,37,30,44,122,124,122,125,122,124,46,47,46,48,48,51,0,54,0,1,1,3
58.2442,7,home,72,2155,1501,2687,3041,2141,2134,2156,1596,2659,3035,2137,2126,0,-650,450,0,0,0,0,-305,83,37,30,44,122,124,122,125,121,124,46,47,46,48,48,51,0,45,0,2,0,3
58.2779,7,home,73,2155,1479,2703,3041,2141,2134,2156,1575,2673,3035,2137,2126,0,-600,400,0,0,0,0,-202,72,37,30,44,122,124,122,125,121,124,46,47,46,48,48,51,0,57,4,1,0,3
58.3112,7,home,74,2155,1455,2721,3041,2141,2134,2156,1556,2686,3035,2137,2126,0,-600,400,0,0,0,0,-202,-41,37,30,44,122,124,122,125,121,124,46,47,46,48,48,51,0,121,11,1,0,3
58.3447,7,home,75,2155,1431,2741,3037,2141,2134,2156,1533,2702,3035,2137,2126,0,-700,500,0,0,0,0,-319,-16,37,30,44,122,124,122,125,122,124,46,47,46,48,48,51,0,79,2,1,1,3
58.3781,7,home,76,2155,1405,2766,3027,2141,2134,2156,1510,2719,3035,2137,2126,0,-700,550,0,0,0,0,-230,111,23,30,44,122,124,122,125,122,124,46,47,46,48,48,51,0,43,0,0,1,4
58.4112,7,home,77,2155,1380,2793,3018,2141,2134,2156,1487,2739,3035,2137,2126,0,-700,550,0,0,0,0,-230,37,-44,30,44,122,124,122,125,121,124,46,47,46,48,48,51,0,59,2,1,1,4
58.4449,7,home,78,2155,1356,2821,3006,2141,2134,2156,1461,2764,3032,2137,2126,0,-750,750,0,0,0,0,-308,129,48,30,44,122,124,122,125,121,124,46,47,46,48,48,51,0,54,6,2,1,4
58.4784,7,home,79,2155,1337,2849,2995,2141,2134,2156,1434,2790,3026,2138,2126,0,-750,750,-150,0,0,0,-209,44,27,27,44,122,124,122,125,121,124,46,47,46,48,48,51,0,103,11,12,1,3
58.5119,7,home,80,2155,1319,2879,2982,2141,2134,2156,1410,2817,3019,2138,2126,0,-750,750,-200,0,0,0,-213,76,-101,27,44,122,124,122,125,121,124,46,47,46,48,48,51,0,38,11,18,0,4
58.5453,7,home,81,2155,1302,2909,2971,2141,2134,2156,1387,2843,3009,2137,2126,0,-700,800,-200,0,0,0,-273,76,-111,27,44,122,124,122,125,121,124,46,47,46,48,48,51,0,17,1,21,2,3
58.5787,7,home,82,2155,1288,2937,2957,2141,2134,2156,1365,2873,2999,2137,2126,0,-650,800,-300,-50,0,0,-164,76,-40,30,44,122,124,122,125,121,124,46,47,46,48,48,51,0,34,0,5,1,4
58.6121,7,home,83,2155,1273,2966,2941,2141,2134,2156,1345,2902,2987,2137,2126,0,-600,850,-400,0,0,0,-224,61,-47,30,44,122,124,122,125,121,124,46,47,46,48,48,51,0,30,9,7,1,4
58.6452,7,home,84,2155,1256,2993,2925,2141,2134,2156,1328,2930,2974,2137,2126,0,-600,900,-300,0,0,0,-142,93,-54,30,44,122,124,123,125,122,124,46,47,46,48,48,51,0,22,17,8,0,3
58.6789,7,home,85,2155,1239,3020,2907,2141,2134,2156,1309,2959,2960,2137,2126,0,-550,950,-350,0,0,0,-135,79,-58,27,44,122,124,123,125,122,124,46,47,46,48,48,51,0,17,2,26,0,4
58.7126,7,home,86,2155,1224,3045,2887,2141,2134,2156,1292,2988,2945,2137,2126,0,-500,800,-500,0,0,0,-128,65,-65,30,44,122,124,122,125,121,124,46,47,46,48,48,51,0,16,0,31,0,4
58.7459,7,home,87,2155,1207,3072,2868,2141,2134,2156,1274,3015,2930,2137,2126,0,-500,850,-350,0,0,0,-203,47,-100,30,44,122,124,122,125,121,124,46,47,46,48,48,51,0,31,5,16,1,3
58.779,7,home,88,2155,1192,3101,2850,2141,2134,2156,1258,3042,2911,2137,2126,0,-500,800,-450,0,0,0,-199,40,-97,30,44,122,124,123,125,122,124,46,47,46,48,48,51,0,48,15,6,1,4
58.8129,7,home,89,2155,1179,3128,2831,2141,2134,2156,1241,3070,2893,2137,2126,0,-450,800,-600,0,0,0,-121,76,-93,30,44,122,124,123,125,122,124,46,47,46,48,48,51,0,23,18,13,1,3
58.8458,7,home,90,2155,1167,3158,2813,2141,2134,2156,1225,3096,2876,2137,2126,0,-500,850,-450,0,0,0,-192,65,-90,30,44,122,124,123,125,122,124,46,47,46,48,48,51,0,19,2,34,0,3
58.8792,7,home,91,2155,1155,3187,2796,2141,2134,2156,1210,3124,2857,2137,2126,0,-450,800,-450,0,0,0,-90,65,-111,30,44,122,124,122,125,121,124,46,47,46,48,48,51,0,16,1,16,1,3
58.9129,7,home,92,2155,1143,3217,2779,2141,2134,2156,1195,3153,2839,2137,2126,0,-400,800,-550,0,0,0,-76,146,-100,30,44,122,124,123,125,122,124,46,47,46,48,48,51,0,20,6,4,1,4
58.9461,7,home,93,2155,1131,3244,2761,2141,2134,2156,1182,3182,2821,2137,2126,0,-400,850,-500,0,0,0,-153,58,-178,30,44,122,124,123,125,122,124,46,47,46,48,48,51,0,16,20,8,1,3
58.9797,7,home,94,2155,1118,3272,2743,2143,2134,2156,1168,3210,2804,2137,2126,0,-400,900,-450,0,0,0,-164,79,-86,30,44,122,124,123,125,122,124,46,47,46,48,48,51,0,8,4,17,1,3
59.013,7,home,95,2155,1105,3298,2728,2148,2134,2156,1156,3238,2786,2137,2126,0,-350,800,-550,0,0,0,-160,69,-83,37,44,122,124,123,125,122,124,46,47,46,48,48,51,0,14,0,27,3,4
59.0462,7,home,96,2155,1093,3324,2711,2152,2134,2156,1143,3267,2768,2138,2126,0,-400,850,-500,50,0,0,-157,54,-181,51,44,122,124,122,125,122,124,46,47,46,48,48,51,0,24,0,10,5,4
59.0799,7,home,97,2155,1079,3351,2697,2155,2134,2156,1129,3294,2751,2142,2126,0,-400,800,-500,100,0,0,-61,129,-86,55,44,122,124,122,125,122,124,46,47,46,48,48,51,0,14,8,5,2,4
59.1133,7,home,98,2156,1066,3377,2686,2157,2132,2156,1117,3320,2735,2145,2126,0,-350,750,-550,150,0,0,-79,72,-72,55,44,122,124,123,125,122,124,46,47,46,48,48,51,0,17,7,17,3,3
59.1464,7,home,99,2157,1052,3399,2680,2159,2123,2156,1103,3348,2722,2149,2126,0,-450,800,-400,150,0,0,-160,58,-146,48,37,122,124,123,125,122,124,46,47,46,48,48,51,0,10,2,15,3,2
59.1799,7,home,100,2159,1036,3422,2675,2159,2104,2156,1089,3374,2709,2151,2125,0,-400,800,-350,50,0,0,-157,37,-122,44,-23,122,124,123,125,122,124,46,47,46,48,48,51,0,14,0,5,3,0
59.2133,7,home,101,2160,1017,3444,2673,2159,2081,2157,1075,3397,2700,2153,2120,50,-400,700,-250,100,-200,23,-72,26,-30,37,-72,122,124,122,125,122,124,46,47,46,48,48,51,0,19,2,7,2,35
59.2469,7,home,102,2161,992,3465,2672,2161,2054,2157,1059,3420,2693,2154,2113,0,-500,700,-250,50,-200,27,-79,-16,-93,34,-139,122,124,123,125,122,124,46,47,46,48,48,51,2,38,12,5,1,34
59.2801,7,home,103,2161,966,3483,2671,2161,2026,2157,1040,3444,2689,2156,2097,0,-600,700,-100,50,-350,30,-125,33,41,34,-97,122,124,123,125,122,124,46,47,46,48,48,51,1,35,2,5,0,16
59.3135,7,home,104,2161,938,3501,2671,2161,2001,2157,1019,3463,2686,2157,2076,0,-550,650,-50,50,-600,30,-139,-16,-69,30,-210,122,124,122,125,121,124,46,47,46,48,48,51,1,18,0,7,1,9
59.3469,7,home,105,2161,918,3515,2671,2161,1982,2157,996,3481,2683,2157,2056,0,-750,550,-100,0,-550,30,-234,97,55,30,-217,122,124,122,125,121,124,46,47,46,48,48,51,0,16,6,5,1,21
59.3802,7,home,106,2161,905,3523,2671,2161,1967,2157,972,3498,2682,2157,2034,0,-700,500,-50,0,-650,30,-213,83,-55,30,-114,122,124,122,125,121,124,46,47,46,48,48,51,0,20,13,5,0,27
59.4138,7,home,107,2161,897,3532,2671,2161,1957,2157,950,3512,2681,2157,2014,0,-650,450,0,0,-600,30,-178,58,-51,30,-118,122,124,123,125,122,124,46,47,46,48,48,51,1,9,3,4,1,4
59.4472,7,home,108,2161,893,3540,2671,2161,1949,2157,933,3522,2681,2157,1997,0,-550,350,0,0,-550,30,-72,62,-51,30,-86,122,124,123,125,122,124,46,47,46,48,48,51,0,1,0,5,0,5
59.4809,7,home,109,2161,889,3548,2671,2161,1942,2157,919,3533,2681,2157,1984,0,-500,300,0,0,-450,30,-118,51,-51,30,-146,122,124,123,125,122,124,46,47,46,48,48,51,0,6,1,5,1,8
59.5143,7,home,110,2163,887,3557,2671,2161,1929,2157,909,3542,2681,2157,1972,0,-300,300,0,0,-400,30,-93,44,-51,30,-125,122,124,123,125,122,124,46,47,46,48,48,51,0,2,3,5,1,5
59.5477,7,home,111,2165,886,3566,2671,2161,1907,2157,903,3551,2681,2157,1960,0,-200,300,0,0,-400,37,-72,41,-51,30,-40,122,124,123,125,122,124,46,47,46,48,48,51,5,4,2,4,1,10
59.5809,7,home,112,2167,884,3574,2671,2161,1879,2157,899,3561,2681,2157,1946,0,-150,300,0,0,-350,44,-65,48,-51,30,-83,122,124,123,125,122,124,46,47,46,48,48,51,4,1,0,5,0,12
59.6143,7,home,113,2169,884,3581,2671,2161,1838,2160,895,3570,2681,2157,1928,100,-100,300,0,0,-500,44,-58,-80,-51,30,-118,122,124,123,125,122,124,46,47,46,48,48,51,1,2,0,4,0,15
59.6481,7,home,114,2169,884,3583,2671,2161,1792,2162,891,3580,2681,2157,1905,50,-150,300,0,0,-550,-76,-44,27,-51,30,-266,122,124,123,125,122,124,46,47,46,48,48,51,2,1,10,5,1,39
59.6818,7,home,115,2169,884,3584,2671,2161,1743,2163,889,3589,2681,2157,1875,50,-50,300,0,0,-750,37,-34,-37,-51,30,-319,122,124,122,125,121,124,46,47,46,48,48,51,2,1,5,4,1,39
59.715,7,home,116,2169,883,3586,2671,2161,1694,2164,889,3592,2681,2157,1842,0,-50,200,0,0,-1000,34,-34,-44,-51,30,-380,122,124,122,125,121,124,46,47,46,48,48,51,1,2,5,5,1,59
59.7484,7,home,117,2172,879,3594,2671,2161,1647,2165,887,3593,2681,2157,1804,50,-50,0,0,0,-1100,30,-34,-41,-51,30,-354,122,124,122,125,122,124,46,47,46,48,48,51,1,1,4,5,1,49
59.7828,7,home,118,2175,879,3602,2671,2161,1613,2165,884,3595,2681,2157,1762,0,-50,50,0,0,-1150,41,-41,0,-51,30,-368,122,124,122,125,121,124,46,47,46,48,48,51,3,4,1,4,1,46
59.8168,7,home,119,2179,879,3612,2671,2161,1588,2167,879,3603,2680,2157,1721,50,-200,200,-50,0,-1150,44,0,0,-48,30,-333,122,124,123,125,122,124,46,47,46,48,48,51,3,1,0,4,1,32
59.8498,7,home,120,2183,880,3623,2671,2161,1571,2170,878,3612,2680,2157,1683,100,-50,250,0,0,-1200,51,0,0,-48,30,-276,122,124,123,125,122,124,46,47,46,48,48,51,1,0,2,4,0,22
59.8832,7,home,121,2185,880,3637,2668,2160,1559,2174,878,3622,2680,2157,1650,100,0,300,0,0,-1050,51,23,0,-48,30,-245,122,124,123,125,122,124,46,47,46,48,48,51,2,0,1,4,0,23
59.9168,7,home,122,2188,878,3644,2666,2160,1550,2176,878,3632,2675,2155,1622,100,0,250,-200,-100,-900,48,23,44,-41,30,-262,122,124,123,125,122,124,46,47,46,48,48,51,3,0,2,3,0,3
59.95,7,home,123,2192,876,3651,2666,2159,1544,2179,877,3640,2672,2154,1601,100,0,250,-100,0,-700,48,0,-83,-37,37,-121,122,124,123,125,122,124,46,47,46,48,48,51,3,0,0,0,1,7
59.9837,7,home,124,2196,875,3652,2666,2160,1539,2183,876,3646,2670,2154,1584,50,-50,200,-50,-50,-550,51,0,-83,-34,34,-79,122,124,123,125,122,124,46,47,46,48,48,51,3,0,4,0,1,5
60.0171,7,home,125,2200,875,3652,2666,2160,1536,2186,876,3651,2667,2154,1572,100,0,200,-100,0,-400,55,0,0,-23,37,-47,122,124,123,125,122,124,46,47,46,48,48,51,2,0,1,0,3,11
60.0504,7,home,126,2205,875,3652,2666,2160,1533,2189,876,3654,2667,2154,1563,100,0,100,-50,0,-300,-62,0,-23,0,37,-33,122,124,123,125,122,124,46,47,46,48,48,51,6,0,2,0,2,8
60.0841,7,home,127,2210,875,3652,2666,2160,1529,2193,876,3655,2667,2154,1556,100,0,0,0,0,-200,62,0,-27,0,37,-101,122,124,123,125,122,124,46,47,46,48,48,51,5,0,0,0,2,10
60.1178,7,home,128,2215,875,3652,2666,2160,1522,2197,876,3655,2667,2154,1550,100,0,0,0,0,-200,62,0,-27,0,37,-93,122,124,123,125,122,124,46,47,46,48,48,51,3,0,0,0,2,7
60.151,7,home,129,2222,875,3652,2666,2160,1510,2201,876,3655,2667,2154,1544,100,0,0,0,0,-200,69,0,-27,0,37,23,122,124,123,125,122,124,46,47,46,48,48,51,3,0,0,0,2,10
60.1847,7,home,130,2226,875,3652,2666,2160,1497,2206,876,3655,2667,2154,1536,150,0,0,0,0,-150,76,0,-27,0,37,-23,122,124,123,125,122,124,46,47,46,48,48,51,4,0,0,0,2,18
60.2179,7,home,131,2229,875,3652,2666,2160,1489,2211,876,3655,2666,2154,1526,150,0,0,0,0,-300,72,0,-27,0,37,-44,122,124,123,125,122,124,46,47,46,48,48,51,8,0,0,0,2,14
60.2518,7,home,132,2231,875,3652,2666,2160,1484,2215,876,3655,2666,2154,1517,150,0,0,-50,0,-350,65,0,-27,0,37,-122,122,124,123,125,122,124,46,47,46,48,48,51,5,0,0,0,3,15
60.285,7,home,133,2233,875,3652,2666,2160,1481,2219,876,3655,2666,2154,1510,150,0,0,0,0,-200,58,0,-27,0,37,-111,122,124,123,125,122,124,46,47,46,48,48,51,3,0,0,0,2,14
60.3182,7,home,134,2233,875,3652,2666,2160,1480,2223,876,3655,2666,2154,1503,100,0,0,0,0,-200,58,0,-27,0,37,-97,122,124,123,125,122,124,46,47,46,48,48,51,2,0,0,0,3,4
60.3518,7,home,135,2233,875,3652,2666,2160,1480,2225,876,3655,2666,2154,1500,50,0,0,0,0,-100,44,0,-27,0,37,-86,122,124,123,125,122,124,46,47,46,48,48,51,1,0,0,0,2,10
60.3854,7,home,136,2233,875,3652,2666,2160,1480,2227,876,3655,2666,2154,1497,50,0,0,0,0,-100,41,0,-27,0,37,-79,122,124,123,125,122,124,46,47,46,48,48,51,1,0,0,0,2,6
60.4188,7,home,137,2233,875,3652,2666,2160,1480,2227,876,3655,2666,2154,1496,50,0,0,0,0,-50,37,0,-27,0,37,-72,122,124,123,125,122,124,46,47,46,48,48,51,2,0,0,0,2,9
60.4527,7,home,138,2233,875,3652,2666,2160,1480,2227,876,3655,2666,2154,1495,0,0,0,0,0,-50,37,0,-27,0,37,-69,122,124,123,125,122,124,46,47,46,48,48,51,3,0,0,0,2,9
60.4859,7,home,139,2233,875,3652,2666,2160,1480,2229,876,3655,2666,2154,1495,0,0,0,0,0,0,34,0,-27,0,37,-69,122,124,123,125,122,124,46,47,46,48,48,51,1,0,0,0,2,10
60.5191,7,home,140,2233,875,3652,2666,2160,1480,2229,876,3655,2666,2154,1495,50,0,0,0,0,0,30,0,-27,0,37,-69,122,124,123,125,122,124,46,47,46,48,48,51,1,0,0,0,2,10
60.5528,7,home,141,2233,875,3652,2666,2160,1480,2229,876,3655,2666,2154,1495,0,0,0,0,0,0,30,0,-27,0,37,-69,122,124,123,125,122,124,46,47,46,48,48,51,0,0,0,0,2,10
60.5861,7,home,142,2233,875,3652,2666,2160,1480,2229,876,3655,2666,2154,1495,0,0,0,0,0,0,30,0,-27,0,37,-69,122,124,123,125,122,124,46,47,46,48,48,51,1,0,0,0,2,10
60.6198,7,home,143,2233,875,3652,2666,2160,1480,2229,876,3655,2666,2154,1495,0,0,0,0,0,0,30,0,-27,0,37,-69,122,124,123,125,122,124,46,47,46,48,48,51,1,0,0,0,3,10
60.6531,7,home,144,2233,875,3652,2666,2160,1480,2229,875,3655,2666,2154,1495,0,0,0,0,0,0,30,0,-27,0,37,-69,122,124,123,125,122,124,46,47,46,48,48,51,0,0,0,0,3,10
60.6867,7,home,145,2233,875,3652,2666,2160,1480,2229,875,3655,2666,2154,1495,0,0,0,0,0,0,30,0,-27,0,37,-69,122,125,123,125,122,124,46,47,46,48,48,51,0,0,0,0,2,11
60.7198,7,home,146,2233,875,3652,2666,2160,1480,2229,875,3655,2666,2154,1495,0,0,0,0,0,0,30,0,-27,0,37,-69,122,125,123,125,122,124,46,47,46,48,48,51,1,0,0,0,3,11
60.7538,7,home,147,2233,875,3652,2666,2160,1480,2229,875,3655,2666,2154,1495,0,0,0,0,0,0,30,0,-27,0,37,-69,122,124,123,125,122,124,46,47,46,48,48,51,1,0,0,0,3,10
60.7869,7,home,148,2233,875,3652,2666,2160,1480,2229,875,3655,2666,2154,1495,0,0,0,0,0,0,30,0,-27,0,37,-69,122,124,123,125,122,124,46,47,46,48,48,51,1,0,0,0,2,10
60.8202,7,home,149,2233,875,3652,2666,2160,1480,2229,875,3655,2666,2154,1495,0,0,0,0,0,0,30,0,-27,0,37,-69,122,124,123,125,122,124,46,47,46,48,48,51,1,0,0,0,2,10
60.8538,7,home,150,2233,875,3652,2666,2160,1480,2229,875,3655,2666,2154,1494,0,0,0,0,0,-50,30,0,-27,0,37,-65,122,124,123,125,122,124,46,47,46,48,48,51,1,0,0,0,3,9
60.887,7,home,151,2233,875,3652,2666,2160,1480,2229,875,3655,2666,2154,1494,0,0,0,0,0,0,30,0,-27,0,37,-65,122,124,123,125,122,124,46,47,46,48,48,51,0,0,0,0,3,9
60.9207,7,home,152,2233,875,3652,2666,2160,1480,2229,875,3655,2666,2154,1494,0,0,0,0,0,0,30,0,-27,0,37,-65,122,124,123,125,122,124,46,47,46,48,48,51,1,0,0,0,2,9
60.954,7,home,153,2233,875,3652,2666,2160,1480,2229,875,3655,2666,2154,1494,0,0,0,0,0,0,30,0,-27,0,37,-65,122,124,123,125,122,124,46,47,46,48,48,51,1,0,0,0,3,9
60.9877,7,home,154,2233,875,3652,2666,2160,1480,2229,875,3655,2666,2154,1494,0,0,0,0,0,0,30,0,-27,0,37,-65,122,124,123,125,122,124,46,47,46,48,48,51,0,0,0,0,2,9
61.021,7,home,155,2233,875,3652,2666,2160,1480,2229,875,3655,2666,2154,1494,0,0,0,0,0,0,30,0,-27,0,37,-65,122,124,123,125,122,124,46,47,46,48,48,51,1,0,0,0,3,9
61.0544,7,home,156,2233,875,3652,2666,2160,1480,2229,875,3655,2666,2154,1494,0,0,0,0,0,0,30,0,-27,0,37,-65,122,124,123,125,122,124,46,47,46,48,48,51,0,0,0,0,2,9
61.088,7,home,157,2233,875,3652,2666,2160,1480,2229,875,3655,2666,2154,1494,0,0,0,0,0,0,30,0,-27,0,37,-65,122,124,123,125,122,124,46,47,46,48,48,51,0,0,0,0,3,9
61.1213,7,home,158,2233,875,3652,2666,2160,1480,2229,875,3655,2666,2154,1494,0,0,0,0,0,0,30,0,-27,0,37,-65,122,124,123,125,122,124,46,47,46,48,48,51,1,0,0,0,2,9
61.155,7,home,159,2233,875,3652,2666,2160,1480,2229,875,3655,2666,2154,1494,0,0,0,0,0,0,30,0,-27,0,37,-65,122,124,123,125,122,124,46,47,46,48,48,51,0,0,0,0,3,9
61.1882,7,home,160,2233,875,3652,2666,2160,1480,2229,875,3655,2666,2154,1494,0,0,0,0,0,0,30,0,-27,0,37,-65,122,124,123,125,122,124,46,47,46,48,48,51,0,0,0,0,3,9
61.2218,7,home,161,2233,875,3652,2666,2160,1480,2229,875,3655,2666,2154,1494,0,0,0,0,0,0,30,0,-27,0,37,-65,122,124,123,125,122,124,46,47,46,48,48,51,0,0,0,0,3,9
61.2552,7,home,162,2233,875,3652,2666,2160,1480,2229,875,3655,2666,2154,1494,0,0,0,0,0,0,30,0,-27,0,37,-65,122,125,123,125,122,124,46,47,46,48,48,51,1,0,0,0,2,9
61.2889,7,home,163,2233,875,3652,2666,2160,1480,2229,875,3655,2666,2154,1494,0,0,0,0,0,0,30,0,-27,0,37,-65,122,125,123,125,122,124,46,47,46,48,48,51,0,0,0,0,2,9
61.3221,7,home,164,2233,875,3652,2666,2160,1480,2229,875,3655,2666,2154,1494,0,0,0,0,0,0,30,0,-27,0,37,-65,122,124,123,125,122,124,46,47,46,48,48,51,0,0,0,0,2,9
61.3558,7,home,165,2233,875,3652,2666,2160,1480,2229,875,3655,2666,2154,1494,0,0,0,0,0,0,30,0,-27,0,37,-65,122,124,123,125,122,124,46,47,46,48,48,51,0,0,0,0,2,9
61.3889,7,home,166,2233,875,3652,2666,2160,1480,2229,875,3655,2666,2154,1494,0,0,0,0,0,0,30,0,-27,0,37,-65,122,124,123,125,122,124,46,47,46,48,48,51,1,0,0,0,2,9
61.4221,7,home,167,2233,875,3652,2666,2160,1480,2229,875,3655,2666,2154,1494,0,0,0,0,0,0,30,0,-27,0,37,-65,122,124,123,125,122,124,46,47,46,48,48,51,0,0,0,0,2,8
61.4558,7,home,168,2233,875,3652,2666,2160,1480,2229,875,3655,2666,2154,1494,0,0,0,0,0,0,30,0,-27,0,37,-65,122,124,123,125,122,124,46,47,46,48,48,51,0,0,0,0,2,8
61.489,7,home,169,2233,875,3652,2666,2160,1480,2229,875,3655,2666,2154,1494,0,0,0,0,0,0,30,0,-27,0,37,-65,122,124,123,126,122,124,46,47,46,48,48,51,0,0,0,0,2,9
61.5222,7,home,170,2233,875,3652,2666,2160,1480,2229,875,3655,2666,2154,1494,0,0,0,0,0,0,30,0,-27,0,37,-65,122,124,123,125,122,124,46,47,46,48,48,51,0,0,0,0,2,9
61.5629,8,lift,0,2229,909,3655,2666,2154,1494,2229,875,3655,2666,2154,1494,0,0,0,0,0,0,30,0,59,0,-49,-65,122,124,123,125,122,124,46,47,46,48,48,51,1,0,0,0,3,9
61.5962,8,lift,1,2229,942,3655,2666,2154,1494,2229,880,3655,2666,2154,1495,0,0,0,0,0,50,0,129,0,0,0,0,122,124,123,125,122,124,46,47,46,48,48,51,0,54,0,0,3,5
61.6298,8,lift,2,2229,976,3655,2666,2154,1494,2229,893,3655,2665,2153,1496,0,350,0,0,0,50,0,203,0,0,0,-23,122,124,123,125,122,124,46,47,46,48,48,51,0,40,0,0,0,1
61.6631,8,lift,3,2229,1010,3655,2666,2154,1494,2229,911,3655,2664,2153,1496,0,450,0,-50,-50,0,0,171,0,23,0,-23,122,124,123,125,122,124,46,47,46,48,48,51,0,42,0,0,0,0
61.6968,8,lift,4,2229,1044,3655,2666,2154,1494,2229,933,3651,2662,2151,1496,0,550,-50,0,-50,0,0,209,27,30,27,-23,122,124,122,125,122,124,46,47,46,48,48,51,0,57,2,1,0,0
61.7298,8,lift,5,2229,1077,3655,2666,2154,1494,2229,956,3645,2662,2150,1496,0,650,-200,-50,0,0,0,241,48,30,30,-23,122,124,122,125,121,124,46,47,46,48,48,51,0,122,7,0,0,0
61.7631,8,lift,6,2229,1111,3655,2666,2154,1494,2229,981,3645,2661,2149,1496,0,750,0,-50,0,0,0,294,51,34,30,-23,122,124,122,125,121,124,46,47,46,48,48,51,0,128,4,1,0,0
61.7968,8,lift,7,2229,1145,3655,2666,2154,1494,2229,1009,3643,2660,2148,1496,0,800,-100,-50,-50,0,0,311,58,37,37,-23,122,124,122,125,121,124,46,47,46,48,48,51,0,91,7,11,1,0
61.8298,8,lift,8,2229,1179,3655,2666,2154,1494,2229,1037,3641,2657,2148,1496,0,800,-100,-100,0,0,0,325,65,44,37,-23,122,124,122,125,121,124,46,47,46,48,48,51,0,104,9,25,2,0
61.8631,8,lift,9,2229,1212,3655,2666,2154,1494,2229,1063,3639,2651,2147,1496,0,800,-50,-150,-50,0,0,343,72,65,41,-23,122,124,122,125,121,124,46,47,46,48,48,51,0,171,10,15,3,0
61.8968,8,lift,10,2229,1246,3655,2666,2154,1494,2229,1091,3638,2646,2147,1496,0,750,0,-150,0,0,0,389,76,83,41,-23,122,124,122,125,121,124,46,47,46,48,48,51,0,223,14,24,3,0
61.9298,8,lift,11,2229,1280,3655,2666,2154,1494,2229,1120,3634,2642,2147,1496,0,850,-100,-150,0,0,0,399,86,101,41,-23,122,124,122,124,121,123,46,47,46,48,48,51,0,205,28,38,3,0
61.9629,8,lift,12,2229,1314,3655,2666,2154,1494,2229,1147,3628,2639,2147,1496,0,850,-150,-100,0,0,0,413,108,108,41,-23,121,124,122,124,121,123,46,47,46,48,48,51,0,181,56,32,4,0
61.9962,8,lift,13,2229,1347,3655,2666,2154,1494,2229,1176,3622,2637,2147,1496,0,800,-200,-50,0,0,0,512,132,115,41,-23,121,123,121,124,120,123,46,47,46,48,48,51,0,197,53,42,3,0
62.0298,8,lift,14,2229,1381,3655,2666,2154,1494,2228,1205,3615,2637,2147,1496,0,850,-200,-50,0,0,0,519,157,118,41,-23,121,123,121,124,120,123,46,47,46,48,48,51,0,329,66,46,3,0
62.0631,8,lift,15,2229,1415,3655,2666,2154,1494,2228,1232,3608,2637,2147,1496,0,900,-250,0,0,0,0,480,174,118,41,-23,121,123,121,124,120,123,46,47,46,48,48,51,0,296,112,46,3,0
62.0968,8,lift,16,2229,1448,3655,2666,2154,1494,2228,1260,3599,2637,2147,1496,0,750,-200,0,0,0,0,494,206,118,41,-23,121,123,121,124,120,123,46,47,46,48,48,51,0,342,161,46,3,0
62.1298,8,lift,17,2229,1482,3655,2666,2154,1494,2228,1289,3592,2638,2147,1496,0,800,-250,0,0,0,0,505,234,115,41,-23,121,123,121,124,120,122,46,47,46,48,48,51,0,319,142,44,3,0
62.163,8,lift,18,2229,1516,3655,2666,2154,1494,2227,1315,3589,2638,2147,1496,0,850,-100,0,0,0,23,519,248,115,41,-23,121,122,121,123,120,122,46,47,46,48,48,51,0,487,134,44,3,0
62.1968,8,lift,19,2229,1550,3655,2666,2154,1494,2227,1340,3584,2638,2147,1496,0,700,-100,0,0,0,23,579,259,115,41,-23,120,122,120,123,119,122,46,47,46,48,48,51,0,516,158,44,3,0
62.2298,8,lift,20,2229,1583,3655,2666,2154,1494,2227,1363,3577,2638,2147,1496,0,650,-200,0,0,0,23,611,284,115,41,-23,120,122,120,122,119,122,46,47,46,48,48,51,0,700,194,43,3,0
62.2631,8,lift,21,2229,1617,3655,2666,2154,1494,2227,1387,3569,2639,2147,1496,0,700,-250,50,0,0,23,720,400,111,41,-23,120,121,120,122,119,121,46,47,46,48,48,51,0,711,228,39,2,0
62.2962,8,lift,22,2229,1651,3655,2666,2154,1494,2227,1412,3562,2639,2148,1496,0,750,-250,0,0,0,23,745,340,111,37,-23,120,121,119,122,118,121,46,47,46,48,48,51,0,729,288,33,2,0
62.3298,8,lift,23,2229,1685,3655,2666,2154,1494,2227,1432,3559,2640,2149,1496,0,650,-100,50,50,0,23,702,350,108,34,-23,119,120,119,121,118,120,46,47,46,48,48,51,0,1085,285,29,1,0
62.363,8,lift,24,2229,1718,3655,2666,2154,1494,2227,1449,3557,2640,2149,1496,0,500,-50,0,0,0,23,864,357,108,34,-23,119,120,118,121,117,120,46,47,46,48,48,51,0,1065,270,29,2,0
62.3964,8,lift,25,2229,1752,3655,2666,2154,1494,2226,1466,3552,2640,2150,1496,-50,500,-100,0,50,0,27,917,375,108,30,-23,118,119,117,120,116,119,46,47,46,48,48,51,0,1557,285,28,0,0
62.4298,8,lift,26,2229,1786,3655,2666,2154,1494,2226,1482,3547,2641,2152,1496,0,500,-100,50,100,0,27,889,393,108,23,-23,118,119,117,120,116,119,46,47,46,48,48,51,0,1544,299,21,0,0
62.463,8,lift,27,2229,1820,3655,2666,2154,1494,2226,1495,3544,2641,2155,1496,0,450,-100,0,100,0,27,1000,407,104,0,-23,117,118,116,119,116,118,46,47,46,48,48,51,0,1807,322,23,0,0
62.4966,8,lift,28,2229,1853,3655,2666,2154,1494,2226,1505,3543,2641,2155,1496,0,350,-50,0,0,0,27,1000,407,104,0,-23,117,118,116,118,115,117,46,47,46,48,48,51,0,1735,310,24,0,0
62.5298,8,lift,29,2229,1887,3655,2666,2154,1494,2226,1510,3542,2641,2155,1496,0,150,0,0,0,0,27,1000,410,104,0,-23,117,117,115,118,114,117,46,47,46,48,48,51,0,1833,312,24,0,0
62.5648,8,align,0,2227,1887,3614,2678,2153,1515,2226,1510,3540,2642,2156,1496,0,100,-50,0,0,0,27,1000,421,101,-23,-23,117,117,115,118,114,117,46,47,46,48,48,51,0,1824,347,24,0,0
62.5964,8,align,1,2225,1887,3574,2691,2152,1537,2226,1511,3536,2643,2156,1498,0,0,0,50,0,0,0,1000,287,139,-27,76,117,117,115,118,114,117,46,47,46,48,48,51,0,1824,196,35,1,33
62.6298,8,align,2,2223,1887,3533,2704,2151,1558,2226,1514,3527,2649,2157,1503,0,50,-200,50,50,50,0,1000,181,83,-34,146,117,117,115,118,115,117,46,47,46,48,48,51,0,1816,104,60,2,25
62.6631,8,align,3,2221,1887,3492,2716,2151,1579,2226,1535,3510,2659,2159,1518,0,650,-500,250,100,350,-27,1000,161,178,-41,83,117,118,116,119,115,118,46,47,46,48,48,51,0,1528,60,44,4,6
62.6968,8,align,4,2219,1887,3452,2728,2150,1601,2226,1577,3486,2672,2160,1536,0,1000,-600,400,50,550,-34,973,0,174,-48,90,118,119,118,120,117,118,46,47,46,48,48,51,1,1184,71,23,6,14
62.7298,8,align,5,2217,1887,3411,2741,2149,1622,2224,1634,3457,2685,2158,1551,-50,1650,-850,450,-50,500,-37,765,69,181,-44,196,119,120,119,122,118,120,46,47,46,48,48,51,1,539,37,15,3,26
62.7631,8,align,6,2215,1887,3371,2754,2148,1643,2222,1683,3428,2701,2156,1564,-100,1500,-900,450,-50,350,83,568,37,83,-41,149,120,122,120,123,119,121,46,47,46,48,48,51,2,343,16,9,3,46
62.7968,8,align,7,2213,1887,3330,2766,2147,1665,2220,1728,3395,2720,2155,1577,-50,1450,-900,650,-150,350,-34,540,-54,58,-41,262,121,123,121,123,120,122,46,47,46,48,48,51,0,162,18,12,2,67
62.8298,8,align,8,2211,1887,3289,2778,2146,1686,2218,1764,3363,2736,2153,1590,-100,1100,-950,450,-50,350,-34,396,-76,125,-37,291,121,123,121,124,120,123,46,47,46,48,48,51,0,107,7,13,2,87
62.8631,8,align,9,2209,1887,3249,2791,2145,1707,2217,1792,3333,2752,2151,1604,0,1000,-900,450,-50,350,-37,365,-104,40,-34,223,121,123,121,124,120,123,46,47,46,48,48,51,1,48,1,2,1,106
62.8967,8,align,10,2207,1887,3208,2804,2144,1729,2216,1818,3303,2771,2147,1622,-50,800,-900,550,-50,500,-41,266,-128,108,90,230,122,124,122,124,121,123,46,47,46,48,48,51,2,16,5,1,3,136
62.9298,8,align,11,2205,1887,3167,2816,2144,1750,2213,1839,3277,2786,2148,1640,-50,650,-800,550,0,550,-41,189,-262,-27,-30,350,122,124,122,124,121,123,46,47,46,48,48,51,2,5,46,4,1,137
62.9631,8,align,12,2203,1887,3127,2828,2143,1771,2211,1861,3250,2802,2147,1657,-100,750,-850,500,-50,500,-37,37,-336,-48,-27,273,122,124,122,124,121,123,46,47,46,48,48,51,1,1,52,3,0,119
62.9968,8,align,13,2201,1887,3086,2841,2142,1793,2209,1872,3222,2818,2147,1674,-100,400,-800,500,0,500,-37,76,-283,55,-30,280,122,124,122,124,121,123,46,47,46,48,48,51,0,0,76,4,0,143
63.0298,8,align,14,2198,1887,3046,2854,2141,1814,2204,1878,3194,2835,2147,1692,-150,200,-850,600,0,550,87,51,-325,-66,-34,290,122,124,122,124,120,123,46,47,46,48,48,51,0,0,83,10,1,134
63.063,8,align,15,2196,1887,3005,2866,2140,1835,2203,1883,3164,2852,2147,1708,-50,150,-1050,500,0,450,-37,-87,-347,34,-37,322,121,123,121,124,120,123,46,47,46,48,48,51,2,0,175,1,2,171
63.0968,8,align,16,2194,1887,2964,2878,2139,1857,2200,1888,3134,2867,2147,1727,0,150,-750,500,0,500,-34,0,-421,0,-41,417,121,123,121,124,120,122,46,47,46,48,48,51,0,0,190,4,4,189
63.1298,8,align,17,2192,1887,2924,2891,2138,1878,2197,1890,3101,2881,2148,1747,-100,100,-950,400,50,550,90,-27,-445,-23,-48,333,121,123,121,124,120,122,46,47,46,48,48,51,0,5,185,1,5,161
63.163,8,align,18,2190,1887,2883,2904,2138,1899,2194,1890,3067,2891,2146,1770,-100,0,-1000,300,0,650,-23,-27,-452,27,-44,318,121,123,121,124,120,122,46,47,46,48,48,51,0,2,148,4,2,109
63.1968,8,align,19,2188,1887,2842,2916,2137,1921,2192,1890,3025,2899,2145,1799,-50,0,-1100,300,-50,800,-27,-27,-445,41,-41,287,121,123,121,124,120,123,46,47,46,48,48,51,1,2,113,0,3,115
63.2298,8,align,20,2186,1887,2802,2928,2136,1942,2190,1890,2981,2904,2144,1828,-50,0,-1250,150,-50,900,-23,-27,-428,58,-41,290,121,123,121,124,120,123,46,47,46,48,48,51,1,2,170,2,3,72
63.2631,8,align,21,2184,1887,2761,2941,2135,1963,2188,1892,2940,2907,2141,1859,-50,50,-1300,150,-100,900,-23,-30,-371,90,-37,252,121,124,122,124,121,123,46,47,46,48,48,51,0,2,152,11,2,24
63.2968,8,align,22,2182,1887,2720,2954,2134,1985,2186,1894,2897,2913,2139,1888,-50,50,-1250,150,-150,900,-23,-37,-353,115,-27,213,122,124,122,124,121,123,46,47,46,48,48,51,0,6,131,14,1,24
63.3298,8,align,23,2180,1887,2680,2966,2133,2006,2184,1895,2858,2924,2140,1915,-50,50,-1150,400,0,900,94,-44,-350,47,-37,185,122,124,122,124,121,123,46,47,46,48,48,51,0,4,119,8,1,26
63.3631,8,align,24,2178,1887,2639,2978,2132,2027,2182,1895,2819,2934,2139,1941,-50,0,-1250,250,-50,700,-27,-44,-424,136,-37,248,122,124,122,124,121,123,46,47,46,48,48,51,2,4,167,8,2,35
63.3964,8,align,25,2176,1887,2599,2991,2131,2049,2179,1894,2778,2947,2139,1965,-50,-50,-1150,350,0,750,-23,-41,-381,132,-41,259,122,124,122,124,121,123,46,47,46,48,48,51,0,2,166,18,2,16
63.4298,8,align,26,2174,1887,2558,3004,2131,2070,2177,1895,2737,2959,2140,1989,-100,0,-1150,400,0,700,0,-41,-456,44,-44,245,122,124,122,124,121,123,46,47,46,48,48,51,0,2,181,18,5,8
63.4632,8,align,27,2172,1887,2517,3016,2130,2091,2175,1895,2701,2973,2140,2012,-50,50,-1200,300,50,650,0,-44,-452,61,-133,231,122,124,122,124,121,123,46,47,46,48,48,51,0,3,149,6,4,24
63.4966,8,align,28,2170,1887,2477,3028,2129,2113,2173,1895,2661,2986,2140,2033,-50,0,-1050,350,50,700,0,-44,-452,51,-51,135,122,124,122,124,121,123,46,47,46,48,48,51,1,3,144,4,4,40
63.5298,8,align,29,2168,1887,2436,3041,2128,2134,2171,1895,2620,2999,2140,2055,-50,0,-1150,350,-50,700,0,-44,-442,129,-55,157,122,124,122,124,121,123,46,47,46,48,48,51,1,4,217,12,5,23
63.5631,8,home,0,2168,1887,2436,3041,2128,2134,2169,1895,2583,3012,2139,2077,-50,0,-1150,300,-50,600,0,-44,-487,37,-55,234,121,124,122,124,121,123,46,47,46,48,48,51,0,4,217,14,6,10
63.5652,8,home,1,2168,1887,2436,3041,2129,2134,2169,1895,2581,3013,2139,2079,-50,0,-1150,300,-50,700,0,-44,-487,37,-55,234,122,124,122,124,121,123,46,47,46,48,48,51,0,4,217,14,6,10
63.5967,8,home,2,2168,1887,2436,3041,2129,2134,2167,1895,2549,3020,2138,2094,-50,0,-1150,150,0,550,0,-44,-438,93,-48,167,122,124,122,124,121,123,46,47,46,48,48,51,0,4,89,5,3,2
63.63,8,home,3,2168,1887,2436,3041,2130,2134,2167,1895,2526,3025,2138,2105,0,0,-750,200,0,300,0,-44,-343,79,-48,122,122,124,122,125,121,124,46,47,46,48,48,51,0,4,78,2,4,4
63.6638,8,home,4,2168,1887,2436,3041,2130,2134,2167,1895,2511,3028,2138,2112,0,0,-500,100,0,300,0,-44,-280,62,-44,93,122,124,122,125,121,124,46,47,46,48,48,51,0,4,59,4,4,1
63.697,8,home,5,2168,1887,2436,3041,2130,2134,2167,1895,2500,3031,2138,2117,0,0,-350,100,0,150,0,-44,-252,51,-44,79,122,124,122,125,121,124,46,47,46,48,48,51,0,4,75,1,4,7
63.7307,8,home,6,2168,1887,2436,3041,2130,2134,2167,1895,2495,3032,2138,2120,0,0,-200,100,0,150,0,-44,-227,48,-44,65,122,124,122,125,121,124,46,47,46,48,48,51,0,3,78,2,4,4
63.7641,8,home,7,2168,1887,2436,3041,2130,2134,2167,1895,2493,3034,2138,2122,0,0,-150,50,0,100,0,-44,-217,41,-44,58,122,124,122,125,121,124,46,47,46,48,48,51,0,4,93,2,4,3
63.7971,8,home,8,2168,1887,2436,3041,2130,2134,2167,1895,2492,3034,2138,2124,0,0,-50,0,0,50,0,-44,-213,41,-44,51,122,124,122,125,121,124,46,47,46,48,48,51,0,4,96,2,4,3
63.8307,8,home,9,2168,1887,2436,3041,2130,2134,2167,1895,2492,3034,2138,2125,0,0,0,0,0,0,0,-44,-213,41,-44,51,122,124,122,125,121,124,46,47,46,48,48,51,0,3,97,3,4,4
63.8641,8,home,10,2168,1887,2436,3041,2130,2134,2167,1895,2492,3034,2138,2125,0,0,0,0,0,0,0,-44,-213,41,-44,48,122,124,122,125,121,124,46,47,46,48,48,51,0,4,98,2,3,4
63.8973,8,home,11,2168,1887,2436,3041,2130,2134,2167,1895,2492,3034,2138,2125,0,0,0,0,0,0,0,-44,-213,41,-44,48,122,124,122,125,121,124,46,47,46,48,48,51,0,4,97,3,3,4
63.9309,8,home,12,2168,1887,2436,3041,2130,2134,2167,1895,2492,3034,2138,2125,0,0,0,0,0,0,0,-44,-213,41,-44,48,122,124,122,125,121,124,46,47,46,48,48,51,0,4,97,2,3,4
63.9641,8,home,13,2168,1887,2436,3041,2130,2134,2167,1895,2492,3034,2138,2125,0,0,0,0,0,0,0,-44,-213,41,-44,48,122,124,122,125,121,124,46,47,46,48,48,51,0,3,98,3,4,4
63.9979,8,home,14,2168,1887,2436,3041,2130,2134,2167,1895,2492,3034,2138,2125,0,0,0,0,0,0,0,-44,-213,41,-44,48,122,124,122,125,121,124,46,47,46,48,48,51,0,4,97,3,3,4
64.0312,8,home,15,2168,1887,2436,3041,2130,2134,2167,1895,2492,3034,2138,2126,0,0,0,0,0,0,0,-44,-213,41,-44,48,122,124,122,125,121,124,46,47,46,48,48,51,0,3,97,2,4,3
64.0648,8,home,16,2168,1887,2436,3041,2130,2134,2167,1895,2492,3034,2138,2126,0,0,0,0,0,50,0,-44,-213,41,-44,44,122,124,122,125,121,124,46,47,46,48,48,51,0,4,97,2,4,3
64.0983,8,home,17,2168,1887,2436,3041,2130,2134,2167,1895,2492,3034,2138,2126,0,0,0,0,0,0,0,-44,-213,41,-44,44,122,124,122,125,121,124,46,47,46,48,48,51,0,4,97,2,4,4
64.1318,8,home,18,2168,1887,2436,3041,2130,2134,2167,1895,2492,3034,2138,2126,0,0,0,0,0,0,0,-44,-213,41,-44,44,122,124,122,125,121,124,46,47,46,48,48,51,0,4,97,3,4,3
64.1657,8,home,19,2168,1887,2436,3041,2130,2134,2167,1895,2492,3034,2138,2126,0,0,0,0,0,0,0,-44,-213,41,-44,44,122,124,122,125,121,124,46,47,46,48,48,51,0,4,97,3,4,3
64.1988,8,home,20,2168,1887,2436,3041,2130,2134,2167,1895,2492,3034,2138,2126,0,0,0,0,0,0,0,-44,-213,41,-44,44,122,124,122,125,121,124,46,47,46,48,48,51,0,4,97,2,4,3
64.2321,8,home,21,2168,1887,2436,3041,2130,2134,2167,1895,2492,3034,2138,2126,0,0,0,0,0,0,0,-44,-213,41,-44,44,122,124,122,125,121,124,46,47,46,48,48,51,0,4,97,2,4,3
64.266,8,home,22,2168,1887,2436,3041,2130,2134,2167,1895,2492,3034,2138,2126,0,0,0,0,0,0,0,-44,-213,41,-44,44,122,124,122,125,121,124,46,47,46,48,48,51,0,3,97,2,3,3
64.2992,8,home,23,2168,1887,2436,3041,2130,2134,2167,1895,2492,3034,2138,2126,0,0,0,0,0,0,0,-44,-213,41,-44,44,122,124,122,125,121,124,46,47,46,48,48,51,0,3,98,3,3,3
64.3329,8,home,24,2168,1887,2436,3041,2130,2134,2167,1895,2492,3034,2138,2126,0,0,0,0,0,0,0,-44,-213,41,-44,44,122,124,122,125,121,124,46,47,46,48,48,51,0,4,97,2,4,3
64.3667,8,home,25,2168,1887,2436,3041,2130,2134,2167,1895,2492,3034,2138,2126,0,0,0,0,0,0,0,-44,-213,41,-44,44,122,124,122,125,121,124,46,47,46,48,48,51,0,3,97,2,4,4
64.3998,8,home,26,2168,1887,2436,3041,2130,2134,2167,1895,2492,3034,2138,2126,0,0,0,0,0,0,0,-44,-213,41,-44,44,122,124,122,125,121,124,46,47,46,48,48,51,0,4,97,2,4,3
64.433,8,home,27,2168,1887,2436,3041,2130,2134,2167,1895,2492,3034,2138,2126,0,0,0,0,0,0,0,-44,-213,41,-44,44,122,124,122,125,121,124,46,47,46,48,48,51,0,3,97,2,4,3
64.4668,8,home,28,2168,1887,2436,3041,2130,2134,2167,1895,2492,3034,2138,2126,0,0,0,0,0,0,0,-44,-213,41,-44,44,122,124,122,125,121,124,46,47,46,48,48,51,0,3,97,2,3,4
64.5002,8,home,29,2168,1887,2436,3041,2130,2134,2167,1895,2492,3034,2138,2126,0,0,0,0,0,0,0,-44,-213,41,-44,44,122,124,122,125,121,124,46,47,46,48,48,51,0,4,97,2,4,4
64.5337,8,home,30,2168,1887,2436,3041,2130,2134,2167,1895,2492,3034,2138,2126,0,0,0,0,0,0,0,-44,-213,41,-44,44,122,124,122,125,121,124,46,47,46,48,48,51,0,3,97,2,4,4
64.5673,8,home,31,2168,1887,2436,3041,2130,2134,2167,1895,2492,3034,2138,2126,0,0,0,0,0,0,0,-44,-213,41,-44,44,122,124,122,125,121,124,46,47,46,48,48,51,0,4,97,2,4,3
64.6009,8,home,32,2168,1887,2436,3041,2130,2134,2167,1895,2492,3034,2138,2126,0,0,0,0,0,0,0,-44,-213,41,-44,44,122,124,122,125,121,124,46,47,46,48,48,51,0,4,98,3,4,3
64.6341,8,home,33,2168,1887,2436,3041,2130,2134,2167,1895,2492,3034,2138,2126,0,0,0,0,0,0,0,-44,-213,41,-44,44,122,124,122,125,121,124,46,47,46,48,48,51,0,4,97,2,4,3
64.6677,8,home,34,2168,1887,2436,3041,2130,2134,2167,1895,2492,3034,2138,2126,0,0,0,0,0,0,0,-44,-213,41,-44,44,122,124,122,125,121,124,46,47,46,48,48,51,0,4,97,3,4,3
64.7012,8,home,35,2168,1887,2436,3041,2130,2134,2167,1895,2492,3034,2138,2126,0,0,0,0,0,0,0,-44,-213,41,-44,44,122,124,122,125,121,124,46,47,46,48,48,51,0,3,98,3,4,3
64.7347,8,home,36,2168,1887,2436,3041,2130,2134,2167,1895,2492,3034,2138,2126,0,0,0,0,0,0,0,-44,-213,41,-44,44,122,124,122,125,121,124,46,47,46,48,48,51,0,4,97,2,4,3
64.7681,8,home,37,2168,1887,2436,3041,2130,2134,2167,1895,2492,3034,2138,2126,0,0,0,0,0,0,0,-44,-213,41,-44,44,122,124,122,125,121,124,46,47,46,48,48,51,0,4,97,2,3,4
64.8018,8,home,38,2168,1887,2436,3041,2130,2134,2167,1895,2492,3034,2138,2126,0,0,0,0,0,0,0,-44,-213,41,-44,44,122,124,122,125,121,124,46,47,46,48,48,51,0,4,97,2,4,3
64.8351,8,home,39,2168,1886,2436,3041,2130,2134,2167,1895,2492,3034,2138,2126,0,0,0,0,0,0,0,-44,-213,41,-44,44,122,124,122,125,121,124,46,47,46,48,48,51,0,4,97,3,4,3
64.8688,8,home,40,2168,1883,2436,3041,2130,2134,2167,1895,2492,3034,2138,2126,0,0,0,0,0,0,0,-48,-213,41,-44,44,122,124,122,125,121,124,46,47,46,48,48,51,0,4,97,2,4,3
64.9021,8,home,41,2168,1878,2436,3041,2130,2134,2167,1895,2492,3034,2138,2126,0,0,0,0,0,0,0,-58,-213,41,-44,44,122,124,122,125,121,124,46,47,46,48,48,51,0,7,97,3,4,3
64.9358,8,home,42,2168,1873,2436,3041,2130,2134,2167,1895,2492,3034,2138,2126,0,0,0,0,0,0,0,-76,-213,41,-44,44,122,124,122,125,121,124,46,47,46,48,48,51,0,12,97,3,4,4
64.969,8,home,43,2168,1868,2436,3041,2130,2134,2167,1895,2492,3034,2138,2126,0,0,0,0,0,0,0,-93,-213,41,-44,44,122,124,122,125,121,124,46,47,46,48,48,51,0,18,97,3,4,3
65.0027,8,home,44,2168,1864,2436,3041,2131,2134,2167,1895,2492,3034,2138,2126,0,0,0,0,0,0,0,-111,-213,41,-44,44,122,124,122,125,121,124,46,47,46,48,48,51,0,28,97,3,3,4
65.036,8,home,45,2168,1861,2436,3041,2131,2134,2167,1895,2492,3034,2138,2126,0,0,0,0,0,0,0,-125,-213,41,-41,44,122,124,122,125,121,124,46,47,46,48,48,51,0,42,97,3,3,3
65.0698,8,home,46,2168,1861,2436,3041,2131,2134,2167,1895,2492,3034,2138,2126,0,0,0,0,0,0,0,-136,-213,41,-41,44,122,124,122,125,121,124,46,47,46,48,48,51,0,43,97,2,3,4
65.103,8,home,47,2168,1861,2436,3041,2131,2134,2167,1895,2492,3034,2138,2126,0,0,0,0,0,0,0,-136,-213,41,-41,44,122,124,122,125,121,124,46,47,46,48,48,51,0,43,97,2,2,3
65.1368,8,home,48,2168,1861,2436,3041,2131,2134,2167,1895,2492,3034,2138,2126,0,0,0,0,0,0,0,-136,-213,41,-41,44,122,124,122,125,121,124,46,47,46,48,48,51,0,42,98,3,3,4
65.17,8,home,49,2168,1861,2436,3041,2131,2134,2167,1895,2492,3034,2138,2126,0,0,0,0,0,0,0,-136,-213,41,-41,44,122,124,122,125,121,124,46,47,46,48,48,51,0,42,97,2,3,3
65.2036,8,home,50,2168,1861,2436,3041,2131,2134,2167,1895,2492,3034,2138,2126,0,0,0,0,0,0,0,-136,-213,41,-41,44,122,124,122,125,121,124,46,47,46,48,48,51,0,42,97,3,3,3
65.2371,8,home,51,2167,1861,2436,3041,2131,2134,2167,1895,2492,3034,2138,2126,0,0,0,0,0,0,0,-136,-213,41,-41,44,122,124,122,125,121,124,46,47,46,48,48,51,0,42,97,3,3,3
65.2702,8,home,52,2167,1858,2437,3041,2131,2134,2167,1895,2492,3034,2138,2126,0,0,0,0,0,0,0,-136,-213,41,-41,44,122,124,122,125,121,124,46,47,46,48,48,51,0,42,97,2,3,3
65.3039,8,home,53,2167,1853,2439,3041,2131,2134,2167,1895,2492,3034,2138,2126,0,0,0,0,0,0,0,-146,-210,41,-41,44,122,124,122,125,121,124,46,47,46,48,48,51,0,48,94,3,3,4
65.3377,8,home,54,2165,1845,2445,3041,2131,2134,2167,1895,2492,3034,2138,2126,0,0,0,0,0,0,0,-164,-203,41,-41,44,122,124,122,125,121,124,46,47,46,48,48,51,0,64,83,3,3,3
65.3709,8,home,55,2163,1834,2453,3041,2131,2134,2167,1895,2492,3034,2138,2126,0,0,0,0,0,0,-23,-192,-181,41,-41,44,122,124,122,125,121,124,46,47,46,48,48,51,0,92,67,3,3,4
65.4043,8,home,56,2160,1821,2462,3041,2131,2134,2167,1894,2492,3034,2138,2126,0,-50,0,0,0,0,-30,-227,-153,41,-41,44,122,124,122,125,121,124,46,47,46,48,48,51,2,116,49,2,3,3
65.4377,8,home,57,2158,1806,2476,3041,2131,2134,2164,1889,2492,3034,2138,2126,-100,-50,0,0,0,0,-34,-171,-122,41,-41,44,122,124,122,125,121,124,46,47,46,48,48,51,5,127,38,3,2,2
65.4712,8,home,58,2156,1788,2492,3041,2131,2134,2162,1882,2493,3034,2138,2126,-100,-200,0,0,0,0,-30,-291,-161,41,-41,44,122,124,122,125,121,124,46,47,46,48,48,51,1,135,18,3,3,3
65.5049,8,home,59,2155,1770,2509,3041,2131,2134,2159,1870,2495,3034,2138,2126,-50,-300,50,0,0,0,-27,-315,-27,41,-41,44,122,124,122,125,121,124,46,47,46,48,48,51,0,118,3,3,3,3
65.538,8,home,60,2155,1750,2527,3041,2131,2134,2157,1855,2501,3035,2137,2126,-100,-350,100,50,0,0,-27,-322,48,37,80,44,122,124,122,125,121,124,46,47,46,48,48,51,0,134,7,1,2,3
65.5717,8,home,61,2155,1729,2542,3041,2131,2134,2156,1836,2512,3035,2137,2126,-50,-500,250,0,0,0,0,-326,-48,37,-37,44,122,124,122,125,121,124,46,47,46,48,48,51,0,124,20,1,2,3
65.605,8,home,62,2155,1709,2554,3041,2131,2134,2156,1818,2526,3035,2137,2126,0,-600,400,0,0,0,0,-350,90,37,-37,44,122,124,122,125,121,124,46,47,46,48,48,51,0,119,3,1,3,3
65.6385,8,home,63,2155,1686,2567,3041,2130,2134,2156,1798,2539,3035,2137,2126,0,-650,400,0,0,0,0,-347,-37,37,-37,44,122,124,122,125,121,124,46,47,46,48,48,51,0,107,0,1,2,3
65.6717,8,home,64,2155,1662,2578,3041,2131,2134,2156,1777,2553,3035,2137,2126,0,-600,400,0,0,0,0,-266,76,37,-41,44,122,124,122,125,121,124,46,47,46,48,48,51,0,92,2,2,3,3
65.7052,8,home,65,2155,1639,2589,3041,2133,2134,2156,1756,2565,3035,2137,2126,0,-650,400,0,0,0,0,-354,-52,37,-37,44,122,124,122,125,121,124,46,47,46,48,48,51,0,128,7,1,2,3
65.7387,8,home,66,2155,1616,2604,3041,2136,2134,2156,1733,2578,3035,2137,2126,0,-650,350,0,0,0,0,-350,58,37,-30,44,122,124,122,125,121,124,46,47,46,48,48,51,0,136,2,1,2,4
65.772,8,home,67,2155,1595,2618,3041,2137,2134,2156,1709,2591,3035,2137,2126,0,-650,350,0,0,0,0,-372,-41,37,0,44,122,124,122,125,121,124,46,47,46,48,48,51,0,133,0,2,0,3
65.8056,8,home,68,2155,1574,2633,3041,2139,2134,2156,1685,2603,3035,2137,2126,0,-750,400,0,0,0,0,-269,-41,37,0,44,122,124,122,125,121,124,46,47,46,48,48,51,0,85,0,2,0,3
65.8387,8,home,69,2155,1556,2648,3041,2141,2134,2156,1663,2616,3035,2137,2126,0,-650,350,0,0,0,0,-255,83,37,23,44,122,124,122,125,121,124,46,47,46,48,48,51,0,84,4,2,0,4
65.872,8,home,70,2155,1538,2662,3041,2141,2134,2156,1639,2631,3035,2137,2126,0,-700,400,0,0,0,0,-230,83,37,30,44,122,124,122,125,121,124,46,47,46,48,48,51,0,94,8,1,0,4
65.9057,8,home,71,2155,1519,2675,3041,2141,2134,2156,1616,2645,3035,2137,2126,0,-700,450,0,0,0,0,-209,-41,37,30,44,122,124,123,125,122,124,46,47,46,48,48,51,0,71,3,2,0,3
65.939,8,home,72,2155,1501,2687,3041,2141,2134,2156,1596,2659,3035,2137,2126,0,-650,450,0,0,0,0,-223,86,37,30,44,122,124,122,125,122,124,46,47,46,48,48,51,0,68,0,1,1,4
65.9727,8,home,73,2155,1479,2703,3041,2141,2134,2156,1575,2673,3035,2137,2126,0,-600,400,0,0,0,0,-206,76,37,30,44,122,124,122,125,122,124,46,47,46,48,48,51,0,50,1,2,1,3
66.0057,8,home,74,2155,1455,2721,3041,2141,2134,2156,1554,2687,3035,2137,2126,0,-650,400,0,0,0,0,-206,79,37,30,44,122,124,122,125,121,124,46,47,46,48,48,51,0,68,7,1,1,2
66.039,8,home,75,2155,1431,2741,3037,2141,2134,2156,1534,2702,3035,2137,2126,0,-600,450,0,0,0,0,-209,-34,37,30,44,122,124,122,125,122,124,46,47,46,48,48,51,0,109,9,1,1,3
66.0727,8,home,76,2155,1405,2766,3027,2141,2134,2156,1510,2719,3035,2137,2126,0,-650,450,0,0,0,0,-322,115,23,30,44,122,124,122,125,122,124,46,47,46,48,48,51,0,70,4,1,0,3
66.106,8,home,77,2155,1380,2793,3018,2141,2134,2156,1485,2739,3035,2137,2126,0,-700,550,0,0,0,0,-237,44,-44,30,44,122,124,122,125,122,124,46,47,46,48,48,51,0,63,2,3,1,3
66.1397,8,home,78,2155,1356,2821,3006,2141,2134,2156,1459,2764,3032,2137,2126,0,-750,650,-50,0,0,0,-315,51,-72,30,44,122,124,122,125,121,124,46,47,46,48,48,51,0,39,1,3,0,3
66.1729,8,home,79,2155,1337,2849,2995,2141,2134,2156,1435,2789,3026,2137,2126,0,-750,700,-200,0,0,0,-216,51,-93,30,44,122,124,122,125,121,124,46,47,46,48,48,51,0,43,11,7,1,3
66.2063,8,home,80,2155,1319,2879,2982,2141,2134,2156,1410,2816,3018,2137,2126,0,-700,800,-200,0,0,0,-277,136,-104,30,44,122,124,122,125,122,124,46,47,46,48,48,51,0,61,18,9,0,3
66.2397,8,home,81,2155,1302,2909,2971,2141,2134,2156,1386,2844,3009,2137,2126,0,-700,850,-250,0,0,0,-280,86,-115,30,44,122,124,123,125,122,124,46,47,46,48,48,51,0,27,12,17,1,4
66.2731,8,home,82,2155,1288,2937,2957,2141,2134,2156,1365,2872,2999,2137,2126,0,-650,850,-350,0,0,0,-255,83,-115,30,44,122,124,122,125,122,124,46,47,46,48,48,51,0,17,1,15,1,3
66.3067,8,home,83,2155,1273,2966,2941,2141,2134,2156,1345,2901,2987,2137,2126,0,-650,900,-250,0,0,0,-227,72,-139,30,44,122,124,122,125,121,124,46,47,46,48,48,51,0,29,0,9,0,3
66.3401,8,home,84,2155,1256,2993,2925,2141,2134,2156,1327,2931,2974,2137,2126,0,-500,800,-300,0,0,0,-125,65,-146,30,44,122,124,122,125,122,124,46,47,46,48,48,51,0,28,9,8,0,3
66.3737,8,home,85,2155,1239,3020,2907,2141,2134,2156,1309,2959,2961,2137,2126,0,-500,850,-450,0,0,0,-118,86,-150,30,44,122,124,123,125,122,124,46,47,46,48,48,51,0,30,21,8,0,3
66.407,8,home,86,2155,1224,3045,2887,2141,2134,2156,1292,2988,2945,2137,2126,0,-550,850,-400,0,0,0,-132,72,-157,30,44,122,124,123,125,122,124,46,47,46,48,48,51,0,17,3,22,1,4
66.4401,8,home,87,2155,1207,3072,2868,2141,2134,2156,1275,3016,2929,2137,2126,0,-450,850,-400,0,0,0,-121,54,-79,30,44,122,124,122,125,122,124,46,47,46,48,48,51,0,17,0,41,0,3
66.4737,8,home,88,2155,1192,3101,2850,2141,2134,2156,1257,3043,2912,2137,2126,0,-500,800,-550,0,0,0,-203,47,-107,30,44,122,124,122,125,121,124,46,47,46,48,48,51,0,27,4,17,0,4
66.5069,8,home,89,2155,1179,3128,2831,2141,2134,2156,1241,3069,2893,2137,2126,0,-500,850,-500,0,0,0,-104,132,-185,30,44,122,124,123,125,122,124,46,47,46,48,48,51,0,36,28,6,1,4
66.5406,8,home,90,2155,1167,3158,2813,2141,2134,2156,1225,3097,2875,2137,2126,0,-500,850,-450,0,0,0,-196,72,-181,30,44,122,124,123,125,122,124,46,47,46,48,48,51,0,13,15,12,0,3
66.5739,8,home,91,2155,1155,3187,2796,2141,2134,2156,1209,3125,2856,2137,2126,0,-450,800,-550,0,0,0,-93,76,-90,30,44,122,124,123,125,122,124,46,47,46,48,48,51,0,7,2,19,0,3
66.6076,8,home,92,2155,1143,3217,2779,2141,2134,2156,1195,3152,2839,2137,2126,0,-450,850,-500,0,0,0,-79,69,-107,30,44,122,124,122,125,122,124,46,47,46,48,48,51,0,13,0,21,1,4
66.6407,8,home,93,2155,1131,3244,2761,2141,2134,2156,1182,3181,2821,2137,2126,0,-400,800,-500,0,0,0,-157,65,-97,30,44,122,124,123,125,122,124,46,47,46,48,48,51,0,15,9,6,0,3
66.674,8,home,94,2155,1118,3272,2743,2143,2134,2156,1168,3211,2803,2137,2126,0,-400,850,-550,0,0,0,-150,51,-93,30,44,122,124,123,125,122,124,46,47,46,48,48,51,0,21,14,14,0,3
66.7077,8,home,95,2155,1105,3298,2728,2148,2134,2156,1155,3238,2786,2137,2126,0,-400,800,-450,0,0,0,-164,79,-174,37,44,122,124,123,125,122,124,46,47,46,48,48,51,0,10,6,17,2,3
66.7409,8,home,96,2155,1093,3324,2711,2152,2134,2156,1143,3267,2769,2138,2126,0,-350,850,-500,0,0,0,-72,61,-76,55,44,122,124,123,125,122,124,46,47,46,48,48,51,0,16,1,20,5,3
66.7743,8,home,97,2155,1079,3351,2697,2155,2134,2156,1129,3294,2750,2142,2126,0,-400,750,-550,100,0,0,-65,51,-93,55,44,122,124,123,125,121,124,46,47,46,48,48,51,0,15,0,15,4,3
66.8077,8,home,98,2156,1066,3377,2686,2157,2132,2156,1116,3322,2736,2145,2126,0,-400,800,-500,100,0,0,-65,44,-79,55,44,122,124,123,125,122,124,46,47,46,48,48,51,0,12,8,5,2,3
66.841,8,home,99,2157,1052,3399,2680,2159,2123,2156,1103,3348,2722,2148,2126,0,-400,850,-350,100,0,0,-76,65,-65,48,37,122,124,123,125,122,124,46,47,46,48,48,51,0,18,10,14,0,1
66.8747,8,home,100,2159,1036,3422,2675,2159,2104,2156,1089,3373,2710,2151,2125,0,-400,750,-300,100,0,0,-160,44,-125,44,-23,122,124,123,125,122,124,46,47,46,48,48,51,0,7,1,4,2,3
66.9079,8,home,101,2160,1017,3444,2673,2159,2081,2157,1074,3398,2700,2153,2120,50,-450,750,-350,100,-100,23,-76,33,-19,37,-76,122,124,122,125,122,124,46,47,46,48,48,51,0,8,0,8,1,9
66.9411,8,home,102,2161,992,3465,2672,2161,2054,2157,1059,3420,2693,2154,2113,0,-400,700,-200,0,-150,27,-171,23,-97,34,-44,122,124,122,125,121,124,46,47,46,48,48,51,0,22,3,4,0,24
66.9747,8,home,103,2161,966,3483,2671,2161,2026,2157,1041,3443,2689,2156,2097,0,-500,650,-250,50,-450,30,-104,97,-79,34,-104,122,124,122,125,121,124,46,47,46,48,48,51,1,43,11,2,0,44
67.0082,8,home,104,2161,938,3501,2671,2161,2001,2157,1020,3463,2686,2157,2077,0,-600,600,-100,50,-650,30,-146,23,-69,30,-217,122,124,122,125,122,124,46,47,46,48,48,51,1,46,3,6,0,20
67.0417,8,home,105,2161,918,3515,2671,2161,1982,2157,995,3481,2683,2157,2055,0,-750,500,-50,0,-600,30,-157,104,-58,30,-224,122,124,122,125,122,124,46,47,46,48,48,51,1,25,0,3,1,7
67.0752,8,home,106,2161,905,3523,2671,2161,1967,2157,972,3498,2682,2157,2033,0,-700,550,-50,0,-650,30,-220,86,-55,30,-121,122,124,122,125,121,124,46,47,46,48,48,51,1,13,3,4,1,15
67.1087,8,home,107,2161,897,3532,2671,2161,1957,2157,951,3511,2681,2157,2015,0,-650,450,-50,0,-600,30,-97,62,-51,30,-100,122,124,123,125,122,124,46,47,46,48,48,51,1,15,0,4,0,26
67.142,8,home,108,2161,893,3540,2671,2161,1949,2157,932,3522,2681,2157,1998,0,-550,300,0,0,-550,30,-143,51,-51,30,-178,122,124,123,125,122,124,46,47,46,48,48,51,1,5,0,4,1,3
67.1752,8,home,109,2161,889,3548,2671,2161,1942,2157,919,3532,2681,2157,1984,0,-450,300,0,0,-450,30,-122,-66,-51,30,-150,122,124,123,125,122,124,46,47,46,48,48,51,1,1,0,5,0,3
67.2087,8,home,110,2163,887,3557,2671,2161,1929,2157,909,3542,2681,2157,1972,0,-350,300,0,0,-350,30,23,-73,-51,30,-129,122,124,123,125,122,124,46,47,46,48,48,51,0,4,3,4,1,9
67.242,8,home,111,2165,886,3566,2671,2161,1907,2157,903,3551,2681,2157,1960,0,-250,250,0,0,-300,37,-76,-76,-51,30,-44,122,124,123,125,122,124,46,47,46,48,48,51,2,1,4,5,1,15
67.2757,8,home,112,2167,884,3574,2671,2161,1879,2157,898,3560,2681,2157,1946,0,-150,300,0,0,-400,44,59,37,-51,30,-69,122,124,123,125,122,124,46,47,46,48,48,51,4,1,2,5,0,35
67.309,8,home,113,2169,884,3581,2671,2161,1838,2159,894,3570,2681,2157,1928,0,-100,250,0,0,-550,44,-58,-76,-51,30,-210,122,124,123,125,122,124,46,47,46,48,48,51,3,1,1,5,1,30
67.3427,8,home,114,2169,884,3583,2671,2161,1792,2162,891,3580,2681,2157,1905,50,-100,300,0,0,-550,44,-44,30,-51,30,-188,122,124,123,125,122,124,46,47,46,48,48,51,1,1,0,5,0,48
67.376,8,home,115,2169,884,3584,2671,2161,1743,2163,889,3589,2681,2157,1876,100,-100,300,0,0,-750,37,-34,-34,-51,30,-241,122,124,122,125,122,124,46,47,46,48,48,51,2,1,6,5,1,48
67.4097,8,home,116,2169,883,3586,2671,2161,1694,2164,889,3592,2681,2157,1840,50,0,150,0,0,-1050,34,-34,-44,-51,30,-283,122,124,122,125,121,124,46,47,46,48,48,51,1,0,8,5,0,43
67.4428,8,home,117,2172,879,3594,2671,2161,1647,2165,888,3592,2681,2157,1805,50,-50,0,0,0,-1050,30,-34,-37,-51,30,-426,122,124,122,125,121,124,46,47,46,48,48,51,0,1,5,5,0,46
67.4777,8,home,118,2175,879,3602,2671,2161,1613,2165,883,3596,2680,2157,1761,0,-50,50,0,0,-1200,41,-30,0,-51,30,-293,122,124,123,125,121,124,46,47,46,48,48,51,3,3,1,5,1,45
67.5107,8,home,119,2179,879,3612,2671,2161,1588,2167,880,3604,2680,2157,1722,100,-200,250,-50,0,-1250,44,0,0,-48,30,-347,122,124,123,125,121,124,46,47,46,48,48,51,3,0,0,5,0,26
67.5441,8,home,120,2183,880,3623,2671,2161,1571,2170,879,3612,2680,2157,1683,50,0,250,0,0,-1150,48,0,23,-48,30,-287,122,124,123,125,122,124,46,47,46,48,48,51,2,0,0,4,0,21
67.5778,8,home,121,2185,880,3637,2668,2160,1559,2173,879,3622,2680,2157,1649,100,0,250,0,0,-1100,-66,0,27,-48,30,-216,122,124,123,125,122,124,46,47,46,48,48,51,1,0,5,4,0,19
67.6109,8,home,122,2188,878,3644,2666,2160,1550,2176,879,3631,2675,2155,1623,100,0,300,-50,-50,-850,48,0,37,-44,118,-185,122,124,123,125,122,124,46,47,46,48,48,51,4,0,10,1,5,7
67.6447,8,home,123,2192,876,3651,2666,2159,1544,2179,878,3640,2672,2155,1601,50,-50,250,-100,0,-650,48,0,-80,-37,34,-128,122,124,123,125,122,124,46,47,46,48,48,51,3,0,4,0,2,1
67.6779,8,home,124,2196,875,3652,2666,2160,1539,2182,876,3647,2670,2155,1585,100,-50,200,-50,0,-550,51,0,37,-30,30,-171,122,124,123,125,122,124,46,47,46,48,48,51,2,1,1,0,1,8
67.7117,8,home,125,2200,875,3652,2666,2160,1536,2186,875,3652,2667,2155,1572,100,-50,200,-50,0,-450,51,0,0,-23,34,-51,122,124,123,125,122,124,46,47,46,48,48,51,3,0,0,0,2,10
67.7451,8,home,126,2205,875,3652,2666,2160,1533,2189,875,3655,2667,2154,1563,100,0,100,-50,0,-300,58,0,-27,0,37,-111,122,124,123,125,122,124,46,47,46,48,48,51,2,0,2,0,2,10
67.7787,8,home,127,2210,875,3652,2666,2160,1529,2193,875,3655,2667,2154,1556,100,0,50,0,-50,-250,62,0,-27,0,37,-104,122,124,123,125,122,124,46,47,46,48,48,51,6,0,0,0,2,5
67.812,8,home,128,2215,875,3652,2666,2160,1522,2197,875,3655,2667,2154,1550,150,0,0,0,0,-150,62,0,-27,0,37,-93,122,124,123,125,122,124,46,47,46,48,48,51,6,0,0,0,2,9
67.8457,8,home,129,2222,875,3652,2666,2160,1510,2202,875,3655,2667,2154,1544,100,0,0,0,0,-150,65,0,-27,0,37,-97,122,124,123,125,122,124,46,47,46,48,48,51,3,0,0,0,1,14
67.8791,8,home,130,2226,875,3652,2666,2160,1497,2207,875,3655,2667,2154,1536,150,0,0,0,0,-200,72,0,-27,0,37,-111,122,124,123,125,122,124,46,47,46,48,48,51,2,0,0,0,2,26
67.9127,8,home,131,2229,875,3652,2666,2160,1489,2211,875,3655,2667,2154,1527,150,0,0,0,0,-300,72,0,-27,0,37,-122,122,124,123,125,122,124,46,47,46,48,48,51,2,0,0,0,2,34
67.946,8,home,132,2231,875,3652,2666,2160,1484,2216,875,3655,2667,2154,1517,100,0,0,0,0,-300,65,0,-27,0,37,-125,122,124,123,125,122,124,46,47,46,48,48,51,7,0,0,0,2,5
67.9797,8,home,133,2233,875,3652,2666,2160,1481,2219,875,3655,2667,2154,1510,100,0,0,0,0,-200,58,0,-27,0,37,-111,122,124,123,125,122,124,46,47,46,48,48,51,4,0,0,0,2,16
68.013,8,home,134,2233,875,3652,2666,2160,1480,2223,875,3655,2667,2154,1503,50,0,0,0,0,-200,55,0,-27,0,37,-97,122,124,123,125,122,124,46,47,46,48,48,51,2,0,0,0,3,15
68.0466,8,home,135,2233,875,3652,2666,2160,1480,2225,875,3655,2667,2154,1500,100,0,0,0,0,-150,48,0,-27,0,37,-86,122,125,123,125,122,124,46,47,46,48,48,51,1,0,0,0,2,10
68.0802,8,home,136,2233,875,3652,2666,2160,1480,2227,875,3655,2667,2154,1497,50,0,0,0,0,-100,41,0,-27,0,37,-76,122,124,123,125,122,124,46,47,46,48,48,51,1,0,0,0,2,10
68.1133,8,home,137,2233,875,3652,2666,2160,1480,2227,875,3655,2667,2154,1496,0,0,0,0,0,-50,37,0,-27,0,37,-72,122,124,123,125,122,124,46,47,46,48,48,51,3,0,0,0,2,7
68.1469,8,home,138,2233,875,3652,2666,2160,1480,2229,875,3655,2667,2154,1495,0,0,0,0,0,0,30,0,-27,0,37,-69,122,124,123,125,122,124,46,47,46,48,48,51,0,0,0,0,2,9
68.1806,8,home,139,2233,875,3652,2666,2160,1480,2229,875,3655,2667,2154,1495,0,0,0,0,0,0,30,0,-27,0,37,-69,122,125,123,125,122,124,46,47,46,48,48,51,0,0,0,0,3,10
68.2137,8,home,140,2233,875,3652,2666,2160,1480,2229,875,3655,2667,2154,1495,0,0,0,0,0,0,30,0,-27,0,37,-69,122,124,123,125,122,124,46,47,46,48,48,51,0,0,0,0,2,10
68.2471,8,home,141,2233,875,3652,2666,2160,1480,2229,875,3655,2667,2154,1495,0,0,0,0,0,0,30,0,-27,0,37,-69,122,125,123,125,122,124,46,47,46,48,48,51,0,0,0,0,2,10
68.2809,8,home,142,2233,875,3652,2666,2160,1480,2229,875,3655,2667,2154,1495,0,0,0,0,0,0,30,0,-27,0,37,-69,122,124,123,125,122,124,46,47,46,48,48,51,1,0,0,0,3,9
68.3141,8,home,143,2233,875,3652,2666,2160,1480,2229,875,3655,2667,2154,1495,0,0,0,0,0,0,30,0,-27,0,37,-69,122,124,123,125,122,124,46,47,46,48,48,51,0,0,0,0,2,10
68.3477,8,home,144,2233,875,3652,2666,2160,1480,2229,875,3655,2667,2154,1495,0,0,0,0,0,0,30,0,-27,0,37,-69,122,124,123,125,122,124,46,47,46,48,48,51,1,0,0,0,3,10
68.3809,8,home,145,2233,875,3652,2666,2160,1480,2229,875,3655,2667,2154,1495,0,0,0,0,0,0,30,0,-27,0,37,-69,122,124,123,125,122,124,46,47,46,48,48,51,0,0,0,0,2,10
68.4147,8,home,146,2233,875,3652,2666,2160,1480,2229,875,3655,2667,2154,1495,0,0,0,0,0,0,30,0,-27,0,37,-69,122,124,123,125,122,124,46,47,46,48,48,51,0,0,0,0,2,10
68.448,8,home,147,2233,875,3652,2666,2160,1480,2229,875,3655,2667,2154,1495,0,0,0,0,0,0,30,0,-27,0,37,-69,122,124,123,125,122,124,46,47,46,48,48,51,0,0,0,0,2,10
68.4817,8,home,148,2233,875,3652,2666,2160,1480,2229,875,3655,2667,2154,1495,0,0,0,0,0,0,30,0,-27,0,37,-69,122,124,123,125,122,124,46,47,46,48,48,51,0,0,0,0,2,10
68.515,8,home,149,2233,875,3652,2666,2160,1480,2229,875,3655,2667,2154,1495,0,0,0,0,0,0,30,0,-27,0,37,-69,122,124,123,125,122,124,46,47,46,48,48,51,1,0,0,0,2,10
68.5486,8,home,150,2233,875,3652,2666,2160,1480,2229,875,3655,2667,2154,1495,0,0,0,0,0,0,30,0,-27,0,37,-69,122,124,123,125,122,124,46,47,46,48,48,51,0,0,0,0,2,10
68.5817,8,home,151,2233,875,3652,2666,2160,1480,2229,875,3655,2667,2154,1495,0,0,0,0,0,0,30,0,-27,0,37,-69,122,124,123,125,122,124,46,47,46,48,48,51,1,0,0,0,2,9
68.6151,8,home,152,2233,875,3652,2666,2160,1480,2229,875,3655,2667,2154,1495,0,0,0,0,0,0,30,0,-27,0,37,-69,122,124,123,125,122,124,46,47,46,48,48,51,1,0,0,0,2,9
68.6487,8,home,153,2233,875,3652,2666,2160,1480,2229,875,3655,2667,2154,1495,0,0,0,0,0,0,30,0,-27,0,37,-69,122,124,123,125,122,124,46,47,46,48,48,51,1,0,0,0,3,10
68.6821,8,home,154,2233,875,3652,2666,2160,1480,2229,875,3655,2667,2154,1495,0,0,0,0,0,0,30,0,-27,0,37,-69,122,124,123,125,122,124,46,47,46,48,48,51,1,0,0,0,2,10
68.7157,8,home,155,2233,875,3652,2666,2160,1480,2229,875,3655,2667,2154,1495,0,0,0,0,0,0,30,0,-27,0,37,-69,122,124,123,125,122,124,46,47,46,48,48,51,1,0,0,0,3,10
68.749,8,home,156,2233,875,3652,2666,2160,1480,2229,875,3655,2667,2154,1495,0,0,0,0,0,0,30,0,-27,0,37,-69,122,124,123,125,122,124,46,47,46,48,48,51,1,0,0,0,2,10
68.7826,8,home,157,2233,875,3652,2666,2160,1480,2229,875,3655,2667,2154,1495,0,0,0,0,0,0,30,0,-27,0,37,-69,122,124,123,125,122,124,46,47,46,48,48,51,0,0,0,0,2,10
68.816,8,home,158,2233,875,3652,2666,2160,1480,2229,875,3655,2667,2154,1495,0,0,0,0,0,0,30,0,-27,0,37,-69,122,124,123,125,122,124,46,47,46,48,48,51,0,0,1,0,3,10
68.8496,8,home,159,2233,875,3652,2666,2160,1480,2229,875,3655,2667,2154,1495,0,0,0,0,0,0,30,0,-27,0,37,-69,122,124,123,125,122,124,46,47,46,48,48,51,0,0,0,0,3,10
68.8827,8,home,160,2233,875,3652,2666,2160,1480,2229,875,3655,2667,2154,1495,0,0,0,0,0,0,30,0,-27,0,37,-69,122,124,123,125,122,124,46,47,46,48,48,51,1,0,0,0,2,10
68.9167,8,home,161,2233,875,3652,2666,2160,1480,2229,875,3655,2667,2154,1495,0,0,0,0,0,0,30,0,-27,0,37,-69,122,124,123,125,122,124,46,47,46,48,48,51,0,0,0,0,2,10
68.9498,8,home,162,2233,875,3652,2666,2160,1480,2229,875,3655,2667,2154,1495,0,0,0,0,0,0,30,0,-27,0,37,-69,122,124,123,125,122,124,46,47,46,48,48,51,1,0,0,0,2,10
68.9836,8,home,163,2233,875,3652,2666,2160,1480,2229,875,3655,2667,2154,1495,0,0,0,0,0,0,30,0,-27,0,37,-69,122,124,123,125,122,124,46,47,46,48,48,51,1,0,0,0,3,10
69.0167,8,home,164,2233,875,3652,2666,2160,1480,2229,875,3655,2667,2154,1495,0,0,0,0,0,0,30,0,-27,0,37,-69,122,125,123,125,122,124,46,47,46,48,48,51,0,0,0,0,2,11
69.05,8,home,165,2233,875,3652,2666,2160,1480,2229,875,3655,2667,2154,1495,0,0,0,0,0,0,30,0,-27,0,37,-69,122,125,123,125,122,124,46,47,46,48,48,51,1,0,0,0,1,10
69.0836,8,home,166,2233,875,3652,2666,2160,1480,2229,875,3655,2667,2154,1495,0,0,0,0,0,0,30,0,-27,0,37,-69,122,124,123,125,122,124,46,47,46,48,48,51,1,0,0,0,2,10
69.1167,8,home,167,2233,875,3652,2666,2160,1480,2229,875,3655,2667,2154,1495,0,0,0,0,0,0,30,0,-27,0,37,-69,122,124,123,125,122,124,46,47,46,48,48,51,0,0,0,0,2,9
69.1501,8,home,168,2233,875,3652,2666,2160,1480,2229,875,3655,2667,2154,1495,0,0,0,0,0,0,30,0,-27,0,37,-69,122,124,123,125,122,124,46,47,46,48,48,51,0,0,1,0,2,10
69.1837,8,home,169,2233,875,3652,2666,2160,1480,2229,875,3655,2667,2154,1495,0,0,0,0,0,0,30,0,-27,0,37,-69,122,124,123,125,122,124,46,47,46,48,48,51,1,0,0,0,2,10
69.2171,8,home,170,2233,875,3652,2666,2160,1480,2229,875,3655,2667,2154,1495,0,0,0,0,0,0,30,0,-27,0,37,-69,122,125,123,125,122,124,46,47,46,48,48,51,1,0,0,0,2,10
69.2567,9,lift,0,2229,909,3655,2667,2154,1495,2229,875,3655,2667,2154,1495,0,0,0,0,0,0,30,0,-27,0,37,-51,122,124,123,125,122,124,46,47,46,48,48,51,0,0,0,0,1,11
69.2902,9,lift,1,2229,942,3655,2667,2154,1495,2229,880,3655,2666,2154,1496,0,50,0,0,0,0,0,118,0,0,0,0,122,124,123,125,122,124,46,47,46,48,48,51,0,65,0,0,0,1
69.3236,9,lift,2,2229,976,3655,2667,2154,1495,2229,893,3655,2665,2154,1496,0,400,0,0,0,0,0,206,0,23,0,0,122,124,123,125,122,124,46,47,46,48,48,51,0,57,0,0,0,0
69.3569,9,lift,3,2229,1010,3655,2667,2154,1495,2229,911,3655,2664,2154,1496,0,450,0,-50,0,0,0,174,0,27,0,0,122,124,123,125,122,124,46,47,46,48,48,51,0,48,0,0,0,0
69.3906,9,lift,4,2229,1044,3655,2667,2154,1495,2229,933,3651,2662,2152,1496,0,550,-100,-50,-50,0,0,213,27,30,23,0,122,124,122,125,122,124,46,47,46,48,48,51,0,51,1,0,0,0
69.4236,9,lift,5,2229,1077,3655,2667,2154,1495,2229,957,3644,2662,2151,1496,0,750,-250,0,-50,0,0,245,51,34,27,0,122,124,122,125,121,124,46,47,46,48,48,51,0,99,5,1,2,0
69.4569,9,lift,6,2229,1111,3655,2667,2154,1495,2229,982,3644,2661,2149,1496,0,650,-50,-50,-50,0,0,386,55,37,30,0,122,124,122,125,121,124,46,47,46,48,48,51,0,136,5,1,2,0
69.4902,9,lift,7,2229,1145,3655,2667,2154,1495,2229,1009,3642,2660,2148,1496,0,800,-50,0,0,0,0,315,58,41,34,0,122,124,122,125,121,124,46,47,46,48,48,51,0,105,7,3,1,0
69.5236,9,lift,8,2229,1179,3655,2667,2154,1495,2229,1038,3640,2658,2147,1496,0,800,-50,-50,-50,0,0,329,65,44,37,0,122,124,122,125,121,124,46,47,46,48,48,51,0,101,8,3,2,0
69.5567,9,lift,9,2229,1212,3655,2667,2154,1495,2229,1063,3639,2652,2147,1496,0,800,-50,-150,-50,0,0,347,72,62,41,0,122,124,122,125,121,124,46,47,46,48,48,51,0,117,10,33,4,0
69.5906,9,lift,10,2229,1246,3655,2667,2154,1495,2229,1092,3637,2647,2147,1496,0,750,-50,-150,0,0,0,357,79,83,41,0,122,124,122,125,121,124,46,47,46,48,48,51,0,237,15,53,2,0
69.6237,9,lift,11,2229,1280,3655,2667,2154,1495,2229,1121,3634,2642,2147,1496,0,900,-100,-100,0,0,0,406,83,101,41,0,121,124,122,124,121,124,46,47,46,48,48,51,0,218,38,33,3,0
69.6568,9,lift,12,2229,1314,3655,2667,2154,1495,2229,1148,3628,2639,2147,1496,0,800,-150,-100,0,0,0,417,108,115,41,0,121,123,122,124,121,123,46,47,46,48,48,51,0,197,37,47,3,0
69.69,9,lift,13,2229,1347,3655,2667,2154,1495,2229,1176,3621,2638,2147,1496,0,800,-200,-50,0,0,0,516,132,118,41,0,121,123,121,124,121,123,46,47,46,48,48,51,0,187,54,39,3,0
69.7236,9,lift,14,2229,1381,3655,2667,2154,1495,2228,1206,3614,2638,2147,1496,-50,900,-250,0,0,0,0,435,157,118,41,0,121,123,121,124,120,123,46,47,46,48,48,51,0,206,67,46,3,0
69.7569,9,lift,15,2229,1415,3655,2667,2154,1495,2228,1234,3607,2638,2146,1496,0,850,-200,0,0,0,0,484,174,118,129,0,121,123,121,124,120,123,46,47,46,48,48,51,0,319,110,46,4,0
69.79,9,lift,16,2229,1448,3655,2667,2154,1495,2228,1262,3599,2638,2146,1496,0,800,-250,0,0,0,0,494,206,118,44,0,121,123,121,124,120,123,46,47,46,48,48,51,0,351,153,46,4,0
69.8237,9,lift,17,2229,1482,3655,2667,2154,1495,2228,1291,3592,2638,2146,1496,0,850,-250,0,0,0,0,590,234,118,44,0,121,123,121,124,120,122,46,47,46,48,48,51,0,296,138,45,3,0
69.8568,9,lift,18,2229,1516,3655,2667,2154,1495,2227,1318,3589,2638,2146,1496,-50,800,-150,0,0,0,23,519,245,118,44,0,121,122,121,123,120,122,46,47,46,48,48,51,0,316,140,45,4,0
69.89,9,lift,19,2229,1550,3655,2667,2154,1495,2227,1342,3584,2638,2146,1496,0,700,-100,0,0,0,23,632,262,118,44,0,121,122,120,123,120,122,46,47,46,48,48,51,0,595,154,45,4,0
69.9237,9,lift,20,2229,1583,3655,2667,2154,1495,2227,1366,3577,2638,2146,1496,0,700,-200,0,0,0,23,607,284,118,44,0,120,122,120,123,119,122,46,47,46,48,48,51,0,525,188,45,3,0
69.9569,9,lift,21,2229,1617,3655,2667,2154,1495,2227,1390,3569,2639,2147,1496,0,700,-250,50,0,0,23,717,312,115,41,0,120,121,120,122,119,121,46,47,46,48,48,51,0,560,249,43,4,0
69.99,9,lift,22,2229,1651,3655,2667,2154,1495,2227,1415,3562,2640,2148,1496,0,750,-250,0,0,0,23,653,428,115,37,0,120,121,119,122,118,121,46,47,46,48,48,51,0,630,275,34,3,0
70.0237,9,lift,23,2229,1685,3655,2667,2154,1495,2226,1436,3559,2640,2149,1496,-50,600,-100,50,50,0,23,780,354,111,34,0,119,121,119,122,118,120,46,47,46,48,48,51,0,980,263,30,1,0
70.0568,9,lift,24,2229,1718,3655,2667,2154,1495,2226,1453,3556,2640,2150,1496,0,600,-50,0,0,0,27,854,361,111,30,0,119,120,118,121,117,120,46,47,46,48,48,51,0,974,254,29,1,0
70.09,9,lift,25,2229,1752,3655,2667,2154,1495,2226,1471,3550,2640,2151,1496,0,550,-150,0,50,0,27,815,379,111,27,0,119,120,118,120,117,119,46,47,46,48,48,51,0,1192,344,27,0,0
70.1237,9,lift,26,2229,1786,3655,2667,2154,1495,2226,1486,3546,2641,2154,1496,0,500,-150,50,50,0,27,963,396,108,0,0,118,119,117,120,116,119,46,47,46,48,48,51,0,1600,415,25,0,0
70.1569,9,lift,27,2229,1820,3655,2667,2154,1495,2226,1498,3544,2641,2155,1496,0,350,-100,0,100,0,27,949,407,108,0,0,117,118,117,119,116,118,46,47,46,48,48,51,0,1549,311,25,0,0
70.1903,9,lift,28,2229,1853,3655,2667,2154,1495,2226,1505,3543,2641,2156,1496,0,300,0,0,0,0,27,1000,410,108,-23,0,117,118,116,118,115,117,46,47,46,48,48,51,0,1818,300,24,0,0
70.2236,9,lift,29,2229,1887,3655,2667,2154,1495,2226,1509,3543,2641,2156,1496,0,150,0,0,0,0,27,1000,410,108,-23,0,117,117,115,118,114,117,46,47,46,48,48,51,0,1799,301,25,0,0
70.258,9,align,0,2227,1887,3614,2679,2153,1516,2226,1509,3543,2641,2156,1496,0,0,0,0,0,0,27,1000,410,108,-23,0,117,117,115,118,114,117,46,47,46,48,48,51,0,1816,301,24,0,0
70.2903,9,align,1,2225,1887,3574,2692,2152,1538,2226,1510,3537,2643,2156,1499,0,0,-50,50,0,100,0,1000,280,146,-27,79,117,117,115,118,115,117,46,47,46,48,48,51,0,1818,220,45,0,11
70.3237,9,align,2,2223,1887,3533,2704,2151,1559,2226,1516,3526,2648,2158,1504,0,100,-350,150,100,100,0,1000,181,90,-37,51,117,117,116,118,115,117,46,47,46,48,48,51,0,1847,126,42,1,38
70.3569,9,align,3,2221,1887,3492,2717,2151,1580,2226,1540,3509,2660,2160,1519,0,450,-400,350,50,450,-27,1000,75,93,-44,86,117,118,117,119,116,118,46,47,46,48,48,51,0,1547,105,49,16,15
70.39,9,align,4,2219,1887,3452,2729,2150,1602,2225,1583,3485,2673,2159,1537,0,1100,-600,350,0,450,-34,1000,0,178,-44,93,118,119,118,120,117,119,46,47,46,48,48,51,1,1395,80,26,3,7
70.4237,9,align,5,2217,1887,3411,2742,2149,1623,2224,1638,3456,2686,2157,1552,-50,1500,-800,400,-100,500,-34,762,69,167,-41,199,119,121,119,121,118,120,46,47,47,48,48,51,0,654,10,19,2,19
70.4568,9,align,6,2215,1887,3371,2754,2148,1644,2222,1686,3427,2701,2155,1565,-100,1550,-800,450,-50,400,-34,656,34,174,-41,224,120,122,120,123,119,121,46,47,47,48,48,51,0,321,15,8,1,70
70.4901,9,align,7,2213,1887,3330,2767,2147,1665,2220,1729,3395,2721,2154,1577,0,1350,-900,500,-50,400,-34,491,-19,150,-37,266,121,123,121,123,120,122,46,47,46,48,48,51,1,216,11,6,0,94
70.5236,9,align,8,2211,1887,3289,2779,2146,1687,2218,1764,3363,2736,2153,1591,-50,1000,-950,500,-50,400,-34,403,-83,129,-37,291,121,123,121,124,120,123,46,47,47,48,48,51,0,117,9,10,2,95
70.5568,9,align,9,2209,1887,3249,2792,2145,1708,2217,1793,3333,2753,2151,1605,0,1000,-900,500,0,400,-41,283,-111,111,-37,315,121,123,122,124,121,123,46,47,46,48,48,51,0,60,12,6,2,122
70.5906,9,align,10,2207,1887,3208,2804,2144,1729,2215,1818,3302,2772,2148,1623,-50,800,-900,600,-100,500,-41,181,-135,26,-30,234,122,124,122,124,121,123,46,47,46,48,48,51,1,23,2,1,1,100
70.6236,9,align,11,2205,1887,3167,2817,2144,1751,2213,1839,3277,2786,2148,1641,-100,600,-750,450,0,550,-41,192,-181,-27,-30,329,122,124,122,125,121,123,46,47,46,48,48,51,2,4,14,0,1,120
70.6568,9,align,12,2203,1887,3127,2829,2143,1772,2211,1861,3250,2802,2149,1657,-100,650,-750,500,0,500,-37,40,-255,76,-30,276,122,124,122,124,121,123,46,47,46,48,48,51,2,1,50,8,1,128
70.6906,9,align,13,2201,1887,3086,2842,2142,1793,2208,1872,3222,2819,2149,1675,-50,350,-800,450,50,550,-37,76,-290,58,-37,283,122,124,122,124,121,123,46,47,46,48,48,51,1,0,107,6,4,131
70.7237,9,align,14,2198,1887,3046,2854,2141,1814,2205,1879,3194,2836,2149,1693,-100,250,-850,550,0,500,-30,51,-329,58,-41,290,121,124,122,124,121,123,46,47,46,48,48,51,0,1,118,1,2,128
70.7568,9,align,15,2196,1887,3005,2866,2140,1836,2203,1883,3163,2853,2148,1709,-100,250,-800,550,0,500,-34,-87,-350,-83,-41,301,121,123,121,124,120,123,46,47,46,48,48,51,0,0,123,15,2,174
70.7902,9,align,16,2194,1887,2964,2879,2139,1857,2200,1888,3134,2868,2146,1728,0,150,-800,400,-50,600,-34,0,-389,0,-37,333,121,123,121,124,120,122,46,47,46,48,48,51,1,0,182,2,2,199
70.8237,9,align,17,2192,1887,2924,2891,2138,1878,2197,1890,3101,2882,2145,1748,-100,50,-1000,450,0,650,-30,-27,-452,0,-41,333,121,123,121,124,120,122,46,47,46,48,48,51,3,2,206,6,2,175
70.8568,9,align,18,2190,1887,2883,2904,2138,1900,2194,1890,3066,2892,2144,1772,-50,0,-1000,300,-100,650,-23,-27,-459,0,-37,318,121,123,121,124,120,122,46,47,46,48,48,51,1,1,177,2,3,130
70.8904,9,align,19,2188,1887,2842,2916,2137,1921,2192,1890,3025,2900,2143,1800,-50,0,-1150,250,-50,850,-27,-27,-452,37,-34,294,121,123,121,124,120,122,46,47,46,48,48,51,0,1,126,0,2,70
70.9236,9,align,20,2186,1887,2802,2929,2136,1942,2190,1890,2981,2906,2142,1829,-100,0,-1250,200,-50,850,-23,-27,-435,-62,-34,255,122,123,122,124,120,123,46,47,46,48,48,51,1,1,95,0,1,89
70.9568,9,align,21,2184,1887,2761,2941,2135,1964,2188,1892,2939,2908,2141,1858,-50,0,-1300,100,0,850,-23,-30,-466,90,83,255,121,124,122,124,121,123,46,47,46,48,48,51,0,2,141,12,1,37
70.9906,9,align,22,2182,1887,2720,2954,2134,1985,2186,1893,2897,2914,2138,1888,-100,100,-1250,0,-150,900,-23,-37,-449,115,-27,220,122,124,122,124,121,123,46,47,46,48,48,51,0,3,133,12,1,15
71.0238,9,align,23,2180,1887,2680,2966,2133,2006,2184,1894,2857,2926,2140,1916,-50,0,-1250,250,0,800,-23,-41,-445,118,-37,273,122,124,122,124,121,123,46,47,46,48,48,51,3,4,124,19,2,22
71.0568,9,align,24,2178,1887,2639,2979,2132,2028,2182,1894,2819,2935,2139,1940,-50,0,-1150,250,50,750,-27,-41,-431,51,-37,252,122,124,122,124,121,123,46,47,46,48,48,51,0,3,112,9,3,59
71.0906,9,align,25,2176,1887,2599,2991,2131,2049,2179,1894,2778,2948,2139,1965,-50,0,-1200,300,0,750,-23,-41,-339,51,-41,181,122,124,122,124,121,123,46,47,46,48,48,51,1,2,194,8,3,28
71.1236,9,align,26,2174,1887,2558,3004,2131,2070,2177,1895,2737,2959,2140,1989,-50,0,-1250,300,0,750,0,-41,-466,132,-44,160,121,124,122,124,121,123,46,47,46,48,48,51,0,2,183,11,4,8
71.1568,9,align,27,2172,1887,2517,3016,2130,2091,2175,1895,2701,2973,2139,2011,-50,50,-1100,350,0,700,0,-44,-463,129,-44,234,122,124,122,124,121,123,46,47,46,48,48,51,0,4,157,11,4,20
71.1906,9,align,28,2170,1887,2477,3029,2129,2113,2173,1895,2661,2986,2140,2034,-100,0,-1100,450,0,700,-23,-44,-459,139,-51,139,122,123,121,124,121,123,46,47,46,48,48,51,0,4,171,2,4,23
71.2236,9,align,29,2168,1887,2436,3041,2128,2134,2171,1895,2620,2999,2139,2056,-50,0,-1200,300,-50,600,0,-44,-449,136,-51,220,122,124,122,124,121,123,46,47,46,48,48,51,1,3,132,3,5,40
71.2568,9,home,0,2168,1887,2436,3041,2128,2134,2169,1895,2583,3013,2138,2077,-100,0,-1100,350,0,650,0,-44,-498,125,-51,153,122,124,122,124,121,123,46,47,46,48,48,51,0,2,246,8,4,18
71.2589,9,home,1,2168,1887,2436,3041,2129,2134,2169,1895,2581,3014,2138,2078,-100,0,-1100,350,0,650,0,-44,-445,125,-51,153,122,124,122,124,121,123,46,47,46,48,48,51,0,2,246,8,4,18
71.2906,9,home,2,2168,1887,2436,3041,2129,2134,2167,1895,2549,3020,2138,2094,-50,0,-1050,400,0,650,0,-44,-357,93,-48,83,122,124,122,125,121,124,46,47,46,48,48,51,0,4,97,3,6,3
71.3239,9,home,3,2168,1887,2436,3041,2130,2134,2167,1894,2526,3025,2136,2105,-50,0,-900,150,-50,400,0,-44,-347,72,-41,37,122,124,122,125,121,124,46,47,46,48,48,51,0,3,91,2,3,4
71.3576,9,home,4,2168,1887,2436,3041,2130,2134,2167,1894,2510,3028,2136,2113,0,-50,-550,50,-50,250,0,-41,-284,-55,-37,93,122,124,122,125,121,124,46,47,46,48,48,51,0,3,68,1,3,9
71.3909,9,home,5,2168,1887,2436,3041,2130,2134,2167,1894,2500,3031,2136,2117,0,0,-350,100,0,150,0,-41,-245,-66,-37,79,122,124,122,125,121,124,46,47,46,48,48,51,0,3,62,1,2,10
71.4241,9,home,6,2168,1887,2436,3041,2130,2134,2167,1895,2495,3032,2136,2120,0,50,-150,50,0,100,0,-44,-227,48,-37,65,122,124,122,125,121,124,46,47,46,48,48,51,0,3,95,1,3,4
71.4577,9,home,7,2168,1887,2436,3041,2130,2134,2167,1895,2493,3034,2136,2122,0,0,-50,100,0,100,0,-44,-217,41,-37,58,122,124,122,125,121,124,46,47,46,48,48,51,0,4,93,2,3,4
71.4909,9,home,8,2168,1887,2436,3041,2130,2134,2167,1895,2492,3034,2136,2124,0,0,-50,0,0,100,0,-44,-213,41,-37,51,122,124,122,125,121,124,46,47,46,48,48,51,0,3,97,2,2,4
71.5246,9,home,9,2168,1887,2436,3041,2130,2134,2167,1895,2492,3034,2136,2125,0,0,0,0,0,0,0,-44,-213,41,-37,48,122,124,122,125,121,124,46,47,46,48,48,51,0,4,97,3,3,4
71.5578,9,home,10,2168,1887,2436,3041,2130,2134,2167,1895,2492,3034,2136,2125,0,0,0,0,0,0,0,-44,-213,41,-37,48,122,124,122,125,121,124,46,47,46,48,48,51,0,3,97,2,2,4
71.591,9,home,11,2168,1887,2436,3041,2130,2134,2167,1895,2492,3034,2136,2126,0,0,0,0,0,0,0,-44,-213,41,-37,-73,122,124,122,125,121,124,46,47,46,48,48,51,0,3,96,2,2,2
71.6247,9,home,12,2168,1887,2436,3041,2130,2134,2167,1895,2492,3034,2136,2126,0,0,0,0,0,50,0,-44,-213,41,-37,44,122,124,122,125,121,124,46,47,46,48,48,51,0,4,97,2,2,3
71.6579,9,home,13,2168,1887,2436,3041,2130,2134,2167,1895,2492,3034,2136,2126,0,0,0,0,0,0,0,-44,-213,41,-37,44,122,124,122,125,121,124,46,47,46,48,48,51,0,4,97,2,2,3
71.6916,9,home,14,2168,1887,2436,3041,2130,2134,2167,1895,2492,3034,2136,2126,0,0,0,0,0,0,0,-44,-213,41,-37,44,122,124,122,125,121,124,46,47,46,48,48,51,0,3,97,3,2,3
71.725,9,home,15,2168,1887,2436,3041,2130,2134,2167,1895,2492,3034,2136,2126,0,0,0,0,0,0,0,-44,-213,41,-37,44,122,124,122,125,121,124,46,47,46,48,48,51,0,4,97,3,3,3
71.7586,9,home,16,2168,1887,2436,3041,2130,2134,2167,1895,2492,3034,2136,2126,0,0,0,0,0,0,0,-44,-213,41,-37,44,122,124,122,125,121,124,46,47,46,48,48,51,0,3,97,3,3,4
71.7926,9,home,17,2168,1887,2436,3041,2130,2134,2167,1895,2492,3034,2136,2126,0,0,0,0,0,0,0,-44,-213,41,-37,44,122,124,122,125,121,124,46,47,46,48,48,51,0,3,96,3,2,3
71.8257,9,home,18,2168,1887,2436,3041,2130,2134,2167,1895,2492,3034,2136,2126,0,0,0,0,0,0,0,-44,-213,41,-37,44,122,124,122,125,121,124,46,47,46,48,48,51,0,3,97,2,3,3
71.859,9,home,19,2168,1887,2436,3041,2130,2134,2167,1895,2492,3034,2136,2126,0,0,0,0,0,0,0,-44,-213,41,-37,44,122,124,122,125,121,124,46,47,46,48,48,51,0,4,97,3,1,3
71.8926,9,home,20,2168,1887,2436,3041,2130,2134,2167,1895,2492,3034,2136,2126,0,0,0,0,0,0,0,-44,-213,41,-37,44,122,124,122,125,121,124,46,47,47,48,48,51,0,3,97,3,2,3
71.9259,9,home,21,2168,1887,2436,3041,2130,2134,2167,1895,2492,3034,2136,2126,0,0,0,0,0,0,0,-44,-213,41,-37,44,122,124,122,125,121,124,46,47,46,48,48,51,0,4,97,2,2,4
71.9597,9,home,22,2168,1887,2436,3041,2130,2134,2167,1895,2492,3034,2136,2126,0,0,0,0,0,0,0,-44,-213,41,-37,44,122,124,122,125,121,124,46,47,46,48,48,51,0,4,97,3,3,3
71.9932,9,home,23,2168,1887,2436,3041,2130,2134,2167,1895,2492,3034,2136,2126,0,0,0,0,0,0,0,-44,-213,41,-37,44,122,124,122,125,121,124,46,47,46,48,48,51,0,3,97,3,2,3
72.0266,9,home,24,2168,1887,2436,3041,2130,2134,2167,1895,2492,3034,2136,2126,0,0,0,0,0,0,0,-44,-213,41,-37,44,122,124,122,125,121,124,46,47,46,48,48,51,0,4,96,3,2,3
72.0606,9,home,25,2168,1887,2436,3041,2130,2134,2167,1895,2492,3034,2136,2126,0,0,0,0,0,0,0,-44,-213,41,-37,44,122,124,122,125,121,124,46,47,46,48,48,51,0,4,97,2,3,3
72.0936,9,home,26,2168,1887,2436,3041,2130,2134,2167,1895,2492,3034,2136,2126,0,0,0,0,0,0,0,-44,-213,41,-37,44,122,124,122,125,121,124,46,47,46,48,48,51,0,4,97,2,2,4
72.1269,9,home,27,2168,1887,2436,3041,2130,2134,2167,1895,2492,3034,2136,2126,0,0,0,0,0,0,0,-44,-213,41,-37,44,122,124,122,125,121,124,46,47,46,48,48,51,0,4,97,3,3,3
72.1606,9,home,28,2168,1887,2436,3041,2130,2134,2167,1895,2492,3034,2136,2126,0,0,0,0,0,0,0,-44,-213,41,-37,44,122,124,122,125,121,124,46,47,46,48,48,51,0,3,97,2,3,3
72.1941,9,home,29,2168,1887,2436,3041,2130,2134,2167,1895,2492,3034,2136,2126,0,0,0,0,0,0,0,-44,-213,41,-37,44,122,124,122,125,121,124,46,47,46,48,48,51,0,3,97,2,2,3
72.2278,9,home,30,2168,1887,2436,3041,2130,2134,2167,1895,2492,3034,2136,2126,0,0,0,0,0,0,0,-44,-213,41,-37,44,122,124,122,125,121,124,46,47,46,48,48,51,0,4,97,2,2,4
72.2612,9,home,31,2168,1887,2436,3041,2130,2134,2167,1895,2492,3034,2136,2126,0,0,0,0,0,0,0,-44,-213,41,-37,44,122,124,122,125,121,124,46,47,47,48,48,51,0,4,97,2,2,3
72.2948,9,home,32,2168,1887,2436,3041,2130,2134,2167,1895,2492,3034,2136,2126,0,0,0,0,0,0,0,-44,-213,41,-37,44,122,124,122,125,121,124,46,47,46,48,48,51,0,4,97,3,2,4
72.3279,9,home,33,2168,1887,2436,3041,2130,2134,2167,1895,2492,3034,2136,2126,0,0,0,0,0,0,0,-44,-213,41,-37,44,122,124,122,125,121,124,46,47,46,48,48,51,0,4,96,3,3,3
72.3616,9,home,34,2168,1887,2436,3041,2130,2134,2167,1895,2492,3034,2136,2126,0,0,0,0,0,0,0,-44,-213,41,-37,44,122,124,122,125,121,124,46,47,46,48,48,51,0,4,97,2,2,4
72.3952,9,home,35,2168,1887,2436,3041,2130,2134,2167,1895,2492,3034,2136,2126,0,0,0,0,0,0,0,-44,-213,41,-37,44,122,124,122,125,121,124,46,47,46,48,48,51,0,4,97,2,2,3
72.4286,9,home,36,2168,1887,2436,3041,2130,2134,2167,1895,2492,3034,2136,2126,0,0,0,0,0,0,0,-44,-213,41,-37,44,122,124,122,125,121,124,46,47,47,48,48,51,0,4,97,3,2,4
72.4619,9,home,37,2168,1887,2436,3041,2130,2134,2167,1895,2492,3034,2136,2126,0,0,0,0,0,0,0,-44,-213,41,-37,44,122,124,122,125,121,124,46,47,46,48,48,51,0,3,96,3,2,3
72.4956,9,home,38,2168,1887,2436,3041,2130,2134,2167,1895,2492,3034,2136,2126,0,0,0,0,0,0,0,-44,-213,41,-37,44,122,124,122,125,121,124,46,47,46,48,48,51,0,3,97,2,3,3
72.529,9,home,39,2168,1886,2436,3041,2130,2134,2167,1895,2492,3034,2136,2126,0,0,0,0,0,0,0,-44,-213,41,-37,44,122,124,122,125,121,124,46,47,46,48,48,51,0,4,97,2,3,3
72.5626,9,home,40,2168,1883,2436,3041,2130,2134,2167,1895,2492,3034,2136,2126,0,0,0,0,0,0,0,-48,-213,41,-37,44,122,124,122,125,121,124,46,47,46,48,48,51,0,5,97,3,2,4
72.5958,9,home,41,2168,1878,2436,3041,2130,2134,2167,1895,2492,3034,2136,2126,0,0,0,0,0,0,0,-58,-213,41,-37,44,122,124,122,125,121,124,46,47,46,48,48,51,0,11,96,2,2,3
72.6295,9,home,42,2168,1873,2436,3041,2130,2134,2167,1895,2492,3034,2136,2126,0,0,0,0,0,0,0,-76,-213,41,-37,44,122,124,122,125,121,124,46,47,46,48,48,51,0,14,96,3,2,3
72.6628,9,home,43,2168,1868,2436,3041,2130,2134,2167,1895,2492,3034,2136,2126,0,0,0,0,0,0,0,-93,-213,41,-37,44,122,124,122,125,121,124,46,47,46,48,48,51,0,18,96,3,3,4
72.6962,9,home,44,2168,1864,2436,3041,2131,2134,2167,1895,2492,3034,2136,2126,0,0,0,0,0,0,0,-111,-213,41,-37,44,122,124,122,125,121,124,46,47,46,48,48,51,0,26,97,2,3,4
72.7298,9,home,45,2168,1861,2436,3041,2131,2134,2167,1895,2492,3034,2136,2126,0,0,0,0,0,0,0,-125,-213,41,-34,44,122,124,122,125,121,124,46,47,46,48,48,51,0,40,96,2,2,4
72.7636,9,home,46,2168,1861,2436,3041,2131,2134,2167,1895,2492,3034,2136,2126,0,0,0,0,0,0,0,-136,-213,41,-34,44,122,124,122,125,121,124,46,47,46,48,48,51,0,45,96,2,2,3
72.7968,9,home,47,2168,1861,2436,3041,2131,2134,2167,1895,2492,3034,2136,2126,0,0,0,0,0,0,0,-136,-213,41,-34,44,122,124,122,125,121,124,46,47,46,48,48,51,0,43,97,2,1,3
72.8306,9,home,48,2168,1861,2436,3041,2131,2134,2167,1895,2492,3034,2136,2126,0,0,0,0,0,0,0,-136,-213,41,-34,44,122,124,122,125,121,124,46,47,46,48,48,51,0,42,96,2,1,4
72.8637,9,home,49,2168,1861,2436,3041,2131,2134,2167,1895,2492,3034,2136,2126,0,0,0,0,0,0,0,-136,-213,41,-34,44,122,124,122,125,121,124,46,47,47,48,48,51,0,41,96,2,2,3
72.8972,9,home,50,2168,1861,2436,3041,2131,2134,2167,1895,2492,3034,2136,2126,0,0,0,0,0,0,0,-136,-213,41,-34,44,122,124,122,125,121,124,46,47,46,48,48,51,0,42,96,2,1,3
72.9307,9,home,51,2167,1861,2436,3041,2131,2134,2167,1895,2492,3034,2136,2126,0,0,0,0,0,0,0,-136,-213,41,-34,44,122,124,122,125,121,124,46,47,46,48,48,51,0,42,97,3,1,3
72.9642,9,home,52,2167,1858,2437,3041,2131,2134,2167,1895,2492,3034,2136,2126,0,0,0,0,0,0,0,-136,-213,41,-34,44,122,124,122,125,121,124,46,47,46,48,48,51,0,42,96,2,2,3
72.9977,9,home,53,2167,1853,2439,3041,2131,2134,2167,1895,2492,3034,2136,2126,0,0,0,0,0,0,0,-146,-210,41,-34,44,122,124,122,125,121,124,46,47,46,48,48,51,0,47,93,2,1,3
73.0316,9,home,54,2165,1845,2445,3041,2131,2134,2167,1895,2492,3034,2136,2126,0,0,0,0,0,0,0,-164,-203,41,-34,44,122,124,122,125,121,124,46,47,46,48,48,51,0,58,88,2,1,3
73.0646,9,home,55,2163,1834,2453,3041,2131,2134,2167,1895,2492,3034,2136,2126,0,0,0,0,0,0,-23,-192,-181,41,-34,44,122,124,122,125,121,124,46,47,46,48,48,51,0,82,66,2,1,4
73.0978,9,home,56,2160,1821,2462,3041,2131,2134,2166,1894,2492,3034,2136,2126,0,0,0,0,0,0,-30,-227,-153,41,-34,44,122,124,122,125,121,124,46,47,46,48,48,51,0,121,47,3,1,4
73.1317,9,home,57,2158,1806,2476,3041,2131,2134,2164,1889,2492,3034,2136,2126,-50,-100,0,0,0,0,-34,-259,-122,41,-34,44,122,124,122,125,121,124,46,47,46,48,48,51,2,150,31,3,2,3
73.1648,9,home,58,2156,1788,2492,3041,2131,2134,2162,1882,2493,3034,2136,2126,-50,-250,50,0,0,0,-30,-294,-72,41,-34,44,122,124,122,125,121,124,46,47,46,48,48,51,1,147,16,3,1,4
73.1986,9,home,59,2155,1770,2509,3041,2131,2134,2159,1870,2496,3034,2136,2126,-100,-400,100,0,0,0,90,-319,-111,41,-34,44,122,124,122,125,121,124,46,47,47,48,48,51,0,136,4,3,2,3
73.2318,9,home,60,2155,1750,2527,3041,2131,2134,2157,1855,2502,3035,2135,2126,-50,-400,150,50,0,0,-23,-241,48,37,-34,44,122,124,122,125,121,124,46,47,47,48,48,51,0,110,1,2,1,4
73.2656,9,home,61,2155,1729,2542,3041,2131,2134,2156,1837,2512,3035,2135,2126,-50,-550,350,0,0,0,0,-245,72,37,-30,44,122,124,122,125,121,124,46,47,46,48,48,51,0,110,13,2,1,3
73.2988,9,home,62,2155,1709,2554,3041,2131,2134,2156,1818,2526,3035,2135,2126,0,-550,350,0,0,0,0,-245,-45,37,-30,44,122,124,122,125,121,124,46,47,47,48,48,51,0,140,10,1,1,3
73.3322,9,home,63,2155,1686,2567,3041,2130,2134,2156,1798,2539,3035,2135,2126,0,-550,350,0,0,0,0,-266,83,37,-30,44,122,124,122,125,121,124,46,47,46,48,48,51,0,133,1,1,0,3
73.3656,9,home,64,2155,1662,2578,3041,2131,2134,2156,1777,2553,3035,2135,2126,0,-600,450,0,0,0,0,-269,-41,37,-34,44,122,124,122,125,121,124,46,47,46,48,48,51,0,96,0,1,2,3
73.3988,9,home,65,2155,1639,2589,3041,2133,2134,2156,1756,2565,3035,2135,2126,0,-600,350,0,0,0,0,-273,69,37,-30,44,122,124,122,125,121,124,46,47,46,48,48,51,0,90,4,1,2,4
73.4326,9,home,66,2155,1616,2604,3041,2136,2134,2156,1733,2578,3035,2135,2126,0,-650,400,0,0,0,0,-269,58,37,-23,44,122,124,122,125,121,124,46,47,46,48,48,51,0,114,4,2,0,3
73.4657,9,home,67,2155,1595,2618,3041,2137,2134,2156,1709,2591,3035,2135,2126,0,-700,400,0,0,0,0,-262,65,37,0,44,122,124,122,125,121,124,46,47,46,48,48,51,0,135,3,2,0,4
73.4992,9,home,68,2155,1574,2633,3041,2139,2134,2156,1685,2603,3035,2135,2126,0,-700,400,0,0,0,0,-361,79,37,23,44,122,124,122,125,122,124,46,47,46,48,48,51,0,101,0,1,0,4
73.5326,9,home,69,2155,1556,2648,3041,2141,2134,2156,1663,2617,3035,2135,2126,0,-700,400,0,0,0,0,-259,-34,37,30,44,122,124,122,125,121,124,46,47,46,48,48,51,0,71,0,2,1,4
73.5658,9,home,70,2155,1538,2662,3041,2141,2134,2156,1639,2631,3035,2135,2126,0,-700,400,0,0,0,0,-234,-34,37,37,44,122,124,122,125,121,124,46,47,46,48,48,51,0,73,7,2,2,3
73.5995,9,home,71,2155,1519,2675,3041,2141,2134,2156,1617,2645,3035,2136,2126,0,-700,400,0,0,0,0,-213,79,37,34,44,122,124,122,125,121,124,46,47,46,48,48,51,0,65,5,2,0,3
73.6328,9,home,72,2155,1501,2687,3041,2141,2134,2156,1596,2659,3035,2137,2126,0,-650,450,0,50,0,0,-227,-30,37,30,44,122,124,122,125,121,124,46,47,46,48,48,51,0,70,1,1,1,4
73.666,9,home,73,2155,1479,2703,3041,2141,2134,2156,1575,2673,3035,2137,2126,0,-650,450,0,0,0,0,-298,-41,37,30,44,122,124,122,125,121,124,46,47,46,48,48,51,0,58,0,2,0,4
73.6996,9,home,74,2155,1455,2721,3041,2141,2134,2156,1555,2687,3035,2137,2126,0,-550,400,0,0,0,0,-298,83,37,30,44,122,124,122,125,121,124,46,47,46,48,48,51,0,67,3,2,1,4
73.7332,9,home,75,2155,1431,2741,3037,2141,2134,2156,1532,2702,3035,2137,2126,0,-650,400,0,0,0,0,-301,90,37,30,44,122,124,122,125,121,124,46,47,46,48,48,51,0,55,6,1,0,4
73.7666,9,home,76,2155,1405,2766,3027,2141,2134,2156,1510,2719,3035,2137,2126,0,-700,500,0,0,0,0,-298,97,23,30,44,122,124,122,125,121,124,46,47,46,48,48,51,0,115,13,2,1,4
73.7999,9,home,77,2155,1380,2793,3018,2141,2134,2156,1485,2739,3035,2137,2126,0,-750,650,0,0,0,0,-329,136,-44,30,44,122,124,122,125,122,124,46,47,47,48,48,51,0,70,7,7,0,3
73.8335,9,home,78,2155,1356,2821,3006,2141,2134,2156,1459,2763,3032,2137,2126,0,-750,700,-100,0,0,0,-234,54,-65,30,44,122,124,122,125,121,124,46,47,47,48,48,51,0,33,1,8,1,3
73.8666,9,home,79,2155,1337,2849,2995,2141,2134,2156,1435,2789,3026,2137,2126,0,-800,750,-100,0,0,0,-220,143,23,30,44,122,124,122,125,121,124,46,47,46,48,48,51,0,39,2,6,1,3
73.9001,9,home,80,2155,1319,2879,2982,2141,2134,2156,1410,2816,3018,2137,2126,0,-750,800,-200,0,0,0,-195,54,-19,30,44,122,124,122,125,121,124,46,47,46,48,48,51,0,40,6,7,0,4
73.9335,9,home,81,2155,1302,2909,2971,2141,2134,2156,1386,2844,3009,2137,2126,0,-650,800,-250,0,0,0,-171,54,-30,30,44,122,124,122,125,122,124,46,47,46,48,48,51,0,54,18,14,1,3
73.9668,9,home,82,2155,1288,2937,2957,2141,2134,2156,1366,2872,2998,2137,2126,0,-700,850,-250,0,0,0,-174,90,-115,30,44,122,124,123,125,122,124,46,47,47,48,48,51,0,26,7,13,0,3
74.0005,9,home,83,2155,1273,2966,2941,2141,2134,2156,1345,2902,2987,2137,2126,0,-600,900,-250,0,0,0,-146,76,-122,30,44,122,124,122,125,122,124,46,47,47,48,48,51,0,19,1,19,1,3
74.0338,9,home,84,2155,1256,2993,2925,2141,2134,2156,1327,2931,2973,2137,2126,0,-550,850,-400,0,0,0,-128,69,-61,30,44,122,124,122,125,122,124,46,47,46,48,48,51,0,27,2,7,0,3
74.0675,9,home,85,2155,1239,3020,2907,2141,2134,2156,1309,2959,2960,2137,2126,0,-550,850,-350,50,0,0,-121,54,-153,30,44,122,124,123,125,122,124,46,47,46,48,48,51,0,23,15,4,0,4
74.1005,9,home,86,2155,1224,3045,2887,2141,2134,2156,1292,2988,2945,2137,2126,0,-550,900,-400,0,0,0,-135,79,-72,27,44,122,124,123,125,122,124,46,47,46,48,48,51,0,21,12,15,0,4
74.1339,9,home,87,2155,1207,3072,2868,2141,2134,2156,1274,3016,2928,2137,2126,0,-500,750,-500,0,0,0,-210,146,-167,30,44,122,124,123,125,122,124,46,47,46,48,48,51,0,17,1,24,0,3
74.1675,9,home,88,2155,1192,3101,2850,2141,2134,2156,1257,3041,2911,2137,2126,0,-500,750,-450,0,0,0,-206,54,-111,30,44,122,124,122,125,122,124,46,47,47,48,48,51,0,23,0,20,1,3
74.2006,9,home,89,2155,1179,3128,2831,2141,2134,2156,1241,3069,2893,2137,2126,0,-500,800,-450,0,0,0,-107,51,-104,30,44,122,124,122,125,122,124,46,47,47,48,48,51,0,27,7,9,0,3
74.2344,9,home,90,2155,1167,3158,2813,2141,2134,2156,1225,3097,2875,2137,2126,0,-450,800,-600,0,0,0,-93,129,-100,30,44,122,124,123,125,122,124,46,47,46,48,48,51,0,23,18,9,1,4
74.2677,9,home,91,2155,1155,3187,2796,2141,2134,2156,1209,3125,2856,2137,2126,0,-450,800,-550,0,0,0,-97,79,-93,30,44,122,124,123,125,122,124,46,47,46,48,48,51,0,6,9,20,0,4
74.3011,9,home,92,2155,1143,3217,2779,2141,2134,2156,1195,3152,2839,2137,2126,0,-500,850,-450,0,0,0,-83,76,-83,30,44,122,124,123,125,122,124,46,47,46,48,48,51,0,7,1,31,0,3
74.3345,9,home,93,2155,1131,3244,2761,2141,2134,2156,1182,3181,2821,2137,2126,0,-350,800,-550,0,0,0,-160,72,-189,30,44,122,124,122,125,121,124,46,47,46,48,48,51,0,21,1,11,1,3
74.3678,9,home,94,2155,1118,3272,2743,2143,2134,2156,1168,3211,2803,2137,2126,0,-400,850,-600,0,0,0,-65,143,-97,30,44,122,124,123,125,122,124,46,47,47,48,48,51,0,17,5,5,0,3
74.4015,9,home,95,2155,1105,3298,2728,2148,2134,2156,1155,3238,2786,2137,2126,0,-400,900,-450,0,0,0,-150,86,-178,37,44,122,124,123,125,122,124,46,47,47,48,48,51,0,22,10,12,1,3
74.4348,9,home,96,2155,1093,3324,2711,2152,2134,2156,1143,3267,2768,2140,2126,0,-350,800,-450,100,0,0,-76,69,-79,48,44,122,124,123,125,122,124,46,47,47,48,48,51,0,6,1,18,2,3
74.468,9,home,97,2155,1079,3351,2697,2155,2134,2156,1130,3294,2750,2143,2126,0,-350,800,-550,100,0,0,-153,54,-157,51,44,122,124,123,125,122,124,46,47,46,48,48,51,0,9,0,21,2,2
74.5016,9,home,98,2156,1066,3377,2686,2157,2132,2156,1116,3322,2735,2146,2126,0,-400,800,-400,100,0,0,-153,47,-167,48,44,122,124,122,125,122,124,46,47,46,48,48,51,0,20,2,7,1,4
74.5348,9,home,99,2157,1052,3399,2680,2159,2123,2156,1103,3348,2722,2149,2126,0,-400,800,-500,100,0,0,-61,37,-153,44,37,122,124,123,125,122,124,46,47,46,48,48,51,0,31,10,6,0,2
74.5685,9,home,100,2159,1036,3422,2675,2159,2104,2156,1089,3374,2710,2152,2125,0,-400,750,-400,100,-50,0,-164,51,-129,44,-23,122,125,123,125,122,124,46,47,46,48,48,51,0,11,1,12,0,0
74.6016,9,home,101,2160,1017,3444,2673,2159,2081,2157,1074,3398,2700,2153,2120,0,-450,750,-300,50,-50,23,-164,37,-108,37,-76,122,124,123,125,122,124,46,47,46,48,48,51,0,8,0,2,0,2
74.6348,9,home,102,2161,992,3465,2672,2161,2054,2157,1059,3420,2693,2155,2113,0,-400,700,-200,100,-200,27,-86,26,-97,30,-132,122,124,122,125,121,124,46,47,46,48,48,51,0,14,0,2,1,12
74.6685,9,home,103,2161,966,3483,2671,2161,2026,2157,1040,3443,2688,2155,2097,0,-550,650,-100,0,-550,30,-107,-16,-79,37,-83,122,124,122,125,121,124,46,47,46,48,48,51,1,25,7,5,1,44
74.702,9,home,104,2161,938,3501,2671,2161,2001,2157,1019,3464,2685,2157,2077,0,-650,600,-100,50,-500,30,-121,-30,-69,30,-220,122,124,122,125,121,124,46,47,46,48,48,51,1,56,3,8,0,31
74.7355,9,home,105,2161,918,3515,2671,2161,1982,2157,995,3482,2683,2157,2055,0,-650,550,-50,0,-600,30,-160,19,59,30,-227,122,124,123,125,122,124,46,47,46,48,48,51,1,27,0,2,1,14
74.7687,9,home,106,2161,905,3523,2671,2161,1967,2157,972,3498,2682,2157,2034,0,-750,500,-100,0,-650,30,-139,90,-55,30,-125,122,124,123,125,121,124,46,47,46,48,48,51,0,10,0,5,1,12
74.8025,9,home,107,2161,897,3532,2671,2161,1957,2157,951,3512,2681,2157,2014,0,-650,500,0,0,-550,30,-189,62,-51,30,-104,122,124,123,125,121,124,46,47,46,48,48,51,0,14,1,4,0,14
74.8357,9,home,108,2161,893,3540,2671,2161,1949,2157,933,3522,2681,2157,1997,0,-550,350,0,0,-500,30,-146,55,-51,30,-160,122,124,123,125,122,124,46,47,46,48,48,51,1,4,1,4,0,8
74.8689,9,home,109,2161,889,3548,2671,2161,1942,2157,920,3532,2681,2157,1984,0,-400,300,0,0,-450,30,-125,55,-51,30,-153,122,124,123,125,122,124,46,47,46,48,48,51,1,1,0,4,0,1
74.9025,9,home,110,2163,887,3557,2671,2161,1929,2157,910,3541,2681,2157,1972,0,-350,250,0,0,-350,30,-97,48,-51,30,-44,122,124,123,125,122,124,46,47,47,48,48,51,1,0,0,4,1,10
74.9358,9,home,111,2165,886,3566,2671,2161,1907,2157,903,3551,2681,2157,1960,0,-200,300,0,0,-350,37,-76,-73,-51,30,-132,122,124,123,125,122,124,46,47,47,48,48,51,2,3,1,4,1,15
74.9695,9,home,112,2167,884,3574,2671,2161,1879,2157,898,3560,2681,2157,1946,0,-150,300,0,0,-450,44,-62,41,-51,30,-72,122,124,123,125,122,124,46,47,47,48,48,51,4,3,1,5,1,24
75.0028,9,home,113,2169,884,3581,2671,2161,1838,2160,895,3570,2681,2157,1929,100,-150,300,0,0,-450,44,-55,-87,-51,30,-128,122,124,123,125,122,124,46,47,46,48,48,51,2,3,0,4,1,46
75.0365,9,home,114,2169,884,3583,2671,2161,1792,2162,891,3580,2681,2157,1905,50,-100,300,0,0,-600,41,-44,30,-51,30,-192,122,124,123,125,121,124,46,47,46,48,48,51,1,1,0,5,0,50
75.0699,9,home,115,2169,884,3584,2671,2161,1743,2163,889,3590,2681,2157,1875,50,-50,300,0,0,-800,37,-37,-118,-51,30,-248,122,124,122,125,121,124,46,47,46,48,48,51,1,1,15,5,0,47
75.1035,9,home,116,2169,883,3586,2671,2161,1694,2165,889,3592,2681,2157,1840,50,-50,250,0,0,-950,30,-34,-44,-51,30,-290,122,124,122,125,121,124,46,47,46,48,48,51,0,0,9,4,0,50
75.1367,9,home,117,2172,879,3594,2671,2161,1647,2165,887,3593,2681,2157,1804,0,0,0,0,0,-1050,30,-34,-41,-51,30,-325,122,124,122,125,121,124,46,47,46,48,48,51,0,0,5,5,1,65
75.1712,9,home,118,2175,879,3602,2671,2161,1613,2165,884,3595,2681,2157,1760,0,0,0,0,0,-1200,41,-37,0,-51,30,-336,122,124,122,125,122,124,46,47,46,48,48,51,5,0,1,4,0,43
75.2045,9,home,119,2179,879,3612,2671,2161,1588,2168,879,3603,2680,2157,1722,50,-200,250,-50,0,-1200,44,0,23,-48,30,-354,122,124,123,125,122,124,46,47,46,48,48,51,2,0,0,4,1,33
75.2379,9,home,120,2183,880,3623,2671,2161,1571,2171,878,3612,2680,2157,1683,50,-50,300,0,0,-1150,44,0,23,-48,30,-294,122,124,123,125,122,124,46,47,46,48,48,51,1,0,0,4,1,19
75.2715,9,home,121,2185,880,3637,2668,2160,1559,2174,878,3622,2680,2157,1649,100,0,300,0,0,-1050,48,23,27,-48,30,-220,122,124,123,125,122,124,46,47,46,48,48,51,1,0,4,4,1,19
75.3048,9,home,122,2188,878,3644,2666,2160,1550,2177,878,3632,2675,2155,1623,50,0,300,-100,0,-900,48,23,37,-44,34,-245,122,124,123,125,122,124,46,47,46,48,48,51,2,0,8,1,1,17
75.3385,9,home,123,2192,876,3651,2666,2159,1544,2179,877,3640,2673,2154,1601,100,0,300,-50,-50,-700,48,0,30,-41,37,-220,122,124,123,125,122,124,46,47,46,48,48,51,5,0,2,2,2,2
75.3717,9,home,124,2196,875,3652,2666,2160,1539,2182,876,3647,2670,2154,1585,50,-50,200,-100,0,-500,51,0,37,-34,34,-86,122,124,123,125,122,124,46,47,47,48,48,51,4,0,0,0,0,7
75.4055,9,home,125,2200,875,3652,2666,2160,1536,2186,876,3651,2667,2154,1572,100,0,150,-100,0,-400,51,0,0,0,37,-139,122,124,123,125,122,124,46,47,46,48,48,51,2,0,0,0,2,13
75.4387,9,home,126,2205,875,3652,2666,2160,1533,2189,876,3654,2667,2155,1563,100,0,150,0,0,-300,58,0,-23,0,37,-115,122,124,123,125,122,124,46,47,46,48,48,51,3,0,0,0,0,6
75.4725,9,home,127,2210,875,3652,2666,2160,1529,2193,876,3655,2667,2155,1556,100,0,50,0,50,-200,62,0,-27,0,34,-97,122,124,123,125,122,124,46,47,47,48,48,51,3,0,0,0,1,7
75.5059,9,home,128,2215,875,3652,2666,2160,1522,2197,876,3655,2666,2155,1550,100,0,0,0,0,-150,-55,0,-27,0,34,-97,122,124,123,125,122,124,46,47,46,48,48,51,7,0,0,0,1,2
75.5395,9,home,129,2222,875,3652,2666,2160,1510,2202,876,3655,2666,2155,1544,100,0,0,0,0,-200,65,0,-27,0,34,-97,122,124,123,125,122,124,46,47,46,48,48,51,8,0,0,0,2,9
75.5728,9,home,130,2226,875,3652,2666,2160,1497,2206,876,3655,2666,2155,1536,150,0,0,0,0,-250,72,0,-27,0,34,-115,122,124,123,125,122,124,46,47,47,48,48,51,3,0,0,0,1,13
75.6065,9,home,131,2229,875,3652,2666,2160,1489,2211,876,3655,2666,2155,1526,150,0,0,0,0,-250,72,0,-27,0,34,-37,122,124,123,125,122,124,46,47,46,48,48,51,4,0,0,0,1,16
75.6405,9,home,132,2231,875,3652,2666,2160,1484,2215,876,3655,2666,2155,1517,100,0,0,0,0,-300,69,0,-27,0,34,-30,122,124,123,125,122,124,46,47,47,48,48,51,1,0,0,0,1,12
75.6735,9,home,133,2233,875,3652,2666,2160,1481,2219,876,3655,2666,2155,1509,100,0,0,0,0,-250,58,0,-27,0,34,-115,122,124,123,125,122,124,46,47,46,48,48,51,4,0,0,0,1,5
75.7067,9,home,134,2233,875,3652,2666,2160,1480,2223,876,3655,2666,2155,1503,100,0,0,0,0,-200,55,0,-27,0,34,20,122,124,123,125,122,124,46,47,47,48,48,51,4,0,0,0,1,9
75.7405,9,home,135,2233,875,3652,2666,2160,1480,2225,876,3655,2666,2155,1500,100,0,0,0,0,-100,44,0,-27,0,34,-86,122,125,123,125,122,124,46,47,47,48,48,51,3,0,0,0,1,11
75.7738,9,home,136,2233,875,3652,2666,2160,1480,2227,876,3655,2666,2155,1497,50,0,0,0,0,-100,41,0,-27,0,34,-76,122,125,123,125,122,124,46,47,47,48,48,51,1,0,0,0,2,9
75.8075,9,home,137,2233,875,3652,2666,2160,1480,2227,876,3655,2666,2155,1496,0,0,0,0,0,-50,37,0,-27,0,34,-72,122,124,123,125,122,124,46,47,47,48,48,51,2,0,0,0,2,7
75.8407,9,home,138,2233,875,3652,2666,2160,1480,2228,876,3655,2666,2155,1495,0,0,0,0,0,-50,34,0,-27,0,34,-69,122,125,123,125,122,124,46,47,47,48,48,51,1,0,0,0,2,9
75.8741,9,home,139,2233,875,3652,2666,2160,1480,2229,876,3655,2666,2155,1495,50,0,0,0,0,0,30,0,-27,0,34,-69,122,125,123,125,122,124,46,47,46,48,48,51,2,0,0,0,2,10
75.9076,9,home,140,2233,875,3652,2666,2160,1480,2229,876,3655,2666,2155,1495,0,0,0,0,0,0,30,0,-27,0,34,-69,122,124,123,125,122,124,46,47,46,48,48,51,1,0,0,0,2,10
75.9411,9,home,141,2233,875,3652,2666,2160,1480,2229,876,3655,2666,2155,1495,0,0,0,0,0,0,30,0,-27,0,34,-69,122,125,123,125,122,124,46,47,46,48,48,51,1,0,0,0,1,10
75.9745,9,home,142,2233,875,3652,2666,2160,1480,2229,876,3655,2666,2155,1495,0,0,0,0,0,0,30,0,-27,0,34,-69,122,125,123,125,122,124,46,47,46,48,48,51,1,0,0,0,2,10
76.0079,9,home,143,2233,875,3652,2666,2160,1480,2229,876,3655,2666,2155,1495,0,0,0,0,0,0,30,0,-27,0,34,-69,122,125,123,125,122,124,46,47,47,48,48,51,1,0,0,0,2,10
76.0415,9,home,144,2233,875,3652,2666,2160,1480,2229,876,3655,2666,2155,1495,0,0,0,0,0,0,30,0,-27,0,34,-69,122,125,123,125,122,124,46,47,46,48,48,51,1,0,0,0,1,10
76.0747,9,home,145,2233,875,3652,2666,2160,1480,2229,876,3655,2666,2155,1495,0,0,0,0,0,0,30,0,-27,0,34,-69,122,125,123,125,122,124,46,47,46,48,48,51,2,0,0,0,2,10
76.1084,9,home,146,2233,875,3652,2666,2160,1480,2229,876,3655,2666,2155,1495,0,0,0,0,0,0,30,0,-27,0,34,-69,122,125,123,125,122,124,46,47,47,48,48,51,1,0,0,0,2,10
76.1418,9,home,147,2233,875,3652,2666,2160,1480,2229,876,3655,2666,2155,1495,0,0,0,0,0,0,30,0,-27,0,34,-69,122,125,123,125,122,124,46,47,46,48,48,51,1,0,0,0,2,10
76.1755,9,home,148,2233,875,3652,2666,2160,1480,2229,876,3655,2666,2155,1495,0,0,0,0,0,0,30,0,-27,0,34,-69,122,125,123,125,122,124,46,47,47,48,48,51,0,0,0,0,1,9
76.2087,9,home,149,2233,875,3652,2666,2160,1480,2229,876,3655,2666,2155,1495,0,0,0,0,0,0,30,0,-27,0,34,-69,122,125,123,125,122,124,46,47,47,48,48,51,1,0,0,0,2,10
76.2419,9,home,150,2233,875,3652,2666,2160,1480,2229,876,3655,2666,2155,1495,0,0,0,0,0,0,30,0,-27,0,34,-69,122,125,123,125,122,124,46,47,46,48,48,51,1,0,0,0,1,10
76.2755,9,home,151,2233,875,3652,2666,2160,1480,2229,876,3655,2666,2155,1495,0,0,0,0,0,0,30,0,-27,0,34,-69,122,125,123,125,122,124,46,47,46,48,48,51,1,0,0,0,2,10
76.3089,9,home,152,2233,875,3652,2666,2160,1480,2229,875,3655,2666,2155,1495,0,0,0,0,0,0,30,0,-27,0,34,-69,122,125,123,125,122,124,46,47,47,48,48,51,1,0,0,0,1,10
76.3424,9,home,153,2233,875,3652,2666,2160,1480,2229,875,3655,2666,2155,1495,0,0,0,0,0,0,30,0,-27,0,34,-69,122,124,123,125,122,124,46,47,46,48,48,51,0,0,0,0,1,9
76.3758,9,home,154,2233,875,3652,2666,2160,1480,2229,875,3655,2666,2155,1495,0,0,0,0,0,0,30,0,-27,0,34,-69,122,124,123,125,122,124,46,47,46,48,48,51,0,0,0,0,2,10
76.4094,9,home,155,2233,875,3652,2666,2160,1480,2229,875,3655,2666,2155,1495,0,0,0,0,0,0,30,0,-27,0,34,-69,122,124,123,125,122,124,46,47,46,48,48,51,1,0,0,0,2,10
76.4428,9,home,156,2233,875,3652,2666,2160,1480,2229,875,3655,2666,2155,1495,0,0,0,0,0,0,30,0,-27,0,34,-69,122,124,123,125,122,124,46,47,47,48,48,51,1,0,0,0,1,10
76.4765,9,home,157,2233,875,3652,2666,2160,1480,2229,875,3655,2666,2155,1495,0,0,0,0,0,0,30,0,-27,0,34,-69,122,124,123,125,122,124,46,47,47,48,48,51,0,0,0,0,0,10
76.5098,9,home,158,2233,875,3652,2666,2160,1480,2229,875,3655,2666,2155,1495,0,0,0,0,0,0,30,0,-27,0,34,-69,122,124,123,125,122,124,46,47,46,48,48,51,0,0,0,0,1,10
76.5434,9,home,159,2233,875,3652,2666,2160,1480,2229,875,3655,2666,2155,1495,0,0,0,0,0,0,30,0,-27,0,34,-69,122,124,123,125,122,124,46,47,46,48,48,51,0,0,0,0,1,10
76.5764,9,home,160,2233,875,3652,2666,2160,1480,2229,875,3655,2666,2155,1495,0,0,0,0,0,0,30,0,-27,0,34,-69,122,124,123,125,122,124,46,47,46,48,48,51,1,0,0,0,2,10
76.6104,9,home,161,2233,875,3652,2666,2160,1480,2229,875,3655,2666,2155,1495,0,0,0,0,0,0,30,0,-27,0,34,-69,122,124,123,125,122,124,46,47,46,48,48,51,1,0,0,0,2,10
76.6436,9,home,162,2233,875,3652,2666,2160,1480,2229,875,3655,2666,2155,1495,0,0,0,0,0,0,30,0,-27,0,34,-69,122,124,123,125,122,124,46,47,47,48,48,51,1,0,0,0,1,10
76.6768,9,home,163,2233,875,3652,2666,2160,1480,2229,875,3655,2666,2155,1495,0,0,0,0,0,0,30,0,-27,0,34,-69,122,124,123,125,122,124,46,47,47,48,48,51,1,0,0,0,2,10
76.7104,9,home,164,2233,875,3652,2666,2160,1480,2229,875,3655,2666,2155,1495,0,0,0,0,0,0,30,0,-27,0,34,-69,122,124,123,125,122,124,46,47,47,48,48,51,1,0,0,0,2,10
76.7438,9,home,165,2233,875,3652,2666,2160,1480,2229,875,3655,2666,2155,1495,0,0,0,0,0,0,30,0,-27,0,34,-69,122,124,123,125,122,124,46,47,46,48,48,51,1,0,0,0,2,10
76.7774,9,home,166,2233,875,3652,2666,2160,1480,2229,875,3655,2666,2155,1495,0,0,0,0,0,0,30,0,-27,0,34,-69,122,124,123,125,122,124,46,47,47,48,48,51,0,0,0,0,2,10
76.8105,9,home,167,2233,875,3652,2666,2160,1480,2229,875,3655,2666,2155,1495,0,0,0,0,0,0,30,0,-27,0,34,-69,122,124,123,125,122,124,46,47,47,48,48,51,0,0,0,0,1,9
76.8438,9,home,168,2233,875,3652,2666,2160,1480,2229,875,3655,2666,2155,1495,0,0,0,0,0,0,30,0,-27,0,34,-69,122,124,123,125,122,124,46,47,46,48,48,51,1,0,0,0,0,10
76.8775,9,home,169,2233,875,3652,2666,2160,1480,2229,875,3655,2666,2155,1495,0,0,0,0,0,0,30,0,-27,0,34,-69,122,125,123,125,122,124,46,47,47,48,48,51,1,0,0,0,1,10
76.9107,9,home,170,2233,875,3652,2666,2160,1480,2229,875,3655,2666,2155,1495,0,0,0,0,0,0,30,0,-27,0,34,-69,122,125,123,125,122,124,46,47,46,48,48,51,1,0,0,0,2,10
