t,marker,frame_idx,goal_pos.shoulder_pan,goal_pos.shoulder_lift,goal_pos.elbow_flex,goal_pos.wrist_flex,goal_pos.wrist_roll,goal_pos.gripper,pos.shoulder_pan,pos.shoulder_lift,pos.elbow_flex,pos.wrist_flex,pos.wrist_roll,pos.gripper,vel.shoulder_pan,vel.shoulder_lift,vel.elbow_flex,vel.wrist_flex,vel.wrist_roll,vel.gripper,load.shoulder_pan,load.shoulder_lift,load.elbow_flex,load.wrist_flex,load.wrist_roll,load.gripper,volt.shoulder_pan,volt.shoulder_lift,volt.elbow_flex,volt.wrist_flex,volt.wrist_roll,volt.gripper,temp.shoulder_pan,temp.shoulder_lift,temp.elbow_flex,temp.wrist_flex,temp.wrist_roll,temp.gripper,curr.shoulder_pan,curr.shoulder_lift,curr.elbow_flex,curr.wrist_flex,curr.wrist_roll,curr.gripper
0.0,,0,-7.912087912087912,-80.26373626373626,94.5934065934066,59.472527472527474,1.4505494505494505,3.2403918613413714,2153,887,3683,2600,2069,1491,0,0,0,0,0,0,0,0,0,0,0,0,122,124,122,125,121,124,42,44,43,46,44,45,0,0,0,0,0,0
0.0334,,1,-7.912087912087912,-80.26373626373626,94.5934065934066,59.472527472527474,1.4505494505494505,3.2403918613413714,2153,887,3683,2600,2069,1491,0,0,0,0,0,0,34,-30,-101,0,-37,-80,122,124,122,125,121,124,42,44,43,46,44,45,6,1,12,0,3,7
0.0669,,2,-7.912087912087912,-80.26373626373626,94.5934065934066,59.472527472527474,1.4505494505494505,3.2403918613413714,2153,887,3682,2600,2069,1491,0,0,0,0,0,0,34,-30,-97,0,-34,-58,122,124,122,125,121,124,42,44,43,46,44,45,2,0,6,0,2,5
0.1004,,3,-7.912087912087912,-80.26373626373626,94.5934065934066,59.472527472527474,1.4505494505494505,3.2403918613413714,2153,887,3680,2600,2069,1491,0,0,-100,0,0,0,34,-30,-86,0,-34,-58,122,124,122,125,121,124,42,44,43,46,44,45,2,0,11,0,2,4
0.1339,,4,-7.912087912087912,-80.26373626373626,94.5934065934066,59.472527472527474,1.4505494505494505,3.2403918613413714,2153,887,3680,2600,2069,1491,0,0,0,0,0,0,34,-30,-86,0,-34,-58,122,124,122,125,121,124,42,44,43,46,44,45,1,0,15,0,2,4
0.1674,,5,-7.912087912087912,-80.26373626373626,94.5934065934066,59.472527472527474,1.4505494505494505,3.2403918613413714,2153,887,3680,2600,2069,1491,0,0,0,0,0,0,34,-30,-86,0,-34,-58,122,124,122,125,121,124,42,44,43,46,44,45,2,0,17,0,1,4
0.2008,,6,-7.912087912087912,-80.26373626373626,94.5934065934066,59.472527472527474,1.4505494505494505,3.2403918613413714,2153,887,3680,2600,2069,1491,0,0,0,0,0,0,34,-30,-86,0,-34,-58,121,124,122,125,121,123,42,44,43,46,44,45,1,0,17,0,1,4
0.2343,,7,-7.912087912087912,-80.26373626373626,94.5934065934066,59.472527472527474,1.4505494505494505,3.2403918613413714,2153,887,3680,2600,2069,1491,0,0,0,0,0,0,34,-30,-86,0,-34,-58,122,124,122,125,121,123,42,44,43,46,44,45,1,0,17,0,1,4
0.2679,,8,-7.912087912087912,-80.26373626373626,94.5934065934066,59.472527472527474,1.4505494505494505,3.2403918613413714,2153,887,3680,2600,2069,1491,0,0,0,0,0,0,34,-30,-86,0,-34,-58,122,124,122,125,121,123,42,44,43,46,44,45,1,0,17,0,2,4
0.3013,,9,-7.912087912087912,-80.26373626373626,94.5934065934066,59.472527472527474,1.4505494505494505,3.2403918613413714,2153,887,3680,2600,2069,1491,0,0,0,0,0,0,34,-30,-86,0,-34,-58,122,124,122,125,121,123,42,44,43,46,44,45,2,0,17,0,2,5
0.3348,,10,-7.824175824175824,-80.26373626373626,94.5934065934066,59.472527472527474,1.4505494505494505,3.2403918613413714,2153,887,3680,2600,2069,1491,0,0,0,0,0,0,34,-30,-86,0,-34,-58,121,124,122,125,121,123,42,44,43,46,44,45,2,0,17,0,2,4
0.3683,,11,-7.824175824175824,-80.26373626373626,94.5934065934066,59.472527472527474,1.4505494505494505,3.2403918613413714,2153,887,3680,2600,2069,1491,0,0,0,0,0,0,37,-30,-86,0,-34,-58,121,124,122,125,121,123,42,44,43,46,44,45,3,0,17,0,2,4
0.4016,,12,-7.824175824175824,-80.26373626373626,94.5934065934066,59.472527472527474,1.4505494505494505,3.2403918613413714,2153,887,3680,2600,2069,1491,0,0,0,0,0,0,37,-30,-86,0,-34,-58,121,124,122,125,121,123,42,44,43,46,44,45,2,0,17,0,2,4
0.4351,,13,-7.824175824175824,-80.26373626373626,94.5934065934066,59.472527472527474,1.4505494505494505,3.2403918613413714,2153,887,3680,2600,2069,1491,0,0,0,0,0,0,37,-30,-86,0,-34,-58,121,124,122,125,121,123,42,44,43,46,44,45,2,0,17,0,2,4
0.4686,,14,-7.824175824175824,-80.26373626373626,94.5934065934066,59.472527472527474,1.4505494505494505,3.2403918613413714,2153,887,3680,2600,2069,1491,0,0,0,0,0,0,37,-30,-86,0,-34,-58,121,124,122,125,121,123,42,44,43,46,44,45,3,0,17,0,2,4
0.502,,15,-7.824175824175824,-80.26373626373626,94.5934065934066,59.472527472527474,1.5384615384615385,3.2403918613413714,2153,887,3680,2600,2069,1491,0,0,0,0,0,0,37,-30,-86,0,-34,-58,121,124,122,125,121,124,42,44,43,46,44,45,2,0,17,0,1,5
0.5355,,16,-7.824175824175824,-80.26373626373626,94.5934065934066,59.472527472527474,1.5384615384615385,3.2403918613413714,2153,887,3680,2600,2069,1491,0,0,0,0,0,0,37,-30,-86,0,-30,-58,121,124,122,125,121,124,42,44,43,46,44,45,3,0,17,0,2,4
0.569,,17,-7.824175824175824,-80.26373626373626,94.5934065934066,59.472527472527474,1.6263736263736264,3.2403918613413714,2153,887,3680,2600,2069,1491,0,0,0,0,0,0,37,-30,-86,0,-30,-58,121,124,122,125,121,124,42,44,43,46,44,45,2,0,17,0,1,5
0.6024,,18,-7.824175824175824,-80.26373626373626,94.5934065934066,59.472527472527474,1.6263736263736264,3.2403918613413714,2153,887,3680,2600,2069,1491,0,0,0,0,0,0,37,-30,-86,0,-27,-58,121,124,122,125,121,124,42,44,43,46,44,45,3,0,17,0,0,5
0.6359,,19,-7.824175824175824,-80.26373626373626,94.5934065934066,59.472527472527474,1.7142857142857142,3.2403918613413714,2153,887,3680,2600,2069,1491,0,0,0,0,0,0,37,-30,-86,0,-27,-58,122,124,122,125,121,124,42,44,43,46,44,45,2,0,17,0,0,6
0.6694,,20,-7.824175824175824,-80.26373626373626,94.5934065934066,59.472527472527474,1.8021978021978022,3.2403918613413714,2153,887,3680,2600,2069,1491,0,0,0,0,0,0,37,-30,-86,0,-23,-58,122,124,122,125,121,124,42,44,43,46,44,45,3,0,17,0,0,5
0.7028,,21,-7.912087912087912,-80.26373626373626,94.5934065934066,59.472527472527474,1.89010989010989,3.2403918613413714,2153,887,3680,2600,2069,1491,0,0,0,0,0,0,37,-30,-86,0,0,-58,122,124,122,125,121,124,42,44,43,46,44,45,2,0,17,0,0,4
0.7363,,22,-8.0,-80.26373626373626,94.5934065934066,59.472527472527474,1.978021978021978,3.2403918613413714,2153,887,3680,2600,2069,1491,0,0,0,0,0,0,34,-30,-86,0,0,-58,122,124,122,125,121,124,42,44,43,46,44,45,1,0,17,0,0,4
0.7697,,23,-8.0,-80.26373626373626,94.5934065934066,59.472527472527474,1.978021978021978,3.541823662396383,2153,887,3680,2600,2069,1491,0,0,0,0,0,0,30,-30,-86,0,0,-58,122,124,122,125,121,124,42,44,43,46,44,45,0,0,17,0,0,4
0.8032,,24,-8.0,-80.26373626373626,94.5934065934066,59.472527472527474,1.978021978021978,3.8432554634513942,2153,887,3680,2600,2069,1491,0,0,0,0,0,0,30,-30,-86,0,0,-44,122,124,122,125,121,124,42,44,43,46,44,45,0,1,17,0,0,1
0.8366,,25,-8.0,-80.26373626373626,94.5934065934066,59.472527472527474,1.978021978021978,3.9939713639788996,2153,887,3680,2600,2069,1491,0,0,0,0,0,0,30,-30,-86,0,0,18,122,124,122,125,121,124,42,44,43,46,44,45,0,0,17,0,0,0
0.8701,,26,-8.0,-80.26373626373626,94.5934065934066,59.472527472527474,1.978021978021978,4.1446872645064055,2153,887,3680,2600,2069,1491,0,0,0,0,0,0,30,-30,-86,0,0,0,122,124,122,125,121,124,42,44,43,46,44,45,0,0,17,0,0,0
0.9035,,27,-8.087912087912088,-80.26373626373626,94.5934065934066,59.472527472527474,2.065934065934066,4.295403165033911,2153,887,3680,2600,2069,1491,0,0,0,0,0,0,30,-30,-86,0,0,23,122,124,122,125,121,124,42,44,43,46,44,45,0,0,17,0,0,0
0.937,,28,-8.175824175824175,-80.26373626373626,94.5934065934066,59.38461538461539,2.1538461538461537,5.425772418990203,2153,887,3680,2600,2069,1491,0,0,0,0,0,0,27,-30,-86,0,23,30,122,124,122,125,121,124,42,44,43,46,44,45,0,1,17,0,2,0
0.9705,,29,-8.087912087912088,-80.26373626373626,94.5934065934066,59.38461538461539,2.1538461538461537,7.6865109269027885,2153,887,3680,2600,2069,1491,0,0,0,0,0,0,23,-30,-86,-23,27,116,122,124,122,125,121,124,42,44,43,46,44,45,0,0,17,0,0,10
1.004,,30,-7.912087912087912,-80.26373626373626,94.5934065934066,59.38461538461539,1.8021978021978022,11.228334589299171,2153,887,3680,2600,2069,1495,0,0,0,0,0,150,27,-30,-86,-23,27,126,121,124,122,125,121,123,42,44,43,46,44,45,0,1,17,0,0,32
1.0375,,31,-7.824175824175824,-80.26373626373626,94.5934065934066,59.472527472527474,1.6263736263736264,15.599095704596836,2153,887,3680,2600,2069,1510,0,0,0,0,0,150,34,-30,-86,-23,0,248,121,124,122,124,121,123,42,44,43,46,44,45,2,0,17,0,0,40
1.071,,32,-7.736263736263736,-80.26373626373626,94.5934065934066,59.56043956043956,1.6263736263736264,20.57272042200452,2153,887,3680,2600,2069,1538,0,0,0,0,0,700,37,-30,-86,0,-27,362,121,124,122,124,121,123,42,44,43,46,44,45,1,1,17,0,1,70
1.1044,,33,-7.736263736263736,-80.26373626373626,94.50549450549451,59.64835164835165,1.6263736263736264,24.79276563677468,2153,887,3680,2600,2069,1572,0,0,0,0,0,850,41,-30,-86,0,-27,484,121,123,121,124,121,123,42,44,43,46,44,45,3,0,17,0,0,104
1.1379,,34,-7.736263736263736,-80.26373626373626,94.50549450549451,59.64835164835165,1.6263736263736264,27.957799547852296,2153,887,3680,2600,2069,1617,0,0,0,0,0,1350,41,-30,-90,0,-27,475,121,123,121,124,120,123,42,44,43,46,44,45,3,0,17,0,0,95
1.1712,,35,-7.736263736263736,-80.26373626373626,94.50549450549451,59.64835164835165,1.6263736263736264,29.766390354182366,2153,887,3680,2600,2069,1661,0,0,0,0,0,1350,41,-30,-90,0,-27,500,121,123,121,124,120,123,42,44,43,46,44,45,3,0,17,0,0,83
1.2046,,36,-7.736263736263736,-80.26373626373626,94.50549450549451,59.64835164835165,1.5384615384615385,29.84174830444612,2153,887,3680,2600,2069,1710,0,0,0,0,0,1450,41,-30,-90,0,-27,500,121,123,122,124,120,123,42,44,43,46,44,45,3,0,17,0,0,72
1.238,,37,-7.824175824175824,-80.17582417582418,94.50549450549451,59.64835164835165,1.4505494505494505,29.84174830444612,2153,887,3680,2600,2069,1758,0,0,0,0,0,1500,41,-30,-90,0,-30,445,121,124,122,124,121,123,42,44,43,46,44,45,3,0,18,0,1,22
1.2714,,38,-8.087912087912088,-80.08791208791209,94.50549450549451,59.64835164835165,1.3626373626373627,29.84174830444612,2153,887,3680,2600,2069,1796,0,0,0,0,0,1300,37,-27,-90,0,-34,266,121,124,122,124,121,123,42,44,43,46,44,45,2,0,18,0,1,5
1.3048,,39,-8.087912087912088,-80.26373626373626,93.97802197802197,59.64835164835165,1.3626373626373627,29.84174830444612,2153,887,3680,2600,2069,1824,0,0,0,0,0,900,27,-23,-90,0,-37,192,121,124,122,125,121,123,42,44,43,46,44,45,0,0,17,0,2,1
1.3383,,40,-8.087912087912088,-79.73626373626374,92.04395604395604,59.73626373626374,0.9230769230769231,29.84174830444612,2153,887,3680,2600,2069,1842,0,0,0,0,0,550,27,-30,-116,0,-37,199,121,124,122,125,121,123,42,44,43,46,44,45,0,0,30,0,2,2
1.3717,,41,-7.912087912087912,-79.12087912087912,88.96703296703296,59.824175824175825,0.04395604395604396,29.84174830444612,2153,887,3680,2600,2069,1855,0,0,0,0,0,450,27,24,-215,23,-69,61,121,124,122,125,121,123,42,44,43,46,44,45,0,0,50,0,8,5
1.4051,,42,-7.824175824175824,-78.15384615384616,85.53846153846153,59.824175824175825,-0.6593406593406593,29.84174830444612,2153,888,3676,2600,2067,1864,0,50,-150,0,-100,300,34,64,-316,27,-110,111,121,123,122,124,120,123,42,44,43,46,44,45,1,4,112,0,5,1
1.4386,,43,-8.263736263736265,-76.48351648351648,81.93406593406593,59.824175824175825,-0.9230769230769231,29.84174830444612,2153,891,3665,2601,2060,1870,0,50,-250,0,-150,200,37,101,-418,23,-17,86,121,123,121,124,120,123,42,44,43,46,44,45,2,9,143,0,10,5
1.4721,,44,-8.967032967032967,-73.84615384615384,79.03296703296704,59.824175824175825,-0.9230769230769231,29.84174830444612,2153,896,3646,2602,2054,1874,0,150,-550,50,-200,150,0,152,-411,0,-79,-41,121,123,121,124,120,122,42,44,43,46,44,45,1,10,174,0,8,3
1.5055,,45,-10.10989010989011,-70.50549450549451,76.3956043956044,59.824175824175825,-0.9230769230769231,29.84174830444612,2152,909,3621,2602,2051,1876,-50,300,-650,0,-150,50,-57,126,-443,0,-65,65,121,123,121,123,120,122,42,44,43,46,44,45,2,15,179,0,8,4
1.539,,46,-10.813186813186814,-66.9010989010989,74.28571428571429,59.824175824175825,-0.9230769230769231,29.84174830444612,2149,925,3592,2602,2048,1878,-50,450,-850,0,-100,100,-100,284,-446,0,-58,58,121,123,121,123,120,122,42,44,43,46,44,45,9,26,176,0,4,4
1.5724,,47,-10.989010989010989,-62.857142857142854,72.7032967032967,59.73626373626374,-0.9230769230769231,29.84174830444612,2142,948,3561,2602,2046,1880,-150,600,-950,0,-50,0,-84,270,-451,0,-48,55,121,123,121,124,120,122,42,44,43,46,44,45,6,44,163,0,4,3
1.6058,,48,-11.076923076923077,-59.16483516483517,70.85714285714286,59.64835164835165,-0.9230769230769231,29.84174830444612,2136,973,3531,2602,2044,1880,-250,800,-850,0,-100,50,55,412,-405,0,-41,51,121,123,121,124,120,122,42,44,43,46,44,45,2,42,148,0,1,3
1.6393,,49,-10.989010989010989,-56.08791208791209,69.18681318681318,59.64835164835165,-0.9230769230769231,29.84174830444612,2132,1007,3506,2602,2044,1880,-100,900,-800,0,0,0,-55,364,-377,0,-41,51,121,123,121,124,120,123,42,44,43,46,44,45,1,33,113,0,2,4
1.6727,,50,-10.725274725274724,-53.62637362637363,67.86813186813187,59.56043956043956,-0.8351648351648352,29.84174830444612,2129,1047,3481,2602,2044,1880,-100,1250,-750,0,0,0,80,349,-347,0,-41,51,121,123,121,124,120,123,42,44,43,46,44,45,2,25,122,0,3,4
1.7063,,51,-10.54945054945055,-51.69230769230769,66.54945054945055,59.472527472527474,-0.7472527472527473,29.84174830444612,2128,1084,3459,2602,2044,1880,-50,1100,-650,0,0,0,-23,320,-311,-23,-37,51,121,123,121,124,120,123,42,44,43,46,44,45,0,21,138,1,3,4
1.7398,,52,-10.461538461538462,-50.10989010989011,65.23076923076923,59.472527472527474,-0.6593406593406593,29.84174830444612,2127,1118,3439,2602,2044,1880,-50,1100,-600,0,0,0,0,309,-408,-27,-34,51,121,123,121,124,120,123,42,44,43,46,44,45,0,9,105,0,1,3
1.7732,,53,-10.373626373626374,-48.79120879120879,64.17582417582418,59.472527472527474,-0.3956043956043956,29.766390354182366,2127,1150,3421,2602,2044,1880,0,1000,-600,0,0,0,23,250,-301,-27,-30,51,121,123,121,124,120,123,42,44,43,46,44,45,0,1,134,0,0,3
1.8066,,54,-10.285714285714286,-47.38461538461539,63.20879120879121,59.38461538461539,-0.3076923076923077,29.766390354182366,2127,1178,3403,2602,2044,1880,0,900,-550,0,0,0,27,189,-357,-27,0,48,121,123,121,124,120,123,42,44,43,46,44,45,0,0,94,0,0,3
1.8401,,55,-10.285714285714286,-45.97802197802198,62.24175824175824,59.2967032967033,-0.3076923076923077,29.766390354182366,2127,1204,3388,2602,2044,1880,0,800,-500,0,0,0,30,235,-333,-30,0,48,121,123,121,124,121,123,42,44,43,46,44,45,0,0,97,0,0,3
1.8735,,56,-10.285714285714286,-44.395604395604394,61.18681318681319,59.2967032967033,-0.21978021978021978,29.766390354182366,2127,1225,3375,2602,2044,1880,0,700,-400,0,0,0,30,152,-347,-34,0,48,121,123,121,124,121,123,42,44,43,46,44,45,1,0,88,0,0,3
1.907,,57,-10.197802197802197,-42.81318681318681,60.21978021978022,59.20879120879121,-0.21978021978021978,29.766390354182366,2127,1246,3362,2602,2044,1880,0,550,-400,0,0,0,30,223,-339,-34,0,48,121,123,121,124,120,123,42,44,43,46,44,45,0,1,92,0,0,2
1.9405,,58,-10.197802197802197,-40.7032967032967,59.07692307692308,59.20879120879121,-0.21978021978021978,29.766390354182366,2127,1266,3348,2602,2044,1880,0,600,-350,0,0,0,34,123,-323,-37,0,48,121,123,121,124,120,123,42,44,43,46,44,45,1,1,89,0,0,3
1.9741,,59,-10.197802197802197,-38.417582417582416,57.934065934065934,59.20879120879121,-0.21978021978021978,29.766390354182366,2127,1284,3336,2602,2044,1880,0,600,-400,0,0,0,34,223,-238,-37,0,48,121,123,121,124,120,123,42,44,43,46,44,45,1,0,110,0,0,3
2.0075,,60,-10.10989010989011,-35.956043956043956,56.79120879120879,59.20879120879121,-0.21978021978021978,29.766390354182366,2127,1305,3323,2602,2044,1880,0,650,-400,0,0,0,34,237,-312,-37,0,48,121,123,121,124,120,123,42,44,43,46,44,45,0,9,101,0,0,2
2.0409,,61,-9.758241758241759,-33.67032967032967,55.64835164835165,59.20879120879121,-0.21978021978021978,29.766390354182366,2127,1327,3310,2602,2044,1880,0,600,-400,0,0,0,37,188,-338,-37,0,48,121,123,121,124,120,123,42,44,43,46,44,45,2,9,115,0,0,2
2.0743,,62,-8.791208791208792,-31.47252747252747,54.68131868131868,59.20879120879121,-0.21978021978021978,29.766390354182366,2127,1352,3297,2602,2044,1880,0,700,-350,0,0,0,51,195,-332,-37,0,48,121,123,121,124,121,123,42,44,43,46,44,45,5,5,117,0,0,3
2.1077,,63,-7.736263736263736,-29.53846153846154,53.714285714285715,59.20879120879121,-0.13186813186813187,29.766390354182366,2127,1375,3285,2602,2044,1880,0,700,-400,0,0,0,116,194,-231,-37,0,48,121,123,121,124,120,123,42,44,43,46,44,45,18,1,124,0,0,3
2.1411,,64,-6.329670329670329,-28.043956043956044,52.92307692307692,59.20879120879121,-0.04395604395604396,29.766390354182366,2131,1402,3273,2602,2044,1880,50,750,-400,0,0,0,60,173,-222,-37,23,48,121,123,121,124,120,123,42,44,43,46,44,45,24,1,111,1,0,3
2.1745,,65,-5.0989010989010985,-26.63736263736264,52.13186813186813,59.20879120879121,0.3956043956043956,29.766390354182366,2139,1427,3261,2602,2044,1880,200,750,-350,0,0,0,179,216,-283,-37,27,48,121,123,121,124,120,123,42,44,43,46,44,45,31,0,116,0,1,3
2.2079,,66,-4.21978021978022,-25.494505494505493,51.69230769230769,59.20879120879121,1.3626373626373627,29.691032403918616,2150,1450,3250,2602,2045,1880,300,700,-300,0,50,0,183,130,-310,-37,48,48,121,123,121,124,120,123,42,44,43,46,44,45,13,0,91,0,5,3
2.2413,,67,-3.956043956043956,-24.791208791208792,51.42857142857143,59.20879120879121,2.241758241758242,29.691032403918616,2160,1473,3241,2602,2047,1880,300,700,-300,0,0,0,164,83,-178,-37,98,44,121,123,121,124,120,123,42,44,43,46,44,45,10,0,91,0,10,2
2.2747,,68,-3.868131868131868,-24.175824175824175,51.42857142857143,59.20879120879121,2.857142857142857,29.163526752072343,2171,1494,3232,2602,2054,1880,350,600,-300,0,150,0,139,18,-241,-37,97,44,121,123,122,124,121,123,42,44,43,46,44,45,2,0,61,0,9,2
2.3081,,69,-4.131868131868132,-23.824175824175825,51.42857142857143,59.20879120879121,3.208791208791209,27.581009796533536,2179,1506,3226,2602,2061,1880,200,400,-200,0,250,0,111,74,-220,-37,83,-34,121,124,122,124,121,123,42,44,43,46,44,45,11,0,62,0,5,0
2.3416,,70,-4.483516483516484,-23.824175824175825,51.34065934065934,59.120879120879124,3.6483516483516483,25.244913338357193,2183,1516,3223,2602,2068,1880,150,300,-100,0,200,0,83,65,-210,-37,83,-127,121,123,122,124,121,123,42,44,43,46,44,45,7,0,82,0,3,15
2.3751,,71,-4.65934065934066,-23.824175824175825,51.34065934065934,59.120879120879124,4.175824175824176,22.456669178598343,2184,1522,3221,2602,2073,1876,50,200,-50,0,150,-50,62,30,-203,-41,81,-240,121,123,122,124,121,123,42,44,43,46,44,45,5,0,83,1,6,42
2.4085,,72,-4.65934065934066,-23.824175824175825,51.34065934065934,59.120879120879124,4.8791208791208796,19.44235116804823,2185,1528,3219,2601,2079,1857,50,150,-50,0,150,-400,51,-193,-199,-37,81,-238,121,123,121,124,120,123,42,44,43,46,44,45,4,2,87,0,6,32
2.4419,,73,-4.65934065934066,-23.824175824175825,51.252747252747255,59.120879120879124,5.4945054945054945,16.428033157498113,2185,1528,3218,2601,2084,1832,0,100,-50,-50,200,-750,51,-27,-192,-37,93,-310,121,123,121,124,120,123,42,44,43,46,44,45,4,0,84,0,9,43
2.4754,,74,-4.65934065934066,-23.824175824175825,50.9010989010989,59.120879120879124,5.934065934065934,14.242652599849285,2186,1529,3217,2601,2090,1804,0,50,-50,0,150,-750,48,-30,-192,-37,110,-454,121,123,121,124,120,123,42,44,43,46,44,45,4,1,95,0,10,58
2.5088,,75,-4.65934065934066,-23.824175824175825,50.54945054945055,59.120879120879124,5.934065934065934,13.187641296156743,2186,1529,3214,2601,2097,1768,0,0,-50,0,200,-1050,48,-30,-206,-37,-25,-375,121,123,121,124,120,123,42,44,43,46,44,45,4,1,84,0,1,45
2.5423,,76,-4.65934065934066,-23.824175824175825,50.1978021978022,59.120879120879124,5.934065934065934,13.03692539562924,2186,1529,3210,2601,2103,1733,0,0,-150,0,200,-1050,48,-30,-200,-37,62,-313,121,123,121,124,121,123,42,44,43,46,44,45,4,0,78,0,4,38
2.5757,,77,-4.747252747252747,-23.824175824175825,49.75824175824176,59.120879120879124,5.934065934065934,13.03692539562924,2186,1529,3207,2601,2107,1704,0,0,-50,0,100,-850,48,-30,-203,-37,48,-222,121,123,122,124,121,123,42,44,43,46,44,45,4,0,87,0,2,8
2.6091,,78,-4.747252747252747,-23.824175824175825,49.23076923076923,59.120879120879124,5.846153846153846,13.03692539562924,2186,1529,3205,2601,2109,1683,0,0,-50,0,100,-700,44,-30,-210,-37,37,-217,121,123,122,124,121,123,42,44,43,46,44,45,4,0,101,0,1,1
2.6425,,79,-4.747252747252747,-23.736263736263737,48.7032967032967,59.120879120879124,5.758241758241758,13.112283345892992,2186,1529,3202,2601,2111,1667,0,0,-100,0,50,-450,44,-30,-220,-37,30,-69,121,123,122,124,121,123,42,44,43,46,44,45,3,1,108,0,0,8
2.6761,,80,-4.923076923076923,-23.736263736263737,48.527472527472526,59.120879120879124,5.582417582417582,13.187641296156743,2186,1529,3199,2601,2112,1658,0,0,-100,0,0,-400,44,-27,-249,-37,23,-115,121,123,122,124,121,123,42,44,43,46,44,45,4,1,107,0,0,2
2.7095,,81,-5.450549450549451,-23.736263736263737,48.527472527472526,59.120879120879124,5.582417582417582,13.187641296156743,2186,1529,3194,2601,2112,1653,0,0,-150,0,50,-200,37,-27,-224,-37,0,-90,121,123,122,124,121,123,42,44,43,46,44,45,2,1,103,0,0,6
2.7429,,82,-6.065934065934066,-23.64835164835165,48.527472527472526,59.120879120879124,5.406593406593407,13.33835719668425,2185,1529,3190,2601,2112,1650,0,0,-100,0,0,-50,0,-27,-121,-37,0,41,121,123,122,124,121,123,42,44,43,46,44,45,0,0,83,0,0,3
2.7764,,83,-6.857142857142857,-23.560439560439562,48.527472527472526,59.120879120879124,5.142857142857143,13.715146948003015,2185,1529,3187,2601,2112,1648,0,0,-100,0,0,-100,-53,-23,-196,-37,-27,-62,121,123,122,124,121,123,42,44,43,46,44,45,3,0,79,0,1,4
2.8099,,84,-7.472527472527473,-23.208791208791208,48.527472527472526,59.120879120879124,4.967032967032967,14.393368500376791,2182,1530,3187,2601,2112,1647,-50,0,0,0,0,-50,-79,0,-196,-37,-37,-32,121,123,122,124,121,123,42,44,43,46,44,45,6,0,82,0,4,0
2.8433,,85,-8.0,-22.76923076923077,48.527472527472526,59.120879120879124,4.967032967032967,15.373021853805577,2178,1532,3186,2601,2111,1647,-150,50,0,0,0,0,-71,0,-192,-37,-41,47,121,123,122,124,121,123,42,44,43,46,44,45,5,0,75,0,4,0
2.8768,,86,-8.43956043956044,-22.417582417582416,48.527472527472526,59.120879120879124,4.967032967032967,16.578749058025622,2173,1536,3186,2601,2111,1647,-100,150,0,0,0,0,-72,26,-192,-37,-41,110,121,123,122,124,121,123,42,44,43,46,44,45,6,1,72,1,3,13
2.9103,,87,-8.615384615384615,-21.714285714285715,48.527472527472526,59.120879120879124,4.967032967032967,17.784476262245665,2167,1542,3186,2601,2111,1650,-150,200,0,0,0,100,-87,0,-192,-37,-41,170,121,123,122,124,121,123,42,44,43,46,44,45,6,0,72,0,3,20
2.9437,,88,-8.615384615384615,-20.835164835164836,48.43956043956044,59.120879120879124,4.967032967032967,18.99020346646571,2162,1548,3186,2601,2111,1660,-150,200,0,0,0,250,-62,0,-192,-37,-41,120,121,123,122,124,121,123,42,44,43,46,44,45,4,0,71,0,3,16
2.9772,,89,-8.615384615384615,-20.21978021978022,48.43956043956044,59.120879120879124,4.967032967032967,19.89449886963075,2158,1556,3186,2601,2111,1676,-150,200,0,0,0,450,-44,61,-196,-37,-41,121,121,123,122,124,121,123,42,44,43,46,44,45,1,0,73,0,3,8
3.0107,,90,-8.615384615384615,-20.043956043956044,48.43956043956044,59.120879120879124,4.967032967032967,20.346646571213263,2155,1563,3186,2601,2111,1693,-100,200,0,0,0,450,-34,46,-196,-37,-41,187,121,123,122,124,121,123,42,44,43,46,44,45,0,0,79,0,3,15
3.0442,,91,-8.615384615384615,-20.043956043956044,48.43956043956044,59.032967032967036,4.967032967032967,20.497362471740768,2154,1569,3184,2601,2111,1706,-50,150,-50,0,0,400,-30,0,-189,-37,-41,176,121,123,122,124,121,123,42,44,43,46,44,45,0,0,80,0,3,5
3.0776,,92,-8.615384615384615,-20.043956043956044,48.43956043956044,59.032967032967036,4.967032967032967,20.497362471740768,2153,1572,3184,2601,2110,1716,-50,150,0,0,-50,350,-27,-30,-189,-41,-37,44,121,123,122,124,121,123,42,44,43,46,44,45,0,1,82,1,2,1
3.111,,93,-8.615384615384615,-19.956043956043956,48.175824175824175,58.68131868131868,4.967032967032967,20.497362471740768,2151,1572,3183,2601,2110,1723,-50,0,-50,0,0,200,0,-30,-185,-41,-37,101,121,123,122,124,121,123,42,44,43,46,44,45,0,0,75,0,3,7
3.1445,,94,-8.615384615384615,-19.604395604395606,48.08791208791209,57.714285714285715,4.967032967032967,20.497362471740768,2151,1572,3182,2601,2110,1727,0,0,0,0,0,150,0,-27,-192,-55,-37,83,121,123,122,124,121,123,42,44,43,46,44,45,0,0,80,5,3,7
3.178,,95,-8.615384615384615,-18.813186813186814,48.08791208791209,56.92307692307692,5.054945054945055,20.497362471740768,2151,1572,3180,2597,2110,1730,0,0,-50,-50,0,100,0,0,-192,-105,-37,72,121,124,122,124,121,123,42,44,43,46,44,45,0,0,82,8,3,7
3.2114,,96,-8.615384615384615,-18.021978021978022,48.0,56.30769230769231,5.054945054945055,20.497362471740768,2151,1574,3179,2591,2110,1732,0,50,0,-150,0,50,0,62,-185,-98,-34,65,121,124,122,124,121,123,42,44,43,46,44,45,0,3,75,7,2,6
3.2449,,97,-8.615384615384615,-17.142857142857142,47.91208791208791,55.956043956043956,5.054945054945055,20.497362471740768,2150,1581,3178,2584,2110,1734,0,150,-50,-200,0,50,0,65,-185,-91,-34,62,121,124,122,124,121,123,42,44,43,46,44,45,0,2,79,12,1,2
3.2783,,98,-8.615384615384615,-16.35164835164835,47.73626373626374,55.78021978021978,5.054945054945055,20.497362471740768,2150,1589,3178,2578,2110,1735,0,200,0,-200,0,50,0,69,-189,27,-34,55,121,124,122,124,121,123,42,44,43,46,44,45,0,1,81,6,1,3
3.3117,,99,-8.527472527472527,-15.296703296703297,47.56043956043956,55.69230769230769,5.054945054945055,20.57272042200452,2150,1598,3177,2573,2111,1736,0,300,0,-150,0,0,0,87,-107,-76,-34,51,121,124,122,124,121,123,42,44,43,46,44,45,0,0,83,3,1,3
3.3451,,100,-8.43956043956044,-14.32967032967033,47.120879120879124,55.69230769230769,5.054945054945055,20.57272042200452,2150,1607,3175,2569,2111,1736,0,250,-50,-150,50,0,0,101,-192,-65,-37,55,121,124,122,124,121,123,42,44,43,46,44,45,0,2,79,4,2,4
3.3785,,101,-8.43956043956044,-13.010989010989011,46.417582417582416,55.69230769230769,5.054945054945055,20.57272042200452,2150,1618,3171,2566,2111,1736,0,300,-50,-100,0,0,23,90,-199,-51,-37,55,121,124,122,124,121,123,42,44,43,46,44,45,0,0,77,1,2,4
3.412,,102,-8.351648351648352,-11.604395604395604,45.8021978021978,55.69230769230769,5.054945054945055,20.57272042200452,2150,1628,3167,2565,2111,1736,0,300,-100,-50,0,0,23,26,-219,-48,-37,55,121,124,122,124,121,123,42,44,43,46,44,45,0,0,87,1,3,4
3.4455,,103,-8.263736263736265,-10.373626373626374,44.83516483516483,55.69230769230769,5.054945054945055,20.57272042200452,2150,1643,3162,2563,2111,1736,0,400,-200,-50,0,0,27,49,-237,-41,-37,55,121,124,122,124,121,123,42,44,43,46,44,45,0,0,95,0,2,4
3.479,,104,-8.175824175824175,-9.23076923076923,43.86813186813187,55.69230769230769,5.054945054945055,20.57272042200452,2150,1658,3155,2563,2111,1736,0,450,-150,0,0,0,30,125,-263,-41,-37,55,121,124,122,124,121,123,42,44,43,46,44,45,0,0,102,1,2,4
3.5124,,105,-8.087912087912088,-8.175824175824175,42.989010989010985,55.69230769230769,5.054945054945055,20.57272042200452,2150,1674,3147,2563,2111,1736,0,450,-250,0,0,0,34,108,-266,-41,-37,55,121,123,122,124,121,123,42,44,43,46,44,45,1,0,66,1,3,4
3.5459,,106,-8.087912087912088,-7.56043956043956,42.54945054945055,55.69230769230769,5.054945054945055,20.57272042200452,2150,1688,3138,2563,2111,1736,0,450,-250,0,0,0,37,94,-265,-41,-37,55,121,123,122,124,121,123,42,44,43,46,44,45,2,0,97,1,2,4
3.5794,,107,-8.175824175824175,-7.2967032967032965,42.37362637362637,55.69230769230769,5.054945054945055,20.57272042200452,2150,1699,3130,2563,2111,1736,0,400,-250,0,0,0,37,55,-234,-41,-37,55,121,123,122,124,121,123,42,44,43,46,44,45,2,0,99,0,2,4
3.6129,,108,-8.351648351648352,-7.208791208791209,42.37362637362637,55.69230769230769,5.054945054945055,20.57272042200452,2150,1708,3123,2563,2111,1736,0,300,-200,0,0,0,34,45,-224,-41,-37,55,121,123,122,124,121,123,42,44,43,46,44,45,1,0,74,1,2,4
3.6464,,109,-8.43956043956044,-7.208791208791209,42.37362637362637,55.69230769230769,5.054945054945055,20.57272042200452,2150,1715,3118,2563,2111,1736,0,200,-150,0,0,0,27,0,-203,-41,-37,55,121,123,122,124,121,123,42,44,43,46,44,45,0,0,57,1,2,4
3.6799,,110,-8.527472527472527,-7.208791208791209,42.37362637362637,55.69230769230769,5.054945054945055,20.27128862094951,2150,1719,3114,2563,2111,1736,0,200,-150,0,0,0,23,-34,-189,-41,-37,55,121,124,122,124,121,123,42,44,43,46,44,45,0,6,70,0,2,4
3.7133,,111,-8.527472527472527,-7.2967032967032965,42.37362637362637,55.78021978021978,5.230769230769231,20.04521477015825,2150,1720,3114,2563,2111,1736,0,50,0,0,0,0,0,-37,-185,-41,-37,30,121,124,122,124,121,123,42,44,43,46,44,45,0,2,77,1,2,1
3.7468,,112,-8.263736263736265,-7.384615384615385,42.37362637362637,55.86813186813187,5.318681318681318,19.9698568198945,2150,1720,3114,2563,2111,1736,0,0,0,0,0,0,0,-41,-185,-37,-30,27,121,124,122,124,121,123,42,44,43,46,44,45,0,2,78,0,1,0
3.7803,,113,-8.087912087912088,-7.648351648351649,42.37362637362637,55.956043956043956,5.4945054945054945,19.89449886963075,2150,1720,3114,2563,2111,1736,0,0,0,0,0,0,30,-44,-185,-34,-27,0,121,124,122,124,121,123,42,44,43,46,44,45,1,3,78,0,0,0
3.8138,,114,-7.912087912087912,-7.912087912087912,42.46153846153846,56.13186813186813,5.582417582417582,19.89449886963075,2150,1720,3114,2563,2111,1736,0,0,0,0,0,0,37,-55,-185,-30,0,0,121,124,122,124,121,123,42,44,43,46,44,45,2,6,78,0,0,0
3.8473,,115,-7.736263736263736,-8.0,42.46153846153846,56.21978021978022,5.670329670329671,19.89449886963075,2150,1720,3114,2563,2111,1736,0,0,0,0,0,0,44,-65,-181,-23,0,0,121,124,122,124,121,123,42,44,43,46,44,45,4,10,76,0,0,0
3.8808,,116,-7.736263736263736,-8.0,42.46153846153846,56.21978021978022,5.670329670329671,19.89449886963075,2150,1720,3114,2563,2111,1736,0,0,0,0,0,0,51,-69,-181,0,0,0,121,124,122,124,121,123,42,44,43,46,44,45,5,12,76,0,0,0
3.9142,,117,-7.736263736263736,-8.0,42.46153846153846,56.21978021978022,5.670329670329671,19.89449886963075,2150,1720,3114,2563,2111,1736,0,0,0,0,0,0,51,-69,-181,0,0,0,121,124,122,125,121,123,42,44,43,46,44,45,4,11,76,0,0,0
3.9477,,118,-7.736263736263736,-8.0,42.46153846153846,56.21978021978022,5.670329670329671,19.89449886963075,2150,1720,3114,2563,2111,1736,0,0,0,0,0,0,51,-69,-181,0,0,0,121,124,122,124,121,123,42,44,43,46,44,45,4,11,76,0,0,0
3.9811,,119,-7.736263736263736,-8.0,42.46153846153846,56.21978021978022,5.758241758241758,19.89449886963075,2150,1720,3114,2563,2111,1736,0,0,0,0,0,0,51,-69,-181,0,0,0,121,124,122,125,121,123,42,44,43,46,44,45,4,11,75,0,0,0
4.0145,,120,-7.736263736263736,-8.0,42.46153846153846,56.21978021978022,5.758241758241758,19.819140919366994,2150,1720,3114,2563,2111,1736,0,0,0,0,0,0,51,-69,-181,0,23,0,121,124,122,125,121,123,42,44,43,46,44,45,4,10,75,0,0,0
4.0479,,121,-7.736263736263736,-8.0,42.46153846153846,56.21978021978022,5.758241758241758,19.819140919366994,2150,1720,3114,2563,2111,1736,0,0,0,0,0,0,51,-69,-181,0,23,0,121,124,122,125,121,123,42,44,43,46,44,45,4,11,75,0,0,0
4.0813,,122,-7.736263736263736,-8.0,42.46153846153846,56.21978021978022,5.758241758241758,19.819140919366994,2150,1720,3114,2563,2111,1736,0,0,0,0,0,0,51,-69,-181,0,23,0,121,124,122,124,121,123,42,44,43,46,44,45,4,11,75,0,0,0
4.1147,,123,-7.736263736263736,-8.0,42.46153846153846,56.13186813186813,5.758241758241758,19.819140919366994,2150,1720,3114,2563,2111,1736,0,0,0,0,0,0,51,-69,-181,0,23,0,121,124,122,124,121,123,42,44,43,46,44,45,4,11,76,0,0,0
4.148,,124,-7.736263736263736,-8.0,42.46153846153846,56.13186813186813,5.758241758241758,19.74378296910324,2150,1720,3114,2563,2111,1736,0,0,0,0,0,0,51,-69,-181,-23,23,0,121,124,122,124,121,123,42,44,43,46,44,45,4,11,76,0,0,0
4.1814,,125,-7.736263736263736,-8.0,42.46153846153846,56.13186813186813,5.758241758241758,19.74378296910324,2150,1720,3114,2563,2111,1736,0,0,0,0,0,0,51,-69,-181,-23,23,-23,121,124,122,124,121,123,42,44,43,46,44,45,4,11,75,0,0,0
4.2149,,126,-7.736263736263736,-8.0,42.46153846153846,56.13186813186813,5.758241758241758,19.74378296910324,2150,1720,3114,2563,2111,1736,0,0,0,0,0,0,51,-69,-181,-23,23,-23,121,124,122,124,121,123,42,44,43,46,44,45,4,11,75,0,0,0
4.2484,,127,-7.736263736263736,-8.0,42.46153846153846,56.13186813186813,5.758241758241758,19.74378296910324,2150,1720,3114,2563,2111,1736,0,0,0,0,0,0,51,-69,-181,-23,23,-23,121,124,122,124,121,123,42,44,43,46,44,45,4,11,75,0,0,0
4.2818,,128,-7.736263736263736,-8.0,42.46153846153846,56.13186813186813,5.758241758241758,19.74378296910324,2150,1720,3114,2563,2111,1736,0,0,0,0,0,0,51,-69,-181,-23,23,-23,121,124,122,124,121,123,42,44,43,46,44,45,4,11,75,0,0,0
4.3153,,129,-7.736263736263736,-8.0,42.46153846153846,56.13186813186813,5.758241758241758,19.74378296910324,2150,1720,3114,2563,2111,1736,0,0,0,0,0,0,51,-69,-181,-23,23,-23,121,124,122,124,121,123,42,44,43,46,44,45,4,10,76,0,0,0
4.3487,,130,-7.736263736263736,-8.0,42.46153846153846,56.13186813186813,5.758241758241758,19.74378296910324,2150,1720,3114,2563,2111,1736,0,0,0,0,0,0,51,-69,-181,-23,23,-23,121,124,122,124,121,123,42,44,43,46,44,45,4,11,76,0,0,0
4.3822,,131,-7.736263736263736,-8.0,42.46153846153846,56.13186813186813,5.758241758241758,19.74378296910324,2150,1720,3114,2563,2111,1736,0,0,0,0,0,0,51,-69,-181,-23,23,-23,121,124,122,124,121,123,42,44,43,46,44,45,4,10,76,0,0,0
4.4157,,132,-7.736263736263736,-8.0,42.46153846153846,56.13186813186813,5.758241758241758,19.74378296910324,2150,1720,3114,2563,2111,1736,0,0,0,0,0,0,51,-69,-181,-23,23,-23,121,123,122,124,121,123,42,44,43,46,44,45,4,10,76,0,0,0
4.4491,,133,-7.736263736263736,-8.0,42.46153846153846,56.13186813186813,5.758241758241758,19.74378296910324,2150,1720,3114,2563,2111,1736,0,0,0,0,0,0,51,-69,-181,-23,23,-23,121,124,122,124,121,123,42,44,43,46,44,45,4,11,75,0,0,0
4.4825,,134,-7.736263736263736,-8.0,42.37362637362637,56.13186813186813,5.758241758241758,19.74378296910324,2150,1720,3114,2563,2111,1736,0,0,0,0,0,0,51,-69,-181,-23,23,-23,121,124,122,125,121,123,42,44,43,46,44,45,5,11,75,0,0,0
4.516,,135,-7.648351648351649,-8.0,42.37362637362637,56.13186813186813,5.758241758241758,19.74378296910324,2150,1720,3114,2563,2111,1736,0,0,0,0,0,0,51,-69,-185,-23,23,-23,121,124,122,124,121,123,42,44,43,46,44,45,4,11,79,0,0,0
4.5494,,136,-7.648351648351649,-8.087912087912088,42.37362637362637,56.13186813186813,5.758241758241758,19.74378296910324,2150,1720,3114,2563,2111,1736,0,0,0,0,0,0,55,-69,-185,-23,23,-23,121,123,122,124,121,123,42,44,43,46,44,45,6,11,78,0,0,0
4.5829,,137,-7.648351648351649,-8.087912087912088,42.37362637362637,56.13186813186813,5.758241758241758,19.74378296910324,2150,1720,3114,2563,2111,1736,0,0,0,0,0,0,55,-72,-185,-23,23,-23,121,123,122,124,121,123,42,44,43,46,44,45,4,11,78,0,0,0
4.6164,,138,-7.648351648351649,-8.087912087912088,42.37362637362637,56.13186813186813,5.758241758241758,19.74378296910324,2150,1720,3114,2563,2111,1736,0,0,0,0,0,0,55,-72,-185,-23,23,-23,121,123,122,124,121,123,42,44,43,46,44,45,4,12,78,0,0,0
4.6498,,139,-7.648351648351649,-8.087912087912088,42.285714285714285,56.13186813186813,5.758241758241758,19.74378296910324,2150,1720,3114,2563,2111,1736,0,0,0,0,0,0,55,-72,-185,-23,23,-23,121,123,122,124,121,123,42,44,43,46,44,45,5,12,78,0,0,0
4.6833,,140,-7.648351648351649,-8.175824175824175,42.285714285714285,56.13186813186813,5.758241758241758,19.74378296910324,2150,1720,3114,2563,2111,1736,0,0,0,0,0,0,55,-72,-189,-23,23,-23,121,123,122,124,121,123,42,44,43,46,44,45,5,12,82,0,0,0
4.7169,,141,-7.648351648351649,-8.175824175824175,42.285714285714285,56.13186813186813,5.758241758241758,19.74378296910324,2150,1720,3114,2563,2111,1736,0,0,0,0,0,0,55,-76,-189,-23,23,-23,121,123,122,124,121,123,42,44,43,46,44,45,5,14,81,0,0,0
4.7503,,142,-7.648351648351649,-8.263736263736265,42.285714285714285,56.13186813186813,5.758241758241758,19.74378296910324,2150,1720,3114,2563,2111,1736,0,0,0,0,0,0,55,-76,-189,-23,23,-23,121,124,122,124,121,123,42,44,43,46,44,45,5,13,80,0,0,0
4.7836,,143,-7.648351648351649,-8.527472527472527,42.285714285714285,56.13186813186813,5.758241758241758,19.74378296910324,2150,1720,3114,2563,2111,1736,0,0,0,0,0,0,55,-79,-189,-23,23,-23,121,124,122,124,121,123,42,44,43,46,44,45,5,15,81,0,0,0
4.8171,,144,-7.648351648351649,-8.527472527472527,42.285714285714285,56.13186813186813,5.758241758241758,19.74378296910324,2150,1720,3114,2563,2111,1736,0,0,0,0,0,0,55,-90,-189,-23,23,-23,121,123,122,124,121,123,42,44,43,46,44,45,5,20,81,0,0,0
4.8504,,145,-7.56043956043956,-8.527472527472527,42.285714285714285,56.13186813186813,5.758241758241758,19.74378296910324,2150,1720,3114,2563,2111,1736,0,0,0,0,0,0,55,-90,-189,-23,23,-23,121,123,122,124,121,123,42,44,43,46,44,45,5,18,82,0,0,0
4.8838,,146,-7.2967032967032965,-8.527472527472527,42.285714285714285,56.13186813186813,5.758241758241758,19.74378296910324,2150,1720,3114,2563,2111,1736,0,0,0,0,0,0,58,-90,-189,-23,23,-23,121,123,122,124,121,123,42,44,43,46,44,45,7,19,82,0,0,0
4.9172,,147,-7.208791208791209,-8.527472527472527,42.285714285714285,56.13186813186813,5.758241758241758,19.74378296910324,2150,1720,3114,2563,2111,1736,0,0,0,0,0,0,69,-90,-189,-23,23,-23,121,123,122,124,121,123,42,44,43,46,44,45,10,19,82,0,0,0
4.9506,,148,-7.1208791208791204,-8.527472527472527,42.285714285714285,56.13186813186813,5.758241758241758,19.74378296910324,2150,1720,3114,2563,2111,1736,0,0,0,0,0,0,72,-90,-189,-23,23,-23,121,123,122,124,121,123,42,44,43,46,44,45,11,18,81,0,0,0
4.984,,149,-6.857142857142857,-8.527472527472527,42.285714285714285,56.13186813186813,5.758241758241758,19.66842501883949,2150,1720,3114,2563,2111,1736,0,0,0,0,0,0,76,-90,-189,-23,23,-23,121,123,122,124,121,123,42,44,43,46,44,45,12,19,81,0,0,0
5.0174,,150,-6.593406593406593,-8.527472527472527,42.285714285714285,56.13186813186813,5.758241758241758,19.66842501883949,2150,1720,3114,2563,2111,1736,0,0,0,0,0,0,86,-90,-189,-23,23,-27,121,123,122,124,121,123,42,44,43,46,44,45,17,20,81,0,0,0
5.0508,,151,-6.5054945054945055,-8.527472527472527,42.285714285714285,56.13186813186813,5.758241758241758,19.66842501883949,2151,1720,3114,2563,2111,1736,0,0,0,0,0,0,93,-90,-189,-23,23,-27,121,123,122,124,121,123,42,44,43,46,44,45,21,18,82,0,0,0
5.0842,,152,-6.417582417582418,-8.527472527472527,42.285714285714285,56.21978021978022,5.758241758241758,19.593067068575735,2154,1720,3114,2563,2111,1736,50,0,0,0,0,0,86,-90,-189,-23,23,-27,121,123,122,124,121,123,42,44,43,46,44,45,17,19,81,0,0,0
5.1176,,153,-6.417582417582418,-8.527472527472527,42.285714285714285,56.21978021978022,5.758241758241758,19.140919366993216,2156,1720,3114,2563,2111,1736,100,0,0,0,0,0,83,-90,-189,0,23,-30,121,123,122,124,121,123,42,44,43,46,44,45,15,18,80,0,0,0
5.1511,,154,-6.417582417582418,-8.527472527472527,42.285714285714285,56.21978021978022,5.758241758241758,17.483044461190655,2159,1720,3114,2563,2111,1736,50,0,0,0,0,0,76,-90,-189,0,23,-67,121,123,122,124,121,123,42,44,43,46,44,45,10,19,81,0,0,5
5.1846,,155,-6.417582417582418,-8.527472527472527,42.285714285714285,56.21978021978022,5.758241758241758,14.845516201959308,2160,1720,3114,2563,2111,1735,50,0,0,0,0,0,72,-90,-189,0,23,-156,121,123,122,124,121,123,42,44,43,46,44,45,10,19,81,0,0,20
5.2181,,156,-6.417582417582418,-8.527472527472527,42.285714285714285,56.21978021978022,5.758241758241758,11.002260738507912,2161,1720,3113,2563,2111,1726,0,0,-50,0,0,-250,69,-90,-185,0,23,-190,121,123,121,124,120,123,42,44,43,46,44,45,8,18,78,0,0,44
5.2516,,157,-6.417582417582418,-8.527472527472527,42.285714285714285,56.13186813186813,5.846153846153846,6.40542577241899,2161,1720,3112,2563,2111,1705,0,0,-50,0,0,-600,65,-90,-181,0,23,-284,121,123,121,124,120,123,42,44,43,46,44,45,9,20,75,0,0,46
5.285,,158,-6.417582417582418,-8.527472527472527,42.285714285714285,56.13186813186813,5.846153846153846,2.0346646571213265,2161,1720,3112,2563,2111,1675,0,0,0,0,0,-850,65,-90,-181,-23,27,-406,121,123,121,124,120,123,42,44,43,46,44,45,10,18,75,0,1,62
5.3185,,159,-6.417582417582418,-8.527472527472527,42.37362637362637,56.21978021978022,5.846153846153846,1.8085908063300677,2161,1720,3112,2563,2111,1636,0,0,0,0,0,-1000,65,-90,-181,-23,27,-413,121,123,121,124,120,123,42,44,43,46,44,45,10,18,75,0,1,106
5.352,,160,-6.5054945054945055,-8.527472527472527,42.37362637362637,56.21978021978022,5.846153846153846,2.7128862094951014,2161,1720,3112,2563,2111,1599,0,0,0,0,0,-1300,65,-90,-178,0,27,-464,121,123,121,124,120,123,42,44,43,46,44,45,9,18,73,0,1,94
5.3855,,161,-6.5054945054945055,-8.527472527472527,42.37362637362637,56.21978021978022,5.846153846153846,2.4868123587038435,2161,1720,3112,2563,2112,1582,0,0,0,0,100,-650,62,-90,-178,0,23,-496,121,122,121,123,120,122,42,44,43,46,44,45,8,19,72,0,0,183
5.419,,162,-6.5054945054945055,-8.527472527472527,42.37362637362637,56.21978021978022,5.846153846153846,2.4114544084400906,2161,1720,3112,2563,2112,1581,0,0,0,0,0,0,62,-90,-178,0,23,-391,120,122,120,123,119,121,42,44,43,46,44,45,8,18,71,0,0,303
5.4524,,163,-6.5054945054945055,-8.527472527472527,42.37362637362637,56.21978021978022,5.846153846153846,2.4114544084400906,2161,1720,3112,2563,2112,1581,0,0,0,0,0,0,62,-90,-178,0,23,-421,120,122,120,122,119,121,42,44,43,46,44,45,8,18,70,0,0,341
5.4859,,164,-6.5054945054945055,-8.527472527472527,42.37362637362637,56.21978021978022,5.846153846153846,2.4114544084400906,2161,1720,3112,2563,2112,1581,0,0,0,0,0,0,62,-90,-178,0,23,-421,120,122,120,122,118,121,42,44,43,46,44,45,7,19,71,0,0,345
5.5193,,165,-6.5054945054945055,-8.527472527472527,42.37362637362637,56.21978021978022,5.846153846153846,2.4114544084400906,2161,1720,3112,2563,2112,1581,0,0,0,0,0,0,62,-90,-178,0,23,-421,120,122,120,122,118,120,42,44,43,46,44,45,8,18,70,0,0,345
5.5529,,166,-6.5054945054945055,-8.527472527472527,42.37362637362637,56.21978021978022,5.846153846153846,2.4114544084400906,2161,1720,3112,2563,2112,1581,0,0,0,0,0,0,62,-90,-178,0,23,-421,120,122,120,122,118,120,42,44,43,46,44,45,7,19,71,0,0,345
5.5863,,167,-6.5054945054945055,-8.527472527472527,42.37362637362637,56.21978021978022,5.846153846153846,2.4114544084400906,2161,1720,3112,2563,2112,1581,0,0,0,0,0,0,62,-90,-178,0,23,-421,120,122,120,122,118,120,42,44,43,46,44,45,8,18,70,0,0,345
5.6197,,168,-6.5054945054945055,-8.527472527472527,42.37362637362637,56.21978021978022,5.846153846153846,2.4114544084400906,2161,1720,3112,2563,2112,1581,0,0,0,0,0,0,62,-90,-178,0,23,-421,120,122,120,122,118,120,42,44,43,46,44,45,8,18,71,0,0,344
5.6532,,169,-6.5054945054945055,-8.527472527472527,42.37362637362637,56.21978021978022,5.846153846153846,2.4114544084400906,2161,1720,3112,2563,2112,1581,0,0,0,0,0,0,62,-90,-178,0,23,-421,120,122,120,122,118,120,42,44,43,46,44,45,8,18,71,0,3,344
5.6866,,170,-6.5054945054945055,-8.527472527472527,42.37362637362637,56.21978021978022,5.846153846153846,2.4114544084400906,2161,1720,3112,2563,2112,1581,0,0,0,0,0,0,62,-90,-178,0,23,-421,120,122,120,122,118,120,42,44,43,46,44,45,8,18,71,0,0,345
5.7201,,171,-6.5054945054945055,-8.527472527472527,42.46153846153846,56.21978021978022,5.846153846153846,2.4114544084400906,2161,1720,3112,2563,2112,1581,0,0,0,0,0,0,62,-90,-178,0,23,-421,120,122,120,122,118,120,42,44,43,46,44,45,7,19,72,0,0,344
5.7536,,172,-6.5054945054945055,-8.527472527472527,42.46153846153846,56.21978021978022,5.846153846153846,2.4114544084400906,2161,1720,3112,2563,2112,1581,0,0,0,0,0,0,62,-90,-174,0,23,-421,120,122,120,122,118,120,42,44,43,46,44,45,7,18,68,0,0,344
5.787,,173,-6.5054945054945055,-8.527472527472527,42.46153846153846,56.21978021978022,5.846153846153846,2.4114544084400906,2161,1720,3112,2563,2112,1581,0,0,0,0,0,0,62,-90,-174,0,23,-421,120,122,120,122,118,120,42,44,43,46,44,45,8,18,69,0,0,344
5.8204,,174,-6.5054945054945055,-8.527472527472527,42.46153846153846,56.21978021978022,5.846153846153846,2.4114544084400906,2161,1720,3112,2563,2112,1581,0,0,0,0,0,0,62,-90,-174,0,23,-421,120,122,120,122,118,120,42,44,43,46,44,45,7,19,69,0,0,344
5.8538,,175,-6.5054945054945055,-8.527472527472527,42.46153846153846,56.21978021978022,5.934065934065934,2.4114544084400906,2161,1720,3112,2563,2112,1581,0,0,0,0,0,0,62,-90,-174,0,23,-421,120,122,120,122,118,120,42,44,43,46,44,45,7,19,69,0,0,343
5.8872,,176,-6.5054945054945055,-8.527472527472527,42.46153846153846,56.21978021978022,5.934065934065934,2.4114544084400906,2161,1720,3112,2563,2112,1581,0,0,0,0,0,0,62,-90,-174,0,27,-421,120,122,120,122,118,120,42,44,43,46,44,45,10,19,69,0,1,344
5.9206,,177,-6.5054945054945055,-8.527472527472527,42.46153846153846,56.21978021978022,5.934065934065934,2.4114544084400906,2161,1720,3112,2563,2112,1581,0,0,0,0,0,0,62,-90,-174,0,27,-421,120,122,120,122,118,120,42,44,43,46,44,45,8,18,68,0,1,344
5.9541,,178,-6.5054945054945055,-8.527472527472527,42.46153846153846,56.21978021978022,5.934065934065934,2.4114544084400906,2161,1720,3112,2563,2112,1581,0,0,0,0,0,0,62,-90,-174,0,27,-421,120,122,120,122,118,120,42,44,43,46,44,45,8,18,69,0,0,343
5.9875,,179,-6.5054945054945055,-8.527472527472527,42.46153846153846,56.21978021978022,5.934065934065934,2.4114544084400906,2161,1720,3112,2563,2112,1581,0,0,0,0,0,0,62,-90,-174,0,27,-421,120,122,120,122,118,120,42,44,43,46,44,45,8,18,69,0,1,342
6.0209,,180,-6.5054945054945055,-8.527472527472527,42.46153846153846,56.21978021978022,5.934065934065934,2.4114544084400906,2161,1720,3112,2563,2112,1581,0,0,0,0,0,0,62,-90,-174,0,27,-421,120,122,120,122,118,120,42,44,43,46,44,45,8,18,69,0,0,342
6.0543,,181,-6.5054945054945055,-8.527472527472527,42.46153846153846,56.21978021978022,5.934065934065934,2.4114544084400906,2161,1720,3112,2563,2112,1581,0,0,0,0,0,0,62,-90,-174,0,27,-421,120,122,120,122,118,120,42,44,43,46,44,45,8,18,68,0,0,342
6.0877,,182,-6.5054945054945055,-8.527472527472527,42.46153846153846,56.21978021978022,5.934065934065934,2.4114544084400906,2161,1720,3112,2563,2112,1581,0,0,0,0,0,0,62,-90,-174,0,27,-421,120,122,120,122,118,120,42,44,43,46,44,45,7,19,69,0,1,342
6.1211,,183,-6.5054945054945055,-8.527472527472527,42.46153846153846,56.21978021978022,5.934065934065934,2.4114544084400906,2161,1720,3112,2563,2112,1581,0,0,0,0,0,0,62,-90,-174,0,27,-421,120,122,120,122,118,120,42,44,43,46,44,45,7,18,69,0,0,342
6.1545,,184,-6.5054945054945055,-8.527472527472527,42.46153846153846,56.21978021978022,5.934065934065934,2.4114544084400906,2161,1720,3112,2563,2112,1581,0,0,0,0,0,0,62,-90,-174,0,27,-421,120,122,120,122,118,120,42,44,43,46,44,45,8,18,69,0,1,341
6.188,,185,-6.5054945054945055,-8.527472527472527,42.46153846153846,56.21978021978022,5.934065934065934,2.4114544084400906,2161,1720,3112,2563,2112,1581,0,0,0,0,0,0,62,-90,-174,0,27,-421,120,122,120,122,118,120,42,44,43,46,44,45,8,19,69,0,0,341
6.2216,,186,-6.5054945054945055,-8.527472527472527,42.46153846153846,56.21978021978022,5.934065934065934,2.4114544084400906,2161,1720,3112,2563,2112,1581,0,0,0,0,0,0,62,-90,-174,0,27,-421,120,121,120,122,118,120,42,44,43,46,44,45,7,18,68,0,0,342
6.255,,187,-6.5054945054945055,-8.527472527472527,42.46153846153846,56.21978021978022,5.934065934065934,2.4114544084400906,2161,1720,3112,2563,2112,1581,0,0,0,0,0,0,62,-90,-174,0,27,-421,120,121,119,122,118,120,42,44,43,46,44,45,8,18,69,0,0,341
6.2884,,188,-6.5054945054945055,-8.527472527472527,42.46153846153846,56.21978021978022,5.934065934065934,2.4114544084400906,2161,1720,3112,2563,2112,1581,0,0,0,0,0,0,62,-90,-174,0,27,-421,120,122,120,122,118,120,42,44,43,46,44,45,7,18,69,0,0,340
6.3218,,189,-6.5054945054945055,-8.527472527472527,42.46153846153846,56.21978021978022,5.934065934065934,2.4114544084400906,2161,1720,3112,2563,2112,1581,0,0,0,0,0,0,62,-90,-174,0,27,-421,120,122,120,122,118,120,42,44,43,46,44,45,8,19,69,0,1,341
6.3552,,190,-6.5054945054945055,-8.527472527472527,42.46153846153846,56.21978021978022,5.934065934065934,2.4114544084400906,2161,1720,3112,2563,2112,1581,0,0,0,0,0,0,62,-90,-174,0,27,-421,120,122,120,122,118,120,42,44,43,46,44,45,7,18,68,0,0,341
6.3886,,191,-6.5054945054945055,-8.527472527472527,42.46153846153846,56.21978021978022,5.934065934065934,2.4114544084400906,2161,1720,3112,2563,2112,1581,0,0,0,0,0,0,62,-90,-174,0,27,-421,120,122,120,122,118,120,42,44,43,46,44,45,8,19,68,0,1,341
6.4221,,192,-6.5054945054945055,-8.527472527472527,42.46153846153846,56.21978021978022,5.934065934065934,2.4114544084400906,2161,1720,3112,2563,2112,1581,0,0,0,0,0,0,62,-90,-174,0,27,-421,120,122,120,122,118,120,42,44,43,46,44,45,8,18,69,0,0,340
6.4555,,193,-6.5054945054945055,-8.527472527472527,42.46153846153846,56.21978021978022,5.934065934065934,2.4114544084400906,2161,1720,3112,2563,2112,1581,0,0,0,0,0,0,62,-90,-174,0,27,-421,120,122,120,122,118,120,42,44,43,46,44,45,8,18,69,0,1,340
6.4889,,194,-6.5054945054945055,-8.527472527472527,42.46153846153846,56.21978021978022,5.934065934065934,2.4114544084400906,2161,1720,3112,2563,2112,1581,0,0,0,0,0,0,62,-90,-174,0,27,-421,120,122,120,122,118,120,42,44,43,46,44,45,8,18,69,0,0,340
6.5224,,195,-6.5054945054945055,-8.527472527472527,42.46153846153846,56.21978021978022,5.934065934065934,2.4114544084400906,2161,1720,3112,2563,2112,1581,0,0,0,0,0,0,62,-90,-174,0,27,-421,120,122,120,122,118,120,42,44,43,46,44,45,8,18,69,0,0,339
6.5558,,196,-6.5054945054945055,-8.527472527472527,42.46153846153846,56.21978021978022,5.934065934065934,2.4114544084400906,2161,1720,3112,2563,2112,1581,0,0,0,0,0,0,62,-90,-174,0,27,-421,120,122,120,122,118,120,42,44,43,46,44,45,8,18,69,0,0,339
6.5893,,197,-6.5054945054945055,-8.527472527472527,42.46153846153846,56.21978021978022,5.934065934065934,2.4114544084400906,2161,1720,3112,2563,2112,1581,0,0,0,0,0,0,62,-90,-174,0,27,-421,120,122,120,122,118,120,42,44,43,46,44,45,7,18,69,0,0,339
6.6228,,198,-6.5054945054945055,-8.527472527472527,42.46153846153846,56.21978021978022,5.934065934065934,2.4114544084400906,2161,1720,3112,2563,2112,1581,0,0,0,0,0,0,62,-90,-174,0,27,-421,120,122,120,122,118,120,42,44,43,46,44,45,8,19,69,0,1,340
6.6563,,199,-6.5054945054945055,-8.527472527472527,42.46153846153846,56.21978021978022,5.934065934065934,2.4114544084400906,2161,1720,3112,2563,2112,1581,0,0,0,0,0,0,62,-90,-174,0,27,-421,120,122,120,122,118,120,42,44,43,46,44,45,8,18,69,0,1,339
6.6897,,200,-6.5054945054945055,-8.527472527472527,42.46153846153846,56.13186813186813,5.934065934065934,2.4114544084400906,2161,1720,3112,2563,2112,1581,0,0,0,0,0,0,62,-90,-174,0,27,-421,120,122,120,122,118,121,42,44,43,46,44,45,7,18,69,0,1,340
6.7232,,201,-6.5054945054945055,-8.527472527472527,42.46153846153846,56.13186813186813,5.934065934065934,2.4114544084400906,2161,1720,3112,2563,2112,1581,0,0,0,0,0,0,62,-90,-174,-23,27,-421,120,122,120,122,118,120,42,44,43,46,44,45,8,18,69,0,1,339
6.7566,,202,-6.5054945054945055,-8.527472527472527,42.46153846153846,56.13186813186813,5.934065934065934,2.4114544084400906,2161,1720,3112,2563,2112,1581,0,0,0,0,0,0,62,-90,-174,-23,27,-421,120,122,120,122,118,120,42,44,43,46,44,45,8,18,68,0,0,339
6.7901,,203,-6.5054945054945055,-8.527472527472527,42.46153846153846,56.13186813186813,5.934065934065934,2.4114544084400906,2161,1720,3112,2563,2112,1581,0,0,0,0,0,0,62,-90,-174,-23,27,-421,120,122,120,122,118,120,42,44,43,46,44,45,8,18,69,0,1,338
6.8236,,204,-6.5054945054945055,-8.527472527472527,42.46153846153846,56.13186813186813,5.934065934065934,2.4114544084400906,2161,1720,3112,2563,2112,1581,0,0,0,0,0,0,62,-90,-174,-23,27,-421,120,122,120,122,118,120,42,44,43,46,44,45,8,18,69,0,0,338
6.8571,,205,-6.5054945054945055,-8.527472527472527,42.46153846153846,56.13186813186813,5.934065934065934,2.4114544084400906,2161,1720,3112,2563,2112,1581,0,0,0,0,0,0,62,-90,-174,-23,27,-421,120,122,120,122,118,120,42,44,43,46,44,45,9,18,69,0,0,339
6.8906,,206,-6.5054945054945055,-8.527472527472527,42.46153846153846,56.13186813186813,5.934065934065934,2.4114544084400906,2161,1720,3112,2563,2112,1581,0,0,0,0,0,0,62,-90,-174,-23,27,-421,120,122,120,122,118,120,42,44,43,46,44,45,8,19,69,0,0,338
6.9241,,207,-6.5054945054945055,-8.527472527472527,42.46153846153846,56.13186813186813,5.934065934065934,2.4114544084400906,2161,1720,3112,2563,2112,1581,0,0,0,0,0,0,62,-90,-174,-23,27,-421,120,122,120,122,118,120,42,44,43,46,44,45,7,18,70,0,1,338
6.9576,,208,-6.5054945054945055,-8.527472527472527,42.46153846153846,56.13186813186813,5.934065934065934,2.4114544084400906,2161,1720,3112,2563,2112,1581,0,0,0,0,0,0,62,-90,-174,-23,27,-421,120,122,120,122,118,120,42,44,43,46,44,45,8,18,69,0,0,338
6.9911,,209,-6.5054945054945055,-8.527472527472527,42.46153846153846,56.13186813186813,5.934065934065934,2.4114544084400906,2161,1720,3112,2563,2112,1581,0,0,0,0,0,0,62,-90,-174,-23,27,-421,120,122,120,122,118,120,42,44,43,46,44,45,7,18,69,0,0,338
7.0246,,210,-6.5054945054945055,-8.527472527472527,42.46153846153846,56.13186813186813,5.934065934065934,2.4114544084400906,2161,1720,3112,2563,2112,1581,0,0,0,0,0,0,62,-90,-174,-23,27,-421,120,122,120,122,118,120,42,44,43,46,44,45,8,18,68,0,0,338
7.058,,211,-6.5054945054945055,-8.527472527472527,42.46153846153846,56.13186813186813,5.934065934065934,2.4114544084400906,2161,1720,3112,2563,2112,1581,0,0,0,0,0,0,62,-90,-174,-23,27,-421,120,121,119,122,118,120,42,44,43,46,44,45,8,18,68,0,0,337
7.0914,,212,-6.5054945054945055,-8.527472527472527,42.46153846153846,56.13186813186813,5.934065934065934,2.4114544084400906,2161,1720,3112,2563,2112,1581,0,0,0,0,0,0,62,-90,-174,-23,27,-421,120,122,120,122,118,120,42,44,43,46,44,45,8,18,69,0,0,337
7.1249,,213,-6.5054945054945055,-8.527472527472527,42.46153846153846,56.13186813186813,5.934065934065934,2.4114544084400906,2161,1720,3112,2563,2112,1581,0,0,0,0,0,0,62,-90,-174,-23,27,-421,120,122,120,122,118,120,42,44,43,46,44,45,8,18,69,0,0,337
7.1583,,214,-6.5054945054945055,-8.527472527472527,42.46153846153846,56.13186813186813,5.934065934065934,2.4114544084400906,2161,1720,3112,2563,2112,1581,0,0,0,0,0,0,62,-90,-174,-23,27,-421,120,122,120,122,118,120,42,44,43,46,44,45,8,18,69,0,1,337
7.1917,,215,-6.5054945054945055,-8.527472527472527,42.46153846153846,56.13186813186813,5.934065934065934,2.4114544084400906,2161,1720,3112,2563,2112,1581,0,0,0,0,0,0,62,-90,-174,-23,27,-100,120,122,120,122,119,121,42,44,43,46,44,45,8,19,70,0,0,108
7.2251,,216,-6.5054945054945055,-8.527472527472527,42.46153846153846,56.13186813186813,5.934065934065934,2.4114544084400906,2161,1720,3112,2563,2112,1584,0,0,0,0,0,100,62,-90,-174,-23,27,-100,120,123,121,123,120,122,42,44,43,46,44,45,7,19,70,0,0,46
7.2585,,217,-6.5054945054945055,-8.527472527472527,42.46153846153846,56.13186813186813,5.934065934065934,2.4114544084400906,2161,1720,3112,2563,2112,1587,0,0,0,0,0,100,62,-90,-174,-23,27,-100,121,123,121,124,120,122,42,44,43,46,44,45,8,20,70,0,0,34
7.2919,,218,-6.5054945054945055,-8.527472527472527,42.46153846153846,56.13186813186813,5.934065934065934,2.4114544084400906,2161,1720,3112,2563,2112,1588,0,0,0,0,0,50,62,-90,-174,-23,27,-100,121,123,121,124,120,123,42,44,43,46,44,45,7,19,69,0,0,27
7.3253,,219,-6.5054945054945055,-8.527472527472527,42.46153846153846,56.13186813186813,5.934065934065934,2.4114544084400906,2161,1720,3112,2563,2112,1588,0,0,0,0,0,0,62,-90,-174,-23,27,-100,121,123,121,124,120,123,42,44,43,46,44,45,8,19,70,0,0,22
7.3587,,220,-6.5054945054945055,-8.527472527472527,42.46153846153846,56.13186813186813,5.934065934065934,2.4114544084400906,2161,1720,3112,2563,2112,1588,0,0,0,0,0,0,62,-90,-174,-23,27,-100,121,123,121,124,120,123,42,44,43,46,44,45,8,18,70,0,0,22
7.3921,,221,-6.5054945054945055,-8.527472527472527,42.46153846153846,56.13186813186813,5.934065934065934,2.4114544084400906,2161,1720,3112,2563,2112,1588,0,0,0,0,0,0,62,-90,-174,-23,27,-100,121,123,121,124,121,123,42,44,43,46,44,45,8,20,71,0,0,22
7.4255,,222,-6.5054945054945055,-8.527472527472527,42.46153846153846,56.13186813186813,5.934065934065934,2.4114544084400906,2161,1720,3112,2563,2112,1588,0,0,0,0,0,0,62,-90,-174,-23,27,-100,121,123,122,124,121,123,42,44,43,46,44,45,8,19,70,0,0,22
7.459,,223,-6.5054945054945055,-8.527472527472527,42.46153846153846,56.13186813186813,5.934065934065934,2.4114544084400906,2161,1720,3112,2563,2112,1588,0,0,0,0,0,0,62,-90,-174,-23,27,-100,121,123,122,124,121,123,42,44,43,46,44,45,9,18,70,0,0,22
7.4924,,224,-6.5054945054945055,-8.527472527472527,42.46153846153846,56.13186813186813,5.934065934065934,2.4114544084400906,2161,1720,3112,2563,2112,1588,0,0,0,0,0,0,62,-90,-174,-23,27,-100,121,123,122,124,121,123,42,44,43,46,44,45,8,18,70,0,0,22
7.5258,,225,-6.5054945054945055,-8.527472527472527,42.46153846153846,56.13186813186813,5.934065934065934,2.4114544084400906,2161,1720,3112,2563,2112,1588,0,0,0,0,0,0,62,-90,-174,-23,27,-100,121,123,122,124,121,123,42,44,43,46,44,45,8,19,70,0,0,21
7.5593,,226,-6.5054945054945055,-8.527472527472527,42.46153846153846,56.13186813186813,5.934065934065934,2.4114544084400906,2161,1720,3112,2563,2112,1588,0,0,0,0,0,0,62,-90,-174,-23,27,-100,121,123,122,124,121,123,42,44,43,46,44,45,9,18,70,0,0,22
7.5927,,227,-6.5054945054945055,-8.527472527472527,42.46153846153846,56.13186813186813,5.934065934065934,2.4114544084400906,2161,1720,3112,2563,2112,1588,0,0,0,0,0,0,62,-90,-174,-23,27,-100,121,123,122,124,121,123,42,44,43,46,44,45,8,19,70,0,1,22
7.6262,,228,-6.5054945054945055,-8.527472527472527,42.46153846153846,56.13186813186813,5.934065934065934,2.4114544084400906,2161,1720,3112,2563,2112,1588,0,0,0,0,0,0,62,-90,-174,-23,27,-100,121,123,122,124,121,123,42,44,43,46,44,45,9,19,70,0,0,22
7.6597,,229,-6.5054945054945055,-8.527472527472527,42.54945054945055,56.13186813186813,5.934065934065934,2.4114544084400906,2161,1720,3112,2563,2112,1588,0,0,0,0,0,0,62,-90,-174,-23,27,-100,121,123,122,124,121,123,42,44,43,46,44,45,9,19,70,0,0,22
7.6931,,230,-6.5054945054945055,-8.43956043956044,42.54945054945055,56.13186813186813,5.934065934065934,2.4114544084400906,2161,1720,3112,2563,2112,1588,0,0,0,0,0,0,62,-90,-171,-23,27,-100,121,123,121,124,121,123,42,44,43,46,44,45,9,20,67,0,0,22
7.7265,,231,-6.5054945054945055,-8.43956043956044,42.54945054945055,56.13186813186813,5.934065934065934,2.4114544084400906,2161,1720,3112,2563,2112,1588,0,0,0,0,0,0,62,-86,-171,-23,27,-100,121,123,121,124,121,123,42,44,43,46,44,45,8,18,67,0,0,21
7.7601,,232,-6.5054945054945055,-8.351648351648352,42.54945054945055,56.13186813186813,5.934065934065934,2.4114544084400906,2161,1720,3112,2563,2112,1588,0,0,0,0,0,0,62,-86,-171,-23,27,-100,121,123,122,124,121,123,42,44,43,46,44,45,8,18,67,0,0,20
7.7935,,233,-6.417582417582418,-8.263736263736265,42.54945054945055,56.13186813186813,5.934065934065934,2.4114544084400906,2161,1720,3112,2563,2112,1588,0,0,0,0,0,0,62,-83,-171,-23,27,-100,121,123,121,124,121,123,42,44,43,46,44,45,8,17,66,0,0,21
7.8269,,234,-6.417582417582418,-8.175824175824175,42.54945054945055,56.21978021978022,5.934065934065934,2.4114544084400906,2161,1720,3112,2563,2112,1588,0,0,0,0,0,0,65,-79,-171,-23,27,-100,121,123,122,124,121,123,42,44,43,46,44,45,9,15,67,0,0,21
7.8603,,235,-6.417582417582418,-8.0,42.54945054945055,56.21978021978022,5.934065934065934,2.4114544084400906,2161,1720,3112,2563,2112,1588,0,0,0,0,0,0,65,-76,-171,0,27,-100,121,123,122,124,121,123,42,44,43,46,44,45,8,15,68,0,0,20
7.8937,,236,-6.329670329670329,-7.912087912087912,42.637362637362635,56.21978021978022,5.934065934065934,2.4114544084400906,2161,1720,3112,2563,2112,1588,0,0,0,0,0,0,65,-69,-171,0,27,-100,121,123,122,124,121,123,42,44,43,46,44,45,9,11,67,0,1,21
7.9271,,237,-6.065934065934066,-7.824175824175824,42.637362637362635,56.21978021978022,5.934065934065934,2.4114544084400906,2161,1720,3112,2563,2112,1588,0,0,0,0,0,0,69,-65,-167,0,27,-100,121,123,122,124,121,123,42,44,43,46,44,45,10,10,64,0,0,22
7.9605,,238,-5.802197802197802,-7.824175824175824,42.637362637362635,56.21978021978022,5.934065934065934,2.4114544084400906,2161,1720,3112,2563,2112,1588,0,0,0,0,0,0,79,-62,-167,0,27,-100,121,123,122,124,121,123,42,44,43,46,44,45,15,9,65,0,0,22
7.9939,,239,-5.626373626373627,-7.824175824175824,42.637362637362635,56.21978021978022,5.934065934065934,2.4114544084400906,2162,1720,3112,2563,2112,1588,0,0,0,0,0,0,90,-62,-167,0,27,-100,121,123,122,124,121,123,42,44,43,46,44,45,9,8,65,0,0,21
8.0273,,240,-5.538461538461538,-7.824175824175824,42.637362637362635,56.21978021978022,5.934065934065934,2.4114544084400906,2163,1720,3112,2563,2112,1588,50,0,0,0,0,0,90,-62,-167,0,27,-100,121,123,122,124,121,123,42,44,43,46,44,45,14,9,64,0,0,22
8.0607,,241,-5.362637362637362,-7.824175824175824,42.72527472527472,56.21978021978022,5.934065934065934,2.4114544084400906,2165,1720,3112,2563,2112,1588,50,0,0,0,0,0,86,-62,-167,0,27,-100,121,123,122,124,121,123,42,44,43,46,44,45,16,9,65,0,0,22
8.0941,,242,-5.274725274725275,-7.824175824175824,42.72527472527472,56.21978021978022,5.934065934065934,2.4114544084400906,2166,1720,3112,2563,2112,1588,50,0,0,0,0,0,90,-62,-164,0,27,-100,121,123,122,124,121,123,42,44,43,46,44,45,17,9,61,0,0,22
8.1275,,243,-5.274725274725275,-7.824175824175824,42.72527472527472,56.21978021978022,5.934065934065934,2.4114544084400906,2168,1720,3112,2563,2112,1588,50,0,0,0,0,0,86,-62,-164,0,27,-100,121,123,122,124,121,123,42,44,43,46,44,45,15,9,61,0,1,22
8.161,,244,-5.274725274725275,-7.824175824175824,42.72527472527472,56.21978021978022,5.934065934065934,2.3360964581763377,2169,1720,3112,2563,2112,1588,50,0,0,0,0,0,83,-62,-164,0,27,-100,121,123,122,124,121,123,42,44,43,46,44,45,16,9,61,0,0,22
8.1944,,245,-5.274725274725275,-7.824175824175824,42.72527472527472,56.21978021978022,5.934065934065934,2.3360964581763377,2169,1720,3112,2563,2112,1588,0,0,0,0,0,0,83,-62,-164,0,27,-100,121,123,122,124,121,123,42,44,43,46,44,45,17,9,61,0,1,22
8.2278,,246,-5.274725274725275,-7.824175824175824,42.72527472527472,56.21978021978022,5.934065934065934,2.3360964581763377,2169,1720,3112,2563,2112,1588,0,0,0,0,0,0,83,-62,-164,0,27,-100,121,123,122,124,121,123,42,44,43,46,44,45,16,9,61,0,0,22
8.2612,,247,-5.274725274725275,-7.736263736263736,42.72527472527472,56.21978021978022,5.934065934065934,2.3360964581763377,2169,1720,3112,2563,2112,1588,0,0,0,0,0,0,83,-62,-164,0,27,-100,121,123,122,124,121,123,42,44,43,46,44,45,17,9,61,0,0,22
8.2946,,248,-5.274725274725275,-7.736263736263736,42.72527472527472,56.21978021978022,5.934065934065934,2.3360964581763377,2169,1720,3112,2563,2112,1588,0,0,0,0,0,0,83,-58,-164,0,27,-100,121,123,122,124,121,123,42,44,43,46,44,45,16,8,61,0,1,22
8.328,,249,-5.274725274725275,-7.736263736263736,42.72527472527472,56.21978021978022,5.934065934065934,2.3360964581763377,2169,1720,3112,2563,2112,1588,0,0,0,0,0,0,83,-58,-164,0,27,-100,121,123,122,124,121,123,42,44,43,46,44,45,16,7,61,0,1,21
8.3614,,250,-5.274725274725275,-7.736263736263736,42.81318681318681,56.21978021978022,5.934065934065934,2.3360964581763377,2169,1720,3112,2563,2112,1588,0,0,0,0,0,0,83,-58,-164,0,27,-100,121,123,122,124,121,123,42,44,43,46,44,45,17,8,61,0,1,21
8.3948,,251,-5.274725274725275,-7.736263736263736,42.9010989010989,56.21978021978022,5.934065934065934,2.3360964581763377,2169,1720,3112,2563,2112,1588,0,0,0,0,0,0,83,-58,-160,0,27,-100,121,123,122,124,121,123,42,44,43,46,44,45,17,8,59,0,0,22
8.4282,,252,-5.274725274725275,-7.736263736263736,42.9010989010989,56.21978021978022,5.934065934065934,2.3360964581763377,2169,1720,3112,2563,2112,1588,0,0,0,0,0,0,83,-58,-157,0,27,-100,121,123,122,124,121,123,42,44,43,46,44,45,16,8,57,0,0,22
8.4616,,253,-5.274725274725275,-7.736263736263736,42.9010989010989,56.21978021978022,5.934065934065934,2.3360964581763377,2169,1720,3112,2563,2112,1588,0,0,0,0,0,0,83,-58,-157,0,27,-100,121,123,122,124,121,123,42,44,43,46,44,45,17,8,58,0,0,22
8.495,,254,-5.274725274725275,-7.736263736263736,42.9010989010989,56.21978021978022,5.934065934065934,2.3360964581763377,2169,1720,3112,2563,2112,1588,0,0,0,0,0,0,83,-58,-157,0,27,-100,121,124,122,124,121,123,42,44,43,46,44,45,17,8,57,0,0,22
8.5284,,255,-5.274725274725275,-7.736263736263736,42.9010989010989,56.21978021978022,5.934065934065934,2.3360964581763377,2169,1720,3112,2563,2112,1588,0,0,0,0,0,0,83,-58,-157,0,27,-100,121,124,122,124,121,123,42,44,43,46,44,45,17,9,56,0,0,22
8.5618,,256,-5.274725274725275,-7.736263736263736,42.9010989010989,56.21978021978022,5.934065934065934,2.3360964581763377,2169,1720,3112,2563,2112,1588,0,0,0,0,0,0,83,-58,-157,0,27,-100,121,123,122,124,121,123,42,44,43,46,44,45,16,8,57,0,0,22
8.5952,,257,-5.274725274725275,-7.736263736263736,42.9010989010989,56.21978021978022,5.934065934065934,2.3360964581763377,2169,1720,3112,2563,2112,1588,0,0,0,0,0,0,83,-58,-157,0,27,-100,121,123,122,124,121,123,42,44,43,46,44,45,16,8,57,0,0,21
8.6286,,258,-5.274725274725275,-7.824175824175824,42.9010989010989,56.21978021978022,5.934065934065934,2.3360964581763377,2169,1720,3112,2563,2112,1588,0,0,0,0,0,0,83,-58,-157,0,27,-100,121,123,122,124,121,123,42,44,43,46,44,45,16,8,57,0,0,22
8.662,,259,-5.274725274725275,-8.0,42.9010989010989,56.21978021978022,5.934065934065934,2.3360964581763377,2169,1720,3112,2563,2112,1588,0,0,0,0,0,0,83,-62,-157,0,27,-100,121,123,122,124,121,123,42,44,43,46,44,45,17,9,56,0,0,22
8.6954,,260,-5.274725274725275,-8.087912087912088,42.9010989010989,56.21978021978022,5.934065934065934,2.3360964581763377,2169,1720,3112,2563,2112,1588,0,0,0,0,0,0,83,-69,-157,0,27,-100,121,123,122,124,121,123,42,44,43,46,44,45,16,11,57,0,0,22
8.7288,,261,-5.274725274725275,-8.263736263736265,42.81318681318681,56.21978021978022,5.934065934065934,2.4114544084400906,2169,1720,3112,2563,2112,1588,0,0,0,0,0,0,83,-72,-157,0,27,-100,121,123,122,124,121,123,42,44,43,46,44,45,16,12,57,0,0,22
8.7622,,262,-5.362637362637362,-8.351648351648352,42.81318681318681,56.21978021978022,5.934065934065934,2.4114544084400906,2169,1720,3112,2563,2112,1588,0,0,0,0,0,0,83,-79,-160,0,27,-100,121,123,122,124,121,123,42,44,43,46,44,45,17,16,60,0,0,22
8.7956,,263,-5.362637362637362,-8.351648351648352,42.81318681318681,56.21978021978022,5.934065934065934,2.4114544084400906,2169,1720,3112,2563,2112,1588,0,0,0,0,0,0,79,-83,-160,0,27,-100,121,123,122,124,121,123,42,44,43,46,44,45,13,16,60,0,0,21
8.8291,,264,-5.538461538461538,-8.351648351648352,42.81318681318681,56.21978021978022,5.934065934065934,2.4114544084400906,2169,1720,3112,2563,2112,1588,0,0,0,0,0,0,79,-83,-160,0,27,-100,121,123,122,124,121,123,42,44,43,46,44,45,14,17,58,0,1,21
8.8625,,265,-5.626373626373627,-8.351648351648352,42.9010989010989,56.21978021978022,5.934065934065934,2.4114544084400906,2169,1720,3112,2563,2112,1588,0,0,0,0,0,0,72,-83,-160,0,27,-100,121,123,122,124,121,123,42,44,43,46,44,45,11,17,60,0,0,22
8.8959,,266,-5.714285714285714,-8.351648351648352,42.9010989010989,56.21978021978022,5.934065934065934,2.4114544084400906,2169,1720,3112,2563,2112,1588,0,0,0,0,0,0,69,-83,-157,0,27,-100,121,123,122,124,121,123,42,44,43,46,44,45,11,17,57,0,1,22
8.9293,,267,-5.802197802197802,-8.351648351648352,42.9010989010989,56.21978021978022,5.934065934065934,2.562170308967596,2169,1720,3112,2563,2112,1588,0,0,0,0,0,0,65,-83,-157,0,27,-100,121,123,122,124,121,123,42,44,43,46,44,45,9,17,57,0,0,21
8.9626,,268,-5.8901098901098905,-8.351648351648352,42.9010989010989,56.21978021978022,5.934065934065934,2.7882441597588548,2169,1720,3112,2563,2112,1588,0,0,0,0,0,0,62,-83,-157,0,27,-100,121,123,122,124,121,123,42,44,43,46,44,45,8,17,57,0,0,21
8.9961,,269,-5.8901098901098905,-8.351648351648352,42.9010989010989,56.21978021978022,5.934065934065934,2.93896006028636,2169,1720,3112,2563,2112,1588,0,0,0,0,0,0,58,-83,-157,0,27,-100,121,123,122,124,121,123,42,44,43,46,44,45,6,17,57,0,1,22
9.0295,,270,-5.978021978021978,-8.351648351648352,42.9010989010989,56.21978021978022,5.934065934065934,2.93896006028636,2169,1720,3112,2563,2112,1588,0,0,0,0,0,0,58,-83,-157,0,27,-100,121,123,122,124,121,123,42,44,43,46,44,45,8,17,57,0,1,21
9.0629,,271,-5.978021978021978,-8.263736263736265,42.9010989010989,56.21978021978022,5.934065934065934,3.014318010550113,2169,1720,3112,2563,2112,1588,0,0,0,0,0,0,55,-83,-157,0,27,-100,121,124,122,124,121,123,42,44,43,46,44,45,5,17,56,0,0,21
9.0962,,272,-6.065934065934066,-8.175824175824175,42.9010989010989,56.21978021978022,5.934065934065934,3.014318010550113,2169,1720,3112,2563,2112,1588,0,0,0,0,0,0,55,-79,-157,0,27,-100,121,124,122,124,121,123,42,44,43,46,44,45,6,16,57,0,1,21
9.1297,,273,-6.065934065934066,-8.0,42.9010989010989,56.21978021978022,5.934065934065934,3.089675960813866,2169,1720,3112,2563,2112,1588,0,0,0,0,0,0,51,-76,-157,0,27,-100,121,124,122,124,121,123,42,44,43,46,44,45,4,14,57,0,0,22
9.1631,,274,-5.8901098901098905,-7.912087912087912,42.9010989010989,56.21978021978022,5.934065934065934,3.089675960813866,2169,1720,3112,2563,2112,1588,0,0,0,0,0,0,51,-69,-157,0,27,-100,121,124,122,124,121,123,42,44,43,46,44,45,4,11,57,0,0,22
9.1965,,275,-5.802197802197802,-7.912087912087912,42.9010989010989,56.21978021978022,5.934065934065934,3.1650339110776184,2169,1720,3112,2563,2112,1588,0,0,0,0,0,0,58,-65,-157,0,27,-100,121,124,122,124,121,123,42,44,43,46,44,45,7,10,57,0,1,21
9.2299,,276,-5.714285714285714,-7.824175824175824,42.9010989010989,56.21978021978022,5.934065934065934,3.6925395629238884,2169,1720,3112,2563,2112,1588,0,0,0,0,0,0,62,-65,-157,0,27,-100,121,124,122,124,121,123,42,44,43,46,44,45,8,10,57,0,1,22
9.2633,,277,-5.626373626373627,-7.824175824175824,42.9010989010989,56.21978021978022,5.934065934065934,4.747550866616428,2169,1720,3112,2563,2112,1588,0,0,0,0,0,0,65,-62,-157,0,27,-100,121,124,122,124,121,123,42,44,43,46,44,45,10,9,57,0,1,23
9.2967,,278,-5.538461538461538,-7.824175824175824,42.9010989010989,56.21978021978022,5.934065934065934,6.330067822155237,2169,1720,3112,2563,2112,1588,0,0,0,0,0,0,69,-62,-157,0,27,-100,121,124,122,124,121,123,42,44,43,46,44,45,11,9,57,0,1,21
9.3301,,279,-5.538461538461538,-7.824175824175824,42.9010989010989,56.21978021978022,5.934065934065934,7.987942727957799,2169,1720,3112,2563,2112,1588,0,0,0,0,0,0,72,-62,-157,0,27,-100,121,124,122,124,121,123,42,44,43,46,44,45,11,9,56,0,0,22
9.3635,,280,-5.538461538461538,-7.736263736263736,42.989010989010985,56.30769230769231,5.934065934065934,9.645817633760362,2169,1720,3112,2563,2112,1588,0,0,0,0,0,0,72,-62,-157,0,27,-100,121,124,122,124,121,123,42,44,43,46,44,45,11,9,57,0,0,22
9.3969,,281,-5.538461538461538,-7.736263736263736,42.989010989010985,56.30769230769231,5.846153846153846,10.776186887716655,2169,1720,3112,2563,2112,1588,0,0,0,0,0,0,72,-58,-153,0,27,-24,121,124,122,124,121,123,42,44,43,46,44,45,11,8,54,0,0,4
9.4304,,282,-5.538461538461538,-7.736263736263736,42.989010989010985,56.30769230769231,5.846153846153846,11.152976639035419,2169,1720,3112,2563,2112,1594,0,0,0,0,0,100,72,-58,-153,0,23,0,121,124,122,124,121,123,42,44,43,46,44,45,12,8,54,0,0,1
9.4639,,283,-5.538461538461538,-7.736263736263736,42.989010989010985,56.30769230769231,5.846153846153846,11.228334589299171,2169,1720,3112,2563,2112,1601,0,0,0,0,0,200,72,-58,-153,0,23,-84,121,124,122,124,121,123,42,44,43,46,44,45,11,8,55,0,0,0
9.4973,,284,-5.538461538461538,-7.736263736263736,42.989010989010985,56.30769230769231,5.846153846153846,11.228334589299171,2169,1720,3112,2563,2112,1605,0,0,0,0,0,200,72,-58,-153,0,23,-23,121,124,122,124,121,123,42,44,43,46,44,45,11,8,54,0,0,11
9.5308,,285,-5.538461538461538,-7.736263736263736,42.989010989010985,56.30769230769231,5.846153846153846,11.303692539562924,2169,1720,3112,2563,2112,1605,0,0,0,0,0,50,72,-58,-153,0,23,-27,121,124,122,124,121,123,42,44,43,46,44,45,11,8,54,0,0,1
9.5643,,286,-5.538461538461538,-7.736263736263736,42.989010989010985,56.30769230769231,5.846153846153846,11.303692539562924,2169,1720,3112,2563,2112,1605,0,0,0,0,0,0,72,-58,-153,0,23,-23,121,124,122,124,121,123,42,44,43,46,44,45,10,8,55,0,0,0
9.5977,,287,-5.538461538461538,-7.736263736263736,42.989010989010985,56.30769230769231,5.846153846153846,11.303692539562924,2169,1720,3112,2563,2112,1605,0,0,0,0,0,0,72,-58,-153,0,23,-23,121,124,122,124,121,123,42,44,43,46,44,45,10,8,55,0,0,0
9.6311,,288,-5.538461538461538,-7.736263736263736,42.989010989010985,56.30769230769231,5.846153846153846,11.379050489826676,2169,1720,3112,2563,2112,1605,0,0,0,0,0,0,72,-58,-153,0,23,-23,121,124,122,124,121,123,42,44,43,46,44,45,11,9,54,0,0,0
9.6645,,289,-5.626373626373627,-7.736263736263736,42.989010989010985,56.30769230769231,5.846153846153846,11.379050489826676,2169,1720,3112,2563,2112,1605,0,0,0,0,0,0,72,-58,-153,0,23,0,121,124,122,124,121,123,42,44,43,46,44,45,11,8,54,0,0,0
9.6979,,290,-5.626373626373627,-7.736263736263736,42.989010989010985,56.30769230769231,5.846153846153846,11.379050489826676,2169,1720,3112,2563,2112,1605,0,0,0,0,0,0,69,-58,-153,0,23,0,121,124,122,124,121,123,42,44,43,46,44,45,10,8,54,0,0,0
9.7313,,291,-5.626373626373627,-7.736263736263736,42.989010989010985,56.30769230769231,5.846153846153846,11.379050489826676,2169,1720,3112,2563,2112,1605,0,0,0,0,0,0,69,-58,-153,0,23,0,121,124,122,124,121,123,42,44,43,46,44,45,10,8,54,0,0,0
9.7647,,292,-5.626373626373627,-7.736263736263736,42.989010989010985,56.30769230769231,5.846153846153846,11.45440844009043,2169,1720,3112,2563,2112,1605,0,0,0,0,0,0,69,-58,-153,0,23,0,121,124,122,124,121,123,42,44,43,46,44,45,11,8,55,0,0,0
9.7981,,293,-5.802197802197802,-7.736263736263736,42.989010989010985,56.30769230769231,5.846153846153846,11.45440844009043,2169,1720,3112,2563,2112,1605,0,0,0,0,0,0,69,-58,-153,0,23,0,121,124,122,124,121,123,42,44,43,46,44,45,11,8,54,0,0,0
9.8315,,294,-5.8901098901098905,-7.736263736263736,42.989010989010985,56.30769230769231,5.934065934065934,11.45440844009043,2169,1720,3112,2563,2112,1605,0,0,0,0,0,0,62,-58,-153,0,23,0,121,124,122,124,121,123,42,44,43,46,44,45,8,8,54,0,0,0
9.8649,,295,-5.8901098901098905,-7.736263736263736,42.989010989010985,56.30769230769231,5.934065934065934,11.529766390354181,2169,1720,3112,2563,2112,1605,0,0,0,0,0,0,58,-58,-153,0,27,0,121,124,122,125,121,123,42,44,43,46,44,45,7,8,54,0,0,0
9.8983,,296,-5.8901098901098905,-7.736263736263736,42.989010989010985,56.30769230769231,5.934065934065934,11.529766390354181,2169,1720,3112,2563,2112,1606,0,0,0,0,0,0,58,-58,-153,0,27,0,121,124,122,125,121,123,42,44,43,46,44,45,7,8,54,0,0,0
9.9317,,297,-5.978021978021978,-7.736263736263736,42.989010989010985,56.30769230769231,5.934065934065934,12.283345892991711,2169,1720,3112,2563,2112,1606,0,0,0,0,0,50,58,-58,-153,0,27,0,121,124,122,125,121,123,42,44,43,46,44,45,7,7,54,0,0,0
9.965,,298,-5.8901098901098905,-7.736263736263736,42.989010989010985,56.30769230769231,5.934065934065934,13.790504898266768,2169,1720,3112,2563,2112,1607,0,0,0,0,0,50,55,-58,-153,0,27,84,121,124,122,125,121,123,42,44,43,46,44,45,6,8,55,0,0,6
9.9984,,299,-5.714285714285714,-7.736263736263736,42.989010989010985,56.30769230769231,5.934065934065934,15.674453654860587,2169,1720,3112,2563,2112,1612,0,0,0,0,0,0,58,-58,-153,0,27,152,121,124,122,125,121,123,42,44,43,46,44,45,7,8,54,0,0,16
10.0319,,300,-5.626373626373627,-7.736263736263736,43.07692307692308,56.30769230769231,5.934065934065934,18.08590806330068,2169,1720,3112,2563,2112,1618,0,0,0,0,0,200,65,-58,-153,0,27,236,121,123,122,124,121,123,42,44,43,46,44,45,9,8,54,0,0,29
10.0654,,301,-5.538461538461538,-7.736263736263736,43.07692307692308,56.30769230769231,5.846153846153846,20.497362471740768,2169,1720,3112,2563,2112,1636,0,0,0,0,0,550,69,-58,-150,0,27,300,121,123,122,124,121,123,42,44,43,46,44,45,11,8,52,0,1,42
10.0988,,302,-5.538461538461538,-7.736263736263736,43.16483516483517,56.30769230769231,5.846153846153846,22.456669178598343,2169,1720,3112,2563,2112,1660,0,0,0,0,0,700,72,-58,-150,0,23,267,121,123,122,124,121,123,42,44,43,46,44,45,14,8,52,0,0,42
10.1322,,303,-5.538461538461538,-7.736263736263736,43.16483516483517,56.30769230769231,5.670329670329671,23.813112283345895,2169,1720,3112,2563,2112,1686,0,0,0,0,0,700,72,-58,-146,0,23,289,121,123,122,124,121,123,42,44,43,46,44,45,12,9,49,0,0,52
10.1657,,304,-5.538461538461538,-7.736263736263736,43.16483516483517,56.30769230769231,5.582417582417582,24.415975885455914,2169,1720,3112,2563,2112,1714,0,0,0,0,0,850,72,-58,-146,0,0,265,121,123,122,124,121,123,42,44,43,46,44,45,11,8,49,0,0,26
10.1991,,305,-5.538461538461538,-7.736263736263736,43.16483516483517,56.30769230769231,5.4945054945054945,24.566691785983423,2169,1720,3112,2563,2112,1739,0,0,0,0,0,750,72,-58,-146,0,0,179,121,124,122,124,121,123,42,44,43,46,44,45,11,8,49,0,0,12
10.2325,,306,-5.538461538461538,-7.736263736263736,43.16483516483517,56.30769230769231,5.4945054945054945,24.566691785983423,2169,1720,3112,2563,2112,1758,0,0,0,0,0,650,72,-58,-146,0,-23,128,121,124,122,124,121,123,42,44,43,46,44,45,11,8,50,0,0,3
10.2659,,307,-5.538461538461538,-7.736263736263736,43.16483516483517,56.30769230769231,5.4945054945054945,24.642049736247174,2169,1720,3112,2563,2112,1772,0,0,0,0,0,450,72,-58,-146,0,-23,157,121,124,122,124,121,123,42,44,43,46,44,45,11,9,50,0,0,1
10.2993,,308,-5.714285714285714,-7.736263736263736,43.16483516483517,56.30769230769231,5.670329670329671,24.642049736247174,2169,1720,3112,2563,2112,1782,0,0,0,0,0,350,72,-58,-146,0,-23,122,121,124,122,124,121,123,42,44,43,46,44,45,11,8,49,0,0,1
10.3327,,309,-5.8901098901098905,-7.736263736263736,43.16483516483517,56.30769230769231,5.758241758241758,24.642049736247174,2169,1720,3112,2563,2112,1789,0,0,0,0,0,250,65,-58,-146,0,0,93,121,124,122,124,121,123,42,44,43,46,44,45,9,7,49,0,0,4
10.3661,,310,-6.065934065934066,-7.824175824175824,43.16483516483517,56.30769230769231,5.758241758241758,24.642049736247174,2169,1720,3112,2563,2112,1793,0,0,0,0,0,150,58,-58,-146,0,0,76,121,124,122,124,121,123,42,44,43,46,44,45,7,8,50,0,0,3
10.3995,,311,-6.153846153846154,-7.824175824175824,43.16483516483517,56.30769230769231,5.758241758241758,24.642049736247174,2169,1720,3112,2563,2112,1796,0,0,0,0,0,100,51,-62,-146,0,0,69,121,124,122,124,121,123,42,44,43,46,44,45,4,9,49,0,0,3
10.4329,,312,-6.153846153846154,-7.912087912087912,43.16483516483517,56.30769230769231,5.758241758241758,24.642049736247174,2169,1720,3112,2563,2112,1798,0,0,0,0,0,50,48,-62,-146,0,0,62,121,124,122,125,121,123,42,44,43,46,44,45,4,9,49,0,0,1
10.4663,,313,-6.153846153846154,-7.912087912087912,43.16483516483517,56.30769230769231,5.758241758241758,24.642049736247174,2169,1720,3112,2563,2112,1799,0,0,0,0,0,50,48,-65,-146,0,0,55,121,124,122,124,121,123,42,44,43,46,44,45,4,10,50,0,0,1
10.4997,,314,-6.153846153846154,-7.912087912087912,43.16483516483517,56.30769230769231,5.758241758241758,24.642049736247174,2169,1720,3112,2563,2112,1800,0,0,0,0,0,0,48,-65,-146,0,0,51,121,124,122,124,121,123,42,44,43,46,44,45,4,10,49,0,0,3
10.533,,315,-6.153846153846154,-7.912087912087912,43.16483516483517,56.30769230769231,5.758241758241758,24.642049736247174,2169,1720,3112,2563,2112,1800,0,0,0,0,0,0,48,-65,-146,0,0,51,121,124,122,125,121,123,42,44,43,46,44,45,4,9,49,0,0,3
10.5664,,316,-6.153846153846154,-7.912087912087912,43.16483516483517,56.30769230769231,5.758241758241758,24.415975885455914,2169,1720,3112,2563,2112,1800,0,0,0,0,0,0,48,-65,-146,0,0,51,121,124,122,124,121,123,42,44,43,46,44,45,4,10,49,0,0,2
10.5998,,317,-6.153846153846154,-7.912087912087912,43.16483516483517,56.30769230769231,5.758241758241758,24.265259984928413,2169,1720,3112,2563,2112,1800,0,0,0,0,0,0,48,-65,-146,0,0,37,121,124,122,125,121,123,42,44,43,46,44,45,4,10,50,0,0,0
10.6333,,318,-6.153846153846154,-7.912087912087912,43.16483516483517,56.30769230769231,5.846153846153846,24.114544084400904,2169,1720,3112,2563,2112,1800,0,0,0,0,0,0,48,-65,-146,0,0,30,121,124,122,125,121,123,42,44,43,46,44,45,4,10,50,0,0,0
10.6667,,319,-6.153846153846154,-7.912087912087912,43.16483516483517,56.30769230769231,5.846153846153846,24.039186134137154,2169,1720,3112,2563,2112,1800,0,0,0,0,0,0,48,-65,-146,0,23,23,121,124,122,125,121,123,42,44,43,46,44,45,4,9,50,0,0,0
10.7001,,320,-6.153846153846154,-7.912087912087912,43.16483516483517,56.30769230769231,5.846153846153846,24.039186134137154,2169,1720,3112,2563,2112,1800,0,0,0,0,0,0,48,-65,-146,0,23,0,121,124,122,125,121,123,42,44,43,46,44,45,4,10,50,0,1,0
10.7335,,321,-6.153846153846154,-7.912087912087912,43.16483516483517,56.30769230769231,5.846153846153846,23.9638281838734,2169,1720,3112,2563,2112,1800,0,0,0,0,0,0,48,-65,-146,0,23,0,121,124,122,125,121,123,42,44,43,46,44,45,4,10,50,0,0,0
10.767,,322,-6.153846153846154,-7.824175824175824,43.16483516483517,56.30769230769231,5.846153846153846,23.9638281838734,2169,1720,3112,2563,2112,1800,0,0,0,0,0,0,48,-65,-146,0,23,0,121,124,122,125,121,123,42,44,43,46,44,45,4,10,50,0,0,0
10.8004,,323,-6.065934065934066,-7.824175824175824,43.16483516483517,56.30769230769231,5.846153846153846,23.888470233609645,2169,1720,3112,2563,2112,1800,0,0,0,0,0,0,48,-62,-146,0,23,0,121,124,122,125,121,123,42,44,43,46,44,45,4,9,50,0,0,0
10.8339,,324,-5.978021978021978,-7.824175824175824,43.16483516483517,56.30769230769231,5.846153846153846,23.285606631499622,2169,1720,3112,2563,2112,1800,0,0,0,0,0,0,51,-62,-146,0,23,-23,121,124,122,125,121,123,42,44,43,46,44,45,5,9,49,0,0,0
10.8673,,325,-5.8901098901098905,-7.824175824175824,43.16483516483517,56.395604395604394,5.846153846153846,20.422004521477017,2169,1720,3112,2563,2112,1800,0,0,0,0,0,0,55,-62,-146,0,23,-78,121,124,122,125,121,123,42,44,43,46,44,45,6,9,49,0,0,6
10.9007,,326,-5.626373626373627,-7.736263736263736,43.16483516483517,56.395604395604394,5.846153846153846,13.941220798794273,2169,1720,3112,2563,2112,1798,0,0,0,0,0,-50,58,-62,-146,0,23,-153,121,124,122,125,121,123,42,44,43,46,44,45,8,9,49,0,0,20
10.9343,,327,-5.450549450549451,-7.736263736263736,43.07692307692308,56.395604395604394,5.846153846153846,4.52147701582517,2169,1720,3112,2563,2112,1786,0,0,0,0,0,-50,69,-58,-146,0,23,-270,121,123,122,124,121,123,42,44,43,46,44,45,11,7,49,0,0,64
10.9677,,328,-5.362637362637362,-7.736263736263736,43.07692307692308,56.395604395604394,5.670329670329671,0.30143180105501133,2169,1720,3112,2563,2112,1755,0,0,0,0,0,-750,76,-58,-150,0,23,-500,121,123,121,124,120,123,42,44,43,46,44,45,13,8,52,0,0,103
11.0011,,329,-5.362637362637362,-7.736263736263736,43.16483516483517,56.395604395604394,5.670329670329671,4.220045214770158,2169,1720,3112,2563,2112,1716,0,0,0,0,0,-1250,79,-58,-150,0,0,-500,121,123,121,124,120,123,42,44,43,46,44,45,15,8,52,0,0,99
11.0345,,330,-5.362637362637362,-7.648351648351649,43.252747252747255,56.48351648351648,5.758241758241758,3.014318010550113,2169,1720,3112,2563,2112,1667,0,0,0,0,0,-1450,79,-58,-146,0,0,-500,121,123,121,124,120,123,42,44,43,46,44,45,14,8,49,0,0,70
11.0679,,331,-5.362637362637362,-7.56043956043956,43.252747252747255,56.48351648351648,5.758241758241758,2.0346646571213265,2169,1720,3112,2563,2111,1617,0,0,0,0,0,-1450,79,-55,-143,23,193,-500,121,123,121,124,120,123,42,44,43,46,44,45,14,6,47,0,0,69
11.1013,,332,-5.362637362637362,-7.56043956043956,43.252747252747255,56.48351648351648,5.758241758241758,2.562170308967596,2169,1720,3112,2563,2111,1587,0,0,0,0,-50,-950,79,-51,-143,23,23,-486,121,123,121,124,120,123,42,44,43,46,44,45,14,5,47,0,0,121
11.1347,,333,-5.362637362637362,-7.56043956043956,43.252747252747255,56.48351648351648,5.758241758241758,2.562170308967596,2169,1720,3112,2563,2111,1578,0,0,0,0,0,-600,79,-51,-143,23,23,-404,120,122,121,123,119,122,42,44,43,46,44,45,13,4,47,0,0,300
11.168,,334,-5.362637362637362,-7.56043956043956,43.252747252747255,56.395604395604394,5.758241758241758,2.562170308967596,2169,1720,3112,2563,2111,1578,0,0,0,0,0,0,79,-51,-143,23,23,-379,120,122,120,123,119,121,42,44,43,46,44,45,14,4,47,0,0,288
11.2014,,335,-5.362637362637362,-7.56043956043956,43.252747252747255,56.395604395604394,5.758241758241758,2.562170308967596,2169,1720,3112,2563,2111,1578,0,0,0,0,0,0,79,-51,-143,0,23,-403,120,122,120,123,119,121,42,44,43,46,44,45,13,4,47,0,0,313
11.2348,,336,-5.362637362637362,-7.56043956043956,43.252747252747255,56.395604395604394,5.758241758241758,2.562170308967596,2169,1720,3112,2563,2111,1578,0,0,0,0,0,0,79,-51,-143,0,23,-403,120,122,120,122,119,121,42,44,43,46,44,45,13,4,47,0,0,317
11.2682,,337,-5.362637362637362,-7.56043956043956,43.252747252747255,56.395604395604394,5.758241758241758,2.562170308967596,2169,1720,3112,2563,2111,1578,0,0,0,0,0,0,79,-51,-143,0,23,-403,120,122,120,122,119,121,42,44,43,46,44,45,14,4,47,0,0,317
11.3016,,338,-5.274725274725275,-7.56043956043956,43.252747252747255,56.395604395604394,5.758241758241758,2.562170308967596,2169,1720,3112,2563,2111,1578,0,0,0,0,0,0,79,-51,-143,0,23,-403,120,122,120,122,118,121,42,44,43,46,44,45,13,4,46,0,0,317
11.3351,,339,-5.274725274725275,-7.56043956043956,43.252747252747255,56.395604395604394,5.758241758241758,2.562170308967596,2169,1720,3112,2563,2111,1578,0,0,0,0,0,0,83,-51,-143,0,23,-403,120,122,120,122,118,121,42,44,43,46,44,45,15,4,46,0,0,315
11.3685,,340,-5.274725274725275,-7.56043956043956,43.252747252747255,56.395604395604394,5.758241758241758,2.562170308967596,2169,1720,3112,2563,2111,1578,0,0,0,0,0,0,83,-51,-143,0,23,-403,120,122,120,122,118,121,42,44,43,46,44,45,15,4,46,0,0,315
11.402,,341,-5.274725274725275,-7.56043956043956,43.252747252747255,56.395604395604394,5.758241758241758,2.562170308967596,2169,1720,3112,2563,2111,1578,0,0,0,0,0,0,83,-51,-143,0,23,-403,120,122,120,122,118,121,42,44,43,46,44,45,16,4,46,0,0,316
11.4355,,342,-5.274725274725275,-7.56043956043956,43.252747252747255,56.395604395604394,5.758241758241758,2.562170308967596,2169,1720,3112,2563,2111,1578,0,0,0,0,0,0,83,-51,-143,0,23,-403,120,122,120,122,118,121,42,44,43,46,44,45,16,4,47,0,0,315
11.469,,343,-5.274725274725275,-7.648351648351649,43.252747252747255,56.395604395604394,5.758241758241758,2.562170308967596,2169,1720,3112,2563,2111,1578,0,0,0,0,0,0,83,-51,-143,0,23,-403,120,122,120,122,118,121,42,44,43,46,44,45,16,4,47,0,0,316
11.5024,,344,-5.274725274725275,-7.648351648351649,43.252747252747255,56.395604395604394,5.670329670329671,2.562170308967596,2169,1720,3112,2563,2111,1578,0,0,0,0,0,0,83,-55,-143,0,23,-403,120,122,120,122,118,121,42,44,43,46,44,45,16,5,47,0,0,314
11.5358,,345,-5.274725274725275,-7.648351648351649,43.252747252747255,56.395604395604394,5.670329670329671,2.562170308967596,2169,1720,3112,2563,2111,1578,0,0,0,0,0,0,83,-55,-143,0,0,-403,120,122,120,122,118,121,42,44,43,46,44,45,15,5,47,0,0,315
11.5693,,346,-5.274725274725275,-7.648351648351649,43.252747252747255,56.395604395604394,5.670329670329671,2.562170308967596,2169,1720,3112,2563,2111,1578,0,0,0,0,0,0,83,-55,-143,0,0,-403,120,122,120,122,118,121,42,44,43,46,44,45,16,5,47,0,0,315
11.6027,,347,-5.274725274725275,-7.824175824175824,43.252747252747255,56.395604395604394,5.670329670329671,2.562170308967596,2169,1720,3112,2563,2111,1578,0,0,0,0,0,0,83,-55,-143,0,0,-403,120,122,120,122,119,121,42,44,43,46,44,45,16,4,47,0,0,314
11.6361,,348,-5.274725274725275,-8.087912087912088,43.252747252747255,56.395604395604394,5.670329670329671,2.562170308967596,2169,1720,3112,2563,2111,1578,0,0,0,0,0,0,83,-62,-143,0,0,-403,120,122,120,122,119,121,42,44,43,46,44,45,16,8,47,0,0,314
11.6695,,349,-5.274725274725275,-8.351648351648352,43.252747252747255,56.395604395604394,5.670329670329671,2.562170308967596,2169,1720,3112,2563,2111,1578,0,0,0,0,0,0,83,-72,-143,0,0,-403,120,122,120,122,119,121,42,44,43,46,44,45,15,11,46,0,0,315
11.7029,,350,-5.274725274725275,-8.527472527472527,43.16483516483517,56.395604395604394,5.758241758241758,2.562170308967596,2169,1720,3112,2563,2111,1578,0,0,0,0,0,0,83,-83,-143,0,0,-403,120,122,120,122,119,121,42,44,43,46,44,45,16,16,47,0,0,314
11.7363,,351,-5.274725274725275,-8.791208791208792,43.07692307692308,56.395604395604394,5.758241758241758,2.562170308967596,2169,1720,3112,2563,2111,1578,0,0,0,0,0,0,83,-90,-146,0,23,-403,120,122,120,122,118,121,42,44,43,46,44,45,16,19,49,0,0,314
11.7697,,352,-5.274725274725275,-9.494505494505495,43.07692307692308,56.395604395604394,5.758241758241758,2.562170308967596,2169,1720,3112,2563,2111,1578,0,0,0,0,0,0,83,-101,-150,0,23,-403,120,122,120,122,118,121,42,44,43,46,44,45,16,24,50,0,0,313
11.8031,,353,-5.274725274725275,-10.54945054945055,43.07692307692308,56.48351648351648,5.758241758241758,2.562170308967596,2169,1720,3112,2563,2111,1578,0,0,0,0,0,0,83,-143,-150,0,23,-403,120,122,120,122,118,121,42,44,43,46,44,45,15,42,51,0,0,313
11.8365,,354,-5.362637362637362,-12.219780219780219,43.16483516483517,56.48351648351648,5.758241758241758,2.562170308967596,2169,1719,3112,2563,2111,1578,0,-50,0,0,0,0,83,-186,-150,23,23,-403,119,122,119,122,118,120,42,44,43,46,44,45,15,69,50,0,0,313
11.87,,355,-5.362637362637362,-14.241758241758241,43.16483516483517,56.57142857142857,5.758241758241758,2.562170308967596,2169,1718,3112,2563,2111,1578,0,0,0,0,0,0,79,-258,-146,23,23,-403,119,121,119,122,118,120,42,44,43,46,44,45,14,98,48,0,0,312
11.9034,,356,-5.362637362637362,-16.791208791208792,43.16483516483517,57.0989010989011,5.758241758241758,2.562170308967596,2169,1709,3112,2563,2112,1578,0,-300,0,0,0,0,79,-317,-146,27,23,-403,119,121,119,121,118,120,42,44,43,46,44,45,13,124,48,0,0,312
11.9369,,357,-5.450549450549451,-19.428571428571427,43.07692307692308,58.32967032967033,5.758241758241758,2.562170308967596,2169,1697,3112,2564,2112,1578,0,-300,0,0,0,0,79,-374,-146,49,0,-403,119,121,119,121,118,120,42,44,43,46,44,45,13,128,48,4,0,310
11.9703,,358,-5.626373626373627,-22.681318681318682,43.16483516483517,59.032967032967036,5.758241758241758,2.562170308967596,2169,1678,3112,2567,2112,1578,0,-500,0,100,0,0,76,-329,-150,106,0,-403,119,121,119,121,118,120,42,44,43,46,44,45,12,117,51,1,0,311
12.0037,,359,-5.802197802197802,-25.846153846153847,43.16483516483517,59.472527472527474,5.758241758241758,2.562170308967596,2169,1657,3112,2576,2112,1578,0,-600,0,250,0,0,69,-375,-146,107,0,-403,119,121,119,121,118,120,42,44,43,46,44,45,10,151,48,6,0,311
12.0371,,360,-5.802197802197802,-28.747252747252748,43.16483516483517,59.91208791208791,5.582417582417582,2.562170308967596,2169,1631,3112,2582,2112,1578,0,-750,0,250,0,0,62,-424,-146,87,0,-403,119,121,119,121,118,120,42,44,43,46,44,45,7,178,48,1,0,311
12.0706,,361,-5.626373626373627,-32.0,43.252747252747255,60.08791208791209,5.582417582417582,2.562170308967596,2169,1601,3112,2589,2112,1578,0,-900,0,150,0,0,62,-439,-146,-41,0,-403,119,121,119,121,118,120,42,44,43,46,44,45,8,163,48,3,0,311
12.104,,362,-5.450549450549451,-34.989010989010985,43.252747252747255,60.08791208791209,5.582417582417582,2.562170308967596,2169,1569,3112,2594,2112,1578,0,-900,0,200,0,0,69,-453,-143,-59,0,-403,119,121,119,121,118,120,42,44,43,46,44,45,11,121,46,1,0,310
12.1374,,363,-5.362637362637362,-37.97802197802198,43.252747252747255,60.08791208791209,5.4945054945054945,2.562170308967596,2169,1536,3112,2598,2112,1578,0,-950,0,150,0,0,76,-448,-143,44,0,-403,119,121,119,121,118,120,42,44,43,46,44,45,12,121,45,0,0,311
12.1709,,364,-5.362637362637362,-40.7032967032967,43.252747252747255,60.175824175824175,5.406593406593407,2.562170308967596,2169,1501,3112,2602,2112,1578,0,-1000,0,100,0,0,79,-440,-143,34,-23,-403,119,121,119,121,118,120,42,44,43,46,44,45,14,126,47,0,0,310
12.2043,,365,-5.450549450549451,-43.34065934065934,43.34065934065934,60.175824175824175,5.406593406593407,2.562170308967596,2169,1465,3112,2603,2114,1555,0,-1050,0,100,-50,-1350,79,-369,-143,-94,0,-322,119,121,119,122,118,120,42,44,43,46,44,45,14,111,46,3,0,157
12.2378,,366,-5.626373626373627,-45.62637362637363,43.34065934065934,60.175824175824175,5.406593406593407,2.562170308967596,2169,1431,3112,2606,2112,1536,0,-1100,0,-50,50,-650,76,-427,-139,23,-27,-174,120,122,120,123,119,121,42,44,43,46,44,45,13,90,44,0,0,54
12.2713,,367,-5.626373626373627,-47.472527472527474,43.34065934065934,60.175824175824175,5.406593406593407,2.562170308967596,2170,1395,3112,2606,2112,1519,0,-1000,0,0,0,-600,69,-394,-139,0,-27,-125,120,122,121,123,120,122,42,44,43,46,44,45,10,75,45,0,0,10
12.3047,,368,-5.626373626373627,-48.7032967032967,43.34065934065934,60.175824175824175,5.406593406593407,2.562170308967596,2170,1363,3112,2606,2112,1505,50,-1000,0,0,0,-400,65,-345,-139,0,-27,-69,121,123,121,124,120,122,42,44,43,46,44,45,9,63,45,0,0,8
12.3382,,369,-5.538461538461538,-49.40659340659341,43.34065934065934,60.175824175824175,5.406593406593407,2.562170308967596,2170,1333,3112,2606,2112,1496,0,-900,0,0,0,-350,65,-355,-139,0,-27,-33,121,123,121,124,120,123,42,44,43,46,44,45,9,47,45,0,0,9
12.3716,,370,-5.538461538461538,-49.494505494505496,43.42857142857143,60.175824175824175,5.406593406593407,2.562170308967596,2170,1308,3112,2606,2112,1491,0,-800,0,0,0,-200,69,-228,-139,0,-27,-97,121,123,121,124,121,123,42,44,43,46,44,45,10,28,45,0,0,10
12.405,,371,-5.538461538461538,-49.494505494505496,43.604395604395606,60.175824175824175,5.406593406593407,2.562170308967596,2170,1288,3112,2606,2112,1487,0,-700,0,0,0,-100,69,-135,-136,0,-27,-86,121,123,122,124,121,123,42,44,43,46,44,45,10,15,43,0,0,7
12.4384,,372,-5.538461538461538,-49.494505494505496,44.48351648351648,60.175824175824175,5.318681318681318,2.562170308967596,2170,1274,3112,2606,2112,1486,0,-450,0,0,0,-50,69,-167,-129,0,-27,-79,121,123,122,124,121,123,42,44,43,46,44,45,11,16,38,0,0,9
12.4719,slip,373,-5.626373626373627,-49.582417582417584,45.27472527472528,60.175824175824175,5.318681318681318,2.637528259231349,2170,1265,3112,2606,2112,1485,0,-300,0,0,0,-50,69,-132,-77,0,-30,-76,121,124,122,124,121,123,42,44,43,46,44,45,10,14,17,0,1,10
12.5053,,374,-5.8901098901098905,-49.582417582417584,45.8021978021978,60.175824175824175,5.318681318681318,2.637528259231349,2170,1259,3112,2606,2112,1484,0,-150,0,0,0,-50,65,-118,-42,0,-30,-69,121,124,122,125,121,123,42,44,43,46,44,45,9,8,6,0,1,7
12.5387,,375,-5.8901098901098905,-49.582417582417584,46.417582417582416,60.175824175824175,5.318681318681318,2.637528259231349,2170,1255,3112,2606,2112,1484,0,-150,0,0,0,0,55,-101,-27,0,-30,-69,121,124,122,125,121,124,42,44,43,46,44,45,5,16,2,0,1,9
12.5723,,376,-5.8901098901098905,-49.67032967032967,46.76923076923077,60.175824175824175,5.318681318681318,2.637528259231349,2170,1252,3113,2606,2112,1484,0,-100,0,0,0,0,55,-90,25,0,-30,-69,121,124,122,125,121,124,42,44,43,46,44,45,5,13,0,0,0,9
12.6057,,377,-5.626373626373627,-49.84615384615385,47.032967032967036,60.08791208791209,5.318681318681318,2.637528259231349,2170,1250,3118,2606,2112,1484,0,-50,100,0,0,0,55,-83,-23,0,-30,-69,121,124,122,125,121,124,42,44,43,46,44,45,6,15,2,0,1,9
12.6392,,378,-5.538461538461538,-49.84615384615385,47.032967032967036,60.08791208791209,5.318681318681318,2.637528259231349,2171,1248,3122,2606,2112,1484,0,-50,150,0,0,0,-55,-83,-27,0,-30,-69,121,124,122,125,121,124,42,44,43,46,44,45,7,11,1,0,1,9
12.6727,,379,-5.538461538461538,-49.934065934065934,47.032967032967036,60.08791208791209,5.318681318681318,2.637528259231349,2172,1248,3124,2606,2111,1484,50,0,50,0,0,0,62,-83,-118,0,-27,-69,121,124,122,125,121,123,42,44,43,46,44,45,6,18,3,0,0,9
12.7061,,380,-5.538461538461538,-49.934065934065934,47.032967032967036,60.08791208791209,5.318681318681318,2.637528259231349,2174,1248,3124,2606,2111,1484,50,0,0,0,0,0,58,-86,-34,0,-27,-69,121,124,122,125,121,123,42,44,43,46,44,45,3,21,1,0,0,9
12.7396,,381,-5.538461538461538,-49.934065934065934,47.032967032967036,60.08791208791209,5.318681318681318,2.637528259231349,2174,1248,3124,2606,2111,1484,0,0,0,0,0,0,55,-86,-34,0,-27,-69,121,124,122,125,121,124,42,44,43,46,44,45,5,20,1,0,0,9
12.7731,,382,-5.538461538461538,-49.934065934065934,47.032967032967036,60.08791208791209,5.318681318681318,2.637528259231349,2174,1248,3124,2606,2111,1484,0,0,0,0,0,0,55,-86,-34,0,-27,-69,121,124,122,125,121,124,42,44,43,46,44,45,6,21,1,0,1,9
12.8065,,383,-5.538461538461538,-49.934065934065934,47.032967032967036,60.08791208791209,5.318681318681318,2.637528259231349,2174,1248,3124,2606,2111,1484,0,0,0,0,0,0,55,-86,-34,0,-27,-69,122,124,122,125,121,123,42,44,43,46,44,45,7,21,1,0,1,9
12.84,,384,-5.538461538461538,-49.934065934065934,47.032967032967036,60.08791208791209,5.318681318681318,2.637528259231349,2174,1248,3124,2606,2111,1484,0,0,0,0,0,0,55,-86,-34,0,-27,-69,122,124,122,125,121,123,42,44,43,46,44,45,6,21,1,0,0,9
12.8734,,385,-5.538461538461538,-49.934065934065934,47.032967032967036,60.08791208791209,5.406593406593407,2.637528259231349,2174,1248,3124,2606,2111,1484,0,0,0,0,0,0,55,-86,-34,0,-27,-69,121,124,122,125,121,123,42,44,43,46,44,45,5,21,1,0,1,9
12.9068,,386,-5.538461538461538,-50.1978021978022,47.032967032967036,60.08791208791209,5.582417582417582,2.637528259231349,2174,1248,3124,2606,2111,1484,0,0,0,0,0,0,55,-86,-34,0,-23,-69,122,124,122,125,121,124,42,44,43,46,44,45,6,21,1,0,0,10
12.9402,,387,-5.626373626373627,-51.16483516483517,47.472527472527474,60.175824175824175,5.670329670329671,2.637528259231349,2174,1247,3124,2606,2111,1484,0,0,0,0,0,0,55,-93,-34,0,0,-69,121,124,122,125,121,124,42,44,43,46,44,45,5,21,0,0,0,8
12.9736,,388,-5.8901098901098905,-53.010989010989015,48.79120879120879,60.175824175824175,5.670329670329671,2.637528259231349,2174,1245,3125,2606,2111,1484,0,-50,0,0,0,0,51,-154,0,0,0,-69,121,124,122,125,121,123,42,44,43,46,44,45,5,37,0,0,0,9
13.007,,389,-6.153846153846154,-56.0,50.637362637362635,60.175824175824175,5.758241758241758,2.637528259231349,2175,1237,3130,2606,2111,1484,0,-200,150,0,0,0,-80,-208,75,0,0,-69,121,124,122,125,121,123,42,44,43,46,44,45,1,44,0,0,0,9
13.0405,,390,-6.153846153846154,-60.30769230769231,53.45054945054945,60.175824175824175,5.758241758241758,2.637528259231349,2175,1225,3141,2606,2111,1484,0,-300,250,0,0,0,27,-279,117,0,23,-69,121,124,122,125,121,123,42,44,43,46,44,45,0,65,0,0,0,9
13.0739,,391,-6.153846153846154,-65.93406593406593,56.35164835164835,60.08791208791209,5.846153846153846,2.637528259231349,2175,1207,3158,2606,2111,1484,0,-500,450,0,0,0,27,-283,170,0,23,-69,121,124,122,124,121,123,42,44,43,46,44,45,0,79,0,0,0,9
13.1073,,392,-6.065934065934066,-72.08791208791209,59.69230769230769,60.0,5.846153846153846,2.637528259231349,2175,1181,3178,2606,2111,1484,0,-750,600,0,0,0,27,-384,121,0,27,-69,121,123,122,124,121,123,42,44,43,46,44,45,0,92,0,0,0,9
13.1407,,393,-6.065934065934066,-78.41758241758242,63.120879120879124,60.0,5.670329670329671,2.637528259231349,2175,1145,3204,2606,2111,1483,0,-950,700,0,0,-50,30,-482,173,0,27,-65,121,123,122,124,121,123,42,44,43,46,44,45,1,121,0,0,0,6
13.1741,,394,-5.714285714285714,-81.05494505494505,65.14285714285714,60.175824175824175,5.758241758241758,2.637528259231349,2175,1101,3235,2606,2111,1483,0,-1250,850,0,0,0,30,-569,203,0,0,-65,121,123,121,124,121,123,42,44,43,46,44,45,1,124,0,0,0,7
13.2075,,395,-5.362637362637362,-80.17582417582418,66.37362637362638,60.08791208791209,5.758241758241758,2.637528259231349,2175,1053,3267,2606,2111,1483,0,-1350,950,0,0,0,44,-566,178,0,23,-65,121,123,122,124,120,123,42,44,43,46,44,45,4,76,0,0,0,8
13.241,,396,-5.274725274725275,-80.26373626373626,67.86813186813187,60.175824175824175,5.758241758241758,2.637528259231349,2175,1002,3299,2606,2111,1483,0,-1550,1000,0,0,0,62,-426,101,0,23,-65,121,123,122,124,121,123,42,44,43,46,44,45,7,13,0,0,0,8
13.2744,,397,-5.274725274725275,-80.43956043956044,70.15384615384616,60.08791208791209,5.758241758241758,2.637528259231349,2177,959,3327,2606,2111,1483,0,-1350,850,0,0,0,55,-196,54,0,23,-65,121,124,122,125,121,123,42,44,43,46,44,45,5,3,0,0,0,8
13.3078,,398,-5.450549450549451,-80.43956043956044,72.52747252747253,60.08791208791209,5.758241758241758,2.637528259231349,2179,923,3352,2606,2111,1483,100,-1150,700,0,0,0,48,-104,84,0,23,-65,121,124,122,125,121,124,42,44,43,46,44,45,4,0,0,0,0,8
13.3413,,399,-6.153846153846154,-80.43956043956044,75.6923076923077,60.08791208791209,5.758241758241758,2.637528259231349,2180,904,3373,2606,2111,1483,50,-750,700,0,0,0,37,-108,97,0,23,-65,121,124,122,125,121,124,42,44,43,46,44,45,1,0,0,0,0,7
13.3747,,400,-6.241758241758242,-80.43956043956044,79.03296703296704,60.0,5.758241758241758,2.637528259231349,2180,895,3395,2606,2111,1483,0,-350,650,0,0,0,0,-69,134,0,23,-65,121,124,122,125,121,124,42,44,43,46,44,45,0,0,0,0,0,7
13.4081,,401,-6.241758241758242,-80.43956043956044,82.1978021978022,60.0,5.670329670329671,2.637528259231349,2180,894,3421,2606,2111,1483,0,-50,750,0,0,0,-27,-147,176,0,23,-65,121,124,122,125,121,124,42,44,43,46,44,45,1,3,4,0,0,6
13.4416,,402,-6.241758241758242,-80.43956043956044,85.27472527472527,60.0,5.670329670329671,2.637528259231349,2180,894,3450,2606,2111,1483,0,50,800,0,0,0,-27,-62,196,0,0,-65,122,124,122,125,121,124,42,44,43,46,44,45,0,1,1,0,0,6
13.4751,,403,-5.978021978021978,-80.43956043956044,88.35164835164835,60.0,5.670329670329671,2.637528259231349,2179,891,3481,2606,2111,1483,-50,-50,950,0,0,0,-23,-55,228,0,0,-65,121,124,122,125,121,124,42,44,43,46,44,45,0,3,0,0,0,8
13.5085,,404,-5.714285714285714,-80.43956043956044,91.34065934065934,59.824175824175825,5.670329670329671,2.637528259231349,2179,888,3516,2606,2111,1483,0,-100,1000,0,0,0,0,-44,229,0,0,-65,122,124,122,125,121,124,42,44,43,46,44,45,0,2,0,0,0,8
13.542,,405,-5.978021978021978,-80.43956043956044,93.89010989010988,59.824175824175825,5.670329670329671,2.637528259231349,2179,887,3551,2606,2111,1483,0,-50,1050,0,0,0,30,-37,219,-27,0,-65,122,124,122,125,121,124,42,44,43,46,44,45,1,1,0,0,0,8
13.5754,,406,-6.241758241758242,-80.43956043956044,94.94505494505495,59.824175824175825,5.670329670329671,2.637528259231349,2179,885,3588,2606,2111,1483,0,-50,1100,0,0,0,0,-30,182,-27,0,-65,122,124,122,125,121,124,42,44,43,46,44,45,0,2,0,0,0,8
13.6088,,407,-6.065934065934066,-80.43956043956044,94.76923076923077,59.824175824175825,5.4945054945054945,2.637528259231349,2179,884,3624,2606,2111,1483,0,-50,1050,0,0,0,-23,-27,134,-27,0,-65,122,124,122,125,121,124,42,44,43,46,44,45,0,1,0,0,0,7
13.6423,,408,-6.065934065934066,-80.43956043956044,94.76923076923077,59.91208791208791,5.4945054945054945,2.637528259231349,2179,884,3650,2606,2111,1483,0,0,700,0,0,0,0,-27,70,-27,0,-65,122,124,122,125,121,124,42,44,43,46,44,45,0,0,11,0,0,8
13.6758,,409,-6.153846153846154,-80.43956043956044,94.76923076923077,59.91208791208791,5.582417582417582,2.637528259231349,2179,884,3662,2606,2111,1483,0,0,450,0,0,0,0,-27,23,-23,0,-65,122,124,122,125,121,124,42,44,43,46,44,45,0,0,4,0,0,8
13.7092,,410,-6.241758241758242,-80.43956043956044,94.76923076923077,59.91208791208791,5.670329670329671,2.637528259231349,2178,883,3668,2606,2111,1483,-50,0,200,0,0,0,0,-23,-37,-23,0,-65,121,124,122,125,121,124,42,44,43,46,44,45,0,0,4,0,0,8
13.7427,,411,-6.241758241758242,-80.43956043956044,94.76923076923077,59.91208791208791,5.758241758241758,2.637528259231349,2178,884,3669,2606,2111,1483,0,-50,100,0,0,0,0,-27,-41,-23,0,-65,121,124,122,125,121,124,42,44,43,46,44,45,0,1,4,0,0,8
13.7761,,412,-6.241758241758242,-80.43956043956044,94.76923076923077,59.91208791208791,5.758241758241758,2.637528259231349,2178,883,3669,2606,2111,1483,0,0,0,0,0,0,0,-27,-41,-23,23,-65,121,124,122,125,121,124,42,44,43,46,44,45,0,0,2,0,0,8
13.8095,,413,-6.241758241758242,-80.43956043956044,94.76923076923077,59.91208791208791,5.582417582417582,2.637528259231349,2178,883,3669,2606,2111,1483,0,-50,0,0,0,0,0,-23,-41,-23,23,-65,121,124,122,125,121,124,42,44,43,46,44,45,0,0,2,0,0,7
13.8429,,414,-6.065934065934066,-80.43956043956044,94.76923076923077,59.824175824175825,5.4945054945054945,2.637528259231349,2178,883,3669,2606,2111,1483,0,0,0,0,0,0,0,-23,-41,-23,0,-65,121,124,122,125,121,123,42,44,43,46,44,45,0,0,2,0,0,7
13.8764,,415,-6.153846153846154,-80.43956043956044,94.76923076923077,59.824175824175825,5.582417582417582,2.637528259231349,2178,883,3669,2606,2111,1483,0,0,0,0,0,0,0,-23,-41,-27,0,-65,121,124,122,125,121,124,42,44,43,46,44,45,0,0,2,0,0,7
13.9098,,416,-6.153846153846154,-80.43956043956044,94.76923076923077,59.824175824175825,5.582417582417582,2.637528259231349,2178,883,3669,2606,2111,1483,0,0,0,0,0,0,0,-23,-41,-27,0,-65,121,124,122,125,121,124,42,44,43,46,44,45,0,0,2,0,0,7
13.9433,,417,-6.153846153846154,-80.43956043956044,94.76923076923077,59.824175824175825,5.582417582417582,2.637528259231349,2178,883,3669,2606,2111,1483,0,0,0,0,0,0,0,-23,-41,-27,0,-65,121,124,122,125,121,124,42,44,43,46,44,45,0,0,2,0,0,7
13.9767,,418,-6.153846153846154,-80.43956043956044,94.76923076923077,59.824175824175825,5.582417582417582,2.637528259231349,2178,883,3669,2606,2111,1483,0,0,0,0,0,0,0,-23,-41,-27,0,-65,121,124,122,125,121,123,42,44,43,46,44,45,0,0,2,0,0,6
14.0101,,419,-6.153846153846154,-80.43956043956044,94.76923076923077,59.824175824175825,5.582417582417582,2.637528259231349,2178,883,3669,2606,2111,1483,0,0,0,0,0,0,0,-23,-41,-27,0,-65,121,124,122,125,121,124,42,44,43,46,44,45,0,0,2,0,0,7
14.0436,,420,-6.153846153846154,-80.43956043956044,94.76923076923077,59.824175824175825,5.582417582417582,2.637528259231349,2178,883,3669,2606,2111,1483,0,0,0,0,0,0,0,-23,-41,-27,0,-65,121,124,122,125,121,124,42,44,43,46,44,45,0,0,2,0,0,7
14.077,,421,-6.153846153846154,-80.43956043956044,94.76923076923077,59.824175824175825,5.582417582417582,2.637528259231349,2178,883,3669,2606,2111,1483,0,0,0,0,0,0,0,-23,-41,-27,0,-65,121,124,122,125,121,124,42,44,43,46,44,45,0,0,2,0,0,7
14.1104,,422,-6.153846153846154,-80.43956043956044,94.76923076923077,59.824175824175825,5.582417582417582,2.637528259231349,2178,883,3669,2606,2111,1483,0,0,0,0,0,0,0,-23,-41,-27,0,-65,121,124,122,125,121,124,42,44,43,46,44,45,0,0,2,0,0,7
14.1439,,423,-6.153846153846154,-80.43956043956044,94.76923076923077,59.824175824175825,5.582417582417582,2.637528259231349,2178,883,3669,2606,2111,1483,0,0,0,0,0,0,0,-23,-41,-27,0,-65,121,124,122,125,121,124,42,44,43,46,44,45,0,0,3,0,0,7
14.1773,,424,-6.153846153846154,-80.43956043956044,94.76923076923077,59.824175824175825,5.582417582417582,2.637528259231349,2178,883,3669,2606,2111,1483,0,0,0,0,0,0,0,-23,-41,-27,0,-65,121,124,122,125,121,124,42,44,43,46,44,45,0,0,2,0,0,6
14.2108,,425,-6.153846153846154,-80.43956043956044,94.76923076923077,59.824175824175825,5.582417582417582,2.637528259231349,2178,883,3669,2606,2111,1483,0,0,0,0,0,0,0,-23,-41,-27,0,-65,121,124,122,125,121,124,42,44,43,46,44,45,0,0,2,0,0,6
14.2442,,426,-6.153846153846154,-80.43956043956044,94.76923076923077,59.824175824175825,5.582417582417582,2.637528259231349,2178,883,3669,2606,2111,1483,0,0,0,0,0,0,0,-23,-41,-27,0,-65,121,124,122,125,121,124,42,44,43,46,44,45,0,0,2,0,0,7
14.2776,,427,-6.153846153846154,-80.43956043956044,94.76923076923077,59.824175824175825,5.582417582417582,2.637528259231349,2178,883,3669,2606,2111,1483,0,0,0,0,0,0,0,-23,-41,-27,0,-65,122,124,122,125,121,124,42,44,43,46,44,45,0,0,3,0,0,8
14.311,,428,-6.153846153846154,-80.43956043956044,94.76923076923077,59.824175824175825,5.582417582417582,2.637528259231349,2178,883,3669,2606,2111,1483,0,0,0,0,0,0,0,-23,-41,-27,0,-65,121,124,122,125,121,124,42,44,43,46,44,45,0,0,3,0,0,7
14.3445,,429,-6.153846153846154,-80.43956043956044,94.76923076923077,59.824175824175825,5.582417582417582,2.637528259231349,2178,883,3669,2606,2111,1483,0,0,0,0,0,0,0,-23,-41,-27,0,-65,121,124,122,125,121,124,42,44,43,46,44,45,0,0,3,0,0,8
14.378,,430,-6.153846153846154,-80.43956043956044,94.76923076923077,59.824175824175825,5.582417582417582,2.637528259231349,2178,883,3669,2606,2111,1483,0,0,0,0,0,0,0,-23,-41,-27,0,-65,122,124,122,125,121,124,42,44,43,46,44,45,0,0,3,0,0,7
14.4114,,431,-6.153846153846154,-80.43956043956044,94.76923076923077,59.824175824175825,5.582417582417582,2.637528259231349,2178,883,3669,2606,2111,1483,0,0,0,0,0,0,0,-23,-41,-27,0,-65,121,124,122,125,121,124,42,44,43,46,44,45,0,0,2,0,0,8
14.4449,,432,-6.153846153846154,-80.43956043956044,94.76923076923077,59.824175824175825,5.582417582417582,2.637528259231349,2178,883,3669,2606,2111,1483,0,0,0,0,0,0,0,-23,-41,-27,0,-65,122,124,122,125,121,124,42,44,43,46,44,45,0,0,2,0,0,7
14.4783,,433,-6.153846153846154,-80.43956043956044,94.76923076923077,59.824175824175825,5.582417582417582,2.637528259231349,2178,883,3669,2606,2111,1483,0,0,0,0,0,0,0,-23,-41,-27,0,-65,121,124,122,125,121,124,42,44,43,46,44,45,0,0,2,0,0,7
14.5119,,434,-6.153846153846154,-80.43956043956044,94.76923076923077,59.824175824175825,5.582417582417582,2.637528259231349,2178,883,3669,2606,2111,1483,0,0,0,0,0,0,0,-23,-41,-27,0,-65,121,124,122,125,121,124,42,44,43,46,44,45,0,0,3,0,0,7
